Gene_Name	known_gene	Context_probability	NT_probability	OOF_prediction_count
A1BG	0	0.04062311053276058	0.010716214996769838	10
A1CF	0	0.05565233938395971	0.19461409209313935	10
A2M	0	0.11501035839319226	0.2676302793929722	10
A2ML1	0	0.03692456744611259	0.14042485704704083	10
A3GALT2	0	0.055033178254961936	0.1363399565427869	10
A4GALT	0	0.040704172104597036	0.0182482549363375	10
A4GNT	0	0.03314031977206465	2.001649265008195e-05	10
AAAS	0	0.0688303910195827	0.001100514851543344	10
AACS	0	0.06440113745629786	0.26646300201408735	10
AADAC	0	0.032417492754757346	6.554081126105448e-06	10
AADACL2	0	0.03285215012729164	0.07001724709818477	10
AADACL3	0	0.03304200079292055	0.006545979705235815	10
AADACL4	0	0.03360470551997419	0.00040138270507660706	10
AADAT	0	0.17330230996012685	8.720550725176842e-06	10
AAED1	0	0.03598747104406352	0.0014123327324858928	10
AAGAB	0	0.04851047471165653	0.11586019194958885	10
AAK1	0	0.8636085152626037	0.7378813030589592	10
AAMDC	0	0.059376158192753756	0.002092146425544389	10
AAMP	0	0.19758152365684506	0.36895723968785926	10
AANAT	0	0.037983081489801354	0.018288235463947505	10
AAR2	0	0.04014270417392249	0.06965928396144992	10
AARD	0	0.03585280925035473	0.04243067403088121	10
AARS	0	0.14622534960508343	0.7186382919839134	10
AARS2	0	0.0439574055373668	0.01173329251991689	10
AARSD1	0	0.03887266647070642	0.03082349001440151	10
AASDH	0	0.07303997352719302	0.0436005567976494	10
AASDHPPT	0	0.1188229881227016	0.030785944624418405	10
AASS	0	0.06314944103360172	0.2572568085049972	10
AATF	0	0.049065839126706076	0.49838562247270224	10
AATK	0	0.2397873610258102	0.547250229424322	10
ABAT	0	0.16530957445502276	0.1018612669881666	10
ABCA1	0	0.3146577656269073	0.7475222119147652	10
ABCA10	0	0.043413781747221894	0.39211068145970657	10
ABCA12	0	0.17815574333071707	0.7152771515687207	10
ABCA13	0	0.05072393268346783	0.3811249929452518	10
ABCA2	0	0.8985358774662018	0.8876574841113246	10
ABCA3	0	0.3062295585870743	0.23578423792877773	10
ABCA4	0	0.05921112038195129	0.5387295823928275	10
ABCA5	0	0.08584034442901607	0.5807454291072665	10
ABCA6	0	0.04034575894474978	0.01812071215956059	10
ABCA7	0	0.053932617232203425	0.18020222895292165	10
ABCA8	0	0.04335186034440989	0.7960877653869508	10
ABCA9	0	0.044619778543710645	0.3501121125761146	10
ABCB1	0	0.11138918250799175	0.4304749954982561	10
ABCB10	0	0.03749020807445045	0.07894631753854348	10
ABCB11	0	0.10987875461578364	0.398603760580505	10
ABCB4	0	0.1202608078718185	0.45954673782098404	10
ABCB5	0	0.04300341419875617	0.44461037418253735	10
ABCB6	0	0.06262072473764416	0.06902667387963657	10
ABCB7	0	0.47687597274780275	0.04055581304701931	10
ABCB8	0	0.05326937250792975	0.06063158089539759	10
ABCB9	0	0.08535728827118869	0.1975434119713483	10
ABCC1	0	0.12777032330632204	0.6177082069032477	10
ABCC10	0	0.06209618821740146	0.34500450664508664	10
ABCC11	0	0.03976087979972357	0.1164055005477295	10
ABCC12	0	0.04418221712112422	0.4190956610395216	10
ABCC2	0	0.04684175029397007	0.32091753006617507	10
ABCC3	0	0.04087821058928963	0.2640622643366245	10
ABCC4	0	0.09737163372337813	0.8203478318897659	10
ABCC5	0	0.7188657939434051	0.7366967807869719	10
ABCC6	0	0.03816356770694253	0.12110748528901902	10
ABCC8	0	0.1457231096923351	0.06051447291321429	10
ABCC9	0	0.4437402307987213	0.48437458375124026	10
ABCD1	0	0.5356105655431748	0.6085522035226955	10
ABCD2	0	0.11585365608334537	0.13848023579157628	10
ABCD3	0	0.40640491545200347	0.6745215466551329	10
ABCD4	0	0.08546422757208344	0.00262185760075021	10
ABCE1	0	0.7821277141571045	0.7329557453276312	10
ABCF1	0	0.17321375831961625	0.44580582307080796	10
ABCF2	0	0.2023168712854385	0.041165914558169425	10
ABCF3	0	0.09940208420157429	0.5980212690840702	10
ABCG1	0	0.2395673550665378	0.3575376452502706	10
ABCG2	0	0.043085312098264675	0.4438964667538423	10
ABCG4	0	0.0729525431990623	0.26975996682149794	10
ABCG5	0	0.04150142110884185	0.00011181864298068995	10
ABCG8	0	0.036386293917894316	0.02326798185425939	10
ABHD1	0	0.03205373492091887	0.05422607460493369	10
ABHD10	0	0.03802485093474382	0.006378657261699679	10
ABHD11	0	0.04774231165647504	0.10189816302288959	10
ABHD12	0	0.08458011038601396	0.009973346321822656	10
ABHD12B	0	0.03866059686988587	0.0002901395189769837	10
ABHD13	0	0.16333195865154262	0.07302868821276658	10
ABHD14A	0	0.0810528717935085	0.11172995267110766	10
ABHD14A-ACY1	0	0.05667974390089507	0.4256402709232784	10
ABHD14B	0	0.03606482334434981	0.0025480349991512143	10
ABHD15	0	0.0351633090525865	0.000977353895441829	10
ABHD16A	0	0.2018835678696632	0.07798846824859758	10
ABHD16B	0	0.047334431484341584	0.1862787320320041	10
ABHD17A	0	0.19237566366791722	0.12181680776839461	10
ABHD17B	0	0.32346795350313184	0.00486645387347701	10
ABHD17C	0	0.5386060833930969	0.003231655532768976	10
ABHD2	0	0.23065575063228602	0.2249159956779901	10
ABHD3	0	0.0408966816961765	0.06040760607848235	10
ABHD4	0	0.0384510293602943	0.0027641542113544266	10
ABHD5	0	0.05464779213070864	0.2773256646557544	10
ABHD6	0	0.06613200344145294	0.03768393491811951	10
ABHD8	0	0.27664130628108974	0.03875689952440288	10
ABI1	0	0.5432395100593567	0.17534168362658353	10
ABI2	0	0.5800611793994903	0.6295315516822971	10
ABI3	0	0.03570041134953494	0.004301721311438878	10
ABI3BP	0	0.06395314224064345	0.9400891713729675	10
ABL1	0	0.8661974370479584	0.6726836434502277	10
ABL2	0	0.4340817749500275	0.7283175271508446	10
ABLIM1	0	0.5002477258443833	0.7186068801739816	10
ABLIM2	0	0.08443769514560695	0.562380523304014	10
ABLIM3	0	0.10467292852699753	0.3560755077805055	10
ABR	0	0.8873891830444336	0.2949597980408897	10
ABRA	0	0.03317043147981162	0.00045141724205299713	10
ABRACL	0	0.05716447457671161	0.0045684136930064624	10
ABT1	0	0.051833934336900665	0.10897321044475361	10
ABTB1	0	0.0857218880206346	0.1626701723060931	10
ABTB2	0	0.18549819663166994	0.5714113133020126	10
AC010642.1	0	0.17468591332435604	0.12701920359366237	10
ACAA1	0	0.06642792075872415	0.04058056049565885	10
ACAA2	0	0.04157196357846254	0.040738203902255424	10
ACACA	0	0.7991068959236145	0.8244124534481516	10
ACACB	0	0.1373808197677135	0.4007684602507423	10
ACAD10	0	0.03742357790470119	0.18168378701958204	10
ACAD11	0	0.04060050360858436	0.00539999251221893	10
ACAD8	0	0.034851418249309006	0.03107795300537507	10
ACAD9	0	0.0530199687927961	0.19136321660008634	10
ACADL	0	0.03372519314289088	0.0018950871689456816	10
ACADM	0	0.09664591327309605	0.003247095818972886	10
ACADS	0	0.0419887844473123	0.0018333194706906017	10
ACADSB	0	0.041474316641688304	0.15945564133582812	10
ACADVL	0	0.14094444736838335	0.5753915899027436	10
ACAN	0	0.19930809661746024	0.3437709715423747	10
ACAP1	0	0.08652019910514352	0.00344868597233925	10
ACAP2	0	0.8101482927799225	0.12669883971045476	10
ACAP3	0	0.33112812191247937	0.32170506691700734	10
ACAT1	0	0.13098851218819613	0.05705130916794765	10
ACAT2	0	0.08767118416726585	0.0997793847197879	10
ACBD3	0	0.11918041035532949	0.8909187362322122	10
ACBD4	0	0.03801810946315522	0.007235395651494054	10
ACBD5	0	0.08826160244643685	0.045686365330032966	10
ACBD6	0	0.05352558605372902	0.1085169144543335	10
ACBD7	0	0.03477180711925025	0.10836664301216574	10
ACCS	0	0.03682200685143465	0.034801729207382545	10
ACCSL	0	0.03580372780561444	0.0015184109276020067	10
ACD	0	0.094645420089364	0.00042713153777467025	10
ACE	0	0.08228970803320404	0.3255742939743724	10
ACE2	0	0.21520520895719525	0.10806171324046614	10
ACER1	0	0.03369094356894488	0.0018903612358198158	10
ACER2	0	0.03359307050704952	0.09137504227390737	10
ACER3	0	0.3914209827780723	0.03526882830500962	10
ACHE	0	0.634649807214737	0.29929211527679395	10
ACIN1	0	0.7260906040668488	0.42193556625879036	10
ACKR2	0	0.05120902247726913	0.0001380318888739804	10
ACKR3	0	0.059918766468763304	0.3564295250805494	10
ACKR4	0	0.04983160607516761	0.00200766676281447	10
ACLY	0	0.6025777727365493	0.42015340360189574	10
ACMSD	0	0.037422913126647424	0.01026017354499962	10
ACN9	0	0.041265581920742936	8.946893602044845e-05	10
ACO1	0	0.08142466135323043	0.12701104739645086	10
ACO2	0	0.4413959115743637	0.18028179427855257	10
ACOT1	0	0.05894282609224315	0.0012540660756325958	10
ACOT11	0	0.045942771062254875	0.443939328211252	10
ACOT12	0	0.03364842329174275	0.04157133636505061	10
ACOT13	0	0.04214810989797112	0.03217663198307067	10
ACOT2	0	0.04106072485446926	0.005090291149079143	10
ACOT4	0	0.03672399800270791	0.00355197995380505	10
ACOT6	0	0.03467969130724664	0.003158928190404113	10
ACOT7	0	0.4642034500837326	0.2688527110855975	10
ACOT8	0	0.03829762153327459	0.035807080759269874	10
ACOT9	0	0.03714845292270179	0.05289078886386802	10
ACOX1	0	0.11787433475255962	0.3619738862463727	10
ACOX2	0	0.036868164129555195	0.017742846071797307	10
ACOX3	0	0.03554922565817829	0.15353634196479315	10
ACOXL	0	0.03443722575902934	0.004176688111844509	10
ACP1	0	0.06107705011963842	0.0004681391151106202	10
ACP2	0	0.049500146880745846	0.0052081391486963995	10
ACP5	0	0.03727431818842883	0.06201146380259753	10
ACP6	0	0.03724984377622601	0.12312641654737075	10
ACPL2	0	0.049863649159669836	0.000750327846231809	10
ACPP	0	0.0431199841201305	0.0233896559526986	10
ACPT	0	0.04196684882044788	0.008268252592087423	10
ACR	0	0.03566270917654034	0.43528887887908063	10
ACRBP	0	0.03431134354323145	0.0005336277840069425	10
ACRC	0	0.24957534372806545	0.43182832319956777	10
ACRV1	0	0.034539040550589525	0.01268233654342594	10
ACSBG1	0	0.06337361969053741	0.4069116461904705	10
ACSBG2	0	0.0402329340577125	0.15148319153506223	10
ACSF2	0	0.052902501076459815	0.27306763951331814	10
ACSF3	0	0.04308158420026299	0.01152320838500799	10
ACSL1	0	0.10833927243947979	0.38550097385222526	10
ACSL3	0	0.21549735665321346	0.5498905145159209	10
ACSL4	0	0.7605942547321319	0.019111610294965803	10
ACSL5	0	0.04292221926152701	0.17614635082706007	10
ACSL6	0	0.2166043691337108	0.05110731215866319	10
ACSM1	0	0.03364182319492096	0.03003699366667097	10
ACSM2A	0	0.038931113295257044	0.07178705602371975	10
ACSM2B	0	0.041482033580541575	0.01374454763184631	10
ACSM3	0	0.036227290704846336	0.0017377274390859658	10
ACSM4	0	0.03757453635334964	0.035316065923394487	10
ACSM5	0	0.04223062433302398	0.19248646615467382	10
ACSS1	0	0.0646166399121284	0.6045009613061977	10
ACSS2	0	0.04322913475334639	0.06298695059824161	10
ACSS3	0	0.0474027700722217	0.587487821532921	10
ACTA1	0	0.09987165294587608	0.18470714101290586	10
ACTA2	0	0.3785767361521721	0.0009607317541236206	10
ACTB	1	0.7259429005331963	0.5632280085172758	636
ACTBL2	0	0.04538008924573656	1.4883066037949675e-05	10
ACTC1	0	0.2548218749463558	0.026000019882910553	10
ACTG1	0	0.33623989373445506	0.3804144156166095	10
ACTG2	0	0.14559634476900096	0.0002977369645178609	10
ACTL10	0	0.04002637490630144	0.06616842523679031	10
ACTL6A	0	0.35076225399971006	0.0029353188594063283	10
ACTL6B	0	0.44452843964099886	0.03225476155452668	10
ACTL7A	0	0.03343187831342216	0.1627006412610877	10
ACTL7B	0	0.044547268748283346	0.0004301167029260416	10
ACTL8	0	0.04041144568473096	0.019275505312099796	10
ACTL9	0	0.04275140389800068	0.28087874383381495	10
ACTN1	0	0.8089759230613709	0.3702501575843078	10
ACTN2	0	0.540190577507019	0.3275693707823082	10
ACTN4	0	0.8532304227352142	0.9169074270927984	10
ACTR10	0	0.12374412491917605	0.0001528113925365072	10
ACTR1A	0	0.5957177639007568	0.013513906881369015	10
ACTR1B	0	0.09337845966219897	0.4718213351472199	10
ACTR2	0	0.5793889969587326	0.5905201401534449	10
ACTR3	0	0.5388986021280289	0.18544531270402412	10
ACTR3B	0	0.6966115653514862	0.4485423225440498	10
ACTR3C	0	0.0399881765246391	0.004475765514366813	10
ACTR5	0	0.03953777682036157	0.00622506403330103	10
ACTR6	0	0.10890225730836386	0.008751322380484265	10
ACTR8	0	0.03979780972003933	0.4155812337772242	10
ACTRT1	0	0.032869837433099715	0.0016573894233886729	10
ACTRT2	0	0.034660408459603734	0.021171196662859503	10
ACTRT3	0	0.03714940585196015	0.005247826450293215	10
ACVR1	0	0.3799948483705521	0.612126885972538	10
ACVR1B	0	0.8314685046672821	0.5207084076483207	10
ACVR1C	0	0.04298191294074055	0.2909135736447843	10
ACVR2A	0	0.7557290434837342	0.26785039912963715	10
ACVR2B	0	0.6598993211984634	0.8104122181424189	10
ACVRL1	0	0.09008697792887685	0.01210901108114626	10
ACY1	0	0.035095641389489105	0.28574789271973144	10
ACY3	0	0.035010602325201	0.13920343903037108	10
ACYP1	0	0.06422385051846499	0.03463908929006398	10
ACYP2	0	0.04150431863963599	0.0047572906370504965	10
ADA	0	0.04947425276041027	0.00899312932247415	10
ADAD1	0	0.0640078470110893	0.046497541749540586	10
ADAD2	0	0.04142554849386212	0.007419870314667368	10
ADAL	0	0.04200960285961624	0.0057485457388716	10
ADAM10	0	0.8904302060604096	0.51297381437373	10
ADAM11	0	0.29188025593757627	0.24396276552685908	10
ADAM12	0	0.05928521715104575	0.4740987258276622	10
ADAM15	0	0.06692221127450461	0.00598101756779023	10
ADAM17	0	0.723084470629692	0.6207857946938177	10
ADAM18	0	0.03982177823781961	0.000236043390054234	10
ADAM19	0	0.06954384148120876	0.00776013578930225	10
ADAM2	0	0.039104497432708676	0.005998557924470367	10
ADAM20	0	0.07637691721320147	0.37594950342880024	10
ADAM21	0	0.03570888955146072	0.0269140650231386	10
ADAM22	0	0.45732334554195403	0.600938564395242	10
ADAM23	0	0.7539342761039733	0.9729085152795047	10
ADAM28	0	0.03623838275671	0.8216171854448264	10
ADAM29	0	0.07697795964777465	0.11281601853213133	10
ADAM30	0	0.0932154670357704	0.008861641954136714	10
ADAM32	0	0.040431763604283286	0.003949603234814024	10
ADAM33	0	0.043898037821054406	0.006063401136313236	10
ADAM7	0	0.0345321940258145	0.03559223589841994	10
ADAM8	0	0.05061766169965263	0.13935033925305917	10
ADAM9	0	0.2695846706628799	0.3056245127429181	10
ADAMDEC1	0	0.03267991431057447	0.0014138122947871669	10
ADAMTS1	0	0.09710348248481748	0.7733578298620833	10
ADAMTS10	0	0.3617704138159752	0.4558931969302094	10
ADAMTS12	0	0.08174181729555126	0.21968860112421126	10
ADAMTS13	0	0.074187071993947	0.08826892711276682	10
ADAMTS14	0	0.04990716464817521	0.28696994557941763	10
ADAMTS15	0	0.04216842949390408	0.1516554259321689	10
ADAMTS16	0	0.09170738756656643	0.15688296656941014	10
ADAMTS17	0	0.057297684252262074	0.514942162403089	10
ADAMTS18	0	0.038301190361380535	0.2623690745579194	10
ADAMTS19	0	0.0865891903638839	0.4275252214721297	10
ADAMTS2	0	0.38070083707571023	0.5018060337961675	10
ADAMTS20	0	0.0545907616615295	0.6638773006474011	10
ADAMTS3	0	0.1315660126507282	0.945228615914063	10
ADAMTS4	0	0.04713992141187186	0.10798742554122207	10
ADAMTS5	0	0.04554393477737897	0.9280458866409977	10
ADAMTS6	0	0.5403810381889343	0.6762242555635416	10
ADAMTS7	0	0.06795314922928805	0.21334132207902648	10
ADAMTS8	0	0.04311032667756075	0.19288015741566739	10
ADAMTS9	0	0.15821306779980654	0.9683074488744985	10
ADAMTSL1	0	0.07575721628963941	0.22491985270100795	10
ADAMTSL2	0	0.08206755183637138	0.7045162933645427	10
ADAMTSL3	0	0.08152232021093365	0.9092488136346057	10
ADAMTSL4	0	0.04637632630765434	0.07398400264883861	10
ADAMTSL5	0	0.034311919845640595	0.0017041123697536863	10
ADAP1	0	0.1171185046434402	0.02386186528593331	10
ADAP2	0	0.03419845607131715	9.995339484495534e-05	10
ADAR	0	0.6896513402462006	0.6298326459847081	10
ADARB1	0	0.8263502836227417	0.24013822175334898	10
ADARB2	0	0.15325520969927306	0.10909109611449093	10
ADAT1	0	0.03244865406304593	0.053178398738948585	10
ADAT2	0	0.03299558181315659	0.5267539048958515	10
ADAT3	0	0.050710698962211566	0.002494080843286165	10
ADC	0	0.04371255375444883	0.01090048278118202	10
ADCK1	0	0.037164073437452275	0.05675561615745104	10
ADCK2	0	0.043631358817219704	0.01063473521475739	10
ADCK3	0	0.05471743531525129	0.056867299207751854	10
ADCK4	0	0.04726690910756584	0.11404789059730032	10
ADCK5	0	0.06369803175330158	0.009512797150355346	10
ADCY1	0	0.8887439787387847	0.05085700136251654	10
ADCY10	0	0.040075315907597484	0.1478650953885765	10
ADCY2	0	0.7689741134643555	0.4121212404955125	10
ADCY3	0	0.20449671968817706	0.11611497415829837	10
ADCY4	0	0.06438801996409887	0.08512921997392725	10
ADCY5	0	0.7934697210788727	0.3831710545588325	10
ADCY6	0	0.4050557553768158	0.25769938778338186	10
ADCY7	0	0.09241258576512332	0.07529439779369136	10
ADCY8	0	0.29964710325002664	0.2966678231557104	10
ADCY9	0	0.7453486919403076	0.8449911961530638	10
ADCYAP1	0	0.05388144962489601	0.0014098883711291187	10
ADCYAP1R1	0	0.1230313755571842	0.0143955933929376	10
ADD1	0	0.6003317415714264	0.40936164203984743	10
ADD2	0	0.7132535636425018	0.6998970833665807	10
ADD3	0	0.3000666186213493	0.5898103129017666	10
ADH1A	0	0.03290859144181009	0.04247067797692116	10
ADH1B	0	0.037415439262986135	0.05756272450136374	10
ADH4	0	0.03359658531844611	0.1599583738191995	10
ADH5	0	0.14086932241916653	0.22923424337300244	10
ADH6	0	0.032038605026900716	0.028642066215098745	10
ADH7	0	0.0367772378027439	0.023817471620445757	10
ADHFE1	0	0.04228345043957229	0.014427112886857264	10
ADI1	0	0.04524449855089184	0.0013468010577280132	10
ADIPOQ	0	0.0433785423636436	0.00443126150311228	10
ADIPOR1	0	0.35350416600704193	0.0006445908945457923	10
ADIPOR2	0	0.19469531625509257	0.17512258864794278	10
ADIRF	0	0.0682459775358438	0.02648677770824962	10
ADK	0	0.08417167291045184	0.0029938469274575752	10
ADM	0	0.04957980252802367	0.001453571599867747	10
ADM2	0	0.043330607190728135	0.01059057932032691	10
ADM5	0	0.0617346175014972	0.034688852919700065	10
ADNP	1	0.9410701379979071	0.9746188562062807	634
ADNP2	0	0.3413197875022888	0.13912913452646347	10
ADO	0	0.04306488893926139	0.10150406324811727	10
ADORA1	0	0.06729061529040334	0.011499401954530409	10
ADORA2A	0	0.0450174137949943	0.0038702906521700525	10
ADORA2B	0	0.04045010656118388	0.01464009079831137	10
ADORA3	0	0.03679037541151042	0.0010487902228185093	10
ADPGK	0	0.04777690507471557	0.00040068309776367117	10
ADPRH	0	0.0351659750565886	0.01972161222658447	10
ADPRHL1	0	0.03522968590259547	0.00923579165736359	10
ADPRHL2	0	0.05225376151502128	0.015569396988011696	10
ADPRM	0	0.03563813399523493	0.00015559632780931716	10
ADRA1A	0	0.05136105976998802	0.03371843035468504	10
ADRA1B	0	0.06523896418511863	0.19725547460577356	10
ADRA2A	0	0.08212394677102561	0.10060318504798907	10
ADRA2B	0	0.06183890476822849	0.017989182018412493	10
ADRA2C	0	0.09370869807898993	0.09236919600904263	10
ADRB1	0	0.053464314714074104	0.35618557475977436	10
ADRB2	0	0.06470493152737614	0.05088225140855496	10
ADRB3	0	0.053882577270269336	0.0307247069879931	10
ADRBK1	0	0.7841672480106354	0.07390032282575582	10
ADRBK2	0	0.3949938163161278	0.36760950980272655	10
ADRM1	0	0.2957665547728538	0.01765267449879418	10
ADSL	0	0.0409313183277845	0.15994581074432307	10
ADSS	0	0.31794686615467066	0.11747186468307722	10
ADSSL1	0	0.04179613813757893	0.04859738652843471	10
ADTRP	0	0.03383779469877477	9.69615022361378e-06	10
AEBP1	0	0.0939652759581804	0.6973552867991424	10
AEBP2	0	0.6047526568174362	0.9548519260893473	10
AEN	0	0.03344866745173925	0.03076261230756287	10
AES	0	0.37204435765743255	0.3708843842443542	10
AFAP1	0	0.175723947584629	0.3351452566440464	10
AFAP1L1	0	0.039940295368432945	0.0254127130119017	10
AFAP1L2	0	0.0779871858656406	0.5356990913188299	10
AFF1	0	0.16352179124951358	0.9935911850432918	10
AFF2	1	0.7347227862322485	0.9340795530361068	616
AFF3	0	0.8736888945102692	0.9730643645748982	10
AFF4	0	0.895733368396759	0.8739531253060309	10
AFG3L2	0	0.20100608095526695	0.5629591111804408	10
AFM	0	0.04107356518507001	0.03510012185091896	10
AFMID	0	0.03950281552970406	0.00011860126123006591	10
AFP	0	0.04228574670851225	0.000816846174650454	10
AFTPH	0	0.5340260222554207	0.5968948429665213	10
AGA	0	0.03933640066534277	0.008735033211500239	10
AGAP1	0	0.7568251550197601	0.6993524849965117	10
AGAP2	0	0.650855815410614	0.9540181665252139	10
AGAP2-AS1	0	0.10282027386128897	0.6126291914376316	10
AGAP3	0	0.7158380776643753	0.16140183490019647	10
AGAP5	0	0.0715371303260326	0.19189357348610575	10
AGBL1	0	0.05235885046422476	0.6383220653704631	10
AGBL2	0	0.03608190752565857	0.02018184235721815	10
AGBL4	0	0.06544304601848122	0.027268553515350607	10
AGBL5	0	0.06275589801371093	0.4998472665172812	10
AGER	0	0.04161970987915989	0.0037448638075861613	10
AGFG1	0	0.6649972915649414	0.34836755901462985	10
AGFG2	0	0.035207926109433116	0.00735169251866385	10
AGGF1	0	0.06277062743902201	0.5636369143772143	10
AGK	0	0.05152607522904869	0.24956729009799683	10
AGL	0	0.17044198215007778	0.6870657749806168	10
AGMAT	0	0.0321614602580666	0.003710441993099253	10
AGMO	0	0.0345301885157823	0.015794440360400928	10
AGO1	0	0.9235268712043763	0.8793323948581584	10
AGO2	0	0.9265093505382538	0.9133044626836189	10
AGO3	0	0.8976898193359375	0.4097440309336515	10
AGO4	0	0.8167478799819946	0.33665884611802344	10
AGPAT1	0	0.44433415234088897	0.015695438677873336	10
AGPAT2	0	0.040502946451306296	0.01856756087726078	10
AGPAT3	0	0.5722118467092514	0.10888375185931912	10
AGPAT4	0	0.18266853839159009	0.27545601913059875	10
AGPAT5	0	0.06542806401848787	0.1508288905657811	10
AGPAT6	0	0.2682454362511635	0.04271843905141567	10
AGPAT9	0	0.04618118442595	0.2593963544009944	10
AGPS	0	0.7264361560344696	0.08235310526080257	10
AGR2	0	0.03492897097021335	0.0036806568928637734	10
AGR3	0	0.03381238095462317	0.005171173372135596	10
AGRN	0	0.17610083743929858	0.43757708557843655	10
AGRP	0	0.04079370275139805	0.0037977068457492624	10
AGT	0	0.07107458561658855	0.03564505389306817	10
AGTPBP1	0	0.6865012258291244	0.3622559436782787	10
AGTR1	0	0.03492510244250293	0.109832724769318	10
AGTR2	0	0.04302668124437327	0.1439865525421298	10
AGTRAP	0	0.03362655192613597	0.0012376067177860535	10
AGXT	0	0.03868774510920042	0.10882849458348313	10
AGXT2	0	0.03777160905301566	0.006900441330286176	10
AHCTF1	0	0.3328614071011543	0.7826560714198469	10
AHCY	0	0.05928101055324073	0.20814566783422772	10
AHCYL1	0	0.7048542737960816	0.4725743792898004	10
AHCYL2	0	0.5580791115760804	0.03892082173626118	10
AHDC1	1	0.8927169764022453	0.9773596559026794	613
AHI1	0	0.1513808749616146	0.04913530901441236	10
AHNAK	0	0.17581731528043745	0.46615819496944183	10
AHR	0	0.507683390378952	0.19010250960570696	10
AHRR	0	0.057574255391955334	0.002238927199196073	10
AHSA1	0	0.5116571456193924	0.005067948878963899	10
AHSA2	0	0.03693146239966149	0.37902209579	10
AHSG	0	0.03659940119832748	0.10314697514779403	10
AHSP	0	0.03873477764427659	0.0021749234966864485	10
AICDA	0	0.04163484983146186	0.00615371909779003	10
AIDA	0	0.062245324626564943	0.22088004793147978	10
AIF1	0	0.04967609457671639	2.0204667677018233e-06	10
AIF1L	0	0.04405479468405241	0.0066221262859256546	10
AIFM1	0	0.5981205761432647	0.0847284357722399	10
AIFM2	0	0.03978208601474758	0.03792231733121753	10
AIFM3	0	0.055114879086613625	0.2562432814510909	10
AIG1	0	0.10725098177790637	8.137921725772763e-05	10
AIM1	0	0.04596545696258541	0.592698750362243	10
AIM1L	0	0.05877230688929552	0.01159423493807515	10
AIM2	0	0.04779864326119419	0.0017725439016879397	10
AIMP1	0	0.057198948040604526	0.0306210003464183	10
AIMP2	0	0.048670892044901805	0.001598122134334396	10
AIP	0	0.08747607022523876	0.1953609529389855	10
AIPL1	0	0.04717761389911171	0.3664931003570834	10
AIRE	0	0.05660360902547833	0.03175543608968612	10
AJAP1	0	0.3277847439050674	0.9184567505101547	10
AJUBA	0	0.22579011023044587	0.04664781023275346	10
AK1	0	0.08682128041982647	0.02321151342824	10
AK2	0	0.04654694087803357	0.08026661007542316	10
AK3	0	0.09764085970818993	0.00101743038077368	10
AK4	0	0.043388217315077734	0.11166127416719888	10
AK5	0	0.0947339411824941	0.30201205099471395	10
AK7	0	0.037817619368433905	0.08094290143516694	10
AK8	0	0.03817407861351964	0.02480151083005152	10
AK9	0	0.1498423039913177	0.7431848145957659	10
AKAP1	0	0.11164184063673015	0.844918715457472	10
AKAP10	0	0.12178893312811848	0.04525025297907852	10
AKAP11	0	0.48509259819984435	0.9895550145204737	10
AKAP12	0	0.3327865019440651	0.8101973861173191	10
AKAP13	0	0.2743696428835392	0.8690477014442408	10
AKAP14	0	0.034173069894313755	0.0004778063890151951	10
AKAP17A	0	0.056382603570818854	0.22939837481041964	10
AKAP3	0	0.04103222452104086	0.19480413472243022	10
AKAP4	0	0.18570122271776196	0.23664777458091685	10
AKAP5	0	0.06418619081377978	0.09447057713717272	10
AKAP6	0	0.5921748787164688	0.8688380315900206	10
AKAP7	0	0.07666038461029526	0.04491349971062865	10
AKAP8	0	0.16586774364113804	0.36084920933898423	10
AKAP8L	0	0.20787556171417232	0.6678573972088893	10
AKAP9	0	0.2799587607383728	0.5203965138506417	10
AKIP1	0	0.0347379013895988	4.0169748858250625e-05	10
AKIRIN1	0	0.1916097596287727	0.046887125551114975	10
AKIRIN2	0	0.3337367475032806	0.4101576729461378	10
AKNA	0	0.07796416953206058	0.22766025562202677	10
AKNAD1	0	0.037144491076469374	0.24826515694346343	10
AKR1A1	0	0.05970524661242958	0.00016669185288720198	10
AKR1B1	0	0.09952348768711086	0.20204444099347435	10
AKR1B10	0	0.03497605770826334	0.0017484805822619066	10
AKR1B15	0	0.037419838830828625	0.030901473766168315	10
AKR1C1	0	0.039744758978486	0.2150400572243803	10
AKR1C2	0	0.03209848441183562	0.04402317479838626	10
AKR1C3	0	0.03997470960021015	0.06597103118087275	10
AKR1C4	0	0.033065924234688224	0.004351290221594905	10
AKR1CL1	0	0.0930598612874746	0.0011681930694817143	10
AKR1D1	0	0.04160511493682856	0.01230457687010621	10
AKR1E2	0	0.03227818422019478	0.00749711493422617	10
AKR7A2	0	0.05864078029990192	0.026847603905915562	10
AKR7A3	0	0.035566721484065	0.001736636950764039	10
AKR7L	0	0.05228796601295468	0.06409678672544661	10
AKT1	0	0.851137226819992	0.8066364794151321	10
AKT1S1	0	0.06566034667193885	0.38748654678497846	10
AKT2	0	0.600051349401474	0.542108290055754	10
AKT3	0	0.9002365708351135	0.7528617195469774	10
AKTIP	0	0.10674510151147838	0.006276750243901674	10
AL645608.1	0	0.07649629376828665	0.0012573746430354902	10
ALAD	0	0.04391941800713535	0.020524231295031985	10
ALAS1	0	0.0982608243823051	0.029892815842884522	10
ALAS2	0	0.4067719608545303	0.009726136310253066	10
ALB	0	0.07330938614904876	0.05884307173461345	10
ALCAM	0	0.19999538883566853	0.4635324196362342	10
ALDH16A1	0	0.04039708934724326	0.004330657972559536	10
ALDH18A1	0	0.2531546354293823	0.21259389139103363	10
ALDH1A1	0	0.32868499904870985	0.008779754806228762	10
ALDH1A2	0	0.30120979547500604	0.19778323956363159	10
ALDH1A3	0	0.12123474106192586	0.324285102811101	10
ALDH1B1	0	0.04888135939836498	0.25923423246864574	10
ALDH1L1	0	0.04556146301329133	0.590983880660964	10
ALDH1L2	0	0.04827030934393401	0.7119664482628406	10
ALDH2	0	0.10607067942619319	0.1398302043678088	10
ALDH3A1	0	0.0373015441000461	0.10709892438549062	10
ALDH3A2	0	0.055542366579174954	0.0013027306448671187	10
ALDH3B1	0	0.04550096094608302	0.026534827492889084	10
ALDH3B2	0	0.031939025782048644	0.39371622793270566	10
ALDH4A1	0	0.03752918429672714	0.027129961042474997	10
ALDH5A1	0	0.05111394748091693	0.00736593072818362	10
ALDH6A1	0	0.0704241786152124	0.025338186001316633	10
ALDH7A1	0	0.07917738370597358	0.03044019205356025	10
ALDH8A1	0	0.032416364736855004	0.00896814210759478	10
ALDH9A1	0	0.0461919385939836	0.02633621881475595	10
ALDOA	0	0.09146917834877964	0.23274360284120985	10
ALDOB	0	0.03348751273006195	0.00038921333329406017	10
ALDOC	0	0.0878041166812181	0.01649992792691644	10
ALG1	0	0.03779708519577975	0.02443248885369442	10
ALG10	0	0.03757020905613895	0.006458303277160775	10
ALG10B	0	0.037602945044636696	0.2668653514510195	10
ALG11	0	0.03331933505833143	0.03916345235716294	10
ALG12	0	0.03653126358985897	0.3876820811096458	10
ALG13	0	0.26994056850671766	0.21691751446249913	10
ALG14	0	0.03371946569532151	0.09030347059998364	10
ALG1L	0	0.03475668467581268	0.0023198310480662585	10
ALG2	0	0.03684689849615092	0.03435527014362191	10
ALG3	0	0.04007343351840968	0.07669188027480173	10
ALG5	0	0.052041722089052146	0.006164863610863916	10
ALG6	0	0.03946621827781196	0.00440112912992226	10
ALG8	0	0.040201635286211915	0.00027597849320657483	10
ALG9	0	0.05486086308956144	0.0414201599496513	10
ALK	0	0.1641386374831199	0.6269785698277854	10
ALKBH1	0	0.04303934834897513	4.9132691286339725e-05	10
ALKBH2	0	0.04217272251844403	0.0018576402601500086	10
ALKBH3	0	0.038767866045236535	0.0009680078121530359	10
ALKBH4	0	0.03841306343674654	9.928239433752307e-05	10
ALKBH5	0	0.6324460744857788	0.5559406936273015	10
ALKBH6	0	0.04198033548891539	0.3013449962364668	10
ALKBH7	0	0.1020410362631082	1.3374995717282438e-05	10
ALKBH8	0	0.05916296280920501	0.28634423252629027	10
ALLC	0	0.03356472849845881	0.0007895995936344491	10
ALMS1	0	0.11149507164955134	0.20887000694719546	10
ALOX12	0	0.04298350811004635	0.003409914494092235	10
ALOX12B	0	0.07211409434676166	0.042671574753674564	10
ALOX15	0	0.038750286400318114	0.014640073562326595	10
ALOX15B	0	0.03463233746588224	0.11745390473035369	10
ALOX5	0	0.08110147789120667	0.22476469169249583	10
ALOX5AP	0	0.03633748590946193	0.011018003945549248	10
ALOXE3	0	0.046236574277281714	0.0955919105711632	10
ALPI	0	0.03523991443216795	0.1273608682669419	10
ALPK1	0	0.03914982043206685	0.4215737030316989	10
ALPK2	0	0.03929849900305266	0.37339242372716963	10
ALPK3	0	0.03849996142089362	0.6686760245628511	10
ALPL	0	0.05251724608242506	0.4504671970145355	10
ALPP	0	0.03454063199460502	0.1175110640508901	10
ALPPL2	0	0.03542880639433856	0.2845791819160978	10
ALS2	0	0.33734860569238656	0.5226430645786196	10
ALS2CL	0	0.04233161546289918	0.07949523439622777	10
ALS2CR11	0	0.09250550456345077	0.22026882443582513	10
ALS2CR12	0	0.0372371386736631	0.009930222605480484	10
ALX1	0	0.05075968690216537	0.03490047507162698	10
ALX3	0	0.038145213574171034	1.7611204412363038e-05	10
ALX4	0	0.05012448579072946	0.02571441181927872	10
ALYREF	0	0.3580474555492401	0.007639315559260837	10
AMACR	0	0.03536615110933776	0.0016694017914187498	10
AMBN	0	0.03567215166985984	0.008483951547195537	10
AMBP	0	0.038612930476665454	0.0018217132307052786	10
AMBRA1	0	0.8254403710365296	0.345441053225622	10
AMD1	0	0.4989760547876358	0.5168286004462402	10
AMDHD1	0	0.03454377613961693	0.0011851781380250806	10
AMDHD2	0	0.04290430359542366	0.02500583780189446	10
AMELX	0	0.0367013100534677	0.05601345866076936	10
AMELY	0	0.056545321643352464	0.0005773850704261114	10
AMER1	0	0.10649950169026849	0.33142968565338904	10
AMER2	0	0.17322641611099238	0.6678196575596539	10
AMER3	0	0.0570775475353002	0.05339613120120611	10
AMFR	0	0.14519714415073393	0.0215321702833891	10
AMH	0	0.06103118434548375	0.16458340221621393	10
AMHR2	0	0.046593514829874	0.007929750569764658	10
AMICA1	0	0.04140742532908911	0.0027761806745221105	10
AMIGO1	0	0.5626703828573227	0.24433841681554078	10
AMIGO2	0	0.06349329389631744	0.028921492478081144	10
AMIGO3	0	0.0413621567189693	0.448879555709364	10
AMMECR1	0	0.09123246148228642	0.39825834561214474	10
AMMECR1L	0	0.322548533976078	0.2969391132377926	10
AMN	0	0.0497005876153707	0.14854329301530517	10
AMN1	0	0.05460765734314914	0.0007452867993474922	10
AMOT	0	0.25004886537790294	0.6932594190168534	10
AMOTL1	0	0.06160622648894783	0.5449835442285359	10
AMOTL2	0	0.08000831268727776	0.1032425570932511	10
AMPD1	0	0.04474563226103778	0.0015451774375403599	10
AMPD2	0	0.21030357331037516	0.09120832419688911	10
AMPD3	0	0.039764834940433466	0.14671587762881008	10
AMPH	0	0.1529575958847999	0.6988899247386737	10
AMT	0	0.05991116352379318	0.0021587079212830144	10
AMTN	0	0.03409812413156027	0.0004983402205482941	10
AMY1A	0	0.06239487193524832	0.02356139495545989	10
AMY1C	0	0.053431034088134696	0.08773229464361314	10
AMY2A	0	0.0612944651395082	0.0004193471488498308	10
AMY2B	0	0.04243621006608004	0.0001334363656780279	10
AMZ1	0	0.03926719315350049	0.04216613934435276	10
AMZ2	0	0.057106291130185075	0.00011348581354167755	10
ANAPC10	0	0.05024250261485573	0.0001239357294939264	10
ANAPC11	0	0.0902164429426193	0.0005157726136017008	10
ANAPC13	0	0.05370158515870567	4.5634308862246465e-05	10
ANAPC15	0	0.08686917424201962	8.6392943749239e-07	10
ANAPC16	0	0.07136538326740258	0.007842933079727	10
ANAPC2	0	0.7677942156791687	0.06900822178842687	10
ANAPC4	0	0.3712568402290344	0.002605658694936996	10
ANAPC5	0	0.3409153774380683	0.2076174605312185	10
ANAPC7	0	0.5297821521759033	0.0275683754530475	10
ANG	0	0.05527345091104503	0.00014206057591225759	10
ANGEL1	0	0.03542054928839202	0.01971564978075337	10
ANGEL2	0	0.04664744921028609	0.010586646563108	10
ANGPT1	0	0.4104220002889633	0.08498297260255352	10
ANGPT2	0	0.20423702672123906	0.05672563272701373	10
ANGPT4	0	0.04069722611457105	0.042257660338087075	10
ANGPTL1	0	0.04429926984012122	0.01813035623674214	10
ANGPTL2	0	0.07641999423503872	0.05088479425743138	10
ANGPTL3	0	0.03859005812555546	0.07850126256117662	10
ANGPTL4	0	0.04537600390613074	0.11287882717813442	10
ANGPTL5	0	0.03362662866711612	0.0022404499740987655	10
ANGPTL6	0	0.04276510477066034	0.2476692538159558	10
ANGPTL7	0	0.035984567552804915	0.1279834291866699	10
ANK1	0	0.8022368967533111	0.9624009497119766	10
ANK2	1	0.9261670852114695	0.8940029325089427	644
ANK3	1	0.9190971450790332	0.9596471996214245	622
ANKAR	0	0.052737620845437004	0.23408285353729402	10
ANKDD1A	0	0.06109071560204023	0.0017681176105121925	10
ANKEF1	0	0.05154379382729524	0.8915764688769988	10
ANKFN1	0	0.05556698404252525	0.5944040571166582	10
ANKFY1	0	0.8596620380878448	0.7701141778854549	10
ANKH	0	0.3384654805064201	0.5001071104189505	10
ANKHD1	0	0.7685528576374054	0.989984591333801	10
ANKHD1-EIF4EBP3	0	0.6954723298549652	0.9774358722306904	10
ANKIB1	0	0.7683701157569885	0.8087615169693508	10
ANKK1	0	0.03588256016373631	0.014224194848408431	10
ANKLE1	0	0.03733513094484801	0.2960470481168579	10
ANKLE2	0	0.06344126835465427	0.38765551744254373	10
ANKMY1	0	0.04238742738962169	0.3250893808251184	10
ANKMY2	0	0.04298002943396563	0.003828804993364841	10
ANKRA2	0	0.0570138961076736	3.404961117802048e-05	10
ANKRD1	0	0.062319250404834714	0.09618082708218859	10
ANKRD10	0	0.10875128805637357	0.012532175127450945	10
ANKRD11	1	0.8905166905250907	0.9326641054000772	639
ANKRD12	0	0.8383117377758026	0.6151149925748403	10
ANKRD13A	0	0.08020230345427985	0.32692797988637873	10
ANKRD13B	0	0.5393459171056747	0.131275249869738	10
ANKRD13C	0	0.6937534421682358	0.37448256432125687	10
ANKRD13D	0	0.3060345262289047	0.053675052724820205	10
ANKRD16	0	0.03738330509513612	0.0013119110797618354	10
ANKRD17	0	0.9370909452438354	0.997594477585664	10
ANKRD18A	0	0.07129296064376826	0.0028729827174862237	10
ANKRD18B	0	0.06265797354280944	0.009239921073371609	10
ANKRD2	0	0.04515711776912208	6.985970545011672e-05	10
ANKRD20A1	0	0.05421133562922472	0.17852892343011795	10
ANKRD20A2	0	0.050222117081284455	0.15995674007336821	10
ANKRD20A4	0	0.056793571263551654	0.3647178652972671	10
ANKRD22	0	0.035647472366690594	0.07261228272641633	10
ANKRD23	0	0.04006261229515071	0.00898380414527307	10
ANKRD24	0	0.04661389142274852	0.0811441177213904	10
ANKRD26	0	0.15347895249724383	0.17992050144231025	10
ANKRD27	0	0.05822539813816544	0.42347060348411986	10
ANKRD28	0	0.6953355252742768	0.5344606284255026	10
ANKRD29	0	0.03870731815695757	0.07159754832633976	10
ANKRD30A	0	0.03612535037100309	0.1945581806903165	10
ANKRD30B	0	0.04733528383076185	0.11205308828630078	10
ANKRD32	0	0.15733712315559384	0.20877959426880777	10
ANKRD33	0	0.049777447432279534	0.07988247727362689	10
ANKRD34A	0	0.5660919159650802	0.20131885442681735	10
ANKRD34B	0	0.03311818204820153	0.17914365990738035	10
ANKRD35	0	0.036936001107096626	0.03183758716850905	10
ANKRD36	0	0.21360235065221786	0.0077244973358724265	10
ANKRD37	0	0.03577328752726312	0.0002957477615479592	10
ANKRD39	0	0.051237493008375136	0.03909629463031816	10
ANKRD40	0	0.06929374225437637	0.0402448725941431	10
ANKRD42	0	0.03489476963877675	0.0011132406176816748	10
ANKRD44	0	0.14739928543567654	0.6551398873126799	10
ANKRD45	0	0.03773638308048244	0.01206483350791435	10
ANKRD46	0	0.12761647701263423	0.0018072672895569988	10
ANKRD49	0	0.04157654121518129	0.022860397307292495	10
ANKRD50	0	0.5978435933589935	0.9302312619253952	10
ANKRD52	0	0.6781258165836335	0.2573829884564773	10
ANKRD53	0	0.03377468753606077	0.007360414747279829	10
ANKRD54	0	0.04901795648038385	0.005412383385931134	10
ANKRD55	0	0.03671204484999174	0.02492213350593439	10
ANKRD6	0	0.04706601351499553	0.28296458568771937	10
ANKRD62	0	0.1030385475605726	0.08387643450260666	10
ANKRD7	0	0.03188358265906568	0.00016971491488248225	10
ANKRD9	0	0.12618373408913608	0.014916466161566281	10
ANKS1A	0	0.4163091629743576	0.7787300686492111	10
ANKS1B	0	0.9128332078456879	0.7880752374639768	10
ANKS3	0	0.0674754329025745	0.00868135698285892	10
ANKS4B	0	0.03319413568824525	0.00484664953963028	10
ANKS6	0	0.049704596400260884	0.42422507158841877	10
ANKUB1	0	0.06649614870548243	0.008558655532047347	10
ANKZF1	0	0.06523444652557368	0.02964102293247987	10
ANLN	0	0.11033365391194816	0.8706484774130996	10
ANO1	0	0.30049522072076795	0.5699545217268017	10
ANO10	0	0.0443417832255363	0.05835812707182677	10
ANO2	0	0.053557020053267436	0.13307773156403205	10
ANO3	0	0.15932214111089701	0.1779574394835897	10
ANO4	0	0.4771086275577545	0.026699637092296773	10
ANO5	0	0.04899152666330333	0.34029543617768104	10
ANO6	0	0.048542550206184344	0.0848422933571559	10
ANO7	0	0.04375435188412663	0.2417623267791169	10
ANO8	0	0.4446334883570671	0.1288147694206911	10
ANO9	0	0.03823302574455733	0.2236297724305675	10
ANP32A	0	0.4992837458848953	0.6885501435293857	10
ANP32B	0	0.40332597494125366	0.02775641953440396	10
ANP32D	0	0.06095184199512001	0.2921742500811891	10
ANP32E	0	0.4280534714460373	0.15079628256347294	10
ANPEP	0	0.05521846674382682	0.4388412210194231	10
ANTXR1	0	0.4078222453594208	0.5609850951204386	10
ANTXR2	0	0.051281889155507056	0.39355737575360106	10
ANTXRL	0	0.05488464087247844	0.2594312399767893	10
ANXA1	0	0.054577209800481766	0.0024690037610177917	10
ANXA10	0	0.033862117677926976	6.44529961668366e-06	10
ANXA11	0	0.042667114362120576	0.10308430487091255	10
ANXA13	0	0.03397566527128215	0.01741522371714207	10
ANXA2	0	0.05362694188952444	0.0905216781095092	10
ANXA2R	0	0.058610263839364005	0.06266459144214458	10
ANXA3	0	0.048205290734767856	0.00304291780025055	10
ANXA4	0	0.06980769112706178	0.00808147692670484	10
ANXA5	0	0.06129148378968234	0.0012653135312557164	10
ANXA6	0	0.10903048291802402	0.13024911454375349	10
ANXA7	0	0.10476668737828727	0.2831961232790537	10
ANXA8L2	0	0.04957958422601219	0.022854919608971132	10
ANXA9	0	0.03394462224096055	0.003883851331325741	10
AOAH	0	0.0370565557852387	0.0003125987354038873	10
AOC1	0	0.05643488392233846	0.5164198537966102	10
AOC2	0	0.03392769191414114	0.033828095279105096	10
AOC3	0	0.03821440115571015	0.2057544789596298	10
AOX1	0	0.055869203433394396	0.18475813561057222	10
AP000695.1	0	0.09696785807609554	4.221848917283977e-05	10
AP1AR	0	0.06724594123661515	0.2757498733786685	10
AP1B1	0	0.7409113883972168	0.444105972673548	10
AP1G1	0	0.8872617185115814	0.8438051557081743	10
AP1G2	0	0.07311422526836392	0.009249076535491415	10
AP1M1	0	0.47839040756225587	0.34989395779896887	10
AP1M2	0	0.03563834875822064	0.23011635594921773	10
AP1S1	0	0.10133293904364105	0.1418709137071661	10
AP1S2	0	0.36855922639369965	0.004736373756405284	10
AP1S3	0	0.03398485518991942	0.004613250020391366	10
AP2A1	0	0.8594805657863617	0.7106158199757798	10
AP2A2	0	0.8747640728950501	0.5961036299624929	10
AP2B1	0	0.8567449629306794	0.5740781741485321	10
AP2M1	0	0.6055611312389374	0.09501070524663298	10
AP2S1	1	0.275993484726908	0.00925001813419348	646
AP3B1	0	0.3138527274131775	0.22877045536745536	10
AP3B2	0	0.7616744935512543	0.24290470640243372	10
AP3D1	0	0.6864950090646744	0.6479948286192674	10
AP3M1	0	0.09616687744855877	0.12563654726848877	10
AP3M2	0	0.07038866803050037	0.29655636808058994	10
AP3S1	0	0.1471315905451774	0.005610753533346126	10
AP3S2	0	0.03492510039359327	0.010710981263569449	10
AP4B1	0	0.04311017580330367	0.4862583717388995	10
AP4E1	0	0.08312318623065948	0.07267145561368998	10
AP4M1	0	0.08886123932898041	0.042119435230796656	10
AP4S1	0	0.043182471394538825	0.001194183479159228	10
AP5B1	0	0.040614070743322316	0.007399509220670531	10
AP5M1	0	0.04498426578938957	0.31463606891578483	10
AP5S1	0	0.032751257158815814	0.01640581438262775	10
APAF1	0	0.1449009299278259	0.32156359293354086	10
APBA1	0	0.6795289754867554	0.7805841770981082	10
APBA2	0	0.4243782937526703	0.478470639925343	10
APBA3	0	0.040821890532970376	0.15181109644859475	10
APBB1	0	0.5639693766832352	0.07693215080473839	10
APBB1IP	0	0.2861320063471794	0.5495290088417102	10
APBB2	0	0.18391498178243632	0.36275062608998015	10
APBB3	0	0.04959183745086186	0.029030880374739283	10
APC	0	0.9440598547458648	0.9350947662977364	10
APC2	0	0.7119592308998108	0.6983234179526548	10
APCDD1	0	0.057240930572152106	0.00626374123323334	10
APCDD1L	0	0.03293174747377627	0.03613499840027126	10
APCS	0	0.03368110898882146	4.463003824859325e-07	10
APEH	0	0.04904105141758916	0.147892129263333	10
APEX1	0	0.12401857897639271	0.00012461408886116766	10
APEX2	0	0.10450291670858855	0.09703886955829918	10
APH1A	0	0.2793773889541626	0.01967837479084591	10
APH1B	0	0.038478959724307024	0.015499624445231975	10
API5	0	0.7411276400089264	0.6215819919167955	10
APIP	0	0.047648996114730766	9.588819106412269e-07	10
APITD1	0	0.036386862769722896	2.1454011201642775e-06	10
APITD1-CORT	0	0.03232423365116115	0.2456347638337454	10
APLF	0	0.034921281784772815	0.09793625156135463	10
APLN	0	0.06968367435038084	0.0029481599640861166	10
APLNR	0	0.077762683853507	0.048661194859742504	10
APLP1	0	0.338115245103836	0.019311891378170434	10
APLP2	0	0.2909573018550872	0.1668544666692287	10
APMAP	0	0.06377214342355722	0.02248548230158929	10
APOA1	0	0.04492374062538142	0.19930154992007948	10
APOA1BP	0	0.06494544371962543	0.002718793403296266	10
APOA2	0	0.0322128795087337	0.001811582047515434	10
APOA4	0	0.041743649169802624	0.0016824635067839017	10
APOA5	0	0.04243471976369614	0.004829034830493734	10
APOB	0	0.10219597369432445	0.6429177038013555	10
APOBEC1	0	0.036877757310867273	0.002033925214395306	10
APOBEC2	0	0.03698618113994593	0.0006853971133427128	10
APOBEC3A	0	0.0322478964924812	4.6404770427117513e-05	10
APOBEC3B	0	0.043282924219965865	8.311876545146524e-06	10
APOBEC3C	0	0.03302693720906969	0.0016115445572325408	10
APOBEC3D	0	0.03293073475360866	0.0012505908115239884	10
APOBEC3F	0	0.03631423860788342	0.018916733434417406	10
APOBEC3G	0	0.03219619989395138	5.038154289535713e-05	10
APOBEC3H	0	0.03315555565059181	0.00017393093130788355	10
APOBEC4	0	0.03370631523430342	0.0022454956967751386	10
APOBR	0	0.04463344439864153	0.013959323364530516	10
APOC1	0	0.04276195950806137	0.0001388731012288913	10
APOC2	0	0.03299712315201755	1.774683146554168e-05	10
APOC3	0	0.04176299199461932	0.0004831963218527136	10
APOC4	0	0.033253861963748875	0.0862662468907512	10
APOC4-APOC2	0	0.16925934255123135	0.0001734303342264279	10
APOD	0	0.0653035823255777	0.023577572757000557	10
APOE	0	0.10993578583002087	0.06390970158984302	10
APOF	0	0.031594897061586344	6.671500868743645e-05	10
APOH	0	0.03447477910667652	0.009606464510608514	10
APOL1	0	0.03353093899786467	0.0034883129579081724	10
APOL2	0	0.03734264485538001	0.0053857827869449254	10
APOL3	0	0.03251641858369108	0.04377798386515	10
APOL4	0	0.0523399386554956	0.09324076976281126	10
APOL5	0	0.03701519444584843	0.003616172173244301	10
APOL6	0	0.03477549217641349	0.22716805368088586	10
APOLD1	0	0.0512995149940252	0.01922713170422247	10
APOM	0	0.03329854812473053	1.2481534294517681e-06	10
APOO	0	0.07029407098889347	0.010165842248296496	10
APOOL	0	0.040773861855268434	0.22272644878798536	10
APOPT1	0	0.05419964715838427	5.036044190674141e-05	10
APP	0	0.5029370009899139	0.7121087915332597	10
APPBP2	0	0.7993190884590149	0.6855475068799697	10
APPL1	0	0.29648134112358093	0.2575187780762855	10
APPL2	0	0.06819351203739638	0.44004787030314574	10
APRT	0	0.07080186344683166	0.000898545834171721	10
APTX	0	0.03897913433611387	0.0010227793011797523	10
AQP1	0	0.08692150153219697	0.0013804760147895874	10
AQP10	0	0.03372256830334659	0.0006958268131365392	10
AQP11	0	0.03736834600567812	0.0009639823691046372	10
AQP12A	0	0.05034973137080663	0.22960514809975424	10
AQP12B	0	0.05751413516700262	0.45315989043805605	10
AQP2	0	0.047794987633824296	0.05645240138899581	10
AQP3	0	0.0520070150494575	0.017268247236113293	10
AQP4	0	0.06474789008498187	0.1715466586058793	10
AQP5	0	0.03991456516087051	0.046029531075477734	10
AQP6	0	0.03568590022623533	0.0011762783038338001	10
AQP7	0	0.0324929147958755	0.007233455279352714	10
AQP8	0	0.03415983617305749	0.0005546852144768575	10
AQP9	0	0.0386489283293485	0.001917573976884594	10
AQPEP	0	0.045845435559749556	0.2871991989204431	10
AQR	0	0.8609314918518066	0.6024960127696966	10
AR	0	0.4280458942055702	0.7961343241959793	10
ARAF	0	0.33929435163736343	0.5301373358793774	10
ARAP1	0	0.1262614764273166	0.26875832012801837	10
ARAP2	0	0.07563105411827561	0.6926765763021384	10
ARAP3	0	0.08862104117870326	0.7334008218090536	10
ARC	0	0.1367520116269588	0.044554228794308405	10
ARCN1	0	0.8217695772647857	0.031199341425710448	10
AREG	0	0.06072621420025821	0.0005071216915032052	10
AREL1	0	0.09560693129897113	0.1746134870067602	10
ARF1	0	0.40793975740671157	0.2759344208860142	10
ARF3	0	0.1678848154842853	0.11368093922194551	10
ARF4	0	0.47508694529533385	0.12078458165875143	10
ARF5	0	0.38728506714105604	0.018970460916703916	10
ARF6	0	0.16021668612957	0.3893042298731331	10
ARFGAP1	0	0.09088588729500766	0.22178812139862353	10
ARFGAP2	0	0.11635889038443561	0.6314254960449851	10
ARFGAP3	0	0.07123185321688648	0.15512654646713192	10
ARFGEF1	0	0.9366021931171418	0.7352894750550397	10
ARFGEF2	0	0.8508099317550659	0.9365270171871478	10
ARFIP1	0	0.05578626729547973	0.2930902071438514	10
ARFIP2	0	0.14989471510052677	0.0043533686069548464	10
ARFRP1	0	0.050294559821486416	0.01095418341570423	10
ARG1	0	0.03649846501648421	0.00026649763479729896	10
ARG2	0	0.03964792154729361	0.0006896274108388447	10
ARGFX	0	0.03293856047093864	0.0014668337980659164	10
ARGLU1	0	0.41728908121585845	0.6692734666268925	10
ARHGAP1	0	0.08882558308541771	0.03693090528448133	10
ARHGAP10	0	0.04280634783208366	0.18876946073927606	10
ARHGAP11A	0	0.038976064324378924	0.11719302018753601	10
ARHGAP11B	0	0.03183632884174581	0.013464035196042742	10
ARHGAP12	0	0.2023909710347652	0.6280349631991553	10
ARHGAP15	0	0.04612348265945909	6.178701149481184e-05	10
ARHGAP17	0	0.1281977996230125	0.6123637729589271	10
ARHGAP18	0	0.05159155912697311	0.043662846292125815	10
ARHGAP19	0	0.0356991190463304	0.263208669305686	10
ARHGAP19-SLIT1	0	0.06383319981396193	0.0030581229729191735	10
ARHGAP20	0	0.133824098855257	0.01803350976116046	10
ARHGAP21	0	0.8877850770950317	0.6028868305622462	10
ARHGAP22	0	0.05248133204877372	0.11914713407121522	10
ARHGAP24	0	0.0496059332042932	0.4312842618842273	10
ARHGAP25	0	0.11912919953465458	0.31049827701665916	10
ARHGAP26	0	0.7568300068378448	0.6365891637753258	10
ARHGAP27	0	0.06646120958030219	0.39095608221424755	10
ARHGAP28	0	0.04344913512468334	0.18162352927036382	10
ARHGAP29	0	0.36427341848611827	0.9361790537762354	10
ARHGAP30	0	0.23894024714827533	0.06706221148982698	10
ARHGAP31	0	0.3356315076351165	0.10481918070777536	10
ARHGAP32	0	0.8564718723297119	0.9592384307178923	10
ARHGAP33	0	0.35821900367736814	0.20407795581931545	10
ARHGAP35	0	0.9417537689208985	0.9847347608577242	10
ARHGAP36	0	0.16831259727478023	0.09092338741427071	10
ARHGAP39	0	0.37902010828256605	0.27034656103069665	10
ARHGAP4	0	0.17209083363413807	0.05123727562162798	10
ARHGAP44	0	0.8800733804702758	0.6719224374666093	10
ARHGAP5	0	0.8863697111606598	0.8627198042251356	10
ARHGAP6	0	0.35370037257671355	0.620736682673681	10
ARHGAP8	0	0.05023071169853206	0.052435187010520204	10
ARHGAP9	0	0.03588292486965652	0.008748937417005245	10
ARHGDIA	0	0.14723704904317853	0.3410431044628765	10
ARHGDIB	0	0.04974331483244891	0.05634187023920827	10
ARHGDIG	0	0.1551780499517917	0.03140427085846392	10
ARHGEF1	0	0.3174035638570786	0.16656403457706292	10
ARHGEF10	0	0.07219993807375427	0.5188554565254127	10
ARHGEF10L	0	0.19197569340467452	0.36814238596064935	10
ARHGEF11	0	0.7434766948223114	0.8718692152957794	10
ARHGEF12	0	0.9157291114330292	0.9483842919319851	10
ARHGEF15	0	0.06286187618970866	0.008762344329049113	10
ARHGEF16	0	0.03543674573302265	0.22818583031650846	10
ARHGEF17	0	0.4934315085411072	0.6072001228379965	10
ARHGEF18	0	0.10873677358031268	0.29240057265524005	10
ARHGEF19	0	0.03521703407168383	0.00627803446689969	10
ARHGEF2	0	0.8912562251091003	0.7893936480985617	10
ARHGEF25	0	0.060092950984835566	0.1405799574060463	10
ARHGEF26	0	0.05015659406781192	0.14913945790425573	10
ARHGEF28	0	0.10650684013962741	0.35042361732236676	10
ARHGEF3	0	0.17154275402426716	0.26034096930135164	10
ARHGEF35	0	0.11723088771104809	0.18603621322179414	10
ARHGEF37	0	0.038734269514679856	0.3711575590456878	10
ARHGEF38	0	0.06504359692335124	0.41369615893149236	10
ARHGEF39	0	0.061501737311482396	0.02243559743419759	10
ARHGEF4	0	0.1215815998613834	0.39735818027497694	10
ARHGEF40	0	0.08892275020480153	0.056951022709404386	10
ARHGEF6	0	0.6013571411371231	0.14407410103186175	10
ARHGEF7	0	0.8983389735221863	0.15874305814695697	10
ARHGEF9	1	0.7210012083778733	0.5326711717529841	651
ARID1A	0	0.935262256860733	0.9989466501351189	10
ARID1B	1	0.919001542827458	0.9964498655655758	618
ARID2	0	0.8576909482479096	0.887900410728566	10
ARID3A	0	0.39539541900157926	0.7434856009836059	10
ARID3B	0	0.06425241269171234	0.48185794134516213	10
ARID3C	0	0.034960141964256716	0.30068961914524106	10
ARID4A	0	0.9060275554656982	0.8340275355398434	10
ARID4B	0	0.8529120087623596	0.9791126332168233	10
ARID5A	0	0.19291601106524464	0.2699465056870836	10
ARID5B	0	0.8050920099020005	0.9729666215081172	10
ARIH1	0	0.8125681579113007	0.6634736396704772	10
ARIH2	0	0.7613585293292999	0.06998486094347679	10
ARIH2OS	0	0.09745173677802081	0.003424041960727392	10
ARL1	0	0.09882469400763508	0.01030402373986039	10
ARL10	0	0.07153814248740668	0.44510314275573626	10
ARL11	0	0.035407797992229414	0.0029403399840784473	10
ARL13A	0	0.03318728432059282	0.0007375150162302099	10
ARL13B	0	0.04521993212401864	0.04501998944489945	10
ARL14	0	0.03312169443815942	1.6656973291830114e-05	10
ARL14EP	0	0.0700807970017194	0.028201797265712043	10
ARL15	0	0.055963619798421814	0.10038672959918912	10
ARL16	0	0.05636068284511562	0.0032461092052986445	10
ARL2	0	0.07525277622044083	0.07258490773072487	10
ARL2BP	0	0.07648766301572317	0.0018376003705143772	10
ARL3	0	0.19770190268754956	0.017864570605040368	10
ARL4A	0	0.08766356296837323	0.052458696906255396	10
ARL4C	0	0.25265090018510816	0.009625930306469544	10
ARL4D	0	0.07524851262569424	0.001308625141650414	10
ARL5A	0	0.04039137065410609	0.04205472006566306	10
ARL5B	0	0.055174203217029524	0.24743640828685481	10
ARL6	0	0.043485267087817144	0.003247678352379669	10
ARL6IP1	0	0.16546162813901896	0.00093659334556935	10
ARL6IP4	0	0.19129764214158057	0.035397847277042295	10
ARL6IP5	0	0.16639575809240337	0.07765510310457739	10
ARL6IP6	0	0.05713742002844805	0.029859435213447028	10
ARL8A	0	0.3706518322229385	0.06599240580358001	10
ARL8B	0	0.14129149839282032	0.052512543646215507	10
ARL9	0	0.037927862256765324	0.0010149988322712363	10
ARMC1	0	0.18855544179677958	0.11366263670126112	10
ARMC10	0	0.04303196072578426	0.04335057308346979	10
ARMC12	0	0.0343875471502542	0.007850053694463732	10
ARMC2	0	0.05318612903356547	0.004662629004504714	10
ARMC3	0	0.03633235916495317	0.20331690595305485	10
ARMC4	0	0.049189657717943154	0.28893559894649534	10
ARMC5	0	0.05828672312200064	0.046529556482695265	10
ARMC6	0	0.03739191740751261	0.14657966688773333	10
ARMC7	0	0.04638432487845417	0.0027996906068017313	10
ARMC8	0	0.8108866214752197	0.1297049585696112	10
ARMC9	0	0.042120258137583674	0.02379723275830643	10
ARMCX1	0	0.15272388905286785	0.0014633541224957157	10
ARMCX2	0	0.07827255576848978	0.035262129586006184	10
ARMCX3	0	0.1668769314885139	0.00627192876893744	10
ARMCX5	0	0.04456067793071264	0.014240951900721405	10
ARMCX6	0	0.0433348465710878	0.09142516302268652	10
ARMS2	0	0.0340412467718124	1.3174542771875384e-05	10
ARNT	0	0.7635950982570648	0.7268230428629483	10
ARNT2	0	0.8332970023155213	0.14073926548165877	10
ARNTL	0	0.7016511023044586	0.43068542591311826	10
ARNTL2	0	0.04880010224878784	0.3008411006718762	10
ARPC1A	0	0.38796157538890835	0.05360265114500824	10
ARPC1B	0	0.04235994592308992	0.01555199465246597	10
ARPC2	0	0.5499248802661896	0.1393938149215581	10
ARPC3	0	0.1732225179672241	3.049268527738451e-06	10
ARPC4	0	0.32286669611930846	0.01585090957507165	10
ARPC4-TTLL3	0	0.038356544077396346	0.5419721784835196	10
ARPC5	0	0.15707685276865954	0.5199055958849006	10
ARPC5L	0	0.07190661579370494	0.01331524404297955	10
ARPP19	0	0.1677179060876369	0.09709951738537322	10
ARPP21	0	0.3583065330982208	0.4196752074819872	10
ARR3	0	0.04232723638415331	0.0010271760596226368	10
ARRB1	0	0.5667869746685028	0.22985283969648912	10
ARRB2	0	0.3664340451359749	0.7278510356451167	10
ARRDC1	0	0.061022588610649076	0.10735183288783912	10
ARRDC2	0	0.03473198171705004	0.040773902006467	10
ARRDC3	0	0.5146853223443031	0.7119023657667596	10
ARRDC4	0	0.04096408039331431	0.05524326709451276	10
ARRDC5	0	0.03287130352109667	0.2660064257017726	10
ARSA	0	0.04998890683054918	0.02938936913973535	10
ARSB	0	0.04963612891733641	0.04360432891179783	10
ARSD	0	0.03416548110544676	0.0036758036966227647	10
ARSE	0	0.040808108821511216	0.05962950612848937	10
ARSF	0	0.04340489879250521	0.0023005473170298494	10
ARSG	0	0.03850067444145675	0.0077423867663398704	10
ARSH	0	0.03392308447509999	0.0016807879299630731	10
ARSI	0	0.03922777399420732	0.19977278106884033	10
ARSJ	0	0.038594323024153644	0.12930306424887442	10
ARSK	0	0.03545892778784032	0.01274849599055812	10
ART1	0	0.03357990607619281	0.00469609979498425	10
ART3	0	0.033984947018325266	0.00014314950999038978	10
ART4	0	0.03199454434216017	0.01116408895675039	10
ART5	0	0.0359049532562494	0.005215785681584817	10
ARTN	0	0.08009677343070504	0.05024827331708679	10
ARV1	0	0.0542380109429359	0.07659716535672585	10
ARVCF	0	0.07176599316298958	0.5120504461627373	10
ARX	1	0.32083719307687913	0.2457604962744514	639
AS3MT	0	0.03577073533087964	0.007050141297267934	10
ASAH1	0	0.15699709802865977	0.017915474178970017	10
ASAH2	0	0.04707543700933451	0.11037643366923122	10
ASAH2B	0	0.0721206825226545	0.09884285638086086	10
ASAP1	0	0.894223552942276	0.6485312651902527	10
ASAP2	0	0.871303141117096	0.6258938258538868	10
ASAP3	0	0.062231544777750926	0.004287873316237193	10
ASB1	0	0.04106419235467907	0.1322351431031363	10
ASB10	0	0.03741596862673756	0.0056530877510711465	10
ASB11	0	0.032482493855059094	0.27304212665448496	10
ASB12	0	0.0406992737203836	0.04801976418650911	10
ASB13	0	0.035682348534464794	0.012526971324594951	10
ASB14	0	0.0488989923149347	0.03229642837475277	10
ASB15	0	0.03980097025632855	0.014071264546902329	10
ASB16	0	0.03817085400223727	0.0035819653752076582	10
ASB17	0	0.03138207420706743	0.013709424460647452	10
ASB18	0	0.05857157371938224	0.07197971836053793	10
ASB2	0	0.03853934481739993	0.3378359466956239	10
ASB3	0	0.037348711490631036	0.007176834698669481	10
ASB4	0	0.032105060294270474	0.03438391306149795	10
ASB5	0	0.03743178807198997	0.0008926923794438917	10
ASB6	0	0.03963517285883422	0.0020505469296126346	10
ASB7	0	0.406964448094368	0.23327852087779402	10
ASB8	0	0.062252657115459395	0.02720085353235003	10
ASB9	0	0.04631796777248378	2.4662278241161172e-05	10
ASCC1	0	0.06621963940560811	0.04161908541852107	10
ASCC2	0	0.06450169831514355	0.5896185985954584	10
ASCC3	0	0.30581774562597275	0.3041549220873507	10
ASCL1	0	0.20428372770547862	0.44294363240228823	10
ASCL2	0	0.11331542506813999	0.07212445517731482	10
ASCL3	0	0.053876443579792946	0.013483922907137642	10
ASCL4	0	0.05924919024109836	0.064075951385373	10
ASF1A	0	0.2586334906518459	0.001394451372353898	10
ASF1B	0	0.04023379832506175	0.07185502860828971	10
ASGR1	0	0.04866747409105296	0.0007529132803946305	10
ASGR2	0	0.03471688143908973	0.00019501673144916928	10
ASH1L	1	0.9050865916744842	0.9834108827704271	631
ASH2L	0	0.645796611905098	0.00898707938565772	10
ASIC1	0	0.6653515070676803	0.17123084282035556	10
ASIC2	0	0.797353345155716	0.20986280225558368	10
ASIC3	0	0.07443744391202924	0.016394139528117746	10
ASIC4	0	0.052476400882005635	0.1850337265871249	10
ASIC5	0	0.038534224778413714	0.0006572187613759128	10
ASIP	0	0.03886510282754893	0.00029992822630933394	10
ASL	0	0.06635649465024467	0.13840289056079116	10
ASMT	0	0.03870240449905392	0.0001431334460188012	10
ASMTL	0	0.03847300410270685	0.018016027048568382	10
ASNA1	0	0.2893528327345848	0.25279494204543956	10
ASNS	0	0.12049710564315315	0.00415954271990771	10
ASNSD1	0	0.06848149858415122	0.00043605409565918555	10
ASPA	0	0.04043420851230617	0.014304921940669239	10
ASPDH	0	0.03422337304800744	0.008245125721202569	10
ASPG	0	0.035868856683373404	0.018468836434880783	10
ASPH	0	0.12963769547641274	0.1121831831647107	10
ASPHD1	0	0.07170295715332026	0.02725500999974744	10
ASPHD2	0	0.06362682208418842	0.2053789955638496	10
ASPM	0	0.10354029461741443	0.3277134862879042	10
ASPN	0	0.05715877674520011	0.4326484933195376	10
ASPRV1	0	0.033664684742689084	0.046955376409217	10
ASPSCR1	0	0.06691255196928973	0.004400598722504256	10
ASRGL1	0	0.09023656398057933	0.1136495239984124	10
ASS1	0	0.05341551117599007	0.030911489731677615	10
ASTE1	0	0.03607500512152905	0.007765204617674405	10
ASTL	0	0.03727773949503893	0.005062787759878483	10
ASTN1	0	0.755961936712265	0.8927289362181442	10
ASTN2	0	0.7793993830680848	0.3721294262721029	10
ASUN	0	0.5501099467277527	0.021056314258950957	10
ASXL1	0	0.16456263959407802	0.4821057065697317	10
ASXL2	0	0.872447383403778	0.7920540716923781	10
ASXL3	1	0.726095670280746	0.9601134414601522	626
ASZ1	0	0.0414280697703361	0.03196471702680764	10
ATAD1	0	0.2003901034593582	0.018729990600646722	10
ATAD2	0	0.6017094254493713	0.744540340726995	10
ATAD2B	0	0.776380717754364	0.7786627059342298	10
ATAD3A	0	0.04738572128117079	0.4019910155018008	10
ATAD3B	0	0.04755384102463719	0.05036899238741373	10
ATAD3C	0	0.038436195254325824	0.008637771009273237	10
ATAD5	0	0.7135656476020813	0.9057962048979785	10
ATAT1	0	0.09170212373137471	0.3772855676115708	10
ATCAY	0	0.36714544147253036	0.052347882362233644	10
ATE1	0	0.09421606436371799	0.05259126121432349	10
ATF1	0	0.0909045614302158	0.0028688675325357635	10
ATF2	0	0.8526653230190278	0.7684269611264408	10
ATF3	0	0.08529211208224292	0.00020660041518923868	10
ATF4	0	0.16760905459523195	0.19530101699125454	10
ATF5	0	0.06381020471453665	0.059380952584357716	10
ATF6	0	0.05863473080098623	0.6334850825203316	10
ATF6B	0	0.16433574110269542	0.16256084799935447	10
ATF7	0	0.6596602976322175	0.17049615030820445	10
ATF7IP	0	0.881101655960083	0.9171095577687701	10
ATF7IP2	0	0.06750779934227462	0.05539879050389657	10
ATG10	0	0.03922383263707156	0.0011751055887856735	10
ATG12	0	0.10473462194204328	0.00795034248817282	10
ATG13	0	0.3624262437224388	0.14017468195561683	10
ATG14	0	0.07154418900609014	0.09681604623023742	10
ATG16L1	0	0.5930322349071503	0.10380778283618704	10
ATG16L2	0	0.0383901376277208	0.034488547397990524	10
ATG2A	0	0.14751226305961604	0.4137773549834711	10
ATG2B	0	0.15928965657949443	0.9133951615514515	10
ATG3	0	0.07769429124891754	0.0723857163508284	10
ATG4A	0	0.29670960158109666	0.034898467522230796	10
ATG4B	0	0.297582958638668	0.02106415312117928	10
ATG4C	0	0.04597235731780523	0.008994733386517692	10
ATG4D	0	0.04192161001265044	0.10497427363384426	10
ATG5	0	0.4054202064871788	0.011376456587614098	10
ATG7	0	0.08840538822114465	0.33064917170969055	10
ATG9A	0	0.5140287488698959	0.08429213325611322	10
ATG9B	0	0.07543629370629781	0.045865020802404136	10
ATHL1	0	0.0534967232495546	0.17495021265621713	10
ATIC	0	0.04236039631068701	0.368937857284431	10
ATL1	0	0.9015135645866394	0.036495797460161156	10
ATL2	0	0.0779492929577827	0.07868089951854071	10
ATL3	0	0.041763046756386715	0.2190622477688886	10
ATM	0	0.22003581672906872	0.7498621150191067	10
ATMIN	0	0.07688368149101729	0.30635499929468335	10
ATN1	0	0.8723791301250458	0.7031903997767174	10
ATOH1	0	0.056356868147849994	0.9766402640927048	10
ATOH7	0	0.03843332156538957	0.014739461349884103	10
ATOH8	0	0.1262081671506166	0.00982306848104489	10
ATOX1	0	0.10272723436355587	4.5502832059263495e-05	10
ATP10A	0	0.06142854765057558	0.6930745645442367	10
ATP10B	0	0.04101129509508606	0.7137705758329668	10
ATP10D	0	0.050830003619193966	0.598273199172014	10
ATP11A	0	0.14847679920494553	0.7473888429170096	10
ATP11B	0	0.09637180045247075	0.3506711811396558	10
ATP11C	0	0.33155999332666397	0.5754955205942422	10
ATP12A	0	0.048699828237295115	0.41380035749475474	10
ATP13A1	0	0.4726734921336174	0.600927795020026	10
ATP13A2	0	0.26838847994804377	0.09393346001120889	10
ATP13A3	0	0.7632144749164581	0.8149459456414128	10
ATP13A4	0	0.04749748259782788	0.33413738791914016	10
ATP13A5	0	0.04477392397820945	0.1372293650375946	10
ATP1A1	0	0.8734009325504303	0.5335324394473941	10
ATP1A2	0	0.5852112233638763	0.6511758179791017	10
ATP1A3	0	0.9063941955566406	0.641584036093607	10
ATP1A4	0	0.04428096413612362	0.1728095675872702	10
ATP1B1	0	0.4875063210725784	0.11549345104609773	10
ATP1B2	0	0.1818255223333835	0.2642504341897558	10
ATP1B3	0	0.18461451381444927	0.030346238646628637	10
ATP1B4	0	0.04131997562944884	0.04011045062393574	10
ATP2A1	0	0.07405474409461017	0.7643201254165859	10
ATP2A2	0	0.8944301962852478	0.8951061160725013	10
ATP2A3	0	0.12743904590606686	0.15949811036525946	10
ATP2B1	0	0.9106424808502197	0.9868292604363317	10
ATP2B2	0	0.9119474828243256	0.984397947315361	10
ATP2B3	0	0.5500198543071747	0.9708660526438241	10
ATP2B4	0	0.47056598365306856	0.8869279148814453	10
ATP2C1	0	0.9088355004787445	0.24044904444515997	10
ATP2C2	0	0.04477984830737107	0.49146372049396847	10
ATP4A	0	0.11688935123383995	0.3352700958099065	10
ATP4B	0	0.03596636131405826	0.000380244070278433	10
ATP5A1	0	0.5336940288543701	0.10221871486847756	10
ATP5B	0	0.5202082872390748	0.0962353763848091	10
ATP5C1	0	0.1594868436455726	0.11355939528216367	10
ATP5D	0	0.18306520432233805	0.20587870645135659	10
ATP5E	0	0.10492412671446796	0.0335334596404205	10
ATP5EP2	0	0.06756000518798823	9.480372605280836e-05	10
ATP5F1	0	0.1311004869639873	0.003631736103216078	10
ATP5G1	0	0.12915199473500247	0.007611863352609835	10
ATP5G2	0	0.1487651981413364	1.1220496845160072e-05	10
ATP5G3	0	0.12289445027709003	0.0015935300771650906	10
ATP5H	0	0.13164945393800734	0.000830421546619132	10
ATP5I	0	0.12106799334287639	0.00022943236063410646	10
ATP5J	0	0.13132250532507891	9.954157385056643e-05	10
ATP5J2	0	0.0946357678622007	8.715906180292264e-05	10
ATP5J2-PTCD1	0	0.03966730386018748	0.2609789157529439	10
ATP5L	0	0.11196618825197216	0.00040282777320027504	10
ATP5L2	0	0.03188573010265822	0.007227969114701539	10
ATP5O	0	0.11061499118804925	0.019046456988869465	10
ATP5S	0	0.046889322251081424	0.011179853156216526	10
ATP5SL	0	0.03787079304456707	0.0002464398240927486	10
ATP6AP1	0	0.3260331124067306	0.004713930135707433	10
ATP6AP1L	0	0.03769985325634475	0.002006874343818157	10
ATP6AP2	0	0.2799808621406555	0.07065568963992067	10
ATP6V0A1	0	0.7960415542125702	0.15199490737149476	10
ATP6V0A2	0	0.10009663477540012	0.18373342878932938	10
ATP6V0A4	0	0.03634361289441583	0.029968218371450056	10
ATP6V0B	0	0.39619788378477094	0.02061776692776479	10
ATP6V0C	0	0.20066494345664973	0.00918300203337234	10
ATP6V0D1	0	0.4786879390478134	0.5652899253552441	10
ATP6V0D2	0	0.03600370977073904	0.05923589729807327	10
ATP6V0E1	0	0.058428739011287645	0.00404449773337185	10
ATP6V0E2	0	0.13601923137903207	7.936017869755373e-05	10
ATP6V1A	0	0.6185169070959091	0.18711710564126266	10
ATP6V1B1	0	0.04358844421803945	0.23338651342719294	10
ATP6V1B2	0	0.7039705991744996	0.2227179576241916	10
ATP6V1C1	0	0.10444410443305967	0.07292830717931528	10
ATP6V1C2	0	0.03426048476248975	0.031244490830720485	10
ATP6V1D	0	0.07089866995811459	8.859581801249932e-05	10
ATP6V1E1	0	0.11831918209791178	0.0014267269934147345	10
ATP6V1E2	0	0.030758707784116213	0.00688229998635508	10
ATP6V1F	0	0.18939310386776922	0.002339534515094974	10
ATP6V1G1	0	0.17711157947778697	0.0004781226433710446	10
ATP6V1G2	0	0.11765988618135448	0.0010510014498237405	10
ATP6V1G2-DDX39B	0	0.1781927295029163	0.7646355449648593	10
ATP6V1G3	0	0.03219569399952884	5.0155132826119336e-05	10
ATP6V1H	0	0.22549037858843798	0.0013444962187228826	10
ATP7A	0	0.4388219743967056	0.3319602952123102	10
ATP7B	0	0.04737339541316028	0.12605318786144498	10
ATP8A1	0	0.6682854324579239	0.5716382153503983	10
ATP8A2	0	0.4518227279186249	0.4631244703802741	10
ATP8B1	0	0.1444212809205055	0.4011703220785018	10
ATP8B2	0	0.22703618854284283	0.07351642634060476	10
ATP8B3	0	0.03864447344094511	0.38268927694529437	10
ATP8B4	0	0.04207498617470259	0.364693555294866	10
ATP9A	0	0.9149946570396423	0.9504438220159919	10
ATP9B	0	0.1241632685065269	0.054554265274587455	10
ATPAF1	0	0.05759605355560775	0.13451185513502423	10
ATPAF2	0	0.04337829221040006	0.0033014815059257433	10
ATPIF1	0	0.1194506950676441	6.90544079872853e-05	10
ATR	0	0.5841604188084603	0.2665909010399109	10
ATRAID	0	0.08541882373392579	0.0006948556330105763	10
ATRIP	0	0.050332738831639245	0.022356497356088238	10
ATRN	0	0.8396866023540497	0.689359903359981	10
ATRNL1	0	0.8738397598266602	0.6730790140016466	10
ATRX	1	0.9020857791446858	0.8515711587195376	641
ATXN1	0	0.7017958521842956	0.9473446980956952	10
ATXN10	0	0.21353848725557323	0.04436591019804346	10
ATXN2	0	0.6804925620555877	0.9251830602072355	10
ATXN2L	0	0.8694307088851929	0.2978385390172097	10
ATXN3	0	0.16093797832727427	0.3166562569914625	10
ATXN3L	0	0.08443707935512061	0.00018500659897421548	10
ATXN7	0	0.22191669866442676	0.9629923646253149	10
ATXN7L1	0	0.4789035767316818	0.6484229315756873	10
ATXN7L2	0	0.26495834887027736	0.18978094306714696	10
ATXN7L3	0	0.6282072484493255	0.01840365595853876	10
ATXN7L3B	0	0.17859699502587315	0.43013899035628517	10
AUH	0	0.044097968935966445	0.0020416962739852637	10
AUNIP	0	0.04917295388877387	0.002227154038539338	10
AUP1	0	0.07095343805849547	0.0008529456744991752	10
AURKA	0	0.13397289291024203	2.044117020312541e-05	10
AURKAIP1	0	0.12697502747178074	3.179210082180258e-05	10
AURKB	0	0.04928690306842321	0.11395579844628749	10
AURKC	0	0.03617699146270746	2.7266407811348008e-05	10
AUTS2	1	0.9201236589097826	0.9987891736294016	634
AVEN	0	0.0451703935861587	0.018802526212842837	10
AVIL	0	0.053255496174097014	0.05287505585880169	10
AVL9	0	0.08352953866124146	0.47266494687032984	10
AVP	0	0.09491158202290531	0.15721139859313837	10
AVPI1	0	0.03560928665101523	0.007340195665376666	10
AVPR1A	0	0.03955344669520849	0.04357495049243738	10
AVPR1B	0	0.04230459444224829	0.0035156274354312634	10
AVPR2	0	0.0407649733126163	0.019527908538811322	10
AWAT1	0	0.03269625008106227	0.05286695663967676	10
AWAT2	0	0.034438253194093646	0.014334499914093019	10
AXDND1	0	0.03601116426289076	0.013381763390487102	10
AXIN1	0	0.20154180824756618	0.47849389838101697	10
AXIN2	0	0.10543388761579986	0.878984874586245	10
AXL	0	0.10488948449492448	0.156792822276548	10
AZGP1	0	0.033365686424076516	7.351367342401942e-06	10
AZI1	0	0.05100215338170524	0.06239244060017868	10
AZI2	0	0.05222107917070386	0.00652946559319285	10
AZIN1	0	0.630379256606102	0.6353410306767613	10
AZU1	0	0.0365249045193195	0.026166948225476945	10
B2M	0	0.11781912334263323	1.2610607818304868e-06	10
B3GALNT1	0	0.06286667510867114	0.014870277739978444	10
B3GALNT2	0	0.04918382912874216	0.02203828207902845	10
B3GALT1	0	0.05055801086127752	0.23361226828302323	10
B3GALT2	0	0.33514329344034194	0.20440515222196182	10
B3GALT4	0	0.04272676892578597	0.0011884947140563657	10
B3GALT5	0	0.03412889055907723	0.3440706269329904	10
B3GALT6	0	0.079702066630125	0.20294964324503365	10
B3GALTL	0	0.0434523399919271	0.11334939355365056	10
B3GAT1	0	0.2626287832856178	0.05858636901737194	10
B3GAT2	0	0.05801589526236052	0.3237751103150217	10
B3GAT3	0	0.09153987504541869	0.00017173827330285572	10
B3GNT2	0	0.17969016581773753	0.12323028583396525	10
B3GNT3	0	0.052932401373982384	0.0002574982640299303	10
B3GNT4	0	0.03273762352764603	0.027674548650457882	10
B3GNT5	0	0.04641418047249311	0.08012068169028294	10
B3GNT6	0	0.04716976471245285	0.0109730457428518	10
B3GNT7	0	0.05196682550013061	0.20054574298998365	10
B3GNT8	0	0.03365690000355239	0.011934605699165697	10
B3GNT9	0	0.040618395805358844	0.04822528095067562	10
B3GNTL1	0	0.03508477434515947	0.13584814871397638	10
B4GALNT1	0	0.10244601853191848	0.29731384053082677	10
B4GALNT2	0	0.0378484278917312	0.8207240144720249	10
B4GALNT3	0	0.04171438291668888	0.1267894066150691	10
B4GALNT4	0	0.34882972687482827	0.01573604892648661	10
B4GALT1	0	0.04262481965124604	0.10823438577080007	10
B4GALT2	0	0.11381590291857713	0.09456843901932259	10
B4GALT3	0	0.05594751760363574	0.003252698877697546	10
B4GALT4	0	0.03530747536569828	0.023749448892375385	10
B4GALT5	0	0.5218520849943161	0.7219065341147657	10
B4GALT6	0	0.1797345452010631	0.01920110564156771	10
B4GALT7	0	0.040463836491107893	0.28183518152126863	10
B9D1	0	0.03860136121511454	0.5849852427390628	10
B9D2	0	0.0444076336920261	0.0016828237872895814	10
BAALC	0	0.07958032526075835	0.0013800567933859764	10
BAAT	0	0.03204167876392599	0.05115203380630483	10
BABAM1	0	0.1608187802135944	0.6191869054523768	10
BACE1	0	0.633830514550209	0.06697193272236358	10
BACE2	0	0.054580426588654474	0.26514691376965127	10
BACH1	0	0.09428309276700016	0.37073598767613514	10
BACH2	0	0.7380573868751525	0.8716231798504976	10
BAD	0	0.08746050298213953	0.06934612412006272	10
BAG1	0	0.09108261391520497	0.0006374530864139415	10
BAG2	0	0.03733880911022419	0.24509749030022157	10
BAG3	0	0.10169808715581889	0.8251724464361427	10
BAG4	0	0.04816625192761416	0.02259763033083336	10
BAG5	0	0.0754463087767362	0.19183216383201265	10
BAG6	0	0.7487726151943207	0.3394665514944026	10
BAHD1	0	0.38196502774953844	0.010417454593252709	10
BAI1	0	0.7324555814266205	0.5067179582013055	10
BAI2	0	0.7657679677009582	0.12559305801018456	10
BAI3	0	0.7902861773967743	0.8919052129257172	10
BAIAP2	0	0.2485373996198177	0.03222999307849008	10
BAIAP2L1	0	0.04772492013871665	0.09904268318140644	10
BAIAP2L2	0	0.04355750903487201	0.5094614386738952	10
BAIAP3	0	0.06960731633007523	0.022596372401012928	10
BAK1	0	0.054349090903997366	0.0011261886331711047	10
BAMBI	0	0.03866731002926821	9.660112725822973e-05	10
BANF1	0	0.1721380196511745	0.0004299280732219583	10
BANF2	0	0.032703767530620056	0.00273077108241553	10
BANK1	0	0.04002313204109664	0.02401588338532628	10
BANP	0	0.5556789010763168	0.8171470731501704	10
BAP1	0	0.7120243728160858	0.07402446636953196	10
BARD1	0	0.0562695518136024	0.8079570102681071	10
BARHL1	0	0.06919507607817646	0.16585415439421847	10
BARHL2	0	0.09028787724673744	0.9010332981747089	10
BARX1	0	0.06315039247274395	0.11251145252078225	10
BARX2	0	0.05032413527369496	0.02021688291809917	10
BASP1	0	0.24116964936256405	0.18008675466246432	10
BATF	0	0.1986125938594341	0.007815013522456827	10
BATF2	0	0.04530777037143703	0.0008937943181781151	10
BATF3	0	0.04473383314907547	1.5719585316562745e-06	10
BAX	0	0.06968406923115247	0.5424920913179563	10
BAZ1A	0	0.741546356678009	0.7908788224465585	10
BAZ1B	0	0.8745875000953675	0.6274842252501713	10
BAZ2A	0	0.8756494462490082	0.7966280192666261	10
BAZ2B	1	0.7927602473363325	0.9780013296913596	658
BBC3	0	0.07960298918187612	0.07896685523860644	10
BBOX1	0	0.04096099399030203	0.0009742502537207024	10
BBS1	0	0.06336983554065224	0.01712974259888831	10
BBS10	0	0.03729792535305019	0.03361272980908682	10
BBS12	0	0.034489293023943865	0.022669534289672607	10
BBS2	0	0.10693615227937694	0.03961252414457833	10
BBS4	0	0.0808118306100368	0.03147009603578018	10
BBS5	0	0.04543704055249687	0.006872179786034873	10
BBS7	0	0.0730572093278169	0.0917767505536972	10
BBS9	0	0.04539643228054043	0.31357779572690214	10
BBX	0	0.27423601001501086	0.8739432801050517	10
BCAM	0	0.03980015143752092	0.23355036724351627	10
BCAN	0	0.1796720795333385	0.08885741704743844	10
BCAP29	0	0.06773905716836448	0.0029625671238155613	10
BCAP31	0	0.0754472810775041	0.10124267305555587	10
BCAR1	0	0.2550342567265033	0.43573844979912363	10
BCAR3	0	0.06949371621012686	0.0019889268602009402	10
BCAS1	0	0.0421916969120502	0.19720932199591115	10
BCAS2	0	0.08993267305195328	0.00012421204896488248	10
BCAS3	0	0.327219071984291	0.453815359381928	10
BCAS4	0	0.0389153398573398	0.11031025244658219	10
BCAT1	0	0.05040800347924227	0.16031000507088652	10
BCAT2	0	0.04963548481464381	0.0019316007386217745	10
BCCIP	0	0.05347423292696472	0.03296029273380137	10
BCDIN3D	0	0.05407860539853567	0.00010830062407225908	10
BCHE	0	0.04738692753016946	0.01284970318944302	10
BCKDHA	0	0.06367514953017231	0.25586468774378535	10
BCKDHB	0	0.05780821926891798	0.012007142795648271	10
BCKDK	0	0.07417116500437257	0.06789893095179982	10
BCL10	0	0.05168310180306429	0.05898952268572255	10
BCL11A	1	0.8917119542693163	0.9359645360937051	616
BCL11B	0	0.8897127032279968	0.9849406706375952	10
BCL2	0	0.08525251634418961	0.32234480248119207	10
BCL2A1	0	0.03517874144017692	7.068014379523248e-06	10
BCL2L1	0	0.38867016732692716	0.0017475195637383658	10
BCL2L10	0	0.03716712780296799	0.0008181185959222325	10
BCL2L11	0	0.11661928705871101	0.19815040687576238	10
BCL2L12	0	0.051994180679321246	0.0010484623898063764	10
BCL2L13	0	0.04299984313547607	0.08119713276828726	10
BCL2L14	0	0.03212221991270775	0.00908950059380401	10
BCL2L15	0	0.03247945792973036	0.002198739849881319	10
BCL2L2	0	0.07791506908833977	0.01734728587580981	10
BCL2L2-PABPN1	0	0.14606485143303868	0.1536931984251484	10
BCL3	0	0.21202569454908365	0.0916666865963383	10
BCL6	0	0.4999120444059372	0.9380639628603502	10
BCL6B	0	0.08301961347460743	0.11988746666828924	10
BCL7A	0	0.13445980027317997	0.9716977129760179	10
BCL7B	0	0.060494585335254626	0.3216371470096592	10
BCL7C	0	0.07075710669159885	0.34952838290062654	10
BCL9	0	0.2182315424084663	0.30218112857988877	10
BCL9L	0	0.4900194779038429	0.8069040923845133	10
BCMO1	0	0.04084796942770475	0.25321440695606834	10
BCO2	0	0.04116619154810901	0.045647507886853636	10
BCOR	0	0.8752331912517548	0.9347787675791366	10
BCORL1	0	0.5304442673921586	0.7661306909326921	10
BCR	0	0.47610815465450285	0.3357666803568753	10
BCS1L	0	0.051895575970411244	0.00904789732800799	10
BDH1	0	0.04757834449410435	0.03487970498793497	10
BDH2	0	0.03991362713277336	0.020163412985993952	10
BDKRB1	0	0.03755821920931335	0.000822924379667025	10
BDKRB2	0	0.035236338898539485	0.006863867051683156	10
BDNF	0	0.14462225437164303	0.9372649408583922	10
BDP1	0	0.2254278421401977	0.4971464551992111	10
BECN1	0	0.23236515149474143	0.14547937111837428	10
BEGAIN	0	0.5460832417011261	0.39593278183122876	10
BEND2	0	0.041950873285531945	0.2660736717013263	10
BEND3	0	0.44486639052629473	0.34577326969581473	10
BEND4	0	0.14219531565904614	0.9292413697071472	10
BEND5	0	0.06502444855868811	0.038165056206593106	10
BEND6	0	0.05981751494109627	0.010217010370727236	10
BEND7	0	0.056274753063917105	0.002056461627609184	10
BEST1	0	0.0369321525096893	0.07279230113014344	10
BEST2	0	0.04119749255478377	0.11420959572419127	10
BEST3	0	0.037119075097143586	0.47396465563508705	10
BEST4	0	0.04514290206134315	0.13872505961209503	10
BET1	0	0.035307250916957814	2.3104337268282157e-07	10
BET1L	0	0.03701234161853786	0.07410726040315833	10
BEX1	0	0.23386058211326594	2.2762632667296017e-05	10
BEX2	0	0.14470386728644366	0.0064628029402884705	10
BEX4	0	0.16283309087157247	0.0657085553580318	10
BEX5	0	0.08788351491093631	0.0010011917224268785	10
BFAR	0	0.04309670589864248	0.0004260194121388259	10
BFSP1	0	0.037463363260030705	0.21211929119877437	10
BFSP2	0	0.03446124736219641	0.0031247664790903912	10
BGLAP	0	0.037054175138473464	0.030814824249144133	10
BGN	0	0.05686781704425807	0.4345140444237437	10
BHLHA15	0	0.07031198926270005	0.0821735404485122	10
BHLHB9	0	0.0482110626995563	0.05519988384980858	10
BHLHE22	0	0.4565106526017189	0.623020535452733	10
BHLHE23	0	0.06750782281160349	0.5018825543381963	10
BHLHE40	0	0.37662907540798185	0.15741108480113045	10
BHLHE41	0	0.45534552335739137	0.5226183816681021	10
BHMT	0	0.03664725162088865	0.019609737148230895	10
BHMT2	0	0.03511077687144274	0.050636490786340915	10
BICC1	0	0.17418091148138043	0.2763059097266322	10
BICD1	0	0.6375465333461762	0.29456070173317767	10
BICD2	0	0.526623260974884	0.22831296176964838	10
BID	0	0.07025629170238967	0.022466519376985176	10
BIK	0	0.03414521533995861	0.08615202286650543	10
BIN1	0	0.2666597172617912	0.319993906588651	10
BIN2	0	0.03647892456501719	0.11501907904050387	10
BIN3	0	0.03588926382362838	0.05042118040280684	10
BIRC2	0	0.17088566124439236	0.02003279903668386	10
BIRC3	0	0.06965647526085372	0.1550618205923758	10
BIRC5	0	0.05049287788569923	0.007534989779231495	10
BIRC6	0	0.904661214351654	0.8544752222426769	10
BIRC7	0	0.041319531202316226	6.532380767323214e-05	10
BIRC8	0	0.07960817031562324	0.0009376875510643303	10
BIVM	0	0.06513321772217746	0.02478470943368642	10
BIVM-ERCC5	0	0.19322100207209583	0.7304892213043913	10
BLCAP	0	0.13347253054380412	0.0016692774256937104	10
BLID	0	0.07756552062928672	3.443754657876675e-05	10
BLK	0	0.043039249628782236	0.21112675693912702	10
BLM	0	0.06250827945768829	0.08602416420409065	10
BLMH	0	0.08766527101397512	0.061358257150820404	10
BLNK	0	0.1810875505208969	0.05514856125720784	10
BLOC1S1	0	0.0847866769880056	1.8435034357564508e-05	10
BLOC1S2	0	0.09654701426625248	0.003601871911405389	10
BLOC1S3	0	0.06548272520303722	0.0040148335878411445	10
BLOC1S4	0	0.11770256683230396	0.0011467974551068766	10
BLOC1S5	0	0.05189893394708628	0.0016595881080887973	10
BLOC1S5-TXNDC5	0	0.15710901916027065	0.08889680878981543	10
BLOC1S6	0	0.16918473839759823	0.0073431194190691105	10
BLVRA	0	0.046921794116497	1.933607931826744e-06	10
BLVRB	0	0.043984764814376784	1.5021766954988058e-05	10
BLZF1	0	0.04250895678997036	0.10307991394448064	10
BMF	0	0.04736221283674234	0.02202103190561422	10
BMI1	0	0.5396377176046372	0.20262629099929538	10
BMP1	0	0.14713070616126056	0.9424554328964574	10
BMP10	0	0.13513149917125697	0.6926032716907693	10
BMP15	0	0.03376933112740513	0.022414072618937648	10
BMP2	0	0.3467195019125938	0.28987115465128227	10
BMP2K	0	0.09772593341767784	0.9747020165487641	10
BMP3	0	0.035502684116363495	0.018494604922548417	10
BMP4	0	0.2895712111145258	0.014784155106841501	10
BMP5	0	0.0526154432445764	0.2466622079924285	10
BMP6	0	0.10617083981633182	0.5176057399999474	10
BMP7	0	0.16239940151572224	0.3568428169201039	10
BMP8A	0	0.05886395983397957	0.005381399532014974	10
BMP8B	0	0.04139757640659806	0.007681551496306528	10
BMPER	0	0.053189141675829846	0.06318718527473052	10
BMPR1A	0	0.5936597004532814	0.6261304926542515	10
BMPR1B	0	0.48145586550235747	0.37524476808247054	10
BMPR2	0	0.9404498219490052	0.5870430834453925	10
BMS1	0	0.07565882131457326	0.7894505125893139	10
BMX	0	0.05365857109427448	0.0001239520407562568	10
BNC1	0	0.2565450772643089	0.3396870574356172	10
BNC2	0	0.5172491490840911	0.9825292869813433	10
BNIP1	0	0.03256291877478355	0.00011799769698152165	10
BNIP2	0	0.0693005874752998	0.245654089964256	10
BNIP3	0	0.105416739732027	2.5785367851763093e-05	10
BNIP3L	0	0.16422889381647104	0.11922745716433522	10
BNIPL	0	0.03298228736966843	7.062724031735307e-05	10
BOC	0	0.11633427292108534	0.3831758248336626	10
BOD1	0	0.11583705544471737	0.08026358675524503	10
BOD1L1	0	0.4259525999426842	0.953780788632792	10
BOD1L2	0	0.03902156408876176	0.06184992541691747	10
BOK	0	0.06320345737040038	0.0004065223062002541	10
BOLA1	0	0.032833759672939736	3.6551301833683206e-05	10
BOLA3	0	0.043314160034060446	1.3468708875402282e-07	10
BOLL	0	0.04931765012443061	0.20689505355186552	10
BOP1	0	0.07693249471485611	0.31740828849788916	10
BORA	0	0.038520102947950316	0.004243833479415224	10
BPGM	0	0.04704831279814238	0.0017568266146510993	10
BPHL	0	0.053938196599483436	0.0008995324777507727	10
BPI	0	0.03398710619658226	0.03506270042190815	10
BPIFA1	0	0.0352176040410995	0.0015689536752304888	10
BPIFA2	0	0.03285964615643019	0.000383881206191423	10
BPIFA3	0	0.03299287538975472	0.00030685079338637836	10
BPIFB1	0	0.03632875308394428	0.0005595326180669791	10
BPIFB2	0	0.0384409230202436	0.002850983999255386	10
BPIFB3	0	0.03608249016106124	0.03682417131110287	10
BPIFB4	0	0.035547598823904944	0.3870244866789235	10
BPIFB6	0	0.03555362038314337	0.03885347026264116	10
BPIFC	0	0.03589679636061186	0.001020923814898223	10
BPNT1	0	0.03434349279850718	0.002531616070858595	10
BPTF	0	0.8824413597583771	0.9955002161344559	10
BRAF	1	0.9230488430904714	0.5956753192118404	608
BRAP	0	0.08530584387481208	0.1000715010311912	10
BRAT1	0	0.0666224736720323	0.006521792523511277	10
BRCA1	0	0.07102257758378978	0.18747748908480225	10
BRCA2	0	0.07754211165010924	0.7089977072923495	10
BRCC3	0	0.06399237923324104	0.08343824983522251	10
BRD1	0	0.8960714399814605	0.7919409149711438	10
BRD2	0	0.7183008253574371	0.9845203827390303	10
BRD3	0	0.8347715079784394	0.7441289201492655	10
BRD4	0	0.8833507597446442	0.9721977450180999	10
BRD7	0	0.5526541233062744	0.4066746475696911	10
BRD8	0	0.5838024258613587	0.316317914705185	10
BRD9	0	0.3110225722193718	0.5418861223050047	10
BRDT	0	0.04593501873314375	0.20805572022507093	10
BRE	0	0.08555726781487462	4.3892290912352766e-05	10
BRF1	0	0.14241326414048666	0.2602069095809133	10
BRF2	0	0.03205819446593517	0.1554235878923895	10
BRI3	0	0.14337255582213398	0.10690824875626852	10
BRI3BP	0	0.04868958778679367	0.1254226292885089	10
BRICD5	0	0.06599755659699436	0.09409985436077958	10
BRINP1	0	0.6773048847913742	0.14760198774984656	10
BRINP2	0	0.5627673357725144	0.1568023425612404	10
BRINP3	0	0.16219723224639887	0.021077547326222766	10
BRIP1	0	0.05571993477642532	0.1912377527829982	10
BRIX1	0	0.0768139667809009	0.07534674699841866	10
BRK1	0	0.22560657262802125	5.455188759473252e-05	10
BRMS1	0	0.05760901533067221	0.001733358775778392	10
BRMS1L	0	0.19037458449602124	0.01063480272134534	10
BROX	0	0.06696628406643863	0.0022948178799368384	10
BRPF1	0	0.8001153707504273	0.9954308944973416	10
BRPF3	0	0.843171489238739	0.8220506672437654	10
BRS3	0	0.08561876565217967	0.00957660451078493	10
BRSK1	0	0.9154288113117218	0.7786970731262268	10
BRSK2	1	0.5945979413295549	0.40848801485187597	630
BRWD1	0	0.8715478897094726	0.9175595999852165	10
BRWD3	0	0.8757947981357574	0.9430996787021186	10
BSCL2	0	0.06454582810401913	0.1264035946954168	10
BSDC1	0	0.13126167580485343	0.020194292236803142	10
BSG	0	0.14262269809842107	0.03937215558569412	10
BSN	0	0.8543905675411224	0.6616302338149549	10
BSND	0	0.04043188579380507	0.01839483277350498	10
BSPRY	0	0.03287613783031698	0.02852427847267074	10
BST1	0	0.03393447119742627	0.0005164304604237958	10
BST2	0	0.04014372527599329	0.004855921727967125	10
BSX	0	0.03864001296460624	0.10572546288008244	10
BTAF1	0	0.9227838516235352	0.734859109182969	10
BTBD1	0	0.08146131113171573	0.21731509610151947	10
BTBD10	0	0.38774403482675546	0.04056331763821432	10
BTBD11	0	0.4875465199351311	0.6458954491326634	10
BTBD16	0	0.037517450004816	0.06292720359846349	10
BTBD17	0	0.08322774581611153	0.031310933864722806	10
BTBD2	0	0.2986394502222538	0.21177546090374713	10
BTBD3	0	0.22966271862387652	0.10126831717001994	10
BTBD6	0	0.08555290997028346	0.33623587483860096	10
BTBD7	0	0.31732998937368395	0.7801777011605424	10
BTBD8	0	0.09749689884483811	0.2200788963408858	10
BTBD9	0	0.1059669934213161	0.0719988854947205	10
BTC	0	0.03515341207385057	0.017895362498008955	10
BTD	0	0.03901369459927077	0.20413081870377456	10
BTF3	0	0.22394529208540911	0.03424467246379247	10
BTF3L4	0	0.12451759874820705	0.09059781567960849	10
BTG1	0	0.20630285069346424	0.033003046058049115	10
BTG2	0	0.1129533007740974	0.013170468629077411	10
BTG3	0	0.2739841118454933	8.279589039427792e-05	10
BTG4	0	0.03698997981846329	1.8018291656250274e-05	10
BTK	0	0.5799336671829224	0.0007319459936253124	10
BTLA	0	0.04134748335927722	0.009847393325388311	10
BTN1A1	0	0.03705048076808447	0.0055473074895484795	10
BTN2A1	0	0.04881194867193694	0.0575778270577149	10
BTN2A2	0	0.03322783969342703	0.0006951017756331145	10
BTN3A1	0	0.03583538196980948	0.0020951439109109403	10
BTN3A2	0	0.03400577399879689	0.0016541638173987374	10
BTN3A3	0	0.033694296330213494	0.0016475255623515576	10
BTNL2	0	0.04533230327069755	0.002036793643906963	10
BTNL3	0	0.03355574514716858	0.0014633315267166967	10
BTNL8	0	0.03784960992634292	0.002915793169564087	10
BTNL9	0	0.035836748778819996	0.01287563714188474	10
BTRC	0	0.31375972926616663	0.774828228315036	10
BUB1	0	0.07674991749227042	0.027463119563213102	10
BUB1B	0	0.06909760721027847	0.19215214465107583	10
BUB3	0	0.35552863627672193	0.4004485969218211	10
BUD13	0	0.033561445586383284	0.061167147280778086	10
BUD31	0	0.08890884593129153	1.682193808228631e-05	10
BVES	0	0.03840208947658534	0.07125062893449229	10
BYSL	0	0.03907215446233745	0.3020331655064124	10
BZRAP1	0	0.20749932378530497	0.4187886267451235	10
BZW1	0	0.5164895981550217	0.12130717926923502	10
BZW2	0	0.2310298159718513	0.41833581956808485	10
C10orf10	0	0.0521678958088159	1.9173794912413365e-06	10
C10orf107	0	0.032822908833622884	0.0018503497615399447	10
C10orf11	0	0.04070450440049169	0.049862414096898275	10
C10orf111	0	0.06110008135437961	0.0004169876382695427	10
C10orf118	0	0.3055285103619098	0.11268212962744666	10
C10orf120	0	0.03253652118146416	0.00015913101522568	10
C10orf128	0	0.03283462747931474	2.2978205280426066e-05	10
C10orf129	0	0.05720717124640937	0.00076061496092078	10
C10orf137	0	0.21235646009445186	0.36233811757331225	10
C10orf2	0	0.06151803657412523	0.513956785680956	10
C10orf25	0	0.03926598429679865	7.267111585182313e-05	10
C10orf32	0	0.057602816820144606	0.0001298113923360015	10
C10orf32-ASMT	0	0.17508171945810314	0.003288369134750787	10
C10orf35	0	0.053505159541964484	0.0042166291454646685	10
C10orf53	0	0.038912005722522666	0.00017806140869671216	10
C10orf54	0	0.0716947019100189	0.001300390113676333	10
C10orf55	0	0.04320819117128845	1.8881605419140897e-06	10
C10orf62	0	0.03378321249037976	0.0003599444004176018	10
C10orf67	0	0.04144813865423197	0.17559764085245072	10
C10orf71	0	0.03624066784977908	0.3030804586599388	10
C10orf76	0	0.11123549118638035	0.0005166656167695054	10
C10orf82	0	0.03275508619844908	0.00017294253771253085	10
C10orf88	0	0.03192416764795776	0.0019585004905729357	10
C10orf90	0	0.03644876573234792	0.006660096891506699	10
C10orf91	0	0.0384129729121923	0.0021328736173493864	10
C10orf95	0	0.055700027942657424	0.02677011742595355	10
C10orf99	0	0.03397612757980821	0.0029808830432911755	10
C11orf1	0	0.03808499760925764	0.042738490436703025	10
C11orf16	0	0.0340475410223007	0.0012885185718962534	10
C11orf24	0	0.03286432251334185	0.1409690044281212	10
C11orf30	0	0.7435049891471863	0.9741534028908403	10
C11orf31	0	0.112528658285737	0.002165459305119898	10
C11orf35	0	0.056618614122271496	0.003259497591576213	10
C11orf40	0	0.03431394584476944	0.0002544209075596932	10
C11orf42	0	0.035233544930815645	0.026785800430137348	10
C11orf45	0	0.0337299536913633	0.00013548251049033544	10
C11orf49	0	0.0558954048901796	0.0008721325893731573	10
C11orf52	0	0.03223554138094181	0.0009935275924172423	10
C11orf53	0	0.034904078952968084	2.2633820481753666e-05	10
C11orf54	0	0.039426333829760504	0.002205214775714746	10
C11orf57	0	0.05409618429839606	0.13714460722654268	10
C11orf58	0	0.1986251518130302	0.00351317918069384	10
C11orf63	0	0.04781207367777821	0.15844986819082418	10
C11orf65	0	0.03456292226910587	0.0002632455601717195	10
C11orf68	0	0.07570330761373037	0.20202310995535028	10
C11orf70	0	0.04014646448194975	2.0970190111069713e-05	10
C11orf71	0	0.035434753075242	0.4430037521110949	10
C11orf72	0	0.11654345393180846	0.001290346936024852	10
C11orf73	0	0.07672426030039783	6.7125900667754604e-06	10
C11orf74	0	0.04187850318849084	0.00012041416599243432	10
C11orf80	0	0.038907220959663334	0.0012076656274250708	10
C11orf82	0	0.0401946280151605	0.0005057799164669169	10
C11orf83	0	0.052213810756802516	0.020462323873866876	10
C11orf84	0	0.1328585751354694	0.010260272380632979	10
C11orf85	0	0.03994741216301914	0.00013936468837098958	10
C11orf87	0	0.0478798575699329	0.5848440187378082	10
C11orf88	0	0.03667234182357783	0.0004598187353939482	10
C11orf94	0	0.03728950209915634	0.002959008250240629	10
C12orf10	0	0.07255260534584516	0.008816631536686364	10
C12orf23	0	0.0499489344656467	0.0039350720739413075	10
C12orf29	0	0.03693540170788761	0.000698168618868043	10
C12orf36	0	0.05327047742903229	2.4663717355768128e-05	10
C12orf39	0	0.04144288450479502	8.539901082242403e-05	10
C12orf4	0	0.06868215166032311	0.0017692601528149024	10
C12orf40	0	0.0356640316545963	0.001694224168562	10
C12orf42	0	0.034143278747796955	0.00015828824204159155	10
C12orf43	0	0.06341877952218052	0.006335234418866161	10
C12orf44	0	0.05006435625255103	0.07131764449683423	10
C12orf45	0	0.0711225192993879	0.2675213677192106	10
C12orf49	0	0.03699996042996641	0.02770598246452577	10
C12orf5	0	0.04904244206845757	0.14797303964450298	10
C12orf50	0	0.032239902392029715	0.00021895432351637812	10
C12orf52	0	0.14043245986104008	0.0012760862908863981	10
C12orf54	0	0.03331350628286595	0.009980761313897446	10
C12orf55	0	0.09679822288453574	0.3944315013649396	10
C12orf56	0	0.03625108506530519	0.03041078146935895	10
C12orf57	0	0.14805337935686108	0.13208177975921537	10
C12orf60	0	0.03155241552740331	0.0025721402116361935	10
C12orf61	0	0.13470192886888976	0.2955180910823475	10
C12orf65	0	0.04588935002684589	0.01226455815797298	10
C12orf66	0	0.046230948343872966	0.01588063300638373	10
C12orf68	0	0.062230920046567884	0.0022667059328596853	10
C12orf71	0	0.03209825847297902	0.0038023646538896025	10
C12orf76	0	0.07152021974325176	0.001140261351306409	10
C12orf77	0	0.0385713584721088	3.588756352328653e-05	10
C13orf35	0	0.0400451242923736	7.5409942134419e-05	10
C13orf45	0	0.06163364388048644	0.0006947724511800265	10
C14orf1	0	0.06318114995956417	0.000775274342300926	10
C14orf105	0	0.03485629539936776	0.000235010930581311	10
C14orf119	0	0.0396273102611303	0.0004858202575341476	10
C14orf142	0	0.04025892876088616	0.0017537190465693163	10
C14orf159	0	0.0378242246806621	0.009114602318655594	10
C14orf166	0	0.13579519838094706	0.30963347165632404	10
C14orf166B	0	0.04195073135197158	0.001713204714828033	10
C14orf177	0	0.03447776660323136	0.0051012420721462505	10
C14orf178	0	0.03385065458714957	1.604315086625691e-06	10
C14orf180	0	0.05563132241368289	0.12063634274259535	10
C14orf182	0	0.03785657584667202	0.0002324120664248997	10
C14orf2	0	0.15896619856357572	8.99611906176569e-05	10
C14orf28	0	0.032192142307758284	0.004541785777943553	10
C14orf37	0	0.08835524618625637	0.1727118155902935	10
C14orf39	0	0.04138857387006278	0.2088566112881478	10
C14orf79	0	0.033090866357088036	0.001001691068279855	10
C14orf80	0	0.04932927004992957	0.0002164131181960557	10
C14orf93	0	0.035947123728692486	0.0041572733743909344	10
C15orf26	0	0.040392581373453106	0.0012599249017737374	10
C15orf27	0	0.05348112024366852	0.12151679270293332	10
C15orf32	0	0.037999993935227364	9.020091243735194e-05	10
C15orf37	0	0.12443446591496463	0.05042720052393841	10
C15orf38	0	0.03981321938335891	0.09289524498681317	10
C15orf38-AP3S2	0	0.03522744923830027	0.021377608988504094	10
C15orf39	0	0.04388055354356762	0.009342627254279109	10
C15orf40	0	0.04267394430935377	0.008387375358927817	10
C15orf41	0	0.04505140073597426	0.008648841033917712	10
C15orf43	0	0.03853099569678301	0.033169379670932655	10
C15orf48	0	0.03210866060107942	0.00011352625113316595	10
C15orf52	0	0.03689486868679519	0.00165784464313798	10
C15orf53	0	0.033499652333557575	6.7051626477356815e-06	10
C15orf54	0	0.03763431347906583	9.070224889548429e-05	10
C15orf56	0	0.05461123734712595	0.00035933583612005954	10
C15orf57	0	0.047164877131581254	0.03343442327599546	10
C15orf59	0	0.05130469650030132	0.01687523129470939	10
C15orf60	0	0.04192470274865624	6.690953612917551e-05	10
C15orf65	0	0.06252205595374102	7.053513893038259e-06	10
C16orf11	0	0.07568562477827068	0.06343851940493665	10
C16orf13	0	0.1972454637289047	0.0013931129158065007	10
C16orf3	0	0.10263460278511043	0.00010877794225707307	10
C16orf45	0	0.10792659558355806	0.31212144755174026	10
C16orf46	0	0.03203824926167723	0.004157245690315375	10
C16orf54	0	0.0628436207771301	0.0068467557368565605	10
C16orf58	0	0.056774409115314436	0.0649777892861683	10
C16orf59	0	0.03533195033669468	0.00018168635747230864	10
C16orf62	0	0.07946262322366233	0.13379512270092703	10
C16orf70	0	0.29469761401414873	0.13319292176155897	10
C16orf71	0	0.038876767084002437	0.08605509477998319	10
C16orf72	0	0.4307528525590897	0.7711698741297649	10
C16orf74	0	0.06271590255200858	0.016359679452029513	10
C16orf78	0	0.03138694353401656	0.033781815644676735	10
C16orf80	0	0.07997119016945357	7.227421734688077e-05	10
C16orf86	0	0.03926838785409922	0.09698931283786673	10
C16orf87	0	0.06567823663353918	0.11091339418773342	10
C16orf89	0	0.03872313946485515	0.02294293546767781	10
C16orf90	0	0.03706800006330009	0.22587684213398068	10
C16orf91	0	0.03982389383018013	0.00045370624138058545	10
C16orf92	0	0.0331995358690619	0.2492796813388531	10
C16orf93	0	0.038734115287661505	0.020712755990194204	10
C16orf96	0	0.048410353437066025	0.28441878628935824	10
C16orf98	0	0.0665689211338758	0.14801537069451992	10
C17orf100	0	0.05818700753152366	0.037650350781815126	10
C17orf102	0	0.03952190876007075	0.0005499166303470464	10
C17orf103	0	0.06550349593162531	0.0003499558434732977	10
C17orf104	0	0.47482075095176696	0.16897569271985036	10
C17orf107	0	0.058785624057054474	0.8177525577586506	10
C17orf49	0	0.03423785269260402	0.006822511322973859	10
C17orf50	0	0.05521053597331042	0.10584365000786858	10
C17orf53	0	0.03771627806127068	0.019733057683499988	10
C17orf58	0	0.04327620714902874	0.01955323854405393	10
C17orf59	0	0.052575682476162865	0.1997891303441813	10
C17orf62	0	0.04143734462559219	0.0007839263080622338	10
C17orf64	0	0.03386801369488236	0.006623460149768566	10
C17orf66	0	0.042551135271787596	0.038036755985564094	10
C17orf67	0	0.04216644726693625	0.00012923811412505988	10
C17orf70	0	0.04920692108571525	0.05219442779966974	10
C17orf74	0	0.04139609299600121	0.16745969732492377	10
C17orf75	0	0.13695224151015278	0.0626479799071671	10
C17orf77	0	0.08888411149382587	0.00020931473192217748	10
C17orf78	0	0.03367648292332884	0.00016239871910441202	10
C17orf80	0	0.03349149338901038	0.1111178874835879	10
C17orf82	0	0.08337043523788448	0.00047643645333702423	10
C17orf85	0	0.5835323572158814	0.16954222819917766	10
C17orf89	0	0.09253142625093456	0.0005063382937332833	10
C17orf97	0	0.03962963148951526	0.020506555055771796	10
C17orf98	0	0.03482896909117694	0.04876956536820921	10
C18orf25	0	0.11265254393219944	0.5063380234548543	10
C18orf32	0	0.0639438226819038	0.11391843867090712	10
C18orf54	0	0.031204384379088828	0.11401755677379337	10
C18orf56	0	0.07506248690187925	0.0012745263332235262	10
C18orf8	0	0.21520276516675946	0.31346552865989075	10
C19orf10	0	0.059134909138083405	0.015779485255213624	10
C19orf12	0	0.03737670481204982	0.03548698198272043	10
C19orf18	0	0.03188977204263206	0.0007521759579859273	10
C19orf25	0	0.11575976535677905	0.00278734560700378	10
C19orf26	0	0.0624561414122581	0.35666648556403624	10
C19orf33	0	0.04500900618731972	0.0907246791332287	10
C19orf35	0	0.04755651541054245	0.015194331976899959	10
C19orf40	0	0.0381383147090673	0.004814344476637272	10
C19orf43	0	0.21442235261201853	0.006625717983354387	10
C19orf44	0	0.04276396036148067	0.07125633463440732	10
C19orf45	0	0.03624888695776459	0.34648309498845775	10
C19orf47	0	0.04360019452869887	0.4248389018832973	10
C19orf48	0	0.0837018027901649	0.19976225962243604	10
C19orf52	0	0.06495318189263341	0.07611947697183644	10
C19orf53	0	0.1125339768826961	0.005337939084217599	10
C19orf54	0	0.03690365441143509	0.001870897414762439	10
C19orf55	0	0.05450290180742736	0.10391704609007413	10
C19orf57	0	0.04084629826247689	0.09437643042707837	10
C19orf59	0	0.036962254717945994	0.012157316466618991	10
C19orf60	0	0.17335159331560132	0.038743279347091784	10
C19orf66	0	0.06769029721617695	0.027783289425805734	10
C19orf70	0	0.07024690918624396	0.018876293368646508	10
C19orf73	0	0.036134174838662096	0.00022909772723437633	10
C19orf80	0	0.06243102662265295	0.013433098965643037	10
C1D	0	0.05049176327884193	0.005453591611567375	10
C1GALT1	0	0.1768084347248077	0.1244339816206745	10
C1GALT1C1	0	0.08279138319194314	0.0012566433087637897	10
C1QA	0	0.04240395873785014	0.26417565411989696	10
C1QB	0	0.037616989761590905	0.25081622131282244	10
C1QBP	0	0.12922630533576007	0.013203249560674063	10
C1QC	0	0.043585979193448976	0.00463413536247273	10
C1QL1	0	0.05534857213497159	0.25672645584347153	10
C1QL2	0	0.050430585443973476	0.007623807052886869	10
C1QL3	0	0.0763577446341514	0.20132018656314585	10
C1QL4	0	0.04347032159566874	0.0150011372899853	10
C1QTNF1	0	0.0506471052765846	0.21727269196148633	10
C1QTNF2	0	0.03454695362597699	0.09714244360766883	10
C1QTNF3	0	0.037954109907150244	0.22283589931882375	10
C1QTNF4	0	0.16771376132965082	0.14951504194354276	10
C1QTNF5	0	0.10521399229764934	0.06696211931021327	10
C1QTNF6	0	0.03582149483263488	0.0016468874202613573	10
C1QTNF7	0	0.03831099532544609	0.11687657452456524	10
C1QTNF8	0	0.04065992683172222	0.0023545276881864453	10
C1QTNF9	0	0.037193340808153105	0.009831613580691791	10
C1QTNF9B	0	0.0366973593831062	0.022533897216820642	10
C1R	0	0.11566649898886676	0.24490771381443127	10
C1RL	0	0.03373112287372345	0.00795583833386134	10
C1S	0	0.046851704269647534	0.12953561524273277	10
C1orf100	0	0.033415101841092074	2.359663651179299e-05	10
C1orf101	0	0.03744243346154684	0.08700772565881068	10
C1orf105	0	0.03517749346792694	2.4352585688843624e-06	10
C1orf106	0	0.04291630201041693	0.00311320772444795	10
C1orf109	0	0.0532734856009483	0.030510597575809185	10
C1orf110	0	0.0387075956910848	0.08084479681992109	10
C1orf111	0	0.03740643002092834	0.000978472057836482	10
C1orf112	0	0.04629022814333435	0.053601193702233	10
C1orf115	0	0.05639204606413837	0.0003263704868729757	10
C1orf116	0	0.03791058026254171	0.03818277226399567	10
C1orf122	0	0.1563038863241672	0.26235265988559686	10
C1orf123	0	0.04704028330743309	2.1025286310270562e-05	10
C1orf127	0	0.036268171668052615	0.00733974529832588	10
C1orf131	0	0.04031860046088693	0.04049842479588892	10
C1orf141	0	0.03432005792856212	0.003925760313201887	10
C1orf145	0	0.05575595125555988	0.09572712177723387	10
C1orf146	0	0.032810777053236914	8.689564698088032e-06	10
C1orf147	0	0.05167320147156711	1.98559284452759e-05	10
C1orf158	0	0.033576329797506285	0.0094906052408462	10
C1orf159	0	0.055595279112458186	0.0005990088115948677	10
C1orf162	0	0.032258394360542245	0.027691808232532124	10
C1orf167	0	0.06242565400898451	0.14470919816865618	10
C1orf168	0	0.03865350186824795	0.0038547017901842257	10
C1orf172	0	0.04009275995194907	0.00897226220264604	10
C1orf173	0	0.08809812702238554	0.5068558830219645	10
C1orf174	0	0.03509743791073556	0.003880623010386859	10
C1orf177	0	0.04434270374476904	2.2495968269678596e-05	10
C1orf186	0	0.03873080387711519	9.734231142213544e-05	10
C1orf189	0	0.03444289155304429	0.00014236731559477144	10
C1orf192	0	0.041764646023511834	0.0002737298630575377	10
C1orf194	0	0.034728751145303195	0.0008054647781357574	10
C1orf198	0	0.04811665192246431	0.10519433208248512	10
C1orf200	0	0.05541716478765006	0.01176599292256843	10
C1orf204	0	0.05406641662120813	0.00024465296699217046	10
C1orf21	0	0.15915690809488292	0.5574636351894983	10
C1orf210	0	0.03170101158320898	4.4110034750338325e-05	10
C1orf213	0	0.05462089888751502	1.5045959952890237e-07	10
C1orf216	0	0.047757406532764377	0.08879297264561897	10
C1orf222	0	0.10753343962132926	0.7331669491407488	10
C1orf226	0	0.08924081251025197	0.00616251733113862	10
C1orf227	0	0.03915837518870826	0.004788097417940197	10
C1orf229	0	0.11664693281054492	3.6207603357378503e-06	10
C1orf27	0	0.04852110743522639	0.016837585713233738	10
C1orf35	0	0.052662537992000526	0.003988073608335479	10
C1orf43	0	0.10199457369744773	0.0015752914062052846	10
C1orf50	0	0.0315161436796188	0.0004720584515244472	10
C1orf51	0	0.09665822871029371	0.07693608789483694	10
C1orf52	0	0.059356572851538614	0.00016876446648016912	10
C1orf53	0	0.03216383233666416	0.00029576391841116894	10
C1orf54	0	0.04013769738376135	0.07843960258693408	10
C1orf56	0	0.04235232956707472	0.01292764898827739	10
C1orf61	0	0.11647614650428291	6.034637071036587e-05	10
C1orf63	0	0.1273801632225513	0.37026363775642035	10
C1orf64	0	0.03319833949208254	0.00020287440157420376	10
C1orf65	0	0.04654544293880458	0.022543750288304312	10
C1orf74	0	0.03137533217668529	0.001751469500921541	10
C1orf85	0	0.044872152805328316	0.1589300023097129	10
C1orf86	0	0.08041634336113924	0.044381250435513234	10
C1orf87	0	0.0363074786961078	4.045207632931717e-05	10
C1orf94	0	0.040227965079247904	0.4444023279273184	10
C1orf95	0	0.05870105735957618	0.05879946751479529	10
C2	0	0.03832867778837677	0.00971609401500471	10
C20orf112	0	0.6107026040554047	0.5135665995743458	10
C20orf141	0	0.03479990959167476	0.05382180347979003	10
C20orf144	0	0.05448201112449165	0.006957429035947045	10
C20orf166	0	0.04395216368138785	4.027168208027512e-06	10
C20orf194	0	0.24560265690088268	0.20107106355446658	10
C20orf195	0	0.04654704704880709	0.08435234128251769	10
C20orf196	0	0.04086624644696708	6.745784391216256e-05	10
C20orf197	0	0.0421570554375648	0.007163167069274309	10
C20orf201	0	0.0573409460484981	0.0038863203708402725	10
C20orf24	0	0.07051096707582469	6.518079631145082e-05	10
C20orf26	0	0.0470458801835775	0.7421964097773093	10
C20orf27	0	0.045387698337435674	0.00098650768458107	10
C20orf85	0	0.03443473912775512	0.04405075061521024	10
C20orf96	0	0.03573716990649697	0.027879314754531776	10
C21orf128	0	0.05833273641765112	6.526072018662115e-05	10
C21orf2	0	0.04464095756411549	0.14027026580273358	10
C21orf33	0	0.04728993214666838	0.007189460813001069	10
C21orf58	0	0.03492684252560133	0.0002801638022984916	10
C21orf59	0	0.04991969056427474	0.0004673893197581329	10
C21orf62	0	0.03225667104125018	0.006164872003148891	10
C21orf91	0	0.03287467435002323	0.303300663945986	10
C22orf15	0	0.04739180132746692	5.630075969259068e-05	10
C22orf23	0	0.032360673509538126	3.7802928131317964e-05	10
C22orf24	0	0.037985166534781414	0.00024144729833439996	10
C22orf26	0	0.055819794163107825	0.0012935326508060647	10
C22orf29	0	0.06576373800635334	0.045139024611286535	10
C22orf31	0	0.03324729204177851	0.0200308336073736	10
C22orf39	0	0.07253377176821227	0.0010463945123091857	10
C22orf42	0	0.03395582791417834	5.312726752203361e-05	10
C22orf43	0	0.038378276303410494	0.0007934397908820805	10
C2CD2	0	0.04498651139438148	0.4259236564932204	10
C2CD2L	0	0.2699892126023769	0.0474696979452301	10
C2CD3	0	0.08191722445189947	0.5594492012772838	10
C2CD4A	0	0.05510705150663847	0.0010901327668565114	10
C2CD4B	0	0.06260911263525483	0.0017068330896897522	10
C2CD5	0	0.3199686855077743	0.23409762890084793	10
C2orf15	0	0.03289392646402114	6.38429939417546e-05	10
C2orf16	0	0.03699139654636378	0.18881320912931215	10
C2orf27A	0	0.07412144951522345	0.00016880956741775142	10
C2orf27B	0	0.05231799408793445	0.00035149641121494564	10
C2orf40	0	0.0332589646801352	2.888921847044934e-05	10
C2orf42	0	0.056209343299269646	0.03402618984818402	10
C2orf43	0	0.045673644170165	0.00017734599747484207	10
C2orf44	0	0.04052063412964339	0.12700732020615196	10
C2orf47	0	0.04225198403000826	0.007110952251829797	10
C2orf49	0	0.0387254767119884	0.01143258517719198	10
C2orf50	0	0.032671314105391466	0.14859951582986988	10
C2orf53	0	0.041741666942834786	0.02623552516356952	10
C2orf54	0	0.037712145969271596	0.0027110492647524696	10
C2orf57	0	0.038107378408312756	0.029698422225154886	10
C2orf61	0	0.03296760302036996	6.671947589776897e-05	10
C2orf62	0	0.042443661019206005	0.08741119625481023	10
C2orf66	0	0.03993398807942864	0.00020795861791498053	10
C2orf68	0	0.03758517131209369	0.020661374969994897	10
C2orf69	0	0.0577798198908567	0.032382923348949155	10
C2orf70	0	0.03530468679964538	0.026018330795270217	10
C2orf71	0	0.04124027192592615	0.18569922794155147	10
C2orf73	0	0.034305289015173865	5.226267020739617e-05	10
C2orf76	0	0.03437912352383133	4.350624921779612e-07	10
C2orf78	0	0.03398210331797595	0.00217304724340276	10
C2orf80	0	0.03811278268694872	1.3690812249538385e-07	10
C2orf82	0	0.06637429632246492	0.05230455530203086	10
C2orf83	0	0.03762319162487978	3.268763547685193e-06	10
C2orf88	0	0.0398364312946796	0.01679679050117004	10
C3	0	0.35122780054807656	0.8879683297602566	10
C3AR1	0	0.03800862990319724	0.2960943489236033	10
C3orf14	0	0.06914423480629917	0.34915375450675357	10
C3orf17	0	0.051485839486122065	0.054222391919187964	10
C3orf18	0	0.054541748017072636	0.00030612874065652555	10
C3orf20	0	0.03785049431025977	0.1084699617574176	10
C3orf22	0	0.03917971402406688	0.006538229665509379	10
C3orf27	0	0.08217844702303406	0.0007686885999331833	10
C3orf30	0	0.035578186996281104	0.6223497259335987	10
C3orf33	0	0.03202282935380932	0.000202056195794224	10
C3orf35	0	0.03814038410782809	0.0030062803686331293	10
C3orf36	0	0.05795475170016284	1.5347255035771805e-05	10
C3orf38	0	0.036760460585355696	0.03296296441687689	10
C3orf52	0	0.03849656358361238	0.009230288584991617	10
C3orf55	0	0.0470146659761667	0.0010066703056583464	10
C3orf56	0	0.0828524701297283	0.0009620848781463921	10
C3orf58	0	0.04382127709686752	0.37926915098539365	10
C3orf62	0	0.038440185599029036	0.0013022371040666797	10
C3orf65	0	0.06324353255331512	5.668477761889504e-06	10
C3orf67	0	0.03595948945730918	0.08772245398006964	10
C3orf70	0	0.050770739465951883	0.09939519487202313	10
C3orf72	0	0.04010960906743999	0.003945716873939909	10
C3orf79	0	0.036854643002152396	3.001269423540493e-08	10
C3orf84	0	0.052260454371571494	0.0043872391981751345	10
C4BPA	0	0.05906957052648063	0.04091225778090679	10
C4BPB	0	0.0425644442439079	0.02623532184463042	10
C4orf17	0	0.0359956549480557	0.00019066469008342636	10
C4orf19	0	0.04386498592793937	0.0009905202012085645	10
C4orf21	0	0.05526385232806201	0.30061414057692637	10
C4orf22	0	0.03758058249950403	4.141509692406082e-05	10
C4orf26	0	0.03456593733280891	1.3476238616852165e-07	10
C4orf27	0	0.0923992976546287	0.0007123660051904405	10
C4orf29	0	0.05733591504395004	0.04950423535882871	10
C4orf3	0	0.14596561118960377	0.018364859671566112	10
C4orf32	0	0.058843759074807114	0.07182580139610406	10
C4orf33	0	0.03433612436056132	0.04864435628083836	10
C4orf36	0	0.03294667098671194	0.00010542326896868275	10
C4orf40	0	0.04184610694646831	0.11334311315401076	10
C4orf45	0	0.034579405188560446	1.2972722713562964e-05	10
C4orf46	0	0.03118380382657047	0.05819059056117158	10
C4orf50	0	0.06430734619498249	0.0012715165553790844	10
C4orf51	0	0.0332697300240397	0.00013070895331182978	10
C4orf6	0	0.04000365324318405	1.3831930863384963e-05	10
C5	0	0.07706272080540652	0.1681146932176342	10
C5AR1	0	0.04282530359923835	0.010934518444640837	10
C5AR2	0	0.05304346084594722	0.0036526781557294627	10
C5orf15	0	0.03701066933572289	0.17193095348981507	10
C5orf20	0	0.06810892112553116	0.002520654257717989	10
C5orf22	0	0.03483953103423114	0.047648513119319655	10
C5orf24	0	0.13862453699111937	0.00567819094075855	10
C5orf28	0	0.03932377323508257	0.0007591893762957725	10
C5orf30	0	0.04140404760837551	0.002413985369071232	10
C5orf34	0	0.035275632888078653	0.002077170309553581	10
C5orf38	0	0.03451407104730602	0.1281899338099262	10
C5orf42	0	0.14098463058471677	0.8143918275451355	10
C5orf45	0	0.06211735270917412	0.0006952388806385681	10
C5orf46	0	0.03211059868335718	0.0048236390110481826	10
C5orf48	0	0.0373249594122171	1.030634587509048e-05	10
C5orf49	0	0.036449096165597376	0.00021931444317773544	10
C5orf51	0	0.035267575271427584	0.1645718680751322	10
C5orf55	0	0.09649295359849926	6.199460363812617e-05	10
C5orf56	0	0.05389467850327488	0.004632218949190322	10
C5orf58	0	0.03750498965382571	0.010555541256859926	10
C5orf64	0	0.03679220080375665	5.227131534692488e-05	10
C6	0	0.036089923977851816	0.06642779049059963	10
C6orf1	0	0.059130860120058026	0.1116101103911166	10
C6orf10	0	0.03886782899498935	0.036360833438909015	10
C6orf106	0	0.35948392897844317	0.03502059873836572	10
C6orf118	0	0.03577664773911233	0.0011017699980371898	10
C6orf120	0	0.0799273088574409	0.034840446732304645	10
C6orf136	0	0.15429771170020098	0.0005741205235112254	10
C6orf15	0	0.035018674656748724	0.0006222625972615966	10
C6orf165	0	0.1036178026348352	0.0012726458249581439	10
C6orf195	0	0.08270873017609114	0.001370434413851003	10
C6orf201	0	0.03257628362625833	2.0489394566642234e-05	10
C6orf203	0	0.04282366670668121	0.0027153286133844417	10
C6orf211	0	0.038946108892559964	0.0002032968678241303	10
C6orf222	0	0.034741051495075184	0.08542095718186149	10
C6orf223	0	0.035595099627971596	0.00407647248797352	10
C6orf226	0	0.04109227694571013	8.502723726867083e-05	10
C6orf25	0	0.03903848938643928	1.9008355048741856e-05	10
C6orf47	0	0.035905375704169226	0.015963693929259094	10
C6orf48	0	0.07407461665570732	1.1988895137508814e-06	10
C6orf57	0	0.04042091965675348	9.684550162192427e-05	10
C6orf58	0	0.034322193451225703	1.3208842830148985e-05	10
C6orf62	0	0.42593260407447814	0.046401861017508275	10
C6orf89	0	0.05369428880512709	0.028636372381651187	10
C7	0	0.03859763331711287	0.10136079586978737	10
C7orf10	0	0.12686302661895746	0.0005143887276704176	10
C7orf25	0	0.04321422129869455	0.3901586625228302	10
C7orf26	0	0.19503582343459128	0.00990342695579891	10
C7orf31	0	0.033372070640325505	0.03061829095459091	10
C7orf33	0	0.03360576331615442	0.0001534196387848788	10
C7orf41	0	0.1452684327960014	0.09233114653411499	10
C7orf43	0	0.0739876069128513	0.03219792510099373	10
C7orf49	0	0.03535520620644087	6.599189711634471e-05	10
C7orf50	0	0.08338241726160045	0.004879156334478147	10
C7orf55	0	0.06014631465077397	0.0002360442826786026	10
C7orf55-LUC7L2	0	0.3691824585199356	0.1177209319836841	10
C7orf57	0	0.03166043981909746	0.0019011271644800015	10
C7orf60	0	0.5448457211256027	0.03942356353633015	10
C7orf61	0	0.035845101997256254	0.0010591176385824931	10
C7orf62	0	0.03273679669946427	0.0020429497080764534	10
C7orf63	0	0.06618425175547595	0.2546293073551013	10
C7orf65	0	0.03772956654429431	9.633121429821831e-06	10
C7orf66	0	0.03933914303779597	0.007032957657183862	10
C7orf69	0	0.0371299140155315	0.0003190542608344169	10
C7orf73	0	0.1622632965445518	0.01029570442403963	10
C8A	0	0.03738218247890466	0.12010640473362863	10
C8B	0	0.04134512096643443	0.012087880602321134	10
C8G	0	0.033199432119727076	0.009220390975456714	10
C8orf12	0	0.05439617447555062	6.425949884457667e-05	10
C8orf22	0	0.03212090283632274	0.015885284073041107	10
C8orf31	0	0.03956760130822652	7.669998201651329e-05	10
C8orf33	0	0.0664479941129684	0.004217980399223165	10
C8orf34	0	0.07384323924779888	0.004149607942199992	10
C8orf37	0	0.0386045459657907	0.12627243119292955	10
C8orf4	0	0.03513570614159102	0.0011088069335713152	10
C8orf44	0	0.03384847119450562	0.0001981516531254379	10
C8orf44-SGK3	0	0.08981436602771278	0.21207105961240008	10
C8orf46	0	0.04014487154781813	0.000751440574794374	10
C8orf47	0	0.042763449996709765	0.026126697515863568	10
C8orf58	0	0.03314772918820377	0.00036669520208942126	10
C8orf59	0	0.05463546626269813	0.0015465502833258292	10
C8orf74	0	0.03334280215203757	0.1265613096279553	10
C8orf76	0	0.03880820795893665	6.371635087872162e-05	10
C8orf82	0	0.07637613415718073	0.04245212400165117	10
C8orf86	0	0.03219450917094941	7.451483056382926e-06	10
C9	0	0.0384581811726093	0.13524665096352337	10
C9orf114	0	0.04932203888893123	0.3412150084463256	10
C9orf116	0	0.04131643101572986	0.00015603971316950578	10
C9orf117	0	0.041908113658428156	0.7566682392692192	10
C9orf129	0	0.03695134334266182	0.0028055167513204348	10
C9orf131	0	0.03676012307405467	0.0004894013065377953	10
C9orf135	0	0.03242892809212203	2.864420106483674e-06	10
C9orf139	0	0.048177117481827694	0.0011747379662050425	10
C9orf142	0	0.06887687332928176	0.006826791829606886	10
C9orf152	0	0.03244677856564517	0.0003181774997592933	10
C9orf153	0	0.03285120408982034	0.0001004725034386733	10
C9orf156	0	0.037490488588809934	0.0022071481300390506	10
C9orf16	0	0.1079948622733354	0.15689815322666747	10
C9orf163	0	0.0621286820620298	0.0013385819920066673	10
C9orf170	0	0.04353323206305499	0.015578562545615595	10
C9orf171	0	0.04538534283637995	0.012065556720967104	10
C9orf173	0	0.04117330722510809	0.0032014629973385854	10
C9orf24	0	0.036743672937154734	0.0006321552951693682	10
C9orf3	0	0.0444594226777553	0.18489271138013308	10
C9orf37	0	0.1043325334787368	0.002900071601607517	10
C9orf40	0	0.03812230788171288	0.20833105779301442	10
C9orf41	0	0.06652340628206725	0.01738474450020809	10
C9orf43	0	0.03155666440725322	0.0011483479879411495	10
C9orf50	0	0.04033567607402797	0.13399818392370538	10
C9orf64	0	0.03195115327835079	0.0155651726786495	10
C9orf66	0	0.03982145488262172	0.0019628795429707437	10
C9orf69	0	0.03938339464366431	0.09557967159358723	10
C9orf72	0	0.08697704710066315	0.00995015857522283	10
C9orf78	0	0.10547081977128978	0.004593243427169635	10
C9orf84	0	0.04001475572586055	0.0876647474464713	10
C9orf85	0	0.03731406703591342	0.021971210358562192	10
C9orf89	0	0.04897738173604008	0.009724241595935813	10
C9orf9	0	0.04695142023265357	0.048715004534521884	10
C9orf91	0	0.04161630459129806	0.020695432880934048	10
C9orf96	0	0.04242561683058736	0.02661935540895365	10
CA1	0	0.032589501701295334	0.06800622092009824	10
CA10	0	0.16776329353451727	0.04465809693055229	10
CA11	0	0.06463229283690448	0.004598094644273988	10
CA12	0	0.03775172345340247	0.019205683972216562	10
CA13	0	0.034363498166203446	0.01125386562737943	10
CA14	0	0.04523756764829155	0.0008201567231279664	10
CA2	0	0.05397344864904876	0.00034097027372605984	10
CA3	0	0.035344960913062065	9.961092374247186e-06	10
CA4	0	0.052496636658906894	0.014003391307431747	10
CA5A	0	0.03316180203109974	0.000350224140174743	10
CA5B	0	0.03631463609635825	0.05341751847740976	10
CA6	0	0.033360347896814316	5.656756669262673e-05	10
CA7	0	0.06309330426156515	0.13576302030069015	10
CA8	0	0.057626060396432845	0.10896798560267303	10
CA9	0	0.04700836278498168	0.00017628619803329432	10
CAAP1	0	0.14615913778543468	0.041302258661566366	10
CAB39	0	0.22901972681283947	0.24305239005879326	10
CAB39L	0	0.04396480023860927	0.05393670718977639	10
CABIN1	0	0.33073164969682695	0.721773042930494	10
CABLES1	0	0.06129315719008442	0.2968111340666679	10
CABLES2	0	0.03358675781637427	0.16130016377630735	10
CABP1	0	0.38753083199262617	0.03661048534547401	10
CABP2	0	0.039562306925654364	0.00530557127637884	10
CABP4	0	0.0425558522343635	0.033559420635091555	10
CABP5	0	0.04456863328814501	0.03781081129356888	10
CABP7	0	0.04082575738430018	0.016539442544898007	10
CABS1	0	0.03277547545731063	0.00044510347691427524	10
CABYR	0	0.032357551157474476	0.04065408018505255	10
CACFD1	0	0.04335051923990245	0.0008301477078653686	10
CACHD1	0	0.13934670910239216	0.9776245701940327	10
CACNA1A	1	0.9246897740763322	0.9294703047796079	633
CACNA1B	0	0.8626981854438782	0.5806527784762014	10
CACNA1C	1	0.9092257908898186	0.9208846510593521	631
CACNA1D	0	0.8790745854377746	0.9967111086290753	10
CACNA1E	1	0.8874482919836973	0.7268674580932496	616
CACNA1F	0	0.2399442240595817	0.7099113987276722	10
CACNA1G	0	0.7365047752857208	0.7009970821947817	10
CACNA1H	0	0.17228428609669205	0.26766849023314687	10
CACNA1I	0	0.666957426071167	0.7893994841369321	10
CACNA1S	0	0.09688609652221199	0.46229280578938814	10
CACNA2D1	0	0.8817186951637268	0.9241103736420466	10
CACNA2D2	0	0.725029569864273	0.9838466566047632	10
CACNA2D3	1	0.6492187894425592	0.6346579693261384	622
CACNA2D4	0	0.03844810817390677	0.3830933854855502	10
CACNB1	0	0.1856238834559917	0.4623154189049868	10
CACNB2	0	0.09337366744875905	0.6113162401241394	10
CACNB3	0	0.1617426864802837	0.21118061030356533	10
CACNB4	0	0.6184790968894959	0.6456340263916296	10
CACNG1	0	0.037850499525666194	0.06122806866529058	10
CACNG2	0	0.2835890486836433	0.8199917848092099	10
CACNG3	0	0.7517070770263672	0.027019929490917676	10
CACNG4	0	0.09373504966497417	0.38696593381981464	10
CACNG5	0	0.03987825289368626	0.24586951059203105	10
CACNG6	0	0.04162543863058086	0.018088649999570532	10
CACNG7	0	0.15278557613492008	0.21917730692038936	10
CACTIN	0	0.6222856432199478	0.5030329149191384	10
CACUL1	0	0.34363227486610415	0.3681202547242703	10
CACYBP	0	0.4080273687839508	0.002945825560918626	10
CAD	0	0.7108734309673309	0.5829725308662302	10
CADM1	0	0.4427755296230316	0.9525028979219796	10
CADM2	0	0.7901776432991028	0.3977976429118117	10
CADM3	0	0.6665541887283325	0.6347277914496509	10
CADM4	0	0.5514683127403259	0.7031447415015827	10
CADPS	0	0.7440584003925323	0.9852823684546811	10
CADPS2	0	0.30522127151489253	0.9250879027206818	10
CAGE1	0	0.03332276195287699	0.0016959452591017953	10
CALB1	0	0.1041155848652124	0.00045297581774831247	10
CALB2	0	0.07849970459938045	0.015578979504946383	10
CALCA	0	0.050932900980114895	0.0011091444562212434	10
CALCB	0	0.03618828691542143	8.56671625612829e-05	10
CALCOCO1	0	0.2150520160794258	0.3184800882018103	10
CALCOCO2	0	0.05031626112759109	0.00029209259064384935	10
CALCR	0	0.041197921708226136	0.0016827656428116972	10
CALCRL	0	0.3988374933600426	0.17036344007633614	10
CALD1	0	0.33530370295047757	0.7849833047575308	10
CALHM1	0	0.03723574522882695	0.0003488005932865298	10
CALHM2	0	0.036442229524254736	0.0029875365501121206	10
CALM1	0	0.5048502564430237	0.8708768366584323	10
CALM2	0	0.4319176197052002	0.05907800528766096	10
CALM3	0	0.4047048270702362	0.03697671248468069	10
CALML3	0	0.037356961518526036	0.0009157717345557263	10
CALML4	0	0.03167231362313026	0.0009707458519552885	10
CALML5	0	0.07032612226903436	0.0002962041532077183	10
CALML6	0	0.03389213606715197	0.31063747722144125	10
CALN1	0	0.09308258257806297	0.3995278591692809	10
CALR	0	0.3377435207366943	0.7376026349397969	10
CALR3	0	0.03481942452490326	0.01623246148461193	10
CALU	0	0.07415631785988802	0.5022738314790758	10
CALY	0	0.15619858801364894	0.006448814901859975	10
CAMK1	0	0.0704559430480003	0.0013683713134593012	10
CAMK1D	0	0.7925163149833679	0.12379295057774478	10
CAMK1G	0	0.06905807480216022	0.002885798229830123	10
CAMK2A	0	0.7497318267822266	0.0862762017990703	10
CAMK2B	0	0.7430336058139801	0.3519601595261077	10
CAMK2D	0	0.4558726742863655	0.2374531125699534	10
CAMK2G	0	0.8101340353488922	0.7501832418256018	10
CAMK2N1	0	0.1776850864291191	0.26718928929315033	10
CAMK2N2	0	0.07162551991641518	0.5696015836616752	10
CAMK4	0	0.1432085625827312	0.5454143621310684	10
CAMKK1	0	0.1018962703645229	0.5152920809608073	10
CAMKK2	0	0.21051624417304987	0.5425256768705622	10
CAMKMT	0	0.051866509020328466	0.0017813345476897409	10
CAMKV	0	0.6508739173412323	0.07114669779455796	10
CAMLG	0	0.13990248069167133	0.0001812186702290448	10
CAMP	0	0.03276324886828656	5.58479523352531e-05	10
CAMSAP1	0	0.7453676104545593	0.8945622814236674	10
CAMSAP2	0	0.9112718880176545	0.6551313541290852	10
CAMSAP3	0	0.7082807570695877	0.9304018332250928	10
CAMTA1	0	0.8767346978187561	0.9468922451026762	10
CAMTA2	0	0.7042001992464065	0.45006859170567637	10
CAND1	0	0.9196862697601318	0.35905576501614933	10
CAND2	0	0.05104913748800751	0.12495039808474322	10
CANT1	0	0.03338932394981379	0.01968097971654858	10
CANX	0	0.6182642042636871	0.7009310922887565	10
CAP1	0	0.1667000755667686	0.00525440872075287	10
CAP2	0	0.24799121469259258	0.06346038211229296	10
CAPG	0	0.038621082529425574	0.00014035102446259204	10
CAPN1	0	0.10624287799000735	0.8514657286725363	10
CAPN10	0	0.05777524970471855	0.006113568523293028	10
CAPN11	0	0.03346984200179571	0.24645889724804163	10
CAPN12	0	0.03882500939071173	0.0013902148936586407	10
CAPN13	0	0.0357544913887977	4.50949274082552e-05	10
CAPN15	0	0.25526405721902845	0.07084878035459184	10
CAPN2	0	0.07321093045175073	0.7514159468548656	10
CAPN3	0	0.06228121109306808	0.3715117619414519	10
CAPN5	0	0.05065469518303867	0.04581454999846674	10
CAPN6	0	0.13364049866795535	0.3855711807775564	10
CAPN7	0	0.13652683943510052	0.13768419981924818	10
CAPN8	0	0.05623232908546919	0.004960626552004868	10
CAPN9	0	0.03576747607439751	0.0015419333426666927	10
CAPNS1	0	0.060344205424189515	0.2830798731290018	10
CAPNS2	0	0.03234519641846414	6.396950378165468e-07	10
CAPRIN1	1	0.7800633814893191	0.6192363749660851	632
CAPRIN2	0	0.38398174941539764	0.1593237671334839	10
CAPS	0	0.03446669969707723	0.026583012725847198	10
CAPS2	0	0.04535954110324377	0.12982881069727253	10
CAPSL	0	0.03406838737428184	0.08650969642678823	10
CAPZA1	0	0.272220766544342	0.19388861973317556	10
CAPZA2	0	0.5845017701387405	0.044860170635515256	10
CAPZA3	0	0.03403880875557656	0.0003271549296163643	10
CAPZB	0	0.44273247122764586	0.23834943262881986	10
CARD10	0	0.09518524482846258	0.002656270646192016	10
CARD11	0	0.4765551954507828	0.5133828323719827	10
CARD14	0	0.03466304875910279	0.005382774110085418	10
CARD16	0	0.03373630270361896	0.0001444514780054547	10
CARD17	0	0.03380065597593781	5.3239171735975345e-05	10
CARD18	0	0.032082666642963845	0.0009589594543197926	10
CARD6	0	0.03262306042015548	0.01005970656211326	10
CARD8	0	0.04299436546862122	0.030728143676709757	10
CARD9	0	0.0408482745289802	0.10216010239187492	10
CARF	0	0.10313218422234054	0.4921691728230935	10
CARHSP1	0	0.10548752956092353	0.12840078363572574	10
CARKD	0	0.05547325275838368	0.09936974496114176	10
CARM1	0	0.8884105265140534	0.9503280555691507	10
CARNS1	0	0.05857433229684826	0.044259267958508965	10
CARS	0	0.07916362099349494	0.06754940484832561	10
CARS2	0	0.04481644816696638	0.14448437085285867	10
CARTPT	0	0.04060154445469375	0.00011328594944906194	10
CASC1	0	0.03580149449408051	0.2609770241545747	10
CASC10	0	0.06126362569630141	0.00010532853288889	10
CASC3	0	0.4076115593314171	0.3223422062529552	10
CASC4	0	0.08930497802793977	0.06357234029183909	10
CASC5	0	0.12852005884051318	0.19596748791088348	10
CASD1	0	0.4163030028343201	0.17861145420171115	10
CASK	1	0.9478710767238443	0.7265822600427218	637
CASKIN1	0	0.6197124481201172	0.8356022996467368	10
CASKIN2	0	0.24413931891322133	0.2745990086256057	10
CASP1	0	0.03728623576462265	0.004250415858622088	10
CASP10	0	0.03561892881989474	0.040425252091037	10
CASP12	0	0.06841877624392506	0.001998270384638877	10
CASP14	0	0.035061082802712876	0.03203117562947067	10
CASP2	0	0.09193422906100746	0.10352915627400508	10
CASP3	0	0.05631481856107706	0.0037112160918170876	10
CASP4	0	0.043280144035816134	0.000792316126485771	10
CASP5	0	0.03204356934875245	0.04435923952015013	10
CASP6	0	0.04804793074727054	0.00010408488229129021	10
CASP7	0	0.043360340222716294	0.005208833361093989	10
CASP8	0	0.04912336543202397	0.0002553148940281198	10
CASP9	0	0.03917410075664516	0.1734913968655169	10
CASQ1	0	0.03692944459617134	0.10335964422130631	10
CASQ2	0	0.04086287096142764	0.004438121692680564	10
CASR	0	0.3159104198217392	0.15979924384304772	10
CASS4	0	0.04504979923367497	0.005215183171435001	10
CAST	0	0.07672744579613203	0.3193841695916761	10
CASZ1	1	0.5341069719552993	0.9356633964955378	625
CAT	0	0.0735662635415792	0.14418146215367972	10
CATSPER1	0	0.03533687666058535	0.4303623616846193	10
CATSPER2	0	0.037271483242511685	0.00041829792558689086	10
CATSPER3	0	0.03525905720889565	0.06205360575634811	10
CATSPER4	0	0.03727306053042407	0.34996422106729475	10
CATSPERB	0	0.06014945320785042	0.146462299706353	10
CATSPERD	0	0.034280291199684086	0.8413199655274022	10
CATSPERG	0	0.0429771345108747	0.3015693298414378	10
CAV1	0	0.08872574307024475	0.028905966090664297	10
CAV2	0	0.042357944697141596	0.003084199986994014	10
CAV3	0	0.0367875643074512	0.3453078005188257	10
CBFA2T2	0	0.8893983244895936	0.3098842500545613	10
CBFA2T3	0	0.10969383567571638	0.4002389978846903	10
CBFB	0	0.4576541006565094	0.0372948459623884	10
CBL	0	0.34650821089744566	0.30790629064145303	10
CBLB	0	0.8363766252994538	0.6573971955294737	10
CBLC	0	0.034998987242579424	0.06889017199877381	10
CBLL1	0	0.6974368512630462	0.24949039259697736	10
CBLN1	0	0.07980882786214347	0.3088220419156956	10
CBLN2	0	0.08855009377002712	0.22742585480334734	10
CBLN3	0	0.05712802261114118	0.0012833235470124855	10
CBLN4	0	0.05183585435152051	0.009513008516480714	10
CBR1	0	0.05980117358267303	0.1682138432741754	10
CBR3	0	0.03444478511810297	0.044872495683877904	10
CBR4	0	0.09606668464839455	0.03539152315337787	10
CBS	0	0.08499923869967459	0.11184575942418014	10
CBWD1	0	0.06937037408351895	0.10805733219248251	10
CBWD2	0	0.04717451855540271	0.406566750564149	10
CBWD3	0	0.06513380520045754	0.16647395779383664	10
CBWD5	0	0.08033098317682738	0.02069135949261642	10
CBWD6	0	0.054296857863664595	0.0011407082330925698	10
CBX1	0	0.5452157139778138	0.3869088792446242	10
CBX2	0	0.3831778138875961	0.5201413237121973	10
CBX3	0	0.4636411279439926	0.09323177277794374	10
CBX4	0	0.36925393790006633	0.8603361127854996	10
CBX5	0	0.4609384298324585	0.5060197098385334	10
CBX6	0	0.5346318244934082	0.5835926216180438	10
CBX7	0	0.0799314551055431	0.03689276990463061	10
CBX8	0	0.2712898679077625	0.5123927579644397	10
CBY1	0	0.05700612440705295	0.0016366427338322252	10
CC2D1A	0	0.22957109361886974	0.5318386883591111	10
CC2D1B	0	0.055359886214137045	0.4367084024933233	10
CC2D2A	0	0.09840605668723579	0.28880877861892273	10
CC2D2B	0	0.03938888944685455	0.04228413677914527	10
CCAR1	0	0.7932313799858093	0.5597058852772867	10
CCAR2	0	0.64241524040699	0.414712752448421	10
CCBE1	0	0.07826901748776431	0.023925063456244178	10
CCBL1	0	0.04677627757191652	0.10406111524686948	10
CCBL2	0	0.04867551364004608	0.0004927074120821485	10
CCDC101	0	0.097843350097537	0.02354163309933941	10
CCDC102A	0	0.050654563307762114	0.028011800578039526	10
CCDC102B	0	0.04255362190306182	2.9559907035715904e-05	10
CCDC103	0	0.035154672525823064	0.006896507292696511	10
CCDC104	0	0.07648185491561886	0.008322708575719751	10
CCDC105	0	0.03435756433755155	0.42287609681015165	10
CCDC106	0	0.04836743772029872	0.25597365081582085	10
CCDC107	0	0.06683513633906837	0.21356566391322054	10
CCDC108	0	0.07045224905014033	0.7618647562954195	10
CCDC109B	0	0.045715954527258816	0.019707674322794723	10
CCDC11	0	0.04069668538868422	0.13032420029919317	10
CCDC110	0	0.04184447750449179	0.0005904324658493169	10
CCDC112	0	0.25215062648057934	0.12500791342489362	10
CCDC113	0	0.032988761179149076	0.02325926842117235	10
CCDC114	0	0.03460207059979433	0.45408431888231027	10
CCDC115	0	0.05672036372125144	0.01712477865265697	10
CCDC116	0	0.03678284175693986	0.001258608799382974	10
CCDC117	0	0.08815584257245059	0.2907875121051787	10
CCDC12	0	0.08497990295290943	0.00026227691640450543	10
CCDC120	0	0.04007286056876178	0.00692945762614908	10
CCDC121	0	0.04500579163432118	0.0001025468679271804	10
CCDC122	0	0.03600179515779014	0.00019599786129518836	10
CCDC124	0	0.07345189265906805	0.16430616868675854	10
CCDC125	0	0.03783686868846412	0.00923454272147083	10
CCDC126	0	0.03307986930012699	0.0003058092244220687	10
CCDC127	0	0.0366811495274305	0.013172603806071919	10
CCDC129	0	0.03584244064986699	0.01744889983249846	10
CCDC13	0	0.04169880226254459	0.12472335553190059	10
CCDC130	0	0.060125954821705775	0.04275730697504237	10
CCDC132	0	0.5097604215145111	0.555591804653994	10
CCDC134	0	0.039512906223535496	0.008020909587435584	10
CCDC135	0	0.048943085595965344	0.2139120152588248	10
CCDC136	0	0.12816844433546062	0.013424100820230777	10
CCDC137	0	0.04402183145284647	0.0030844910887486386	10
CCDC138	0	0.04443013146519657	0.07430800371978738	10
CCDC14	0	0.1109963938593864	0.02714052502093834	10
CCDC140	0	0.056877985596656744	0.0013429560539611088	10
CCDC141	0	0.06361926905810829	0.03554578456330764	10
CCDC142	0	0.03606708012521263	0.003303473490329318	10
CCDC144NL	0	0.036071458458900404	0.01378257535823412	10
CCDC146	0	0.0444734644144773	0.15270463200444406	10
CCDC147	0	0.04406613707542414	0.068403818631997	10
CCDC148	0	0.03713352233171458	0.0012493020964293611	10
CCDC149	0	0.04324957504868503	0.05100362627072337	10
CCDC15	0	0.03521530479192729	0.05013180719294304	10
CCDC150	0	0.0355120781809091	0.40228128247541317	10
CCDC151	0	0.035383771732449484	0.3206158776340554	10
CCDC153	0	0.03294570669531819	0.03372548533878719	10
CCDC154	0	0.05956042818725105	0.029967003735526326	10
CCDC155	0	0.050078595802187875	0.014173906319464807	10
CCDC157	0	0.04179623126983639	0.001354699510475082	10
CCDC158	0	0.04013451561331745	0.18161935808846216	10
CCDC159	0	0.03263391908258193	1.1296753070472414e-05	10
CCDC160	0	0.04513578973710532	0.0005585558236409219	10
CCDC163P	0	0.06111711263656612	0.007240829300707066	10
CCDC167	0	0.05759400613605973	0.0037259732643860114	10
CCDC169-SOHLH2	0	0.04154299199581141	0.021597550647462983	10
CCDC17	0	0.0339362565428018	0.04162586474074591	10
CCDC170	0	0.0344218054786324	0.006229778588523088	10
CCDC171	0	0.09044644571840758	0.18897986460531696	10
CCDC172	0	0.03312004636973136	0.001105195573639503	10
CCDC173	0	0.04809801690280432	0.26345411320615575	10
CCDC174	0	0.07920730076730248	0.07754917629402214	10
CCDC176	0	0.05605585500597948	0.007640919224107942	10
CCDC178	0	0.0551440984010696	0.05702340913425132	10
CCDC180	0	0.07084057740867133	0.23380130729441245	10
CCDC181	0	0.053946431353688186	0.010812969715677802	10
CCDC19	0	0.04020625948905941	0.0585608904171791	10
CCDC22	0	0.3084018051624298	0.0980892441148463	10
CCDC23	0	0.08954378888010975	0.0003599247520183129	10
CCDC24	0	0.03493020180612797	0.2553319576621046	10
CCDC25	0	0.07390658892691129	0.010635296277946089	10
CCDC27	0	0.03649977743625638	0.2648631138747658	10
CCDC28A	0	0.040993510186672175	0.005957497847579706	10
CCDC28B	0	0.05991363376379009	7.06579194675612e-05	10
CCDC3	0	0.04155380241572853	0.0005189221675268982	10
CCDC30	0	0.05368436053395267	0.21054435067688307	10
CCDC33	0	0.03921098262071605	0.047996972240834074	10
CCDC34	0	0.04130115136504168	0.006344643984519257	10
CCDC36	0	0.03920149952173229	0.04769853168186554	10
CCDC37	0	0.04098342582583424	0.2482953632799024	10
CCDC38	0	0.037143992632627444	0.005570059036425832	10
CCDC39	0	0.055465289205312684	0.26506420616218074	10
CCDC40	0	0.04063313454389567	0.2769442541106747	10
CCDC41	0	0.04529312588274475	0.09432470499273364	10
CCDC42	0	0.03404530119150872	0.09488743877136527	10
CCDC43	0	0.04897614829242225	0.012738220036994707	10
CCDC47	0	0.1250719860196113	0.04463404242674311	10
CCDC50	0	0.10150331780314441	0.1514918921011139	10
CCDC51	0	0.03468627668917174	0.0029269692962587837	10
CCDC53	0	0.05197119377553459	0.012103364147671936	10
CCDC54	0	0.03224900979548686	0.006258800658166653	10
CCDC57	0	0.07364061214029785	0.3694464862758114	10
CCDC58	0	0.039308740757405716	0.08825851776749508	10
CCDC59	0	0.04775262884795662	0.0011136420119880297	10
CCDC6	0	0.3371629118919372	0.35319735206752706	10
CCDC60	0	0.03783984780311582	0.0027483379994480786	10
CCDC61	0	0.03944684341549868	0.024653250201238177	10
CCDC62	0	0.03538756668567652	0.0017785130213812269	10
CCDC63	0	0.032069381698966	0.40064640569622173	10
CCDC64	0	0.44360636323690417	0.062759334030804	10
CCDC64B	0	0.059994219243526416	0.08630387325186653	10
CCDC65	0	0.033036411926150276	0.0073512263049476485	10
CCDC66	0	0.14012501314282413	0.16776863458994856	10
CCDC67	0	0.0526732604950666	0.0011343737625092458	10
CCDC68	0	0.03222222644835705	0.00321849385168479	10
CCDC69	0	0.03430709093809122	0.0005379516919875408	10
CCDC7	0	0.052420736849307994	0.38083669057295044	10
CCDC70	0	0.03319669608026738	0.0014517156236337305	10
CCDC71	0	0.03458507414907213	0.043194934808665084	10
CCDC71L	0	0.11937944740056987	0.3680856443290679	10
CCDC73	0	0.03545667398720975	0.04406035015361035	10
CCDC74A	0	0.033321218006312804	0.10766333983645711	10
CCDC74B	0	0.04083187580108638	0.01467818177921057	10
CCDC77	0	0.036890151724219264	0.12076361653207816	10
CCDC78	0	0.036961293593049	0.06673584181291285	10
CCDC8	0	0.04265134930610651	0.1606333713644637	10
CCDC80	0	0.048424163088202424	0.3189676124998697	10
CCDC81	0	0.03402867522090669	0.047037904939519655	10
CCDC82	0	0.12991165593266482	0.0027951617070917393	10
CCDC83	0	0.03196750227361913	0.0013424285525550205	10
CCDC84	0	0.044917266443371726	0.0035005008652052626	10
CCDC85A	0	0.044800319895148225	0.05391233651220449	10
CCDC85B	0	0.23696262985467906	0.000548873447235397	10
CCDC86	0	0.046177776902914	0.1806677704747497	10
CCDC87	0	0.035074673965573275	0.00375871214061439	10
CCDC88A	0	0.8856741189956665	0.7837916440097589	10
CCDC88B	0	0.1257032550871372	0.004404639163655183	10
CCDC88C	0	0.08281378746032711	0.3846143662228526	10
CCDC89	0	0.03225234746932978	0.0007652097153544161	10
CCDC9	0	0.03798250406980511	0.011254745326755626	10
CCDC90B	0	0.08119126036763186	0.00298485735673863	10
CCDC91	0	0.05456464365124699	0.0030301824592006217	10
CCDC92	0	0.07960464917123315	0.015635613193218267	10
CCDC93	0	0.12956973947584624	0.7517675197239947	10
CCDC94	0	0.04068845845758912	0.38706230882585924	10
CCDC96	0	0.03600703775882717	0.4829330798653911	10
CCDC97	0	0.044984371215105026	0.1678626294252566	10
CCER1	0	0.03498856630176303	0.16962134800783776	10
CCHCR1	0	0.04589279070496555	0.056232873368854894	10
CCIN	0	0.03609366286545987	0.03773582072933484	10
CCK	0	0.0636634442955255	0.00032863120672757307	10
CCKAR	0	0.051758541911840386	0.00861340466653784	10
CCKBR	0	0.04596054442226882	0.347371628589041	10
CCL1	0	0.03473721910268063	0.00016866801600975875	10
CCL11	0	0.03361373301595445	0.005391241913722889	10
CCL13	0	0.03316742423921818	5.366962656467367e-05	10
CCL14	0	0.03343543782830233	0.00015087219693370933	10
CCL15	0	0.03284598253667349	3.631805319643249e-08	10
CCL15-CCL14	0	0.15738289952278134	0.00036344026941089304	10
CCL16	0	0.03451381176710125	0.00041445655091322325	10
CCL17	0	0.03542385753244157	4.2943832339682006e-05	10
CCL18	0	0.0327730149030685	9.55877370810033e-05	10
CCL19	0	0.048911580443382216	0.00013850328140554443	10
CCL2	0	0.06231906972825524	0.00011317218541183167	10
CCL20	0	0.03384399935603137	0.0005910760610587909	10
CCL21	0	0.03374019730836148	0.007899312546470832	10
CCL22	0	0.03321980424225326	0.000737310726101203	10
CCL23	0	0.031685293093323665	3.497247218182255e-05	10
CCL24	0	0.03413272388279434	0.0008103443738570425	10
CCL25	0	0.035003527998924214	0.00037037390698160794	10
CCL26	0	0.03711247667670245	2.6874371791097096e-05	10
CCL27	0	0.03379775509238237	0.004643913832671467	10
CCL28	0	0.031672067753970565	0.007793861833641226	10
CCL3	0	0.06266249902546402	0.0020044141705982906	10
CCL4	0	0.0413224339485168	9.029746700546528e-05	10
CCL4L2	0	0.08134259954094883	0.0007668306870849446	10
CCL5	0	0.04395933039486405	0.007304187885136054	10
CCL7	0	0.03406469039618961	0.00017553216202793924	10
CCL8	0	0.03528970405459399	0.00015025468600821887	10
CCM2	0	0.08811482712626452	0.36902539883217333	10
CCM2L	0	0.05782505199313159	0.04772108427271013	10
CCNA1	0	0.05000665225088592	0.0004115211642430628	10
CCNA2	0	0.42618835121393206	0.0006153363527047724	10
CCNB1	0	0.06843344122171399	0.05555647332254645	10
CCNB1IP1	0	0.04998944289982314	1.3914332862245592e-05	10
CCNB2	0	0.03468246757984157	0.019725670653347925	10
CCNB3	0	0.10244484506547447	0.0003176258856992353	10
CCNC	0	0.5076256513595581	0.00044478454718865175	10
CCND1	0	0.16205293759703632	0.8325529121729766	10
CCND2	0	0.6333530813455581	0.551199127349915	10
CCND3	0	0.3531819522380829	0.0010031236636316846	10
CCNDBP1	0	0.05092052780091759	0.01110473525904546	10
CCNE1	0	0.19045081622898574	0.47588275019392423	10
CCNE2	0	0.18687102198600763	0.0686707129519126	10
CCNF	0	0.07877764627337452	0.010519512331053516	10
CCNG1	0	0.06009457334876055	2.918466902688263e-05	10
CCNG2	0	0.11805972903966899	0.03051908708735629	10
CCNH	0	0.08440071083605287	0.0011570209376981354	10
CCNI	0	0.3312168970704078	0.014558875679268852	10
CCNI2	0	0.03945091031491752	4.601232300535749e-05	10
CCNJ	0	0.43841338753700254	0.0518383289256128	10
CCNJL	0	0.03578805513679976	0.05602390460099603	10
CCNK	0	0.5600100606679916	0.5618175598312487	10
CCNL1	0	0.6569765836000443	0.07838741656763135	10
CCNL2	0	0.1960037142038345	0.33016415100495367	10
CCNO	0	0.03844131082296366	0.039843550390639	10
CCNT1	0	0.08181985467672341	0.654423045555452	10
CCNT2	0	0.6287836879491806	0.6298270878225858	10
CCNY	0	0.30031562745571133	0.11151060771252208	10
CCNYL1	0	0.1516695391386747	0.00219519227207381	10
CCP110	0	0.21693108081817622	0.4243327736041887	10
CCPG1	0	0.13448268137872216	0.02601160112800125	10
CCR1	0	0.04278026670217509	0.03422490597975499	10
CCR10	0	0.04161815121769901	0.0038133998736523678	10
CCR2	0	0.049801452085375744	0.004620348788616753	10
CCR3	0	0.03378098793327803	0.09849377223428471	10
CCR4	0	0.04549344703555103	0.004557610081649113	10
CCR5	0	0.03991553261876102	0.006128107725400166	10
CCR6	0	0.06434118859469887	0.1423911518160536	10
CCR7	0	0.05283390320837493	0.32335729607220975	10
CCR8	0	0.035766415111720504	0.04268776734285549	10
CCR9	0	0.03526259586215014	0.09312568619662923	10
CCRL2	0	0.04004045575857159	0.008775611511956922	10
CCRN4L	0	0.053782824054360356	0.010760494932681403	10
CCS	0	0.05739097557961936	0.034558331608315104	10
CCSAP	0	0.11563900336623187	0.5077700058844041	10
CCSER1	0	0.23034358024597162	0.36978571703110596	10
CCSER2	0	0.46713185012340547	0.68840731613675	10
CCT2	0	0.7586688160896301	0.3851605284838295	10
CCT3	0	0.6159155100584031	0.008297780121701483	10
CCT4	0	0.47480774819850924	0.04470532655800074	10
CCT5	0	0.6755523443222046	0.7274017988172303	10
CCT6A	0	0.3085398659110069	0.1849186870130688	10
CCT6B	0	0.03252457864582534	0.17090842005608115	10
CCT7	0	0.6338751792907715	0.47356283148024386	10
CCT8	0	0.402053701877594	0.02294324217623847	10
CCT8L2	0	0.03360526636242861	0.0008666699711057813	10
CCZ1	0	0.06709771566092962	0.049406363866763045	10
CD101	0	0.03704383559525007	0.01799637166328557	10
CD109	0	0.04120489060878748	0.24759760708367437	10
CD14	0	0.05318978913128373	0.25353771809032266	10
CD151	0	0.06648531407117839	0.03076578141676565	10
CD160	0	0.03166679851710792	0.00035691594585097693	10
CD163	0	0.09937466457486147	0.061619942449487874	10
CD163L1	0	0.039986742101609664	0.005990133635872532	10
CD164	0	0.05272592380642886	0.00178974757294722	10
CD164L2	0	0.032232660427689505	0.00027291142034662386	10
CD180	0	0.03415958546102041	0.02728528442352284	10
CD19	0	0.1305478028953075	0.003265770292044684	10
CD1A	0	0.037487108632922136	0.00017348029254177772	10
CD1B	0	0.03285092711448665	0.003864288071425438	10
CD1C	0	0.03238981254398818	0.01595494069723014	10
CD1D	0	0.03782299272716041	0.0058732365324283406	10
CD1E	0	0.0341857865452766	0.00011451858940603093	10
CD2	0	0.03968893885612484	0.0004382208486331505	10
CD200	0	0.10102668069303034	0.0001515459908875499	10
CD200R1	0	0.034372405707836104	0.11192756353894195	10
CD200R1L	0	0.03267230466008182	0.017269627883041126	10
CD207	0	0.047821854427456824	3.631060449398689e-05	10
CD209	0	0.03345902822911734	0.05354467515975002	10
CD22	0	0.06960081458091731	0.12201941156491825	10
CD226	0	0.03569454886019225	0.3090620467025922	10
CD244	0	0.04259573183953758	0.0006827180669333147	10
CD247	0	0.04120076149702067	0.004638056757790691	10
CD248	0	0.04909152239561078	0.31114527390575997	10
CD27	0	0.040460287220776034	5.773542086477166e-05	10
CD274	0	0.04266698919236655	0.06035749857657743	10
CD276	0	0.058651364222168864	0.06583438121195481	10
CD28	0	0.05799181088805192	0.0015730158918352347	10
CD2AP	0	0.08147375024855133	0.20857214371533028	10
CD2BP2	0	0.07870932705700394	0.1451662999893487	10
CD300A	0	0.0384055651724338	0.0024000083148357602	10
CD300C	0	0.0354096636176109	0.00014306703948559733	10
CD300E	0	0.04154610224068161	0.01223091285643662	10
CD300LB	0	0.03750312216579909	0.01619055108883046	10
CD300LD	0	0.03253634944558139	8.554443755939366e-05	10
CD300LF	0	0.03683331161737438	0.00020993780259983224	10
CD300LG	0	0.03855667058378453	0.004116963357008891	10
CD302	0	0.0322134861722588	0.20331368321701077	10
CD320	0	0.04238855019211765	0.045865458773049754	10
CD33	0	0.04728492014110083	0.000797997413779274	10
CD34	0	0.047293866425752604	0.03304283626660578	10
CD36	0	0.057027956470847074	0.02547991278998985	10
CD37	0	0.038812031596898985	0.2545790576178679	10
CD38	0	0.05594634711742398	0.14943884827560078	10
CD3D	0	0.03329914845526215	6.94241390557859e-07	10
CD3E	0	0.04430768452584738	8.323670292782344e-05	10
CD3EAP	0	0.0447872713208198	0.0854092560885866	10
CD3G	0	0.03450461626052852	0.07015555717773818	10
CD4	0	0.04066282957792277	0.002822722131864013	10
CD40	0	0.1173997543752193	6.573970285428943e-05	10
CD40LG	0	0.06342739760875696	0.03319026438831466	10
CD44	0	0.059765021502971596	0.5061008169207254	10
CD46	0	0.16940787434577936	0.1688521197681369	10
CD47	0	0.3028686583042145	0.5384299528233307	10
CD48	0	0.03384101819247002	0.0005285878971474298	10
CD5	0	0.03855074942111965	0.007595755203702316	10
CD52	0	0.04039928503334518	0.07803193697807509	10
CD53	0	0.03960678242146965	1.2929933107147122e-06	10
CD55	0	0.05501312315464015	0.00019798702112294053	10
CD58	0	0.03172683343291277	0.07445024104801266	10
CD59	0	0.09425626620650289	0.00331789019005577	10
CD5L	0	0.035294116660952515	2.8546591406369414e-05	10
CD6	0	0.04772511832416053	0.062033247275996795	10
CD63	0	0.19453295394778247	0.0019463200916044043	10
CD68	0	0.03812162093818182	0.011952335084720201	10
CD69	0	0.0396895714104175	7.34702560181195e-05	10
CD7	0	0.03259170670062297	0.014512827230977446	10
CD70	0	0.03530137687921519	0.2923100079383322	10
CD72	0	0.0417596815153956	0.002918537671603415	10
CD74	0	0.05186426565051076	0.04649628998931409	10
CD79A	0	0.08902491144835947	0.018230638565988704	10
CD79B	0	0.08978242799639699	0.011285248430582406	10
CD80	0	0.03836619742214674	0.0008261926189066697	10
CD81	0	0.4125575006008148	0.15438972143785493	10
CD82	0	0.04340088292956348	6.916371687630189e-06	10
CD83	0	0.035884562321007216	4.988759771012313e-05	10
CD84	0	0.04028835147619243	0.05212040394301663	10
CD86	0	0.12317752093076702	0.04653992808059437	10
CD8A	0	0.03980563245713705	0.11199317159206021	10
CD8B	0	0.03519250769168134	0.01704467605407544	10
CD9	0	0.06080423407256599	0.074579324473899	10
CD93	0	0.03892459720373148	0.3389311949020938	10
CD96	0	0.034894532151520205	0.00833283744682506	10
CD97	0	0.06509995013475413	0.0026949269176748157	10
CD99	0	0.04773328006267542	0.007222458640005018	10
CD99L2	0	0.06529717557132239	0.05087486103312272	10
CDA	0	0.03358811009675259	6.577664062661879e-05	10
CDADC1	0	0.04282955564558501	0.0006686891228063839	10
CDAN1	0	0.06348107494413849	0.0451065349393187	10
CDC123	0	0.0920743893831968	0.009409957026835284	10
CDC14A	0	0.05857386030256743	0.08183563481850419	10
CDC14B	0	0.23547158464789392	0.4836294770824944	10
CDC16	0	0.13735239058732981	0.024079724785402747	10
CDC20	0	0.08171773143112657	0.0034829031655061043	10
CDC20B	0	0.03995836116373534	0.04301681663123597	10
CDC23	0	0.6748718351125718	0.0027132752224792904	10
CDC25A	0	0.2919015415012836	0.03475148515350347	10
CDC25B	0	0.12459768131375308	0.1931152611320805	10
CDC25C	0	0.04429764710366721	0.00019505875375229763	10
CDC26	0	0.045705136284232076	2.983132773009069e-05	10
CDC27	0	0.6442167013883591	0.5132552672631411	10
CDC34	0	0.3600021421909332	0.6381099230619199	10
CDC37	0	0.3224797502160072	0.14461714569125445	10
CDC37L1	0	0.22378292679786682	0.008992554286155552	10
CDC40	0	0.48194433450698854	0.00220641450567981	10
CDC42	0	0.44406345039606093	0.30163524050719553	10
CDC42BPA	0	0.8671383559703827	0.6417001712297203	10
CDC42BPB	0	0.9178650319576264	0.07460021949383566	10
CDC42BPG	0	0.06044938191771504	0.31892054192144287	10
CDC42EP1	0	0.03904088195413347	0.001068500885187373	10
CDC42EP2	0	0.03599806558340782	0.016245598026634937	10
CDC42EP3	0	0.058934550732374136	0.18488502556423825	10
CDC42EP4	0	0.07984176389873024	0.16566334419851636	10
CDC42EP5	0	0.07333470396697517	0.008383459394081163	10
CDC42SE1	0	0.07232407592236992	0.02464995443160006	10
CDC42SE2	0	0.13745282664895053	0.3104164115556034	10
CDC45	0	0.05774277672171587	0.059174124593115496	10
CDC5L	0	0.858267742395401	0.05776299858961964	10
CDC6	0	0.050508899614214856	0.10734333713328903	10
CDC7	0	0.043307131528854334	0.030404227747135738	10
CDC73	0	0.8435258626937866	0.39419098149919773	10
CDCA2	0	0.03722935188561673	0.14671544098951197	10
CDCA3	0	0.04163545817136759	0.03665758435472118	10
CDCA4	0	0.039827967807650536	0.03953169815996393	10
CDCA5	0	0.03310835994780059	0.0015013921763950089	10
CDCA7	0	0.09715908132493492	0.15957666983039628	10
CDCA7L	0	0.05954883545637126	0.6811363412056404	10
CDCA8	0	0.055684751644730544	0.00389406791110715	10
CDCP1	0	0.04557482600212092	0.03212604614559838	10
CDCP2	0	0.03491504844278094	0.006191784558553709	10
CDH1	0	0.09995574653148646	0.8097596782475802	10
CDH10	0	0.6087771117687225	0.6949213100176286	10
CDH11	0	0.7867209434509277	0.8913523986270896	10
CDH12	0	0.09127202741801735	0.72753098900575	10
CDH13	0	0.10352362021803854	0.545173439829687	10
CDH15	0	0.06364735215902326	0.7294689637020472	10
CDH16	0	0.04686508327722544	0.12066393982648704	10
CDH17	0	0.04692840985953804	0.06813918774297596	10
CDH18	0	0.2235109567642212	0.4249664019727157	10
CDH19	0	0.035382338613271655	0.09435160360981507	10
CDH2	0	0.878667664527893	0.8910766877008763	10
CDH20	0	0.1228650607168674	0.9889762277681184	10
CDH22	0	0.1078747063875198	0.60309819140498	10
CDH23	0	0.14556654691696164	0.6189796700409722	10
CDH24	0	0.040796584263443916	0.3394537587042463	10
CDH26	0	0.03875885307788846	0.4846901143915181	10
CDH3	0	0.04285252206027503	0.523133241562573	10
CDH4	0	0.33613432943820953	0.9725321966496893	10
CDH5	0	0.0718816358596086	0.16487312913256363	10
CDH6	0	0.6398215562105178	0.5967441322812711	10
CDH7	0	0.2517494045197963	0.7181338791018819	10
CDH8	0	0.6440098941326141	0.5758528047465766	10
CDH9	0	0.3622793659567833	0.37720268335575036	10
CDHR1	0	0.03972030207514758	0.02532287415054047	10
CDHR2	0	0.0439508099108934	0.949147046426275	10
CDHR3	0	0.04950087927281852	0.21459451569835145	10
CDHR4	0	0.0656549338251352	0.050645153961344315	10
CDHR5	0	0.03808796145021911	0.5002708449025561	10
CDIP1	0	0.4261960327625275	0.001509122891371176	10
CDIPT	0	0.07603462338447567	0.004126522262107869	10
CDK1	0	0.3226860716938972	0.004716249105630186	10
CDK10	0	0.06337615810334676	0.0012998902002178156	10
CDK11A	0	0.056435928493738116	0.32636668495606275	10
CDK11B	0	0.13603535816073414	0.8692744386291025	10
CDK12	0	0.8731801033020019	0.9982537201455237	10
CDK13	0	0.7308322191238403	0.9514412133772542	10
CDK14	0	0.06182892620563503	0.1917450528663014	10
CDK15	0	0.03718504868447777	0.01594738130715216	10
CDK16	0	0.7219941109418869	0.8131994257876343	10
CDK17	0	0.6646090567111969	0.04646511685938798	10
CDK18	0	0.0461345568299293	0.004920146553677158	10
CDK19	0	0.8563168764114379	0.4161440064197426	10
CDK2	0	0.27192011475563044	0.2327057350803179	10
CDK20	0	0.042525662481784784	0.0018286129570522255	10
CDK2AP1	0	0.06557691060006617	0.0452054770944539	10
CDK2AP2	0	0.155150444060564	0.7717499419425853	10
CDK3	0	0.03925074115395541	0.0013469719439831976	10
CDK4	0	0.12191192880272864	0.0010698049112376723	10
CDK5	0	0.25818060040473934	0.00883355625007931	10
CDK5R1	0	0.7013683557510376	0.3069766041054477	10
CDK5R2	0	0.09550366811454292	0.11247887415393536	10
CDK5RAP1	0	0.06761736199259753	0.004540646201347134	10
CDK5RAP2	0	0.16737314984202384	0.04418130667754697	10
CDK5RAP3	0	0.13295941017568108	0.012452615847400782	10
CDK6	0	0.4624479278922081	0.5127233047236303	10
CDK7	0	0.050384683907031956	0.006394682505261251	10
CDK8	0	0.46710861623287203	0.6559443030927203	10
CDK9	0	0.27346224933862684	0.7533049511679698	10
CDKAL1	0	0.10193626433610911	0.003984039155512891	10
CDKL1	0	0.03652761541306967	0.3290223492182486	10
CDKL2	0	0.052445695549249605	0.5923866591474773	10
CDKL3	0	0.0403913456946611	0.00013037678255817782	10
CDKL4	0	0.032165562734007794	1.153001720047831e-05	10
CDKL5	1	0.9153517172313653	0.5175070197751864	624
CDKN1A	0	0.06307949163019652	0.028738684947475557	10
CDKN1B	0	0.1950835175812244	0.2949679785036968	10
CDKN1C	0	0.3084245055913925	0.03565128641012895	10
CDKN2A	0	0.058463825285434666	0.00034803000710537156	10
CDKN2AIP	0	0.5395353883504868	0.021072813534629	10
CDKN2AIPNL	0	0.04419736079871649	0.00033923441678655676	10
CDKN2B	0	0.03517089188098902	0.01105426396093894	10
CDKN2C	0	0.05171684063971038	0.003936920209392833	10
CDKN2D	0	0.14268770217895504	0.18582692942281315	10
CDKN3	0	0.04139923751354213	2.8883027083399025e-06	10
CDNF	0	0.033379709534347005	0.005199571570926603	10
CDO1	0	0.05760486610233778	0.00967655216481253	10
CDON	0	0.09566334933042521	0.7603721691992311	10
CDPF1	0	0.03227688204497095	0.0007995054627218145	10
CDR1	0	0.09452673867344852	0.0006575563621341398	10
CDR2	0	0.07062693424522873	0.15015928147665442	10
CDR2L	0	0.07152467146515842	0.3660469687208955	10
CDRT1	0	0.060835452377796126	0.8224464605161014	10
CDRT15	0	0.04141751043498511	0.06397298192985937	10
CDRT15L2	0	0.047688229009509045	0.0026412385849417784	10
CDRT4	0	0.04730424992740147	0.051150217428987024	10
CDS1	0	0.0753856476396322	0.09607176868079027	10
CDS2	0	0.21116804033517833	0.3779843177908452	10
CDSN	0	0.039584630727767876	0.46712773111324946	10
CDT1	0	0.04617419056594368	0.002329892846843492	10
CDV3	0	0.10652354396879671	0.40008253061893334	10
CDX1	0	0.060904173925518945	0.007268298218543698	10
CDX2	0	0.05216412469744676	0.14418757838809632	10
CDX4	0	0.04279437959194178	0.001555073303376096	10
CDYL	0	0.7782178699970246	0.3691779060079637	10
CDYL2	0	0.06178868971765038	0.1934599245523937	10
CEACAM1	0	0.04796962179243561	0.007148607372047371	10
CEACAM16	0	0.037407895550131756	0.02752918928462953	10
CEACAM18	0	0.05193822048604484	0.0504403307006425	10
CEACAM19	0	0.032726363092660846	0.0004338581983768927	10
CEACAM21	0	0.03747017271816723	2.674620247808455e-05	10
CEACAM3	0	0.03408112153410907	0.006700572509402989	10
CEACAM4	0	0.033575878664851164	1.4491145780839729e-05	10
CEACAM5	0	0.03681716732680792	0.00960386385422764	10
CEACAM6	0	0.0367845200002193	0.03580310546254454	10
CEACAM7	0	0.03325821608304972	0.01571359342948133	10
CEACAM8	0	0.03367777206003662	0.0007085999809487858	10
CEBPB	0	0.15620517954230304	0.43558314534946313	10
CEBPD	0	0.10673736259341238	0.20030027596262173	10
CEBPE	0	0.03995060063898559	0.21151680712268375	10
CEBPG	0	0.051115325838327376	0.29799733405746764	10
CEBPZ	0	0.14587027356028553	0.4725266065084507	10
CECR1	0	0.04617248587310309	0.11534423129490876	10
CECR2	0	0.6332121819257737	0.599743387484585	10
CECR5	0	0.06327905058860775	0.0005336128736303001	10
CEL	0	0.0448176078498363	0.8357924986023747	10
CELA1	0	0.037271028570830776	0.001742992211913862	10
CELA2A	0	0.034539885446429205	0.1602207843855099	10
CELA2B	0	0.042203107848763424	0.0037242946941182034	10
CELA3A	0	0.03296024259179827	0.04297287247152208	10
CELA3B	0	0.03301535099744791	0.08738420059482836	10
CELF1	0	0.8442475855350494	0.8695879898873	10
CELF2	0	0.8676788210868835	0.8685051066029896	10
CELF3	0	0.5528191983699798	0.554026108809027	10
CELF4	1	0.8875673734967867	0.783847709465036	617
CELF5	0	0.8425090670585632	0.28066125612419796	10
CELF6	0	0.0977506428956985	0.16551924517445987	10
CELSR1	0	0.3432071715593338	0.9095561995753897	10
CELSR2	0	0.7722493767738342	0.954351651784594	10
CELSR3	0	0.7547369420528411	0.9662697842862189	10
CEMP1	0	0.06746782474219794	0.05241613596878354	10
CEND1	0	0.09904579557478424	0.6808395757770096	10
CENPA	0	0.07246820516884322	0.004585325084128712	10
CENPB	0	0.64572194814682	0.379357189573912	10
CENPBD1	0	0.06412392742931838	0.14824673438529404	10
CENPC	0	0.3082467928528786	0.35571518180635037	10
CENPE	0	0.110777261480689	0.20326084566360728	10
CENPF	0	0.0721585642546415	0.25160967881112895	10
CENPH	0	0.040620122849941195	3.116755937892624e-05	10
CENPI	0	0.4188044846057892	0.19422573156599005	10
CENPJ	0	0.0921191126108169	0.5591804237995741	10
CENPK	0	0.0386132232844829	1.1378520858561016e-05	10
CENPL	0	0.037209155969321686	0.0032718122966785604	10
CENPM	0	0.03467514999210828	0.0028456870225806487	10
CENPN	0	0.03733774758875365	0.0380341351548822	10
CENPO	0	0.03322057500481599	0.12143121204311828	10
CENPP	0	0.04342685267329212	0.20643262074557675	10
CENPQ	0	0.03498851805925365	4.899218634481642e-05	10
CENPT	0	0.08816429264843459	0.03573304188074096	10
CENPV	0	0.14366522356867786	0.0013348104868045607	10
CENPW	0	0.03547894097864623	0.004736136128091596	10
CEP104	0	0.06310019418597218	0.13613902360983438	10
CEP112	0	0.04491742998361584	0.2465952632861792	10
CEP120	0	0.05640058293938631	0.38621442710875364	10
CEP128	0	0.055159752815961784	0.02115893969439596	10
CEP135	0	0.05847358219325538	0.28234347924006464	10
CEP152	0	0.055208023637533146	0.01000124003984048	10
CEP164	0	0.08300285711884496	0.5515317764216014	10
CEP170	0	0.6744258821010589	0.9171206280758251	10
CEP170B	0	0.4979824960231781	0.2298902399946588	10
CEP19	0	0.039350512251257866	0.00010920220531718994	10
CEP192	0	0.09099831096827979	0.5794245795012418	10
CEP250	0	0.14886303246021268	0.20370643785302528	10
CEP290	0	0.17919097095727915	0.35556409466999384	10
CEP350	0	0.580003434419632	0.8279139439268567	10
CEP41	0	0.04393883459269996	0.10458729981870063	10
CEP44	0	0.03951047100126738	0.01586145840043991	10
CEP55	0	0.036937822401523546	0.010275723084321522	10
CEP57	0	0.18156372085213657	0.003005327411617862	10
CEP57L1	0	0.050767460465431166	0.393928708942238	10
CEP63	0	0.07835937254130837	0.003053798010947916	10
CEP68	0	0.1775842875242233	0.0009546708832822125	10
CEP70	0	0.04546039029955859	0.01052657091749993	10
CEP72	0	0.03612891733646388	0.020363822716747717	10
CEP76	0	0.04739407896995538	0.5428509117511391	10
CEP78	0	0.10045620203018184	0.39301644855440865	10
CEP85	0	0.053548597171902614	0.004237404039503098	10
CEP85L	0	0.10042740032076831	0.3479945358734015	10
CEP89	0	0.06070698313415045	0.01404800284504458	10
CEP95	0	0.15065757110714909	0.046910117162657174	10
CEP97	0	0.07978061623871321	0.13406272253616458	10
CEPT1	0	0.5109123051166534	0.005550516954857384	10
CER1	0	0.04206563197076317	3.026893741083608e-06	10
CERCAM	0	0.0482854194939136	0.33425673520698096	10
CERK	0	0.06550335101783271	0.008080370934332332	10
CERKL	0	0.03414357136934991	0.09736244473008636	10
CERS1	0	0.053631974756717646	0.31233945024993715	10
CERS2	0	0.1788593471050262	0.004248076502830591	10
CERS3	0	0.04969624616205688	0.0036578597307693576	10
CERS4	0	0.038900098204612696	0.028047284057002776	10
CERS5	0	0.07419199533760543	0.00023364744245526017	10
CERS6	0	0.1864529982209205	0.1411218889965486	10
CES1	0	0.03780223540961738	0.4581386820253323	10
CES2	0	0.05509133413434023	0.0287055221577444	10
CES3	0	0.03483952209353442	0.10473855569511063	10
CES4A	0	0.06438761390745637	0.0011800033573320544	10
CES5A	0	0.03572589159011838	0.0009885686827281444	10
CETN1	0	0.0335183914750814	0.0010930145278617803	10
CETN2	0	0.08392224833369252	0.0001582869373302612	10
CETN3	0	0.044573216512799205	0.012549604372695885	10
CETP	0	0.03435826711356635	0.00020221081728726643	10
CFB	0	0.08916473761200902	0.40817857513498773	10
CFC1	0	0.06474094912409775	0.00015410690727835996	10
CFD	0	0.053681813925504654	0.08226937420959086	10
CFDP1	0	0.10997159555554385	0.28880624709569275	10
CFH	0	0.19882181808352467	0.18658479817409457	10
CFHR1	0	0.032474426925182286	2.1656873556425632e-05	10
CFHR2	0	0.0340091863647103	0.0001645326178633764	10
CFHR3	0	0.03356537017971272	0.0009288070512360342	10
CFHR4	0	0.039254831895232156	0.14878684124067218	10
CFHR5	0	0.0341160355135798	0.027705251398030588	10
CFI	0	0.03900081701576706	0.36316001518796553	10
CFL1	0	0.25527207404375074	0.007878016339113513	10
CFL2	0	0.1300767697393894	0.013283072623302921	10
CFLAR	0	0.6371958762407303	0.08975469404216552	10
CFP	0	0.052786012366414024	0.0004466901739676664	10
CFTR	0	0.051993381977081275	0.7411238313294264	10
CGA	0	0.050417735800147	0.000248398047969457	10
CGB	0	0.05904673412442204	0.3907145753058612	10
CGB1	0	0.03264606390148398	0.10349752968382217	10
CGB2	0	0.05539286509156223	0.09575575365928032	10
CGB7	0	0.035912523977458435	0.054498220383987404	10
CGB8	0	0.059758075699210114	0.03043875915433287	10
CGGBP1	0	0.20692771002650256	0.14977541575462444	10
CGN	0	0.04203358851373192	0.19577067103223295	10
CGNL1	0	0.04509930871427054	0.04305782899480298	10
CGREF1	0	0.03464111685752863	0.00023689977672974183	10
CGRRF1	0	0.035142299160361254	0.0015438037930321487	10
CH25H	0	0.03761473000049586	0.3001413888272625	10
CHAC1	0	0.04166593849658963	8.558259600156269e-05	10
CHAC2	0	0.031173358857631624	0.0007249383821548643	10
CHAD	0	0.03696245625615116	0.07340750706142474	10
CHADL	0	0.06583317182958123	0.0001199588894056145	10
CHAF1A	0	0.48993304669857024	0.24552271380734933	10
CHAF1B	0	0.06322747655212876	0.06785110153556899	10
CHAMP1	1	0.6402550174571504	0.015749373369413826	638
CHAT	0	0.041630777716636605	0.373070743898701	10
CHCHD1	0	0.06493194028735157	1.1286594574364751e-06	10
CHCHD10	0	0.06981666199862953	0.1515969719183594	10
CHCHD2	0	0.1627298943698406	0.0075974954792808035	10
CHCHD3	0	0.0770255338400602	0.0018221830392510473	10
CHCHD4	0	0.03295476790517565	0.0006547884171624155	10
CHCHD5	0	0.03727687522768969	0.00265960215192293	10
CHCHD6	0	0.04477695785462852	0.03169765494100196	10
CHCHD7	0	0.0390206035226583	1.3903939432373527e-05	10
CHD1	0	0.8731497883796692	0.617396388846971	10
CHD1L	0	0.06306101046502585	0.1287334039713634	10
CHD2	1	0.9340324188126294	0.8813862757743881	647
CHD3	1	0.9161304995125416	0.9782451896411019	612
CHD4	0	0.9121953547000885	0.9864407779414703	10
CHD5	0	0.8476774156093597	0.874735914736991	10
CHD6	0	0.9440671801567078	0.8914587032903908	10
CHD7	1	0.88942195479832	0.9918950478058979	630
CHD8	1	0.9363407000828244	0.9674654065449655	629
CHD9	0	0.8449743568897248	0.8193922032712206	10
CHDH	0	0.04039646796882148	0.03720016026246361	10
CHEK1	0	0.05971040986478322	0.06683367423376244	10
CHEK2	0	0.04668438732624049	0.002371740731738749	10
CHERP	0	0.8724910497665406	0.6089994960716121	10
CHFR	0	0.07490960434079165	0.04721896533760571	10
CHGA	0	0.09011559002101417	0.00891366792347631	10
CHGB	0	0.11372111663222309	0.2943737740115684	10
CHI3L1	0	0.03456653561443087	0.06469788032743388	10
CHI3L2	0	0.03214138969779009	0.010813544761612243	10
CHIA	0	0.03434926010668274	0.030727471976295672	10
CHIC1	0	0.131863010674715	0.28531812752913055	10
CHIC2	0	0.06051476635038848	0.3085921439003024	10
CHID1	0	0.04845146536827083	0.034269235840397996	10
CHIT1	0	0.03463819883763787	0.11984686225003875	10
CHKA	0	0.0764534812420606	0.13707329927653647	10
CHKB	0	0.04879890903830525	0.04778918056331502	10
CHKB-CPT1B	0	0.2005751103162765	0.0513342991034718	10
CHL1	0	0.18930175378918643	0.7898098983857649	10
CHM	0	0.41780600175261495	0.118846857850996	10
CHML	0	0.06444578245282168	0.1847709845972673	10
CHMP1A	0	0.08146864883601661	0.2745622695680222	10
CHMP1B	0	0.07947745509445664	0.11988428824480526	10
CHMP2A	0	0.09997568354010578	0.5620192029684029	10
CHMP2B	0	0.04535976909101005	0.14503871642669391	10
CHMP3	0	0.062250174954533534	0.01420664538778205	10
CHMP4A	0	0.059636505320668165	0.016960368726374356	10
CHMP4B	0	0.40460028499364853	0.1675121381200414	10
CHMP4C	0	0.03198768384754653	0.00231337034301554	10
CHMP5	0	0.12938767075538632	0.0005640187355827472	10
CHMP6	0	0.15279308520257467	0.0008794360785857929	10
CHMP7	0	0.16387067735195154	0.535842608580701	10
CHN1	0	0.115237895026803	0.17356933064682098	10
CHN2	0	0.07938500009477133	0.14332837569279439	10
CHODL	0	0.03484883550554509	0.0018638114873509519	10
CHORDC1	0	0.25519630983471864	0.00741157238318624	10
CHP1	0	0.16765170991420741	0.03874337278091838	10
CHP2	0	0.0397881649434566	0.0021648474634185866	10
CHPF	0	0.06740819625556463	0.0031044584876018825	10
CHPF2	0	0.04352926500141617	0.035930581229439665	10
CHPT1	0	0.10424427986145016	0.07049219398231771	10
CHRAC1	0	0.03483459390699859	0.02762369893517507	10
CHRD	0	0.13231106735765932	0.02968059839914618	10
CHRDL1	0	0.07217305488884446	0.10205737622984797	10
CHRDL2	0	0.03313248995691534	0.15315067232158414	10
CHRM1	0	0.6540052890777588	0.0008490867353445859	10
CHRM2	0	0.10764952898025508	0.043848437999998977	10
CHRM3	0	0.6275914341211319	0.9499783218307088	10
CHRM4	0	0.5639484643936157	0.18987386965777303	10
CHRM5	0	0.04458156786859032	0.02900794216301559	10
CHRNA1	0	0.04184049479663367	0.028946162719555878	10
CHRNA10	0	0.04316755644977087	0.00047646468457672854	10
CHRNA2	0	0.049311293661594355	0.004298694533137962	10
CHRNA3	0	0.05721526592969889	0.10896540559835728	10
CHRNA4	0	0.08953003585338588	0.03761197477681868	10
CHRNA5	0	0.046588347852230025	0.07363027538911046	10
CHRNA6	0	0.04231498204171652	0.06567770754950261	10
CHRNA9	0	0.03744757976382966	0.000297331864610391	10
CHRNB1	0	0.04881880786269899	0.007749932984584884	10
CHRNB2	0	0.08367659263312813	0.10534602409573539	10
CHRNB3	0	0.04061252698302265	0.2435097272054036	10
CHRNB4	0	0.05322884172201151	0.006901134740220012	10
CHRND	0	0.03492104988545177	0.0005136307226599614	10
CHRNE	0	0.0507215399295091	0.002119427025173232	10
CHRNG	0	0.04138946533203121	0.004482689855933735	10
CHST1	0	0.182463227212429	0.05102256269593305	10
CHST10	0	0.06777398437261575	0.1978736996292167	10
CHST11	0	0.09003534428775306	0.7015230060262576	10
CHST12	0	0.04724344983696932	0.08349224333440766	10
CHST13	0	0.04899559952318662	0.004944137733292185	10
CHST14	0	0.052134394273161855	0.00015971056560914326	10
CHST15	0	0.04392606951296325	0.6100137178609357	10
CHST2	0	0.06081985943019386	0.032372915964631634	10
CHST3	0	0.05750940144062037	0.043315400405059365	10
CHST4	0	0.033744299225509124	8.291273258354074e-06	10
CHST5	0	0.03529472444206472	0.003549227557695385	10
CHST6	0	0.04102518595755095	0.00843364190346421	10
CHST7	0	0.07744662240147585	0.05265022160322429	10
CHST8	0	0.04522291906177993	0.04712502549730145	10
CHST9	0	0.036100272089242894	0.5135378036518288	10
CHSY1	0	0.35560989007353777	0.7824397640688467	10
CHSY3	0	0.07235301695764061	0.35523759677834416	10
CHTF18	0	0.046752930060028966	0.2891350527830725	10
CHTF8	0	0.07363912202417847	0.580495705549674	10
CHTOP	0	0.22101204320788378	0.8682377580387761	10
CHUK	0	0.5493395894765853	0.01694329096076647	10
CHURC1	0	0.06301495358347889	0.0013245637921051314	10
CHURC1-FNTB	0	0.08489132262766357	0.005471999417906904	10
CIAO1	0	0.0664763785898685	0.02819484522621964	10
CIAPIN1	0	0.04628199450671669	0.04005227088269998	10
CIB1	0	0.05944329425692554	0.0584619523548876	10
CIB2	0	0.0456325583159923	0.018201335461758308	10
CIB3	0	0.03715172894299026	0.19467994579847198	10
CIB4	0	0.03462329618632788	3.7019395101296426e-05	10
CIC	1	0.8984261085667948	0.8142673798804237	635
CIDEA	0	0.036409887485206086	0.07771192408186066	10
CIDEB	0	0.04494678080081934	0.0030790537919666264	10
CIDEC	0	0.03861711174249643	9.349085042389914e-06	10
CIITA	0	0.09499744102358813	0.1111398880360688	10
CILP	0	0.04336085319519038	0.20332918701230773	10
CILP2	0	0.045476768165826756	0.631139434262258	10
CINP	0	0.03762788251042362	2.254172344943994e-05	10
CIR1	0	0.17902864441275596	0.15042350212568958	10
CIRBP	0	0.2027962133288383	0.7604936604628671	10
CIRH1A	0	0.050438636913895565	0.0071645779699204045	10
CISD1	0	0.07535790354013437	0.03743100840841736	10
CISD2	0	0.07252909950911994	0.11419756822910956	10
CISH	0	0.03537800423800941	0.0006228110486503631	10
CIT	0	0.7818667232990265	0.7448368613236629	10
CITED1	0	0.06765585765242572	0.001962005546751257	10
CITED2	0	0.1606033861637115	0.7544415605040236	10
CITED4	0	0.1038419403135776	0.026156575428307856	10
CIZ1	0	0.12770146429538726	0.942018233919231	10
CKAP2	0	0.04299289844930168	0.5100821065255003	10
CKAP2L	0	0.0402033161371946	0.15834729301776906	10
CKAP4	0	0.09518945515155787	0.6418589681552341	10
CKAP5	0	0.9268265545368195	0.8793266075344072	10
CKB	0	0.4142809182405472	0.13518885907752415	10
CKLF	0	0.03962597027420992	0.00019665759998760036	10
CKLF-CMTM1	0	0.03347417619079346	0.06708629304395844	10
CKM	0	0.03551296014338726	0.13920680114413003	10
CKMT1A	0	0.08218162953853601	0.37730389237439205	10
CKMT1B	0	0.0833717882633209	0.08819941299191954	10
CKMT2	0	0.05406985059380527	0.005768937548715772	10
CKS1B	0	0.049484029039740515	0.00018406296225877643	10
CKS2	0	0.05086587965488428	0.003469496300384375	10
CLASP1	0	0.9159109592437744	0.9771430515174699	10
CLASP2	0	0.9255645871162415	0.9715591939168131	10
CLASRP	0	0.1873139232397079	0.9237253861983172	10
CLC	0	0.034563292749226024	7.3515959149567104e-06	10
CLCA1	0	0.04333867356181139	0.21162426610974133	10
CLCA2	0	0.03715014047920699	0.04646586706483228	10
CLCA4	0	0.04268962740898126	0.04015474808753468	10
CLCC1	0	0.06335909143090243	0.15348989330988425	10
CLCF1	0	0.22728926688432693	0.013357561674142857	10
CLCN1	0	0.04166795760393137	0.17316214713196443	10
CLCN2	0	0.050032537430524784	0.1137284255817276	10
CLCN3	0	0.9136062800884247	0.7199199893451964	10
CLCN4	0	0.9266776740550995	0.5925056026012075	10
CLCN5	0	0.46266194581985476	0.44413253305837275	10
CLCN6	0	0.13480648770928377	0.5628009537260131	10
CLCN7	0	0.6151216745376586	0.5636777876722994	10
CLCNKA	0	0.03719186615198846	0.03859809033680965	10
CLCNKB	0	0.03722862973809238	0.04641944589464165	10
CLDN1	0	0.0426172416657209	0.010808592370830565	10
CLDN10	0	0.04403812810778613	0.0037479018718295726	10
CLDN11	0	0.14985288530588145	0.01069150243386988	10
CLDN12	0	0.04675162099301811	0.0014567309080985194	10
CLDN14	0	0.04187508374452586	0.000852488671574948	10
CLDN15	0	0.03578392677009101	0.0019309629880439997	10
CLDN16	0	0.03359662536531684	0.00023734604200026642	10
CLDN17	0	0.03205381389707322	0.0005629387359932004	10
CLDN18	0	0.0335547018796205	0.061513169162264326	10
CLDN19	0	0.04186469279229637	0.0005947332691188508	10
CLDN2	0	0.0561328891664743	0.0003151338477922304	10
CLDN20	0	0.03301027044653887	1.899853503748309e-06	10
CLDN22	0	0.03344702236354347	0.0022372434851795184	10
CLDN23	0	0.036320924200117524	0.0028250727620495056	10
CLDN24	0	0.036759531870484294	6.460842168403844e-07	10
CLDN25	0	0.03436002526432272	0.000526149819663122	10
CLDN3	0	0.03777357898652549	0.13532307092293083	10
CLDN4	0	0.038154216855764325	8.800975228149821e-06	10
CLDN5	0	0.2700942367315292	0.0243385431754783	10
CLDN6	0	0.03482987005263562	0.01693261257403194	10
CLDN7	0	0.03767198063433166	0.026905831549956315	10
CLDN8	0	0.031880477815866434	0.0005549249896337525	10
CLDN9	0	0.04373215213418003	0.05149321484900034	10
CLDND1	0	0.0674736380577087	0.000778132772634555	10
CLDND2	0	0.0370687179267406	0.42328847780268813	10
CLEC10A	0	0.033207675255835026	0.00011179616544693005	10
CLEC11A	0	0.04435266181826588	0.16730101218089827	10
CLEC12A	0	0.03842900283634657	5.5242285467309416e-05	10
CLEC12B	0	0.033766845427453465	2.456876420944642e-06	10
CLEC14A	0	0.036950908601283985	0.02437314953297514	10
CLEC16A	0	0.14955935254693026	0.2625456124732142	10
CLEC17A	0	0.034056194871664	4.777255344409078e-05	10
CLEC18A	0	0.05883362405002113	0.011121652931922599	10
CLEC18C	0	0.05885919295251366	0.007297776244751029	10
CLEC1A	0	0.03414122741669412	0.0005979665927067009	10
CLEC1B	0	0.0383871097117662	4.886412694539531e-06	10
CLEC2B	0	0.0368436269462108	0.3422543161287183	10
CLEC2D	0	0.03768053539097303	0.37050531192249736	10
CLEC2L	0	0.04556752741336818	0.014353671967206808	10
CLEC3A	0	0.032448974438011605	0.00017451647716668528	10
CLEC3B	0	0.04275390505790706	0.023009094528472433	10
CLEC4A	0	0.03269796483218666	2.3525491215047122e-05	10
CLEC4C	0	0.03265015427023169	0.0010375971002733178	10
CLEC4D	0	0.03256579786539075	0.00015627127508907948	10
CLEC4E	0	0.03276242036372418	0.05171305497762183	10
CLEC4F	0	0.03330874703824517	0.0025188912686324996	10
CLEC4G	0	0.03605143297463649	0.05633658422984261	10
CLEC4M	0	0.03539298567920919	0.0017096444224913667	10
CLEC5A	0	0.03327243234962219	0.0005950998685454069	10
CLEC6A	0	0.033485481888055765	3.4423932511245744e-06	10
CLEC7A	0	0.03878099806606765	0.0002488424993661773	10
CLEC9A	0	0.03454986270517106	0.000512821400617207	10
CLECL1	0	0.03564683143049472	1.2177665547024745e-06	10
CLGN	0	0.03478247672319408	0.1166039981686224	10
CLHC1	0	0.060911804810166316	0.0391734549747352	10
CLIC1	0	0.0465884625911712	0.13315285791886455	10
CLIC2	0	0.03692778125405307	0.007393398512928929	10
CLIC3	0	0.0347080375999212	0.023330503625347117	10
CLIC4	0	0.06229582689702508	0.0787155598985681	10
CLIC5	0	0.039727246761321985	0.3481084465599326	10
CLIC6	0	0.057152032107114746	0.3453772485521104	10
CLINT1	0	0.19972521811723704	0.3838874852650562	10
CLIP1	0	0.754007238149643	0.4042612391283269	10
CLIP2	0	0.7177940428256988	0.61795408526415	10
CLIP3	0	0.798111492395401	0.5027438177398443	10
CLIP4	0	0.06083350144326681	0.7073728213291098	10
CLK1	0	0.2442927666008472	0.11177246350184371	10
CLK2	0	0.49822177886962893	0.6997288753273597	10
CLK3	0	0.23234312981367106	0.3708422313863042	10
CLK4	0	0.13788222149014467	0.6136460504953061	10
CLLU1	0	0.055697055906057315	3.985918508328749e-05	10
CLLU1OS	0	0.032203234173357444	7.277943301532401e-06	10
CLMN	0	0.05760915502905841	0.6557354481914796	10
CLMP	0	0.08676730841398235	0.0018454363683554139	10
CLN3	0	0.08365751877427097	6.1031359894219805e-05	10
CLN5	0	0.05874953828752035	0.05053323022052599	10
CLN6	0	0.03962150588631625	0.033030193570999705	10
CLN8	0	0.04419254623353476	0.05048697597415756	10
CLNK	0	0.04096477478742595	0.15989925517998277	10
CLNS1A	0	0.06806403025984761	0.001671469082556272	10
CLOCK	0	0.847298139333725	0.9174212355355975	10
CLP1	0	0.08567048944532867	0.4771359915723192	10
CLPB	0	0.07829600051045414	0.13963845581426565	10
CLPP	0	0.18258631750941273	0.0007637019676657391	10
CLPS	0	0.036663729697465855	0.00036199037678834176	10
CLPSL1	0	0.03325574956834311	0.09355874155837672	10
CLPSL2	0	0.04671267122030253	0.0002611437006739333	10
CLPTM1	0	0.4713510274887085	0.5644445629850003	10
CLPTM1L	0	0.07343247905373569	0.10651119943680301	10
CLPX	0	0.32665310204029085	0.14443891038694662	10
CLRN1	0	0.03816706649959083	0.011625568366604885	10
CLRN2	0	0.0314936343580484	0.012912212806463208	10
CLRN3	0	0.03316970057785507	0.00384571339683948	10
CLSPN	0	0.0721629876643419	0.361342639219966	10
CLSTN1	0	0.7153863787651062	0.6009547439359653	10
CLSTN2	0	0.08733994290232655	0.7879299826377654	10
CLSTN3	0	0.42793205082416536	0.46146540258352625	10
CLTA	0	0.32944219484925263	0.1292017618153966	10
CLTB	0	0.12403883561491962	0.2306428494083888	10
CLTC	0	0.8754969596862793	0.6006867473631086	10
CLTCL1	0	0.04762369282543656	0.7057076831513247	10
CLU	0	0.11495049074292178	0.19450530796828036	10
CLUAP1	0	0.08511212393641468	0.03292813116113677	10
CLUH	0	0.4660360932350159	0.778385886333796	10
CLUL1	0	0.035440650768578	3.0505063551235207e-05	10
CLVS1	0	0.25116470456123346	0.001450166487413743	10
CLVS2	0	0.12581405639648433	0.38000526910840604	10
CLYBL	0	0.04083676487207408	0.29935499252350356	10
CMA1	0	0.03366505578160281	0.0068164232487639516	10
CMAS	0	0.36668989807367325	0.0252333973824878	10
CMBL	0	0.03311848714947696	0.01056065967597778	10
CMC1	0	0.04869726411998266	0.1785656929451318	10
CMC2	0	0.088302057236433	0.1206124146963377	10
CMC4	0	0.06274243667721745	5.6051473398539074e-05	10
CMIP	0	0.9226078927516937	0.8309606032936167	10
CMKLR1	0	0.04492713231593365	0.029159900251685116	10
CMPK1	0	0.296603812277317	0.03081977911068239	10
CMPK2	0	0.06782925501465792	0.0012232770921639404	10
CMSS1	0	0.08654330819845196	0.13884273072742312	10
CMTM1	0	0.03267820831388229	0.17931830710525493	10
CMTM2	0	0.03292998373508449	0.1397645207242426	10
CMTM3	0	0.03681865818798538	0.004537004769901682	10
CMTM4	0	0.04231709018349643	0.24924969431212746	10
CMTM5	0	0.03986772876232858	0.00016230634471058543	10
CMTM6	0	0.041541223973035765	0.006448138974331405	10
CMTM7	0	0.037670781090855546	0.0006245045635846726	10
CMTM8	0	0.03690538741648192	0.0194221653133523	10
CMTR1	0	0.8127477049827576	0.34257220926608833	10
CMTR2	0	0.05693754926323885	0.017223920069249048	10
CMYA5	0	0.04371523559093471	0.467319868322338	10
CNBD1	0	0.03624377306550737	0.0014116114869654425	10
CNBD2	0	0.05050277411937708	0.32204048752438824	10
CNBP	0	0.42115828990936277	0.09533828151039714	10
CNDP1	0	0.03688386417925352	0.5459722213637854	10
CNDP2	0	0.05306600630283352	0.01603190314028641	10
CNEP1R1	0	0.07667260244488712	0.00447530702098862	10
CNFN	0	0.03407602477818723	0.11772477654598335	10
CNGA1	0	0.04063638299703594	0.49839072243023574	10
CNGA2	0	0.038269575685262645	0.17376208150563183	10
CNGA3	0	0.04633763469755644	0.15028214991132047	10
CNGA4	0	0.03733700513839716	0.03776382406514041	10
CNGB1	0	0.06429148912429804	0.32068684715469276	10
CNGB3	0	0.040787213668227164	0.17714080113081945	10
CNIH1	0	0.13513441756367678	0.0108673820493493	10
CNIH2	0	0.45197509229183197	0.0004052164787097832	10
CNIH3	0	0.14183029606938358	0.04019635105880518	10
CNIH4	0	0.04455132633447642	0.03939275882655459	10
CNKSR1	0	0.0337947074323892	0.0012076076313212389	10
CNKSR2	0	0.9286496639251709	0.5356005734400742	10
CNKSR3	0	0.07129404507577415	0.2633583563990608	10
CNN1	0	0.043876457214355416	0.26829654433790495	10
CNN2	0	0.042176450788974716	0.013856183872261391	10
CNN3	0	0.35037048161029816	0.255847528420508	10
CNNM1	0	0.11525223106145857	0.08986074986740591	10
CNNM2	0	0.8255918622016907	0.4667995674876537	10
CNNM3	0	0.05515170358121391	0.12847957660346837	10
CNNM4	0	0.12946895882487292	0.11126108492357285	10
CNOT1	0	0.8821041762828827	0.7639913588941736	10
CNOT10	0	0.6244946986436843	0.00016944153807073575	10
CNOT11	0	0.1092628642916679	0.02555668859209742	10
CNOT2	0	0.759297925233841	0.5736539169623396	10
CNOT3	1	0.5869311505680482	0.9171658831155908	623
CNOT4	0	0.8231759905815125	0.6106022723935626	10
CNOT6	0	0.18009698688983913	0.7435036852360559	10
CNOT6L	0	0.7223068237304687	0.7439183593152128	10
CNOT7	0	0.5029382914304733	0.35154701859926335	10
CNOT8	0	0.14345741048455235	0.001448565185882365	10
CNP	0	0.5838710784912109	0.06458757727054705	10
CNPPD1	0	0.0488370887935161	0.004110081763976765	10
CNPY1	0	0.034398273006081545	0.0002758243282500987	10
CNPY2	0	0.10543275699019428	0.0010041021871976465	10
CNPY3	0	0.05044074840843674	0.03739890940743652	10
CNPY4	0	0.03538574837148184	0.00039757611151913986	10
CNR1	0	0.5284072190523148	0.00752061883277359	10
CNR2	0	0.03857814595103259	0.04030033574226577	10
CNRIP1	0	0.09923564270138738	0.0026343986222921293	10
CNST	0	0.04410024732351297	0.1825569417559933	10
CNTD1	0	0.03270236365497107	0.14246155147541922	10
CNTD2	0	0.04107832908630366	0.010742787239714072	10
CNTF	0	0.04473152048885818	0.00048744657988494334	10
CNTFR	0	0.5319936156272889	0.2667751201775628	10
CNTLN	0	0.053742551803588834	0.20591372988983866	10
CNTN1	0	0.6403981953859329	0.3983912573527842	10
CNTN2	0	0.27141061872243877	0.2018487600072465	10
CNTN3	0	0.161915285885334	0.5241579438195197	10
CNTN4	0	0.2129143789410591	0.7983655146615142	10
CNTN5	0	0.07704163342714306	0.7124589285825084	10
CNTN6	0	0.07513127885758872	0.11064896223602964	10
CNTNAP1	0	0.3496370643377304	0.3657569024839391	10
CNTNAP2	0	0.24896318912506105	0.9356868049215349	10
CNTNAP3	0	0.0775231275707483	0.5138503203760814	10
CNTNAP4	0	0.10448526591062542	0.13930430545810463	10
CNTNAP5	0	0.3521608710289001	0.7323408017499058	10
CNTRL	0	0.07714682109653945	0.16239309523863207	10
CNTROB	0	0.04359655454754824	0.26347673981404884	10
COA1	0	0.0607754178345203	0.0015404473366988464	10
COA3	0	0.1577850960195064	0.0038443659121772016	10
COA4	0	0.0861393846571445	1.5111822000683054e-05	10
COA5	0	0.05678462795913215	0.00185609861600386	10
COA6	0	0.06488034538924689	0.0003089274955002774	10
COASY	0	0.05161183364689346	0.06123334951381191	10
COBL	0	0.14039061963558194	0.41327843814378024	10
COBLL1	0	0.07355504333972926	0.7320921905806073	10
COCH	0	0.045892931893467846	0.0006979805842487564	10
COG1	0	0.0771511603146791	0.05888975698982625	10
COG2	0	0.0637664139270782	0.40822604289903	10
COG3	0	0.49167590737342837	0.16661821344329908	10
COG4	0	0.0838732305914163	0.6197991721906386	10
COG5	0	0.05006417408585544	0.6001130279558293	10
COG6	0	0.05418655984103675	0.11641138894045233	10
COG7	0	0.058591951057314816	0.01705559178198342	10
COG8	0	0.04117122627794738	0.20072190376237503	10
COIL	0	0.07817078232765196	0.4179111129377076	10
COL10A1	0	0.042580181360244704	0.08230917231865872	10
COL11A1	0	0.7734346985816956	0.7228739550044382	10
COL11A2	0	0.24924000725150103	0.3181900125246166	10
COL12A1	0	0.5719540059566498	0.9922320166276016	10
COL13A1	0	0.056480007991194695	0.48025267048090753	10
COL14A1	0	0.08729186467826361	0.9334663579420578	10
COL15A1	0	0.08687828965485092	0.33815806566011875	10
COL16A1	0	0.11428488679230209	0.16538429991033876	10
COL17A1	0	0.05473422706127162	0.7348011621937544	10
COL18A1	0	0.09900147914886472	0.42827659287342124	10
COL19A1	0	0.058813924714922874	0.6788023023488897	10
COL1A1	0	0.7109893023967743	0.9446183474124469	10
COL1A2	0	0.5992092996835708	0.7916665067176432	10
COL20A1	0	0.04571918472647662	0.19048628556918396	10
COL21A1	0	0.04807325378060338	0.3049462152046863	10
COL22A1	0	0.03806029334664341	0.16316954536997136	10
COL23A1	0	0.05131756961345667	0.7821502571120126	10
COL24A1	0	0.04582041092216963	0.6212520249066138	10
COL25A1	0	0.061384662240743584	0.6647663990890116	10
COL26A1	0	0.0414568822830915	0.00813527821057884	10
COL27A1	0	0.17597881332039828	0.7086849303326792	10
COL28A1	0	0.03682104423642154	0.1554978124185562	10
COL2A1	0	0.8066120266914367	0.11032888417081352	10
COL3A1	0	0.6919513016939163	0.6642295331308656	10
COL4A1	0	0.7575274407863617	0.8114053726606762	10
COL4A2	0	0.1359292238950729	0.9454138420834403	10
COL4A3	0	0.12891912311315532	0.6047015391212	10
COL4A3BP	0	0.5419347494840622	0.16210669027279595	10
COL4A4	0	0.08049026541411873	0.5733974106181552	10
COL4A5	0	0.5597007542848587	0.4077371293744408	10
COL4A6	0	0.13029648959636683	0.691841523571043	10
COL5A1	0	0.6677554965019226	0.988063829373656	10
COL5A2	0	0.7494534015655517	0.818781512944082	10
COL5A3	0	0.08065748400986192	0.34884415965302523	10
COL6A1	0	0.509488582611084	0.9106054883045663	10
COL6A2	0	0.08759080618619915	0.32138960697426433	10
COL6A3	0	0.0898148905485868	0.9960335290156268	10
COL6A5	0	0.0734349306672811	0.49480464942037755	10
COL6A6	0	0.04171336255967612	0.7935949374008905	10
COL7A1	0	0.09098444171249863	0.3834353936651748	10
COL8A1	0	0.07459143139421934	0.7417022801320818	10
COL8A2	0	0.04317555315792557	0.0008205982489863492	10
COL9A1	0	0.04837058372795576	0.5271895448121046	10
COL9A2	0	0.06619911231100556	0.34101979276970545	10
COL9A3	0	0.05078362934291358	0.15579198384008675	10
COLCA1	0	0.11286339908838268	0.17405484193544607	10
COLEC10	0	0.03409081567078824	0.0018412992106116959	10
COLEC11	0	0.03324447087943549	0.00016649367625777038	10
COLEC12	0	0.2017646703869104	0.6719524944412129	10
COLGALT1	0	0.07453066632151602	0.01866667723033131	10
COLGALT2	0	0.08073578402400013	0.10662183760922546	10
COLQ	0	0.04361081682145592	0.1935657921545027	10
COMMD1	0	0.09034510999917979	0.00019409432857487777	10
COMMD10	0	0.05244539342820641	1.3722121615972684e-05	10
COMMD2	0	0.07332978695631023	0.0027632995344804	10
COMMD3	0	0.06830851174890991	5.314745801779496e-06	10
COMMD3-BMI1	0	0.10091084986925121	3.845796579119017e-05	10
COMMD4	0	0.04209568239748475	0.004370206417381643	10
COMMD5	0	0.03708007186651226	0.019551539493924987	10
COMMD6	0	0.10753887109458442	0.04509788342438218	10
COMMD7	0	0.10941386967897412	3.352357340698887e-05	10
COMMD8	0	0.04740221649408337	0.01712078514913821	10
COMMD9	0	0.04377149939537043	1.6818093917941343e-05	10
COMP	0	0.05521240085363384	0.9164833592530709	10
COMT	0	0.08526824750006194	0.04837124978001875	10
COMTD1	0	0.05989796817302699	0.005827289712590207	10
COPA	0	0.8646308124065399	0.25206693569688177	10
COPB1	0	0.7077179044485092	0.2577834411482096	10
COPB2	0	0.8155080139636993	0.006603583431993331	10
COPE	0	0.1943438850343227	0.003031235746226902	10
COPG1	0	0.1869093924760818	0.36178163165961663	10
COPG2	0	0.06688719280064101	0.02904656262122789	10
COPRS	0	0.13676130920648571	1.2211584757725494e-06	10
COPS2	0	0.622940742969513	0.6524718652742558	10
COPS3	0	0.5499764531850815	0.0019341967226134088	10
COPS4	0	0.6039169162511826	1.3172703693970207e-05	10
COPS5	0	0.543135917186737	0.4102362611636893	10
COPS6	0	0.5114014416933059	0.5230100686528341	10
COPS7A	0	0.08038071058690544	0.00014651264993045771	10
COPS7B	0	0.06057226695120328	0.006338132979053335	10
COPS8	0	0.09134015329182142	0.00528980236550551	10
COPZ1	0	0.251489832997322	0.020956672279292096	10
COPZ2	0	0.046417511254548995	0.023103411382984763	10
COQ10A	0	0.04354752078652377	2.1276325208221285e-05	10
COQ10B	0	0.03720674440264698	0.0004977474522935745	10
COQ2	0	0.042129138112068136	0.01750005827913617	10
COQ3	0	0.03464414477348323	0.13591262688076805	10
COQ4	0	0.06005928516387935	0.16788283873222415	10
COQ5	0	0.03971961215138431	0.0016117942606530948	10
COQ6	0	0.04150811955332752	0.0024942721063187707	10
COQ7	0	0.0891701471060514	0.044000956507646585	10
COQ9	0	0.05912206657230851	0.06658211141802609	10
CORIN	0	0.03692197948694225	0.19706916194480234	10
CORO1A	1	0.507529652730136	0.004703186700538203	619
CORO1B	0	0.05896519050002095	0.2878540894389866	10
CORO1C	0	0.7349792957305908	0.6091918552942227	10
CORO2A	0	0.04589156657457347	0.1140007637571387	10
CORO2B	0	0.2773264303803443	0.007295078790453591	10
CORO6	0	0.057752623409032776	0.2906826843966587	10
CORO7	0	0.04025565311312671	0.03202032798089361	10
CORO7-PAM16	0	0.03942933231592175	0.038124510338037064	10
CORT	0	0.04073578156530852	7.830088072686291e-06	10
COTL1	0	0.08874563127756113	0.09683902352324329	10
COX10	0	0.04316679351031776	0.013150005533511339	10
COX11	0	0.06535231508314607	4.7781128085757457e-05	10
COX14	0	0.06907620579004284	1.441922173154819e-06	10
COX15	0	0.04552205391228194	0.1282221184945905	10
COX16	0	0.03360491096973415	1.1724970530494201e-06	10
COX17	0	0.054556808620691254	5.3724407983339025e-06	10
COX18	0	0.03385384324938054	0.02105440204190159	10
COX19	0	0.04166110157966609	0.07377984541249122	10
COX20	0	0.12626353129744525	0.01528630302816449	10
COX4I1	0	0.16023438423871988	0.051490267569978175	10
COX4I2	0	0.03613433390855784	0.004022988042904784	10
COX5A	0	0.14883512035012242	0.005259905124394474	10
COX5B	0	0.17260820344090458	1.3077488277492868e-05	10
COX6A1	0	0.1456148043274879	0.0017917519365056203	10
COX6A1P2	0	0.0654861535876989	4.2052767105230104e-06	10
COX6A2	0	0.03703468479216094	0.00824424451188282	10
COX6B1	0	0.15522661730647083	2.5769876076078165e-06	10
COX6B2	0	0.0324232110753655	0.0017413660937898093	10
COX6C	0	0.14958338811993593	3.553920305205672e-05	10
COX7A1	0	0.053851833567023236	1.2911819168682858e-05	10
COX7A2	0	0.11729869246482846	0.00031081180177525033	10
COX7A2L	0	0.08316181115806098	0.00020568269654778711	10
COX7B	0	0.11620131246745583	0.006412523728361412	10
COX7B2	0	0.05667370669543738	0.0027998003060634	10
COX7C	0	0.13482343032956118	0.00011989721666254665	10
COX8A	0	0.1428845532238483	0.06496132049376736	10
COX8C	0	0.03432530798017974	0.0009750083163204612	10
CP	0	0.06541180908679958	0.486606749103199	10
CPA1	0	0.03358452916145321	0.1469166921716483	10
CPA2	0	0.03578192628920074	0.03889574281685741	10
CPA3	0	0.0350325191393494	0.0073718963379134726	10
CPA4	0	0.034360025450587216	0.008284303913512921	10
CPA5	0	0.035878135263919794	0.08641325802762198	10
CPA6	0	0.033301449194550456	0.015141779837377852	10
CPAMD8	0	0.04975444562733169	0.3265848071495996	10
CPB1	0	0.036569691076874675	0.1750693972603959	10
CPB2	0	0.040941736474633186	0.0027746564157251044	10
CPD	0	0.20414581522345537	0.6116644438544083	10
CPE	0	0.4484542220830917	0.023317394353961803	10
CPEB1	0	0.4840386390686035	0.5140059844158992	10
CPEB2	0	0.18270274847745893	0.9975249493161282	10
CPEB3	0	0.7837539315223694	0.9614732536195818	10
CPEB4	0	0.8261020898818969	0.7610878356504427	10
CPED1	0	0.03744275309145447	0.34352543161473037	10
CPLX1	0	0.12916947230696674	0.8822251575673784	10
CPLX2	0	0.0770281564444303	0.22010364018906609	10
CPLX3	0	0.06590612083673472	0.0017530413517748064	10
CPLX4	0	0.04150851108133788	0.18194241956504784	10
CPM	0	0.05461191721260543	0.02930040982272855	10
CPN1	0	0.04345505274832245	0.10310494471576703	10
CPN2	0	0.04251160398125644	0.018380992338363787	10
CPNE1	0	0.09066235087811941	0.35421553736851297	10
CPNE2	0	0.09310497157275671	0.040964356136644654	10
CPNE3	0	0.11134195625782006	0.4037201874839737	10
CPNE4	0	0.33252610713243486	0.10654870448058258	10
CPNE5	0	0.15495484173297877	0.604761810771496	10
CPNE6	0	0.4162953615188599	0.29261937881205935	10
CPNE7	0	0.054477851837873424	0.011489933887452472	10
CPNE8	0	0.19757546484470365	0.23061119130691102	10
CPNE9	0	0.06528611034154888	0.36113992561094976	10
CPO	0	0.037502614036202385	0.00047277335324329384	10
CPOX	0	0.05887511558830734	0.0006556920334716677	10
CPPED1	0	0.03469275552779433	0.47815973371572174	10
CPQ	0	0.04373814128339286	0.08733224546323508	10
CPS1	0	0.15115468651056285	0.7234567748953136	10
CPSF1	0	0.2859497755765915	0.6495797752155558	10
CPSF2	0	0.1035704486072063	0.33321630992235296	10
CPSF3	0	0.18549457713961598	7.058619397680983e-05	10
CPSF3L	0	0.1113384440541267	0.10780247220184895	10
CPSF4	0	0.17257598340511318	0.020826427938959287	10
CPSF6	0	0.7845766723155976	0.9334220732133252	10
CPSF7	0	0.796731048822403	0.16923942821427015	10
CPT1A	0	0.05546153113245959	0.5133271896042603	10
CPT1B	0	0.061568167433142626	0.18078553008218584	10
CPT1C	0	0.16737591773271557	0.101169828200752	10
CPT2	0	0.03306597489863629	0.0409352303520497	10
CPVL	0	0.04061379134654993	0.002635792414882044	10
CPXCR1	0	0.06108141988515849	0.0014491178095390168	10
CPXM1	0	0.04528320655226703	0.003951462486452391	10
CPXM2	0	0.03585420139133925	0.009879006580459093	10
CPZ	0	0.04499994702637191	0.3092610398457361	10
CR1	0	0.046128016710281314	0.0002459932415896646	10
CR1L	0	0.0399200968444347	0.0003875037105471637	10
CR2	0	0.04690161831676954	0.2640029242867293	10
CRABP1	0	0.05207303874194617	0.00018031689962766712	10
CRABP2	0	0.03983734957873817	0.3186843025893049	10
CRADD	0	0.07164374776184554	7.152771104308302e-06	10
CRAMP1L	0	0.11547561548650262	0.5328101151938979	10
CRAT	0	0.04316332079470153	0.1370281348708739	10
CRB1	0	0.07960542589426038	0.08252114694594345	10
CRB2	0	0.05837282501161094	0.011778782159851224	10
CRB3	0	0.03863010965287682	0.042817306572181586	10
CRBN	0	0.2960685461759567	0.017078766707926955	10
CRCP	0	0.04807991087436671	0.01089095698642199	10
CRCT1	0	0.042678228020667966	0.21276872267600672	10
CREB1	0	0.6161632269620896	0.5965869394985857	10
CREB3	0	0.08327896371483798	0.006520107465873129	10
CREB3L1	0	0.16929159983992573	0.05952004497555019	10
CREB3L2	0	0.05573940873146053	0.2576900780675906	10
CREB3L3	0	0.038583228737115796	0.11400746601848015	10
CREB3L4	0	0.04630615133792158	8.989374236898829e-05	10
CREB5	0	0.10078487321734424	0.43662260430916006	10
CREBBP	1	0.933988132864047	0.9777108779374535	628
CREBL2	0	0.13819941431283947	0.01429159911345168	10
CREBRF	0	0.8597556412220001	0.8400440579416804	10
CREBZF	0	0.244662357121706	0.19437538223353182	10
CREG1	0	0.07280500605702397	0.0001570168355455016	10
CREG2	0	0.06061292998492712	0.31802301182298454	10
CRELD1	0	0.059954277798533386	0.026696184045816827	10
CRELD2	0	0.05193383917212482	0.25998412205256466	10
CREM	0	0.1144523166120052	0.19106070939101688	10
CRH	0	0.1213376715779304	0.08774486283011436	10
CRHBP	0	0.04531100839376444	0.003139778912658389	10
CRHR1	0	0.06966419480741019	0.006502137488381621	10
CRHR2	0	0.058974935114383634	6.603739534958264e-05	10
CRIM1	0	0.6962601184844971	0.7334898687786431	10
CRIP1	0	0.05593404434621331	0.02193384784273788	10
CRIP2	0	0.1964371316134929	0.11685073653962423	10
CRIP3	0	0.03823442943394179	0.00023266207364773672	10
CRIPT	0	0.07271476648747918	0.17071060973333846	10
CRISP1	0	0.034277182072401005	0.00010678725580585556	10
CRISP2	0	0.034516392648220026	0.00951658655463024	10
CRISP3	0	0.03343585748225447	0.002439189201318244	10
CRISPLD1	0	0.03890808187425132	0.038900888185874415	10
CRISPLD2	0	0.040586829558014806	0.2496904596059976	10
CRK	0	0.6416722267866135	0.021656506828174486	10
CRKL	0	0.09700072407722468	0.3954305743339644	10
CRLF1	0	0.051116012781858414	0.1491850282101063	10
CRLF2	0	0.047487940266728354	0.0007442394488440744	10
CRLF3	0	0.05145173929631706	0.23472308532940006	10
CRLS1	0	0.053138401731848674	0.02816897302908276	10
CRMP1	0	0.8275367081165313	0.8329560711817168	10
CRNKL1	0	0.11100738719105716	0.04467452824677435	10
CRNN	0	0.03631364703178403	0.015339822920468047	10
CROCC	0	0.11675407513976092	0.1840162226966445	10
CROT	0	0.04348570480942722	0.001448205920482912	10
CRP	0	0.03313578478991979	5.213131875436448e-05	10
CRTAC1	0	0.05812365189194674	0.2120177319923912	10
CRTAM	0	0.0502874363213777	0.0006036004881783369	10
CRTAP	0	0.05226437449455258	0.02993504554873881	10
CRTC1	0	0.2874059915542602	0.4386798322923286	10
CRTC2	0	0.3556923881173134	0.39227866994812777	10
CRTC3	0	0.18892455473542208	0.16436228820808188	10
CRX	0	0.05576388649642464	0.02297712026650469	10
CRY1	0	0.143832566589117	0.6306861133195361	10
CRY2	0	0.1918584994971752	0.04777959972401083	10
CRYAA	0	0.03649016991257663	0.159478937274024	10
CRYAB	0	0.12589117325842375	0.000376515295497033	10
CRYBA1	0	0.04656907282769676	0.03144976191449833	10
CRYBA2	0	0.03781466186046595	0.22472177013467626	10
CRYBA4	0	0.033951493538916064	0.09740289946226542	10
CRYBB1	0	0.03459154237061733	0.11721059616692006	10
CRYBB2	0	0.04443345926702017	0.054893132906463526	10
CRYBB3	0	0.03562302663922306	0.00014339769706394156	10
CRYBG3	0	0.13357758149504656	0.601869945831345	10
CRYGA	0	0.03492365404963488	0.01866876934031312	10
CRYGB	0	0.03458206746727224	0.021993632997010952	10
CRYGC	0	0.03997932597994801	0.06148801342653045	10
CRYGD	0	0.038789923489093756	0.0007696921645473487	10
CRYGN	0	0.037767652049660635	0.0006115497317909339	10
CRYGS	0	0.03530671894550319	0.04599928344023062	10
CRYL1	0	0.06528495363891122	0.008176645273541427	10
CRYM	0	0.11803061589598648	0.00012598504527862032	10
CRYZ	0	0.03608452435582872	1.740758583529789e-05	10
CRYZL1	0	0.07832717448472973	0.04413000424887199	10
CS	0	0.438240709900856	0.31628231628070586	10
CSAD	0	0.11178262680768962	0.0039224225938299054	10
CSAG1	0	0.03495945930480953	0.0007668050654570889	10
CSDC2	0	0.06448881514370437	0.02261186286187917	10
CSDE1	1	0.8240494998637586	0.6793567504030427	640
CSE1L	0	0.8923923552036286	0.014465149234561278	10
CSF1	0	0.1803283520042896	0.0016092183283927606	10
CSF1R	0	0.1296924903988838	0.2881654633865778	10
CSF2	0	0.10852239206433294	1.4244606189245703e-05	10
CSF2RA	0	0.03600152805447574	0.019216321013725713	10
CSF2RB	0	0.07125285789370536	0.030911414644890577	10
CSF3	0	0.0424286596477031	2.5686493261082578e-05	10
CSF3R	0	0.058422916755080156	0.00016506492444444922	10
CSGALNACT1	0	0.07183214016258713	0.07633584086480666	10
CSGALNACT2	0	0.12435847893357273	0.10138689958896574	10
CSH1	0	0.03971875719726079	0.11329507336551019	10
CSH2	0	0.03300875630229708	0.05894418646185926	10
CSHL1	0	0.03236886207014318	0.004974729320813409	10
CSK	0	0.6839870929718017	0.16094911497439307	10
CSMD1	0	0.47129967510700227	0.8913646864503015	10
CSMD2	0	0.3055042892694473	0.5383157816945413	10
CSMD3	0	0.6373122334480286	0.7221744874593138	10
CSN1S1	0	0.03492895755916829	0.009294324160139183	10
CSN2	0	0.03263717796653504	0.00017470142626584573	10
CSN3	0	0.034020965546369505	0.010439602397619674	10
CSNK1A1	0	0.5976136654615403	0.5369719431959771	10
CSNK1A1L	0	0.03315970022231336	0.2408476204433231	10
CSNK1D	0	0.7004993945360184	0.379474523829348	10
CSNK1E	0	0.8428410291671753	0.49716440109552673	10
CSNK1G1	0	0.6271682620048523	0.5233203267626743	10
CSNK1G2	0	0.48678591251373293	0.22213431259174135	10
CSNK1G3	0	0.8107369840145111	0.4517025692432385	10
CSNK2A1	0	0.6794116616249084	0.4456723808559742	10
CSNK2A2	0	0.5162204891443253	0.6043478953138153	10
CSNK2A3	0	0.035014351829886395	0.0008849376434166712	10
CSNK2B	0	0.5101206302642822	0.040190828432052406	10
CSPG4	0	0.11375453621149059	0.5262776810280918	10
CSPG5	0	0.12553612068295475	0.7593609320272092	10
CSPP1	0	0.06455444246530528	0.10941304079537302	10
CSRNP1	0	0.06669470332562918	0.05722771054347917	10
CSRNP2	0	0.3239815190434455	0.05893781305090815	10
CSRNP3	0	0.3373703584074974	0.5125936861815401	10
CSRP1	0	0.06492426656186577	0.001566019968351672	10
CSRP2	0	0.11787168458104129	0.000680737700198306	10
CSRP2BP	0	0.04946616329252716	0.3604573135982302	10
CSRP3	0	0.039610397070646244	0.000991595245969691	10
CST1	0	0.03337794635444874	0.054119101664509915	10
CST11	0	0.03226539026945824	0.0030262101340250602	10
CST2	0	0.034445962868630844	0.04919846165896407	10
CST3	0	0.21048118174076075	0.16284535321573884	10
CST4	0	0.0340236151590943	0.006449335848373731	10
CST5	0	0.03371162246912712	0.0008832454185238292	10
CST6	0	0.04221947565674776	0.11461782164545165	10
CST7	0	0.03411796670407053	0.00018458446245508844	10
CST8	0	0.032554913870990236	1.3049165786649928e-05	10
CST9	0	0.03571450710296628	9.249606263785291e-06	10
CST9L	0	0.03387406989932054	1.5936388228662729e-07	10
CSTA	0	0.03439420070499177	0.00014116712353790407	10
CSTB	0	0.14946256428956983	5.770770373863771e-07	10
CSTF1	0	0.4840828388929367	0.7850283791034116	10
CSTF2	0	0.5739923655986786	0.054921768912731816	10
CSTF2T	0	0.04659824147820468	0.1959265193259608	10
CSTF3	0	0.8271130800247193	0.0928606937977762	10
CSTL1	0	0.031835315376520124	9.293492124891738e-06	10
CT45A5	0	0.05021168068051333	0.00771673870315658	10
CT47B1	0	0.037144407629966694	0.7174550972274801	10
CT62	0	0.03188048191368574	3.2263980755681686e-06	10
CTAG2	0	0.03368780203163621	0.007879759777757619	10
CTAGE1	0	0.07011024393141266	0.04510032214370287	10
CTAGE15	0	0.20225535482168194	0.002967092703695856	10
CTAGE6	0	0.11299009732902046	0.013225357580882738	10
CTBP1	0	0.7339422404766083	0.6374031014490421	10
CTBP2	0	0.27760788127779956	0.8416194678928088	10
CTBS	0	0.03440330680459734	0.04816165444655226	10
CTC1	0	0.0701819278299808	0.032376281645574836	10
CTCF	1	0.8770315860337408	0.9569145240030427	629
CTCFL	0	0.05560606382787223	0.09052166270909194	10
CTDNEP1	0	0.43783551901578904	0.030599199363359586	10
CTDP1	0	0.10710771866142746	0.5164931764451932	10
CTDSP1	0	0.4300521522760391	0.03969859618033348	10
CTDSP2	0	0.06332191005349151	0.009775141634776689	10
CTDSPL	0	0.07305151373147958	0.024184016514180368	10
CTDSPL2	0	0.669268399477005	0.4953120062519047	10
CTF1	0	0.08271835818886752	0.03233722149510251	10
CTGF	0	0.07041451595723625	0.03956389170576196	10
CTH	0	0.0402469672262668	0.018381070154404162	10
CTHRC1	0	0.04627399370074268	0.0006481412606043308	10
CTIF	0	0.6221743077039719	0.7969528992630766	10
CTLA4	0	0.1760964103043079	0.005383487184770721	10
CTNNA1	0	0.8498746216297149	0.7049570711313127	10
CTNNA2	0	0.6182650059461594	0.6962626731366289	10
CTNNA3	0	0.061706630885601	0.31328683685168984	10
CTNNAL1	0	0.046063363552093464	0.007648140168067514	10
CTNNB1	1	0.858620677608261	0.10367196519659312	633
CTNNBIP1	0	0.09762794077396389	0.0019389019045235856	10
CTNNBL1	0	0.356072835624218	0.05262692725665933	10
CTNND1	0	0.6817945152521133	0.7585493144433889	10
CTNND2	0	0.9290653526782989	0.8935580662936384	10
CTNS	0	0.039709088578820176	0.00915137118244301	10
CTPS1	0	0.5955850958824158	0.3640055281262079	10
CTPS2	0	0.37155241966247554	0.0888822747832114	10
CTR9	0	0.8948099672794342	0.6948496241419633	10
CTRB1	0	0.04725618399679655	0.2696334415211147	10
CTRB2	0	0.05254982039332384	0.4415661227747697	10
CTRC	0	0.033062146790325604	0.00539542579006739	10
CTRL	0	0.033425391651689965	0.028916311184373506	10
CTSA	0	0.09640828445553776	0.004044931611017452	10
CTSB	0	0.06213659830391403	0.02179873103311368	10
CTSC	0	0.04188611172139639	2.604702569979055e-05	10
CTSD	0	0.0980796545743942	0.03279860848768609	10
CTSE	0	0.03320884387940165	0.042312276000670716	10
CTSF	0	0.11924397498369213	0.007601198018537042	10
CTSG	0	0.03379594683647152	0.0007006636831286927	10
CTSH	0	0.04110163338482375	0.00010078399428497869	10
CTSK	0	0.041824034973978956	0.0007964150268149282	10
CTSL	0	0.07444705478847023	0.26359362116298235	10
CTSO	0	0.03496045619249339	0.011227248727810238	10
CTSS	0	0.06777280420064921	0.0040436144003012505	10
CTSV	0	0.05573998317122453	0.17265870302218783	10
CTSW	0	0.03363045323640103	0.003162815330921706	10
CTSZ	0	0.05897339731454845	0.006628211128532122	10
CTTN	0	0.251174396276474	0.6322383798809285	10
CTTNBP2	0	0.2975398391485214	0.6738303335980681	10
CTTNBP2NL	0	0.0729018978774547	0.3385626731761125	10
CTU1	0	0.07445023022592064	0.08095032441607006	10
CTU2	0	0.03608221020549532	0.026799778949171998	10
CTXN1	0	0.1327931590378284	0.005717270350251473	10
CTXN3	0	0.03313887100666757	1.6096362310766157e-06	10
CUBN	0	0.07494303323328491	0.724853699015056	10
CUEDC1	0	0.04428804032504553	0.20598886648820192	10
CUEDC2	0	0.11295738518238063	0.26277136881432067	10
CUL1	0	0.8570962727069855	0.633752221385982	10
CUL2	0	0.8151705920696258	0.03863041955882757	10
CUL3	1	0.8489955093507981	0.7431747811446425	622
CUL4A	0	0.7326804369688034	0.14240391066680982	10
CUL4B	0	0.9182553887367249	0.908698675427517	10
CUL5	0	0.9058719992637634	0.3373639757533492	10
CUL7	0	0.07678517438471313	0.08755261818184731	10
CUL9	0	0.48254725635051726	0.028036112043441763	10
CUTA	0	0.11321631968021391	0.0005679945686884394	10
CUTC	0	0.0378333013504743	0.011103933110588866	10
CUX1	0	0.8777453482151032	0.9459432844038178	10
CUX2	0	0.8646348297595978	0.9895134359662539	10
CUZD1	0	0.03397858962416643	0.0001193776499101778	10
CWC15	0	0.6085306733846665	0.01727050852553566	10
CWC22	0	0.06978650726377959	0.38478853551277153	10
CWC25	0	0.03778108209371561	0.026016285643287746	10
CWC27	0	0.10508594140410418	0.3986287355887594	10
CWF19L1	0	0.03995867408812041	0.03086379344011076	10
CWF19L2	0	0.0872969981282949	0.326951265503049	10
CWH43	0	0.043573771044611895	0.03691518412079292	10
CX3CL1	0	0.1104970302432775	0.03093543320230315	10
CX3CR1	0	0.03986962586641307	0.002539662637790255	10
CXADR	0	0.18934500738978383	0.08184981900923546	10
CXCL1	0	0.039707970246672594	0.001449331786120539	10
CXCL10	0	0.0488920003175735	1.856260680263035e-05	10
CXCL11	0	0.03349077459424732	0.0015979680527256467	10
CXCL12	0	0.04862538874149317	0.0003659595847477912	10
CXCL13	0	0.0704786546528339	7.10398529061514e-05	10
CXCL14	0	0.06967628225684161	0.00229410868255675	10
CXCL16	0	0.034373372048139526	0.0020019516490586897	10
CXCL17	0	0.03486275374889368	0.0016958589907491283	10
CXCL2	0	0.04079420305788513	0.010405816510061325	10
CXCL3	0	0.03654726669192309	0.00012399548254687955	10
CXCL5	0	0.0331851894035935	0.05500455019596027	10
CXCL6	0	0.03343406580388541	3.9801902365962e-05	10
CXCL9	0	0.03379685208201403	0.0007325639389034838	10
CXCR1	0	0.033676554448902565	0.003595023997338269	10
CXCR2	0	0.03845347911119458	0.002860614512647011	10
CXCR3	0	0.036969191581010766	1.872666302669093e-05	10
CXCR4	0	0.07425828762352463	0.07351302348372163	10
CXCR5	0	0.0648659393191337	0.004706262322365299	10
CXCR6	0	0.04024390988051886	0.0019862615420769103	10
CXXC1	0	0.6777765542268753	0.214650094586221	10
CXXC11	0	0.044221541658043824	0.845385192878593	10
CXXC4	0	0.22369134575128552	0.4462783069059548	10
CXXC5	0	0.321812903881073	0.6413602100872245	10
CXorf21	0	0.07040922977030273	0.00019765553656902793	10
CXorf23	0	0.14509752243757243	0.25779107465831463	10
CXorf27	0	0.09062659852206703	1.4640511121359062e-05	10
CXorf36	0	0.03320718854665751	0.0006897774689420957	10
CXorf38	0	0.03310900013893838	0.005259090060844237	10
CXorf40A	0	0.04264744035899635	0.009383522678494582	10
CXorf40B	0	0.03597357198595996	0.0013937337036256804	10
CXorf48	0	0.11709794551134108	0.008151978424521283	10
CXorf56	0	0.3915147125720978	0.001995613640004391	10
CXorf57	0	0.05905271545052524	0.08452178713941241	10
CXorf58	0	0.03181228004395957	0.0023621434418631963	10
CXorf61	0	0.12496196553111072	4.148495631312725e-05	10
CXorf65	0	0.07397070713341232	0.0023501332960830152	10
CXorf66	0	0.03341974448412654	0.15581554698588887	10
CXorf67	0	0.10134088397026057	0.008630550235648337	10
CYB561	0	0.04170680493116375	0.08151856904531457	10
CYB561A3	0	0.05307449363172051	0.0173088242448326	10
CYB561D1	0	0.03621169440448279	0.00043914707509910876	10
CYB561D2	0	0.03811665326356883	0.00031535132804708435	10
CYB5A	0	0.04866145662963386	0.01623740464404354	10
CYB5B	0	0.06495673619210715	0.04381728474980867	10
CYB5D1	0	0.03744953572750086	0.044014158803818024	10
CYB5D2	0	0.07620530910789963	0.001225657586131814	10
CYB5R1	0	0.03760549277067181	0.00546919387207412	10
CYB5R2	0	0.03159396685659882	0.01859167245546675	10
CYB5R3	0	0.08268486820161339	0.013008032626106631	10
CYB5R4	0	0.05304988585412498	0.032602935937433374	10
CYB5RL	0	0.03268887083977456	0.0021811221832586398	10
CYBA	0	0.08563807569444173	0.16637078193089283	10
CYBB	0	0.5925222486257553	0.13524435021141473	10
CYBRD1	0	0.047120276093482925	0.05096937201110692	10
CYC1	0	0.07148702815175052	0.002046544316523812	10
CYCS	0	0.15274893715977664	0.010415288484195349	10
CYFIP1	0	0.5944124013185501	0.5394640907936769	10
CYFIP2	0	0.9361439526081086	0.6770970868469013	10
CYGB	0	0.05361483246088024	0.08222102866373422	10
CYHR1	0	0.39070679545402526	0.059089059526000895	10
CYLC1	0	0.09864613376557824	0.22118737515271486	10
CYLC2	0	0.03342063911259169	0.002566947613966299	10
CYLD	0	0.8754729509353638	0.21767486236779798	10
CYP11A1	0	0.04794207587838168	0.01591718303778188	10
CYP11B1	0	0.0446236968040466	0.03243843176801333	10
CYP11B2	0	0.04077992551028725	0.1847815565573852	10
CYP17A1	0	0.04672382473945614	0.05700689104024108	10
CYP19A1	0	0.041100262477993935	0.13744685746636093	10
CYP1A1	0	0.04469294473528857	0.0013007045705705521	10
CYP1A2	0	0.039832785725593525	0.03658371049813987	10
CYP1B1	0	0.045787023752927716	0.19053712539960987	10
CYP20A1	0	0.04204446934163565	0.10362415710927635	10
CYP21A2	0	0.03746683448553082	0.10897723680172659	10
CYP24A1	0	0.03723693955689663	0.017786016771155398	10
CYP26A1	0	0.0727196522057056	0.029655496662973672	10
CYP26B1	0	0.34052562713623047	0.7623371374219241	10
CYP26C1	0	0.04645705632865425	0.011990835806033997	10
CYP27A1	0	0.05365972295403478	0.020583591872688774	10
CYP27B1	0	0.045727317407727196	0.050939351322135305	10
CYP27C1	0	0.043758885934948866	0.08014306113103069	10
CYP2A13	0	0.03524935394525522	0.5679014339061293	10
CYP2A6	0	0.033399102464318244	0.5616202736156319	10
CYP2A7	0	0.03487135600298638	0.17374652220290948	10
CYP2B6	0	0.03362472578883166	0.31931774555346737	10
CYP2C18	0	0.033905671536922394	0.0012003659289776595	10
CYP2C19	0	0.03336965702474113	0.009506585138294964	10
CYP2C8	0	0.03424796462059016	1.3411341053841235e-05	10
CYP2C9	0	0.03336976300925011	3.403499118941617e-06	10
CYP2D6	0	0.03458565361797804	0.17066664856081665	10
CYP2E1	0	0.036356977373361556	0.12751988167825454	10
CYP2F1	0	0.03376228436827654	0.24702072910749223	10
CYP2J2	0	0.04110840484499928	0.00031649312983180275	10
CYP2R1	0	0.05127641148865218	0.0006424967129559162	10
CYP2S1	0	0.03478942625224586	0.16099645180488412	10
CYP2U1	0	0.03286962993443008	0.010418458792468782	10
CYP2W1	0	0.04206812083721158	0.11900096740039486	10
CYP39A1	0	0.03319051377475257	0.05670468187140261	10
CYP3A4	0	0.03332062214612954	0.005095443101284172	10
CYP3A43	0	0.03333812132477756	0.00033656079790254174	10
CYP3A5	0	0.04050858467817301	0.046489461829439256	10
CYP3A7	0	0.03347396794706578	0.009286869862163472	10
CYP46A1	0	0.5887411653995513	0.5400163953640648	10
CYP4A11	0	0.03551004156470293	0.03340240246201095	10
CYP4A22	0	0.0345578314736485	0.004983530152854122	10
CYP4B1	0	0.03762429691851135	0.020003246737141607	10
CYP4F11	0	0.035073011182248544	0.016548928883202148	10
CYP4F12	0	0.0377674669027328	0.0008117896690943482	10
CYP4F2	0	0.034369038417935316	0.04209185230193744	10
CYP4F22	0	0.03423447720706458	0.5272691517998105	10
CYP4F3	0	0.033643013797700363	0.12296209137087336	10
CYP4V2	0	0.04280727058649059	0.0030601802754977765	10
CYP4X1	0	0.03693631142377847	0.011457770068423313	10
CYP4Z1	0	0.032588588632643155	0.006635562290514254	10
CYP51A1	0	0.05585224553942675	0.0016786887168849835	10
CYP7A1	0	0.04161366000771519	0.0018941235904880612	10
CYP7B1	0	0.050313042476773207	0.4121362347785942	10
CYP8B1	0	0.03428653925657267	0.1470227887647763	10
CYR61	0	0.0690794881433248	0.17548183766675388	10
CYS1	0	0.07406846731901165	0.0021784094106330172	10
CYSLTR1	0	0.03604224026203151	0.12774196327006232	10
CYSLTR2	0	0.0332836482673883	0.13193914131178336	10
CYSTM1	0	0.05626717209815975	0.041986153122177225	10
CYTH1	0	0.6816148281097412	0.101248423390594	10
CYTH2	0	0.3242996603250503	0.26463712318972715	10
CYTH3	0	0.5289930105209351	0.4119478032874073	10
CYTH4	0	0.042681385576724976	0.17755717714397096	10
CYTIP	0	0.041744965687394095	0.0028600110730649655	10
CYTL1	0	0.03491089362651106	2.1847685714672133e-05	10
CYYR1	0	0.04047573246061798	0.0015483097866553336	10
D2HGDH	0	0.04796410240232939	0.10137892546714067	10
DAAM1	0	0.7835783183574676	0.9209162898028771	10
DAAM2	0	0.3566040307283401	0.33967587468047233	10
DAB1	0	0.6273642480373383	0.7407478628388914	10
DAB2	0	0.08566969707608221	0.09239320736898082	10
DAB2IP	0	0.6495154410600662	0.549714501572805	10
DACH1	0	0.6203248172998428	0.7734986825648311	10
DACH2	0	0.03735335133969781	0.03264572047461222	10
DACT1	0	0.1669571544975042	0.6568412139825675	10
DAD1	0	0.10093191415071483	0.0006766283908613908	10
DAG1	0	0.36390711218118665	0.9798793853849471	10
DAGLA	0	0.7513225376605988	0.3481139429713156	10
DAGLB	0	0.04361533708870405	0.29731312175018976	10
DAK	0	0.04924259372055526	0.014464300065308638	10
DALRD3	0	0.09664232768118378	0.060169891108514104	10
DAND5	0	0.03685542568564411	1.764888401373018e-05	10
DAO	0	0.049616390466690044	0.004812066202877614	10
DAOA	0	0.03257076814770693	2.9396496004246783e-06	10
DAP	0	0.059161044657230336	0.0005318845145055472	10
DAP3	0	0.055698332563042595	0.00031069392985804003	10
DAPK1	0	0.7912632405757904	0.9287701714756716	10
DAPK2	0	0.03286863714456554	0.0005505534849146568	10
DAPK3	0	0.07079742141067977	0.48964307418879577	10
DAPL1	0	0.0352624457329511	3.9067027954930624e-05	10
DAPP1	0	0.0487560242414474	0.07848015221811735	10
DARC	0	0.05744143947958942	0.0023318933979789417	10
DARS	0	0.09878540970385072	0.05375622291107297	10
DARS2	0	0.047728376090526534	0.03849994181511328	10
DAW1	0	0.052065062150359095	0.004235785006994489	10
DAXX	0	0.1679547287523746	0.3883528225533952	10
DAZAP1	0	0.7642157852649689	0.9476075312703959	10
DAZAP2	0	0.0798376969993114	0.007985345827502571	10
DAZL	0	0.24762400984764094	0.01222237587732153	10
DBF4	0	0.2768562868237495	0.03639871609172517	10
DBF4B	0	0.04259381983429189	0.01661715624859752	10
DBH	0	0.0419208142906427	0.10372844609772033	10
DBI	0	0.22889225482940673	3.4726277734014363e-06	10
DBN1	0	0.7108651667833328	0.7597392611059861	10
DBNDD1	0	0.04180187601596112	0.00681592015094479	10
DBNDD2	0	0.08166950345039363	0.3289005420474033	10
DBNL	0	0.12397855371236796	0.368473395213782	10
DBP	0	0.10590058267116542	0.059517938771437774	10
DBR1	0	0.03674108050763603	0.008375423064952096	10
DBT	0	0.05630980245769018	0.3062599486636661	10
DBX1	0	0.07708569988608355	0.16826575240724898	10
DBX2	0	0.044672722369432386	0.003499629660944232	10
DCAF10	0	0.3952297285199165	0.10419088567460241	10
DCAF11	0	0.10238308608531947	0.08311796518711638	10
DCAF12	0	0.04868407733738419	0.12213163615312421	10
DCAF12L1	0	0.20039175078272814	0.05260879381237972	10
DCAF12L2	0	0.032784570194780774	0.07462600058352978	10
DCAF13	0	0.05303806699812408	0.0004032603257489102	10
DCAF15	0	0.6090148776769638	0.5427137080189589	10
DCAF16	0	0.035224968940019565	0.002961910051290044	10
DCAF17	0	0.040808439254760694	0.13355004707383894	10
DCAF4	0	0.03412230107933279	0.001688061542705694	10
DCAF4L1	0	0.047422561794519355	0.20602825495006413	10
DCAF4L2	0	0.0653747651726007	0.010974000478732041	10
DCAF5	0	0.8521530568599701	0.8583604897089764	10
DCAF6	0	0.19697392731904978	0.46018436198832546	10
DCAF7	0	0.5795896887779236	0.23582479093408973	10
DCAF8	0	0.4322799608111382	0.9692747608476591	10
DCAF8L1	0	0.06940837837755677	0.6121655802745634	10
DCAF8L2	0	0.1031803153455257	0.5449173454540586	10
DCAKD	0	0.042423406988382276	0.03719443796286439	10
DCBLD1	0	0.04100309088826174	0.9055040158363827	10
DCBLD2	0	0.09387898743152615	0.8068886480938671	10
DCC	0	0.4832694172859192	0.9318619648521919	10
DCD	0	0.03499136678874486	2.786719525781726e-07	10
DCDC1	0	0.03750492855906481	0.30971802029308354	10
DCDC2	0	0.04564585126936431	0.09468031299141841	10
DCDC2B	0	0.03274069316685194	1.569323385209121e-05	10
DCHS1	0	0.7380245745182037	0.8988710198660448	10
DCHS2	0	0.04270104281604285	0.46643051368663146	10
DCK	0	0.05869615338742727	0.000914906681518755	10
DCLK1	0	0.9269061148166656	0.9133805455541184	10
DCLK2	0	0.5556286662817002	0.3196965284892931	10
DCLK3	0	0.04203708283603186	0.5842864981645263	10
DCLRE1A	0	0.04139421246945853	0.6569014797209269	10
DCLRE1B	0	0.04696990400552743	0.10170572305519916	10
DCLRE1C	0	0.08687519580125805	0.12504129936097438	10
DCN	0	0.06387154944241043	0.18472406522637538	10
DCP1A	0	0.24788503423333164	0.12549360922102518	10
DCP1B	0	0.036367395892739254	0.13133223891394136	10
DCP2	0	0.1688024207949638	0.41838091425534935	10
DCPS	0	0.03393498044461009	0.02659821869666551	10
DCST1	0	0.04295772090554234	0.19174581823706968	10
DCST2	0	0.03852299116551869	0.11812008823288178	10
DCSTAMP	0	0.03274186439812179	1.2696949991339416e-05	10
DCT	0	0.0392422046512365	0.11046890318181327	10
DCTD	0	0.03588120788335796	0.005220620029562279	10
DCTN1	0	0.7113439768552781	0.313927429814742	10
DCTN2	0	0.4196989104151726	0.26038477792503156	10
DCTN3	0	0.07851307280361647	0.00016553188819517923	10
DCTN4	0	0.262141315639019	0.3612241587317141	10
DCTN5	0	0.1468103691935539	0.06264928703231279	10
DCTN6	0	0.06984100341796873	0.024377412705686392	10
DCTPP1	0	0.04507693201303476	0.0028210069885805386	10
DCUN1D1	0	0.5132499605417251	0.5271497032879069	10
DCUN1D2	0	0.05066456422209734	0.0032478132025301294	10
DCUN1D3	0	0.1900468118488788	0.48498381848246613	10
DCUN1D4	0	0.07735710404813287	0.4458458065699646	10
DCUN1D5	0	0.4425574988126755	0.22512840538162898	10
DCX	0	0.45696053504943845	0.6510695737860155	10
DCXR	0	0.062349411472678126	0.038237444421712945	10
DDA1	0	0.17612170502543448	0.03190324798658859	10
DDAH1	0	0.07011071145534511	0.047017183728258354	10
DDAH2	0	0.13071205168962477	0.06150799977582425	10
DDB1	0	0.8364745318889618	0.918997388598978	10
DDB2	0	0.04490908868610856	0.00250565611462564	10
DDC	0	0.05413615107536311	2.2759599494415014e-05	10
DDHD1	0	0.5384629458189011	0.7426908304397445	10
DDHD2	0	0.09149201624095435	0.0932911825401869	10
DDI1	0	0.03428618367761368	0.10072140513775318	10
DDI2	0	0.5749743849039077	0.6849103861222101	10
DDIT3	0	0.11842439249157902	1.5252230109102902e-07	10
DDIT4	0	0.11334611661732193	0.328698136527122	10
DDIT4L	0	0.0340333810076117	1.5118285306629567e-05	10
DDN	0	0.058443847671151114	0.05900983267716585	10
DDO	0	0.038845971599221193	0.00018782766674902747	10
DDOST	0	0.08824435696005815	0.6461351046502534	10
DDR1	0	0.23119691759347916	0.04918315466064838	10
DDR2	0	0.3753377258777618	0.39564566142386987	10
DDRGK1	0	0.0885347686707973	0.134160710812456	10
DDT	0	0.1290436834096908	0.0006125469438109836	10
DDTL	0	0.06926305480301377	0.008319349490836589	10
DDX1	0	0.748323130607605	0.008546985447831511	10
DDX10	0	0.043105506151914566	0.5861516473180568	10
DDX17	0	0.6792646229267121	0.9566831696107846	10
DDX18	0	0.21062790453433985	0.5834948692488191	10
DDX19A	0	0.2569646216928959	0.2811973430273583	10
DDX19B	0	0.07094746381044384	0.3236635123977617	10
DDX20	0	0.05728912055492398	0.04735429937373539	10
DDX21	0	0.5399560362100602	0.11689957574852242	10
DDX23	0	0.5467222929000854	0.605057166410532	10
DDX24	0	0.25462199300527566	0.34686182005841293	10
DDX25	0	0.04885013289749617	0.3239485877427918	10
DDX26B	0	0.6281651824712753	0.2532255938419798	10
DDX27	0	0.24721360206603998	0.32744363182470243	10
DDX28	0	0.043181773275136906	0.03745721610295856	10
DDX31	0	0.04589255265891548	0.04605665061042752	10
DDX39A	0	0.28432821184396745	0.06586598129683023	10
DDX39B	0	0.6313345044851303	0.43346035751754775	10
DDX3X	1	0.8257048788228871	0.9431250107649545	633
DDX3Y	0	0.43639159202575684	0.9924886802763322	10
DDX4	0	0.3960890352725982	0.7031270845037707	10
DDX41	0	0.1824649654328823	0.5432426839023065	10
DDX42	0	0.9103819072246552	0.8172138242700655	10
DDX43	0	0.04812200665473933	0.596085052760457	10
DDX46	0	0.8426864087581635	0.3705909120918294	10
DDX47	0	0.04263336658477779	0.11844749580922749	10
DDX49	0	0.05007704533636566	0.17988002412709067	10
DDX5	0	0.8125636279582977	0.24341899050854007	10
DDX50	0	0.16161233782768245	0.1049102381052713	10
DDX51	0	0.04370614252984519	0.06189860236044936	10
DDX52	0	0.036759924516081746	0.22136217118665172	10
DDX53	0	0.04850330427289004	0.09297001323316803	10
DDX54	0	0.06650468856096264	0.5458477128117212	10
DDX55	0	0.039394807815551706	0.012378674849368974	10
DDX56	0	0.05885234177112575	0.00982345688507721	10
DDX58	0	0.04394245520234103	0.247908918958433	10
DDX59	0	0.03597881123423572	0.0001507286846587457	10
DDX6	0	0.7242377936840058	0.8548434296935419	10
DDX60	0	0.08779859915375704	0.2673667394410178	10
DDX60L	0	0.0423297088593244	0.241558607979606	10
DEAF1	1	0.1172486761966662	0.35758030652287853	644
DEC1	0	0.04353826940059658	0.00010957412553571388	10
DECR1	0	0.05544010438024993	0.01005686892090112	10
DECR2	0	0.041691476479172665	0.00018292440072486467	10
DEDD	0	0.4143296658992767	0.09138978128747637	10
DEDD2	0	0.04658741466701026	0.00035828737071707227	10
DEF6	0	0.4175737231969833	0.007422451347168263	10
DEF8	0	0.12519121319055554	0.002434308996370649	10
DEFA3	0	0.058941873162984784	0.006654129833573432	10
DEFA4	0	0.03876760266721244	1.133197809522652e-05	10
DEFA5	0	0.034839799068868124	0.00011524882774475679	10
DEFA6	0	0.03381332606077189	0.0009448919920881926	10
DEFB1	0	0.040132123976945835	1.0509997944438276e-05	10
DEFB104A	0	0.03453128784894938	3.1825845488375514e-06	10
DEFB105A	0	0.06543306149542327	1.687289805538393e-05	10
DEFB106A	0	0.04347108453512187	3.209976261904729e-06	10
DEFB108B	0	0.03496706262230869	0.16119125841662513	10
DEFB110	0	0.032584028691053354	0.04172781928016815	10
DEFB112	0	0.033505250886082596	0.0002153714536430751	10
DEFB113	0	0.032827837765216784	0.0003554533994644276	10
DEFB114	0	0.03357915226370091	0.0018733541382540489	10
DEFB115	0	0.03240657709538931	0.00012112056253645198	10
DEFB116	0	0.032964912801980925	6.368977183842669e-05	10
DEFB118	0	0.03224134203046555	0.0003802881991160215	10
DEFB119	0	0.03333454634994263	0.014091382065518406	10
DEFB121	0	0.032778887823224016	0.0001746743608232027	10
DEFB123	0	0.03810918796807524	0.0038410907353802503	10
DEFB124	0	0.03448931425809855	0.0006050685376985106	10
DEFB125	0	0.03259752690792078	9.040612554658959e-06	10
DEFB126	0	0.04074301794171329	0.09586946579897947	10
DEFB127	0	0.0359314857050776	2.6647949558848885e-07	10
DEFB128	0	0.03840352632105347	1.3804511387644267e-05	10
DEFB129	0	0.032797689922153886	0.004648260122774756	10
DEFB131	0	0.03309479728341097	0.0018745943104284302	10
DEFB132	0	0.03336711209267372	1.4984719693880193e-05	10
DEFB134	0	0.033027256652712764	0.05154297333530207	10
DEFB135	0	0.040373462066054286	0.023633971254787684	10
DEFB136	0	0.035054988414049096	2.094202706315197e-06	10
DEFB4A	0	0.053576344251632636	0.003915123816360295	10
DEGS1	0	0.0521815169602632	0.002657734301027357	10
DEGS2	0	0.038051088526844926	0.10997211069146846	10
DEK	0	0.1778615847229957	0.22044923217351559	10
DENND1A	0	0.5564887702465058	0.22105984213235796	10
DENND1B	0	0.06407822072505946	0.25067477430331553	10
DENND1C	0	0.04568971060216423	0.21379882921048626	10
DENND2A	0	0.12021409012377257	0.22200859962598427	10
DENND2C	0	0.04967512674629684	0.14919435317705515	10
DENND2D	0	0.047569729015231085	0.022178685472327125	10
DENND3	0	0.09473751112818714	0.4315484066740689	10
DENND4A	0	0.8091264367103577	0.8451768500433477	10
DENND4B	0	0.7452651679515838	0.02296871829280921	10
DENND4C	0	0.1919406838715076	0.42118831601752305	10
DENND5A	0	0.5505271136760712	0.3722447116221185	10
DENND5B	0	0.8718153953552246	0.5472335178026535	10
DENND6A	0	0.28709319829940794	0.20110883627202614	10
DENND6B	0	0.08364740982651706	0.09261428085827719	10
DENR	0	0.1619028009474277	0.0013152292243896354	10
DEPDC1	0	0.055210666730999905	0.0008375336108119342	10
DEPDC1B	0	0.04332957416772839	0.0028270047291308743	10
DEPDC4	0	0.0319532131776213	0.06343427568550478	10
DEPDC5	0	0.45397539213299754	0.7780432578602942	10
DEPDC7	0	0.03564197011291975	0.008503449596484348	10
DEPTOR	0	0.03588064014911648	0.02236800931466914	10
DERA	0	0.037032064422965	0.001955373282438769	10
DERL1	0	0.06377224177122111	0.4665214065312209	10
DERL2	0	0.4147199481725693	0.09327284444768291	10
DERL3	0	0.033405066467821556	0.02312983064153459	10
DES	0	0.06395348906517025	0.056847108309624375	10
DESI1	0	0.039544842764735175	0.013276255137265259	10
DESI2	0	0.25900676101446146	0.05495583890823286	10
DET1	0	0.07615235261619087	0.020161377168694886	10
DEXI	0	0.051033123210072494	0.07915523670939414	10
DFFA	0	0.06912562996149058	0.15927540067287987	10
DFFB	0	0.0373092152178287	0.038212433686078344	10
DFNA5	0	0.04491922147572035	0.0002499689378192071	10
DFNB31	0	0.06456716358661647	0.39985736489740764	10
DFNB59	0	0.04198097400367254	0.0019299771144930665	10
DGAT1	0	0.058849396556615786	0.17292611845898448	10
DGAT2	0	0.04092795066535468	0.038313463947694235	10
DGAT2L6	0	0.035449986904859496	8.574343169132893e-05	10
DGCR14	0	0.03606645110994573	0.29883220316857084	10
DGCR2	0	0.06253063157200808	0.09341732603216794	10
DGCR6	0	0.03620283231139178	0.00032695322581320684	10
DGCR6L	0	0.04778268858790393	0.00048748971831221735	10
DGCR8	0	0.8278276860713959	0.8890551146122846	10
DGKA	0	0.2274206772446632	0.530096885958889	10
DGKB	0	0.35628307014703753	0.06563330562392666	10
DGKD	0	0.6690887629985809	0.47577224539297125	10
DGKE	0	0.09594100192189212	0.059955738153997996	10
DGKG	0	0.07492565251886839	0.8530761578236812	10
DGKH	0	0.3017683833837509	0.3795637137955836	10
DGKI	0	0.8159365892410279	0.20419693729721144	10
DGKQ	0	0.10233281515538688	0.32006862189724516	10
DGKZ	0	0.3853441804647445	0.47820020751182196	10
DGUOK	0	0.07825619615614408	0.00026358333463038803	10
DHCR24	0	0.23233824223279953	0.03209763523088341	10
DHCR7	0	0.053456611931323963	0.03548992120825738	10
DHDDS	0	0.06510482914745802	0.006762480091805349	10
DHDH	0	0.03558470532298083	0.13174836162593645	10
DHFR	0	0.04756824932992454	0.001926881858491239	10
DHFRL1	0	0.04313886575400823	0.028055386823250473	10
DHH	0	0.051694237440824464	0.006322056442491069	10
DHODH	0	0.041179889440536445	0.0529055505585331	10
DHPS	0	0.14538070783019064	0.22857232209709802	10
DHRS1	0	0.037624862603843165	0.0013313366846780714	10
DHRS11	0	0.03429178316146131	0.01091861622171339	10
DHRS12	0	0.03184150177985426	0.0004706378717117215	10
DHRS13	0	0.03513030353933566	0.09055970024603247	10
DHRS2	0	0.03926200233399863	0.02536551758772381	10
DHRS3	0	0.05205509103834625	0.3209395648413359	10
DHRS4	0	0.037094946950674015	0.0007920110266417885	10
DHRS4L2	0	0.03464525863528247	0.0037711414084317723	10
DHRS7	0	0.0492942444980144	0.0007334661011949281	10
DHRS7B	0	0.04505351595580573	0.006503336789344798	10
DHRS7C	0	0.03371115028858182	0.0008533110556382909	10
DHRS9	0	0.03177170827984806	0.000596441109391571	10
DHRSX	0	0.039794298633933016	0.00436915657221882	10
DHTKD1	0	0.05451477244496341	0.02513127202770769	10
DHX15	0	0.8103777766227722	0.6668856457110779	10
DHX16	0	0.11113074123859401	0.3471243039580755	10
DHX29	0	0.3946115970611572	0.3311451586577227	10
DHX30	0	0.8855554401874542	0.2077717778971465	10
DHX32	0	0.04365996010601517	0.007365785834987974	10
DHX33	0	0.06453443393111225	0.4033652204356904	10
DHX34	0	0.04498595967888827	0.2285186791714764	10
DHX35	0	0.047604694962501484	0.298095512565722	10
DHX36	0	0.5830231130123138	0.4680196400040632	10
DHX37	0	0.21234088763594622	0.5914417937003137	10
DHX38	0	0.32456465885043145	0.3985409097233826	10
DHX40	0	0.6263947159051895	0.12019619749014668	10
DHX57	0	0.15763459727168078	0.1289750932113039	10
DHX58	0	0.03671232648193832	0.11112232758699107	10
DHX8	0	0.4925661563873291	0.8601480342451542	10
DHX9	0	0.9140145301818847	0.9194244333097574	10
DIABLO	0	0.04128427840769287	0.00026008868038109403	10
DIAPH1	0	0.6179748713970185	0.6364982538517078	10
DIAPH2	0	0.5025589287281036	0.7168948962040448	10
DIAPH3	0	0.05726690962910648	0.3010149665815015	10
DICER1	0	0.9348272085189819	0.9930864547779568	10
DIDO1	0	0.6019041270017624	0.9948751960113128	10
DIEXF	0	0.04593154415488239	0.46233004434299396	10
DIMT1	0	0.05574698373675341	0.13507504929004926	10
DIO1	0	0.03331519607454534	9.066019254101223e-05	10
DIO2	0	0.09270918257534502	0.2096872215994908	10
DIO3	0	0.04492194019258017	0.00244579347577653	10
DIP2A	1	0.6537012807617617	0.4640896449576269	622
DIP2B	0	0.8393088161945343	0.8843309419343777	10
DIP2C	0	0.9293774783611297	0.9976121317347062	10
DIRAS1	0	0.12440460547804828	0.40422096705158117	10
DIRAS2	0	0.08692124374210831	0.014329439472163577	10
DIRAS3	0	0.0628219153732061	0.04328569062356387	10
DIRC1	0	0.07557264752686019	1.7126013667405496e-05	10
DIRC2	0	0.043055747821927025	0.006218394194938372	10
DIS3	0	0.098509569466114	0.2220481037238177	10
DIS3L	0	0.04665788002312178	0.03853745447202528	10
DIS3L2	0	0.2950086921453476	0.47923789064991507	10
DISC1	0	0.060658128932118374	0.06590537935712878	10
DISP1	0	0.09556396491825576	0.46310211244286414	10
DISP2	0	0.11412932649254795	0.18076311203789572	10
DIXDC1	0	0.183878943324089	0.175819262924317	10
DKC1	0	0.7429923117160797	0.6062847708929108	10
DKK1	0	0.06769671812653538	2.36776570264948e-05	10
DKK2	0	0.06314630135893817	0.22778511001149004	10
DKK3	0	0.13889944478869434	0.00462448695987516	10
DKK4	0	0.036265171691775275	6.064645927052598e-06	10
DKKL1	0	0.03589029014110561	0.04220249280838403	10
DLAT	0	0.039358723908662754	0.7670817081664718	10
DLC1	0	0.3034338220953941	0.9470396726520771	10
DLD	0	0.08438579775393004	0.07736356602932196	10
DLEC1	0	0.04256129078567023	0.3507045890468762	10
DLEU7	0	0.06316824629902835	0.0015204761963896597	10
DLG1	0	0.5657879531383514	0.871775582182536	10
DLG2	0	0.8679043591022492	0.5916902061683407	10
DLG3	0	0.8939795732498169	0.7429938632969268	10
DLG4	1	0.8794916195650297	0.7815649557718113	631
DLG5	0	0.780148583650589	0.6809696791734264	10
DLGAP1	0	0.8944239914417267	0.47545836287274074	10
DLGAP2	0	0.3879630118608475	0.7922550001393744	10
DLGAP3	0	0.8030880928039551	0.2551176058678163	10
DLGAP4	0	0.7295477569103241	0.7980116361363245	10
DLGAP5	0	0.037370381876826245	0.15679629679041454	10
DLK1	0	0.04153059124946592	0.660036429661395	10
DLK2	0	0.07071042917668814	0.14991525961964286	10
DLL1	0	0.5254757553339005	0.1868787574496481	10
DLL3	0	0.10498420149087902	0.0023426259551383474	10
DLL4	0	0.7168804466724396	0.05458467087659165	10
DLST	0	0.08340948596596715	0.25848466627942723	10
DLX1	0	0.3635274991393089	0.10356541278826156	10
DLX2	0	0.42390849739313125	0.5442823882618982	10
DLX3	0	0.04541662335395808	0.11927189441994095	10
DLX4	0	0.04480125755071634	0.009877826177192642	10
DLX5	0	0.052393954619765225	0.11503752684837507	10
DLX6	0	0.26057191789150236	0.7874687794026237	10
DMAP1	0	0.14733004942536349	0.3749345549218481	10
DMBT1	0	0.041192208230495395	0.009892779210757844	10
DMBX1	0	0.1715349748730659	0.07145827485056355	10
DMC1	0	0.044436227902769986	0.03196530812474081	10
DMD	0	0.5331945955753327	0.8576708893826709	10
DMGDH	0	0.03832138106226917	0.1058416500181681	10
DMKN	0	0.03483309596776958	0.3936004293965188	10
DMP1	0	0.03569714333862061	0.4987606451511419	10
DMPK	1	0.056628676922766144	0.6463186056256578	619
DMRT1	0	0.07188893929123874	0.06179964542713158	10
DMRT2	0	0.04081287533044809	0.0040531449158811685	10
DMRT3	0	0.06294597573578353	0.16254286183545424	10
DMRTA1	0	0.0426696419715881	0.00851088125909146	10
DMRTB1	0	0.08738062418997283	0.01618856186178701	10
DMRTC1	0	0.0597559347748756	0.002622252701752031	10
DMRTC2	0	0.06195203736424441	0.00034716074233901784	10
DMTF1	0	0.6385599762201309	0.8125765061956581	10
DMTN	0	0.4266054630279541	0.0038686789014829603	10
DMWD	0	0.18280673325061797	0.10713277731915694	10
DMXL1	0	0.6786668419837951	0.935078866939287	10
DMXL2	0	0.9018456935882568	0.9665195232703379	10
DNA2	0	0.0786288686096668	0.5205248654515644	10
DNAAF1	0	0.03856557495892042	0.14359813414237704	10
DNAAF2	0	0.06258248575031754	0.012834867670685372	10
DNAAF3	0	0.037579039856791466	0.0029901022036469753	10
DNAH1	0	0.0799888018518686	0.7492571240868195	10
DNAH10	0	0.08006912022829052	0.9672172920194478	10
DNAH10OS	0	0.056456471234559956	0.18053365704878865	10
DNAH11	0	0.06415933482348912	0.8357977648590651	10
DNAH12	0	0.032739117741584736	0.40528465703029737	10
DNAH14	0	0.0580014161765575	0.07712031520971643	10
DNAH17-AS1	0	0.056817950680851916	0.000539132472877868	10
DNAH2	0	0.12814939916133877	0.857189304421377	10
DNAH3	0	0.05143139548599714	0.6735421496611147	10
DNAH5	0	0.07961482331156726	0.6803792828862052	10
DNAH6	0	0.15380169674754138	0.7346705522333108	10
DNAH7	0	0.0657235477119684	0.5501763016434791	10
DNAH8	0	0.09345538839697834	0.511053136042749	10
DNAH9	0	0.05896915122866625	0.37101934699786127	10
DNAI1	0	0.05273150876164432	0.2811083320457179	10
DNAI2	0	0.03450552131980654	0.24531385407305245	10
DNAJA1	0	0.4368962585926056	0.00840317258347546	10
DNAJA2	0	0.5906056135892868	0.35441032432983494	10
DNAJA3	0	0.07921975366771215	0.005796974594675928	10
DNAJA4	0	0.059626879915595024	0.13644340726696932	10
DNAJB1	0	0.13849364817142484	0.13808155365990116	10
DNAJB11	0	0.05954649299383159	0.1850709691575238	10
DNAJB12	0	0.0676199551671743	0.1956123300015756	10
DNAJB13	0	0.034111583232879585	0.4377281919398097	10
DNAJB14	0	0.3667009800672531	0.032880077857196315	10
DNAJB2	0	0.10938935987651344	0.02260458395280113	10
DNAJB4	0	0.055889284983277276	0.01667699753819038	10
DNAJB5	0	0.12052535675466056	0.7578098676119215	10
DNAJB6	0	0.2923330292105675	0.6464906843021887	10
DNAJB7	0	0.03390184529125685	0.02266961801632248	10
DNAJB8	0	0.03565924745053048	0.012827800830760175	10
DNAJB9	0	0.060671208426356274	0.023582439736992918	10
DNAJC1	0	0.12131178900599474	0.01616570261800725	10
DNAJC10	0	0.17256349474191662	0.4457837886813171	10
DNAJC11	0	0.4273815840482712	0.016917975436710808	10
DNAJC12	0	0.041252569854259444	5.870128153839429e-07	10
DNAJC13	0	0.8273692667484284	0.6444332259608831	10
DNAJC14	0	0.5255248278379441	0.03739627346473718	10
DNAJC15	0	0.05412716865539548	0.09774435799490418	10
DNAJC16	0	0.05143476650118824	0.3410642425656063	10
DNAJC17	0	0.050067792460322336	0.001890401198679522	10
DNAJC18	0	0.08288501128554339	0.014861735887328096	10
DNAJC19	0	0.04657725282013412	2.5269604445950675e-06	10
DNAJC2	0	0.40548840165138245	0.10197860509635251	10
DNAJC21	0	0.06537550650537009	0.3297179397024433	10
DNAJC22	0	0.03263169545680281	0.002517241955913949	10
DNAJC24	0	0.03659759908914561	0.000584583415143122	10
DNAJC25	0	0.04128075353801246	0.008512393046296227	10
DNAJC25-GNG10	0	0.05486582703888411	3.133312889854924e-05	10
DNAJC27	0	0.04382006432861084	0.35001054346099025	10
DNAJC28	0	0.03542394638061517	0.0051054363144661845	10
DNAJC3	0	0.10698197856545444	0.16166685673107867	10
DNAJC30	0	0.03923215307295319	0.0182169087279282	10
DNAJC4	0	0.04906746149063107	0.06887495766370097	10
DNAJC5	0	0.4764848843216896	0.08793422977020751	10
DNAJC5B	0	0.04063357971608634	0.004655177405551982	10
DNAJC5G	0	0.03899372145533558	0.00012129144778328909	10
DNAJC6	0	0.8362091600894928	0.6922622705756718	10
DNAJC7	0	0.5756723254919052	0.2729722468954704	10
DNAJC8	0	0.2108381927013397	0.0021089503932535804	10
DNAJC9	0	0.05487664490938182	0.05103896202754776	10
DNAL1	0	0.03980335853993887	0.0982519247710106	10
DNAL4	0	0.03427158594131466	0.0016067656785946377	10
DNALI1	0	0.04053014218807216	0.004772293006934695	10
DNASE1	0	0.07247813455760474	0.01454462390968061	10
DNASE1L1	0	0.04701002649962896	0.12379964421837071	10
DNASE1L2	0	0.04137426614761349	0.19593216692847218	10
DNASE1L3	0	0.03220072705298658	0.016243222883901252	10
DNASE2	0	0.03677881155163046	0.0009813741611272135	10
DNASE2B	0	0.036636078357696486	0.0006964368759428387	10
DND1	0	0.15361229255795475	0.0025759745119210177	10
DNER	0	0.32614187076687806	0.09028726146129305	10
DNHD1	0	0.11143324226140972	0.1511923957643102	10
DNLZ	0	0.050992399081587744	0.0001600407150572906	10
DNM1	0	0.9008567750453949	0.7591125192037532	10
DNM1L	0	0.7060471624135971	0.4897915604874206	10
DNM2	0	0.8066525816917419	0.6028737555808985	10
DNM3	0	0.684370094537735	0.6207293573431185	10
DNMBP	0	0.08114146515727037	0.3442812697932066	10
DNMT1	0	0.9155548572540283	0.7437382571734092	10
DNMT3A	1	0.21316023977114948	0.9207061194227333	634
DNMT3B	0	0.2804211065173149	0.9007204615759168	10
DNMT3L	0	0.05502956770360466	0.002331213274108407	10
DNPEP	0	0.04031138159334654	0.017762024173367447	10
DNPH1	0	0.08098039217293258	0.0007439632322099673	10
DNTT	0	0.044628952443599657	0.00038415401755569344	10
DNTTIP1	0	0.1868092648684978	0.000609019341267239	10
DNTTIP2	0	0.06702986471354956	0.3396877756731163	10
DOC2A	0	0.06888125315308567	0.16198004930101775	10
DOC2B	0	0.11039989627897737	0.16127120594475325	10
DOCK1	0	0.28193958997726437	0.960947613815654	10
DOCK10	0	0.1740675047039985	0.8403084355561221	10
DOCK11	0	0.18324604928493496	0.3436138522890515	10
DOCK2	0	0.5990850448608398	0.5946754328207312	10
DOCK3	0	0.9024206161499023	0.2192841069866604	10
DOCK4	0	0.888379019498825	0.6782083016259904	10
DOCK5	0	0.1117854624986648	0.8306150458659067	10
DOCK6	0	0.08466762527823445	0.4232624689445035	10
DOCK7	0	0.7971508502960205	0.6194650368413932	10
DOCK8	0	0.1049826111644506	0.43473116222897695	10
DOCK9	0	0.8826895415782928	0.9176726711346296	10
DOHH	0	0.06156411878764626	0.0024508473993770023	10
DOK1	0	0.04654469862580295	0.026829115705110162	10
DOK2	0	0.048133294656872695	0.06746879630448907	10
DOK3	0	0.03526087719947095	0.0059146170690957	10
DOK4	0	0.06687932088971132	0.005245929136479	10
DOK5	0	0.1387206874787807	0.00012600004747564424	10
DOK6	0	0.12851888537406916	0.3220638068411802	10
DOK7	0	0.04305533878505224	0.3145259298536262	10
DOLK	0	0.04072896949946875	0.19529257550344167	10
DOLPP1	0	0.06730012521147724	0.020646361488282226	10
DONSON	0	0.03535559326410289	0.005428318949473805	10
DOPEY1	0	0.8763994693756103	0.24543237632180465	10
DOPEY2	0	0.19753915444016454	0.5218166533230563	10
DOT1L	0	0.8778574645519257	0.7054944827769802	10
DPAGT1	0	0.062071633711457186	0.0008822781833212329	10
DPCD	0	0.04206122569739814	2.4447203746160627e-05	10
DPCR1	0	0.08329305462539191	0.2227392273404679	10
DPEP1	0	0.04112531058490272	0.08540312447166244	10
DPEP2	0	0.03401029519736761	0.014058176017558464	10
DPEP3	0	0.03343216665089127	0.08906505455711898	10
DPF1	0	0.7140482187271118	0.580784907500008	10
DPF2	0	0.7839806258678437	0.19251943058187543	10
DPF3	0	0.05855268128216261	0.18311951746558486	10
DPH1	0	0.055701257288455916	0.07045034261234073	10
DPH2	0	0.03539673462510104	0.013654698756965419	10
DPH3	0	0.0436818208545446	0.007468191675335391	10
DPH5	0	0.03441006168723101	0.0012027751084896041	10
DPH6	0	0.07711058631539339	0.040007880438565194	10
DPH7	0	0.09480371996760363	1.6369365406671838e-05	10
DPM1	0	0.0504464257508516	3.068418297463678e-05	10
DPM2	0	0.05829001702368254	6.30453830780598e-05	10
DPM3	0	0.05401397496461864	0.00014626432620563738	10
DPP10	0	0.5065847054123879	0.05040178331530175	10
DPP3	0	0.04124388881027696	0.10031475459570358	10
DPP4	0	0.07106583230197425	0.018724975307351045	10
DPP6	0	0.3325317502021789	0.9682150410461008	10
DPP7	0	0.08955902904272076	0.20759985926612715	10
DPP8	0	0.5902960807085037	0.3263509463988753	10
DPP9	0	0.3892273738980293	0.04713920924334218	10
DPPA2	0	0.04152051359415049	0.004127262863536548	10
DPPA3	0	0.03407463654875752	0.0014821319274735169	10
DPPA4	0	0.03640325702726837	0.03900334352064909	10
DPPA5	0	0.03426818698644632	3.3890163275176956e-06	10
DPRX	0	0.03270048778504129	0.0014561397629856024	10
DPT	0	0.03492120932787654	3.68350022807697e-06	10
DPY19L1	0	0.09246627204120156	0.864913972320843	10
DPY19L2	0	0.05471977554261679	0.06029258288506012	10
DPY19L3	0	0.17775174602866167	0.23987090596901325	10
DPY19L4	0	0.0411401525139808	0.24889331581171023	10
DPY30	0	0.12914625257253642	0.0010764777502314284	10
DPYD	0	0.05898995548486705	0.2751140160856262	10
DPYS	0	0.039899089932441664	0.09981373734614422	10
DPYSL2	1	0.8555012244098591	0.9094745799123821	636
DPYSL3	0	0.7982910990715026	0.5040432235668031	10
DPYSL4	0	0.18114677891135214	0.2847133182861136	10
DPYSL5	0	0.8591061890125274	0.07739159782372475	10
DQX1	0	0.04149895198643204	0.0016255114773869282	10
DR1	0	0.3642278343439102	0.6102947570219721	10
DRAM1	0	0.03856893070042129	0.0635916355298288	10
DRAM2	0	0.04816912971436973	0.03736599192753032	10
DRAP1	0	0.141190880164504	0.118512512874462	10
DRAXIN	0	0.1000202607363462	0.014586925029033748	10
DRC1	0	0.05036417730152602	0.0010147068991836032	10
DRD1	0	0.38237567245960236	0.02561426970757939	10
DRD2	0	0.3143788293004036	0.017487583266915633	10
DRD3	0	0.07102385498583312	0.000152471697806758	10
DRD4	0	0.08690920062363144	0.12120608784821199	10
DRD5	0	0.04120620004832741	0.2539883398920689	10
DRG1	0	0.09530184455215926	0.018444501030043962	10
DRG2	0	0.05422431081533428	0.012887595768531632	10
DRGX	0	0.03873503208160395	0.006778940346256948	10
DROSHA	0	0.6748126685619354	0.7240711117984693	10
DRP2	0	0.06624119058251378	0.3023888935523966	10
DSC1	0	0.03635462410747999	0.3066561186012309	10
DSC2	0	0.04912321791052813	0.809619485954542	10
DSC3	0	0.05201050229370591	0.5411598407333005	10
DSCAM	1	0.8586031816273975	0.939668079148172	631
DSCAML1	0	0.8640301764011383	0.8695430426399838	10
DSCC1	0	0.03925651721656317	0.0007890947143577602	10
DSCR3	0	0.034644953906536054	0.0006202265335030678	10
DSCR4	0	0.03555664680898184	6.472432646494334e-06	10
DSE	0	0.2211664773523807	0.33011042722573214	10
DSEL	0	0.09819970764219757	0.7068808360386013	10
DSG1	0	0.08898656368255611	0.6335160299555848	10
DSG2	0	0.04123398400843139	0.3502138590461246	10
DSG3	0	0.035433695837855286	0.02785133649227149	10
DSG4	0	0.03994146026670928	0.5380947445058838	10
DSN1	0	0.03417952992022031	0.0019486549009061472	10
DSP	0	0.4920490771532059	0.5262987423823151	10
DSPP	0	0.06086857654154295	0.7173827611860264	10
DST	0	0.8566947042942047	0.6401139489431341	10
DSTN	0	0.20415454953908915	0.012970021730124673	10
DSTYK	0	0.2748064301908016	0.3060309783645781	10
DTD1	0	0.10559914186596868	0.0034784565419908307	10
DTD2	0	0.056759447976946785	0.0005014253432330516	10
DTL	0	0.10281534418463703	0.01993417654694169	10
DTNA	0	0.4034194827079773	0.8793691115906856	10
DTNB	0	0.08008588738739485	0.003714299964775345	10
DTNBP1	0	0.07779898941516872	0.004229575889829235	10
DTWD1	0	0.06749749034643168	0.45262442105688205	10
DTWD2	0	0.03992019556462759	0.0014927951637352652	10
DTX1	0	0.2214605428278446	0.21702800374575734	10
DTX2	0	0.03918322734534735	0.08234363452225171	10
DTX3	0	0.4096169099211693	0.08391556146709753	10
DTX3L	0	0.03711462877690788	0.17447916606056485	10
DTX4	0	0.10773781426250931	0.0629937149355816	10
DTYMK	0	0.04253857843577858	0.00037411396669065843	10
DUOX1	0	0.048430002108216255	0.15092594673992094	10
DUOX2	0	0.04661929160356516	0.39518110379263105	10
DUOXA1	0	0.04384783096611492	0.12721048959016165	10
DUOXA2	0	0.04079680107533928	0.002983190573833041	10
DUPD1	0	0.03400789406150575	0.1523408711552607	10
DUS1L	0	0.051350442320108367	0.08131319918703919	10
DUS2	0	0.048195775225758505	0.27430433381414704	10
DUS3L	0	0.03831480927765365	0.06099514251244388	10
DUS4L	0	0.034952580183744385	0.004382277502681242	10
DUSP1	0	0.16392192915081974	0.10177612033716772	10
DUSP10	0	0.15957365706562993	0.9497093270289078	10
DUSP11	0	0.05086899101734156	0.00011597618736267524	10
DUSP12	0	0.04720900207757946	0.002888823791957918	10
DUSP13	0	0.03671062812209125	0.00024186752097218612	10
DUSP14	0	0.04040749892592427	0.11659528412939071	10
DUSP15	0	0.04625869356095785	0.26282375229613	10
DUSP16	0	0.07515938393771644	0.4652577078681728	10
DUSP18	0	0.04553525783121581	0.06940437970439527	10
DUSP19	0	0.03476651161909099	0.04736633929921125	10
DUSP2	0	0.057410030439495996	0.06606378448021563	10
DUSP21	0	0.033427229896187724	0.04746349950021014	10
DUSP22	0	0.04206937663257119	0.01269031504163885	10
DUSP23	0	0.08347881399095054	0.014944669286036822	10
DUSP26	0	0.09729251824319358	0.018161887545036295	10
DUSP27	0	0.034852326847612816	0.6538914844437229	10
DUSP28	0	0.07044519595801826	0.00763329991058688	10
DUSP3	0	0.050430568680167154	0.13190924827059428	10
DUSP4	0	0.2154241949319839	0.20320334193798462	10
DUSP5	0	0.04389416724443431	0.034901904838157145	10
DUSP6	0	0.2801469087600708	0.4261526769444897	10
DUSP7	0	0.19732185974717137	0.5420706368699223	10
DUSP8	0	0.2750541970133781	0.013170727016413744	10
DUSP9	0	0.09694278724491592	0.4374671712044709	10
DUT	0	0.1221925131976604	0.030003470886294646	10
DUXA	0	0.03234175965189928	3.0072684738994268e-05	10
DVL1	0	0.21422280892729756	0.20523236978207837	10
DVL2	0	0.0897506151348352	0.15159114699601434	10
DVL3	0	0.5423350229859352	0.5443141177496341	10
DXO	0	0.06764286831021304	0.11131387602914625	10
DYDC1	0	0.04698757492005819	0.09844607715631443	10
DYDC2	0	0.03829228319227691	7.725069188923796e-06	10
DYM	0	0.06504813022911544	0.16271273725230623	10
DYNAP	0	0.04539866782724854	0.07886668905112221	10
DYNC1H1	1	0.8946490636867155	0.7586230954277393	642
DYNC1I1	0	0.27082123085856435	0.5810161149212079	10
DYNC1I2	0	0.26025826036930083	0.1179851493147234	10
DYNC1LI1	0	0.47827442586421964	0.17648963493028075	10
DYNC1LI2	0	0.6537441670894623	0.8180707981057942	10
DYNC2H1	0	0.19269635453820225	0.5632045928351187	10
DYNC2LI1	0	0.04424582049250597	1.3723986563794553e-05	10
DYNLL1	0	0.25075328946113584	1.4833873744528064e-06	10
DYNLL2	0	0.19951246529817576	0.2001826137429624	10
DYNLRB1	0	0.1563140027225017	0.0004477825927510566	10
DYNLRB2	0	0.03322056941688057	0.00029984242850014865	10
DYNLT1	0	0.1008928537368774	7.934588415998954e-06	10
DYNLT3	0	0.057241927832364994	0.03947610778766776	10
DYRK1A	1	0.8952760856885177	0.6743749329371883	624
DYRK1B	0	0.6624639958143235	0.3900550279187507	10
DYRK2	0	0.8272229671478272	0.5641655120253151	10
DYRK3	0	0.0374575816094875	0.5258465298246091	10
DYRK4	0	0.04691903665661807	0.24953828669572625	10
DYSF	0	0.07414370775222774	0.5325265433924509	10
DYTN	0	0.03441818431019778	0.05513638509649027	10
DYX1C1	0	0.05198254808783524	0.007036907279650673	10
DZANK1	0	0.036572562903165774	0.0054760408039081785	10
DZIP1	0	0.09490462318062778	0.4133818469144394	10
DZIP1L	0	0.03642554692924018	0.032597923359210704	10
DZIP3	0	0.20164313912391657	0.054699513546085446	10
E2F1	0	0.3739454418420792	0.16837074573641497	10
E2F2	0	0.052653458714485124	0.18868582189214508	10
E2F3	0	0.3370701193809509	0.8111560558939024	10
E2F4	0	0.11992905959486959	0.2426873995824772	10
E2F5	0	0.1236970197409391	2.3748325915368888e-05	10
E2F6	0	0.05741438828408711	0.14533538534817794	10
E2F7	0	0.15735759288072582	0.4052027679318956	10
E2F8	0	0.15645649582147594	0.8175610961723887	10
E4F1	0	0.11860304176807399	0.31223392639562364	10
EAF1	0	0.03427344225347036	0.00781220694293981	10
EAF2	0	0.04440200421959157	0.00037811893519974305	10
EAPP	0	0.10531412139534946	2.0900811818818234e-05	10
EARS2	0	0.03360494077205655	0.21940147530061913	10
EBAG9	0	0.04301635921001429	0.0030999877947166174	10
EBF1	0	0.7493537962436676	0.9983968450754077	10
EBF2	0	0.6280924081802368	0.741372713820051	10
EBF3	1	0.7248630763355544	0.9086498682645161	641
EBF4	0	0.09506392702460284	0.12944541623878372	10
EBI3	0	0.03308747019618744	0.000310115897236711	10
EBLN1	0	0.13901865109801287	0.00045533875300401825	10
EBLN2	0	0.058808880299329715	0.014487713777323422	10
EBNA1BP2	0	0.06100101098418231	0.026373132396593335	10
EBP	0	0.3004384234547615	0.17172194737073915	10
EBPL	0	0.05324178822338575	0.013983753106129471	10
ECD	0	0.042975383624434434	0.00510132043359932	10
ECE1	0	0.32830808460712435	0.475967965063235	10
ECE2	0	0.059188579022884324	0.20841601390447578	10
ECEL1	0	0.04308301061391826	0.37380213578359595	10
ECH1	0	0.0842887140810489	0.5318976538594924	10
ECHDC1	0	0.05252442061901087	0.050461524121694114	10
ECHDC2	0	0.07206965275108809	0.0011098778104477213	10
ECHDC3	0	0.03278297353535886	0.001551681288286856	10
ECHS1	0	0.09482090026140208	0.00014015679655107472	10
ECI1	0	0.051327874511480284	0.0931743059418882	10
ECI2	0	0.051522725448012285	0.000768493476834538	10
ECM1	0	0.04316290691494938	0.14413279670840867	10
ECM2	0	0.03786910623311991	0.03349552979623231	10
ECSCR	0	0.06951331235468385	0.00014299247118194317	10
ECSIT	0	0.05524114705622193	0.05192601811817602	10
ECT2	0	0.10737292021512981	0.3690938722129915	10
ECT2L	0	0.03597895167767996	0.024974042835102232	10
EDA	0	0.2634249642491341	0.01208562189821793	10
EDA2R	0	0.032593127526342816	0.2129443037461401	10
EDAR	0	0.04236546978354449	0.00910178715238599	10
EDARADD	0	0.04152497984468932	0.1464701673347243	10
EDC3	0	0.05389799140393729	0.21698670642180393	10
EDC4	0	0.3775614127516746	0.0224411183420891	10
EDDM3A	0	0.06162523701786989	0.01138051979923499	10
EDDM3B	0	0.06925106421113011	1.877797074454755e-05	10
EDEM1	0	0.04821970574557778	0.4320189028687452	10
EDEM2	0	0.040569652244448605	0.5355244413493927	10
EDEM3	0	0.16617587432265277	0.4997504323173466	10
EDF1	0	0.2396874777972698	0.02830949102414118	10
EDIL3	0	0.10557739287614817	0.043226769258715506	10
EDN1	0	0.07081403806805606	0.01884909968213581	10
EDN2	0	0.03375696875154968	0.00013037165654879358	10
EDN3	0	0.04923639707267281	0.08948060698226032	10
EDNRA	0	0.5071640729904174	0.26441532343734436	10
EDNRB	0	0.07966895736753934	0.18949649429311569	10
EEA1	0	0.5399785965681076	0.4384003121202903	10
EED	0	0.594134870171547	0.34773627246059585	10
EEF1A1	0	0.7623925507068634	0.42262623427388457	10
EEF1A2	0	0.8354717314243316	0.6436361792833927	10
EEF1B2	0	0.1541395731270313	0.0013513585645045327	10
EEF1D	0	0.15043039098381994	0.4683439734272345	10
EEF1E1	0	0.05726561732590194	0.0012590983712934749	10
EEF1E1-BLOC1S5	0	0.19510493427515027	0.0026937896225091972	10
EEF1G	0	0.5310107618570328	0.0014210716592460346	10
EEF2	0	0.8694683253765106	0.5231599833825471	10
EEF2K	0	0.06327006891369816	0.4625343939531702	10
EEFSEC	0	0.04316373802721496	0.33712633712737555	10
EEPD1	0	0.05429743565618987	0.05136983718233683	10
EFCAB1	0	0.03293686900287861	0.00024539307789322643	10
EFCAB10	0	0.052599033713340716	0.004056529721313465	10
EFCAB11	0	0.03599629998207088	0.021399252887821203	10
EFCAB12	0	0.03262652121484276	0.03461514487588009	10
EFCAB13	0	0.03569987863302226	0.015309013780975045	10
EFCAB14	0	0.06809051074087615	0.45871783993391535	10
EFCAB2	0	0.04363750927150245	0.020603959497579368	10
EFCAB3	0	0.03374802507460113	1.9134984498850868e-05	10
EFCAB4A	0	0.04320423640310761	0.00023440827760152927	10
EFCAB4B	0	0.04487293623387807	0.03885448553893418	10
EFCAB5	0	0.03836769778281445	0.5811590348502691	10
EFCAB6	0	0.04603425823152062	0.7103286145207114	10
EFCAB7	0	0.049769791960716195	0.01864004244557037	10
EFCC1	0	0.060852075740694955	0.10553910426265356	10
EFEMP1	0	0.6589050889015198	0.01895767411453025	10
EFEMP2	0	0.07118426151573654	0.011557243210360115	10
EFHB	0	0.03532343916594979	0.11128740388009602	10
EFHC1	0	0.0865541741251945	0.31059047326729616	10
EFHC2	0	0.1830341979861259	0.5470529141044109	10
EFHD1	0	0.05724188499152656	0.00818871882323639	10
EFHD2	0	0.06196049824357029	0.27504948692526343	10
EFNA1	0	0.04844546578824514	0.002221422452549163	10
EFNA2	0	0.04865871481597418	0.09793586686354452	10
EFNA3	0	0.0718139801174402	0.48903153497616814	10
EFNA4	0	0.04565721862018104	0.00037943944234788756	10
EFNA5	0	0.40504581928253175	0.9150199830295236	10
EFNB1	0	0.16995042040944094	0.6106548468684359	10
EFNB2	0	0.74408860206604	0.6674344077955447	10
EFNB3	0	0.16154147312045092	0.24783178778060747	10
EFR3A	0	0.08534634932875626	0.7848619634982391	10
EFS	0	0.05382609665393825	0.005712863051765558	10
EFTUD1	0	0.08902451917529103	0.07123429105914911	10
EFTUD2	0	0.8081446349620819	0.5726208909740292	10
EGF	0	0.05026023946702474	0.3614356195657996	10
EGFL6	0	0.03425249420106405	0.00013792070826617437	10
EGFL7	0	0.04074753038585181	0.00648250712528792	10
EGFL8	0	0.04380536079406734	0.02755940482958762	10
EGFLAM	0	0.044903805851936276	0.0771727692548808	10
EGFR	0	0.28147446364164347	0.7454574539098417	10
EGLN1	0	0.5786801099777221	0.40196708432526346	10
EGLN2	0	0.14052562341094013	0.09353518325932164	10
EGLN3	0	0.06954858638346188	0.046213962772027564	10
EGR1	0	0.315267638862133	0.8088927685998923	10
EGR2	0	0.13663092404603955	0.9491758712623298	10
EGR3	0	0.4608726054430008	0.9783698531098025	10
EGR4	0	0.042218212410807573	0.635972159935842	10
EHBP1	0	0.6497364312410354	0.3467356251087641	10
EHBP1L1	0	0.08344148620963092	0.534747159762475	10
EHD1	0	0.3298917979001999	0.7861122380583289	10
EHD2	0	0.07067930214107034	0.2003806966884874	10
EHD3	0	0.06856791526079173	0.0083122054591791	10
EHD4	0	0.05318007394671435	0.15318062727199064	10
EHF	0	0.1207438953220844	0.1792793311339494	10
EHHADH	0	0.05049655511975283	0.6293307971188603	10
EHMT1	1	0.9103840682536933	0.34722646107620553	628
EHMT2	0	0.6630435347557068	0.5029700104299502	10
EI24	0	0.45460346788167955	0.17585922444952912	10
EID1	0	0.22093911617994305	0.011909035020529613	10
EID2	0	0.06828450150787826	0.08317851696362048	10
EID2B	0	0.0941448777914047	0.07328080281447628	10
EID3	0	0.03754421249032016	0.09899177229493489	10
EIF1	0	0.31244989335536955	0.003908075592553003	10
EIF1AD	0	0.03705373369157308	0.05559467389165519	10
EIF1AX	0	0.41822805553674697	0.01073338644070906	10
EIF1AY	0	0.0994593963027	5.361983357339796e-05	10
EIF1B	0	0.17379524856805798	6.0818332423653076e-06	10
EIF2A	0	0.0762488909065723	0.022522594720130452	10
EIF2AK1	0	0.08221065253019327	0.0967704262658479	10
EIF2AK2	0	0.3464196488261223	0.44866489840889345	10
EIF2AK3	0	0.2353950217366218	0.7105000270784332	10
EIF2AK4	0	0.2502830162644386	0.11433992305430282	10
EIF2B1	0	0.09225218333303922	0.050899395843508	10
EIF2B2	0	0.055540208891034074	0.056100901187900044	10
EIF2B3	0	0.11209113448858259	0.08521599050890477	10
EIF2B4	0	0.4343069359660149	0.017349186637999413	10
EIF2B5	0	0.20744937434792515	0.22169323366784416	10
EIF2D	0	0.054839554429054214	0.014139051824399018	10
EIF2S1	0	0.5239073514938355	0.00464794913110662	10
EIF2S2	0	0.4675574630498886	0.8941965259863933	10
EIF2S3	0	0.5888553142547608	0.2746999881089487	10
EIF3A	0	0.8696403086185456	0.9648487057417376	10
EIF3B	0	0.8123178243637085	0.46634654425705657	10
EIF3C	0	0.0767234586179256	0.446785366738483	10
EIF3D	0	0.7578041970729827	0.12260485162307053	10
EIF3E	0	0.5622584849596024	0.002564467222533056	10
EIF3F	0	0.22307752370834347	0.7156412272751487	10
EIF3G	1	0.374300093466533	0.14902977147559746	621
EIF3H	0	0.2237464919686317	0.00615856220867586	10
EIF3I	0	0.5011485606431961	0.03232246268943209	10
EIF3J	0	0.2300812408328056	0.45508417855251126	10
EIF3K	0	0.16173569634556767	0.08298822329911573	10
EIF3L	0	0.5964982300996781	0.010542172470611372	10
EIF3M	0	0.2077007815241813	0.0048021585503338	10
EIF4A1	0	0.7335770964622498	0.3244929002745173	10
EIF4A2	0	0.6485995024442672	0.043741435281040755	10
EIF4A3	0	0.7313509821891785	0.17288930660899976	10
EIF4B	0	0.7441177546977997	0.7474922887199102	10
EIF4E	0	0.4741136997938156	0.253131581428053	10
EIF4E1B	0	0.03589567504823203	0.23433225014752912	10
EIF4E2	0	0.15067929849028583	0.019256874897597524	10
EIF4E3	0	0.04098975099623199	0.28698422222968906	10
EIF4EBP1	0	0.06945133991539475	0.1391714481159067	10
EIF4EBP2	0	0.12188158929347985	0.0636096841856113	10
EIF4EBP3	0	0.047498460114002175	0.0032142304182232054	10
EIF4ENIF1	0	0.839388370513916	0.47397503230064686	10
EIF4G1	0	0.8398664891719818	0.8713071044027878	10
EIF4G2	0	0.6885659515857696	0.368905058570595	10
EIF4G3	0	0.8896522462368012	0.9401117046443419	10
EIF4H	0	0.3423089310526848	0.6157685723807435	10
EIF5	0	0.6802423387765885	0.923529691144466	10
EIF5A	0	0.26306613087654107	0.26716398704427496	10
EIF5A2	0	0.048131790384650194	0.30910557665956284	10
EIF5B	0	0.7267919540405273	0.9937724341088046	10
EIF6	0	0.09094580560922619	0.17833675725032094	10
ELAC1	0	0.08765707798302168	0.006724826210004806	10
ELAC2	0	0.061018734425306274	0.2268118913061349	10
ELANE	0	0.04140738472342486	0.08438190025337554	10
ELAVL1	0	0.7078769683837891	0.7228688323905142	10
ELAVL2	0	0.6727481186389923	0.9254705575278086	10
ELAVL3	1	0.6381265914915872	0.9901176055267641	639
ELAVL4	0	0.5918249517679215	0.964175043372783	10
ELF1	0	0.07230599373579019	0.06376527037671641	10
ELF2	0	0.5908276483416557	0.15308847604072828	10
ELF3	0	0.2781535774469376	0.04544613248646715	10
ELF4	0	0.04378053173422808	0.4243900952298378	10
ELF5	0	0.04125871099531645	0.0027008197128169107	10
ELFN1	0	0.692689397931099	0.43030591769097715	10
ELFN2	0	0.3623412504792213	0.4061556122210198	10
ELK1	0	0.4457235485315323	0.21319687486771519	10
ELK3	0	0.05513397566974158	0.05140195104147027	10
ELK4	0	0.0629858866333961	0.8833730721713794	10
ELL	0	0.22356921955943104	0.8685404225490536	10
ELL2	0	0.5994136989116668	0.6295607141257277	10
ELL3	0	0.03937502428889269	0.0006296979108599216	10
ELMO1	0	0.5872597426176072	0.3075952756961325	10
ELMO2	0	0.38550521880388255	0.07265075863676565	10
ELMO3	0	0.03854913935065264	0.14248799736470613	10
ELMOD1	0	0.17985480353236194	0.002032089465061911	10
ELMOD2	0	0.060844890028238244	0.0646319936530324	10
ELMOD3	0	0.04638040475547309	0.0004918888395118463	10
ELMSAN1	0	0.6568433105945587	0.4848216605230439	10
ELN	0	0.06846271380782123	0.2878630649749848	10
ELOF1	0	0.05019780658185476	0.11308251860739113	10
ELOVL1	0	0.1399652041494846	3.2443477192844777e-06	10
ELOVL2	0	0.05370950400829311	0.012184484462850271	10
ELOVL3	0	0.03446606453508133	0.09680487389963288	10
ELOVL4	0	0.1621937610208988	0.0004690162739538728	10
ELOVL5	0	0.2883996933698654	0.02890277033820442	10
ELOVL6	0	0.49327788650989535	0.4047887865414599	10
ELOVL7	0	0.03388157915323968	0.025248518903411336	10
ELP2	0	0.11208935603499408	0.38317192648687426	10
ELP3	0	0.07666565142571921	0.008386755582494815	10
ELP4	0	0.04735145568847651	0.5856281391437153	10
ELP5	0	0.07093359716236587	0.004108626973036695	10
ELP6	0	0.062111555784940695	0.09813852239262115	10
ELSPBP1	0	0.03772108554840084	0.0017782166863252135	10
ELTD1	0	0.04083292633295057	0.2945609693203307	10
EMB	0	0.03569395318627353	0.07007377129828705	10
EMC1	0	0.089870935678482	0.7136659207417813	10
EMC10	0	0.10469580069184299	0.08043676002572353	10
EMC2	0	0.07977232299745078	0.012653168612018983	10
EMC3	0	0.08109163530170914	0.0003177439779808337	10
EMC4	0	0.1783017076551914	0.09081220082257693	10
EMC6	0	0.08537612371146674	0.0008959278203897589	10
EMC7	0	0.19883219152688975	0.00401500684648449	10
EMC8	0	0.09741101786494251	0.03301836086389411	10
EMC9	0	0.040594197809696156	0.03634848682412236	10
EMCN	0	0.03561121262609955	0.025835103673288683	10
EMD	0	0.16664739623665806	0.5876513110090611	10
EME1	0	0.0457185842096805	0.0014262071267598189	10
EME2	0	0.05740269720554346	0.30564412272022456	10
EMG1	0	0.05873739272356029	0.01248310248300558	10
EMID1	0	0.07254093810915943	0.023565780935300422	10
EMILIN1	0	0.05603506080806252	0.2299556163122427	10
EMILIN2	0	0.03776767216622824	0.2830224636106762	10
EMILIN3	0	0.04744545184075827	0.045449406789291664	10
EML1	0	0.674912941455841	0.7350233266193933	10
EML2	0	0.04536577351391311	0.23999456248363912	10
EML3	0	0.14730338454246517	0.43392709769748583	10
EML4	0	0.13196807131171223	0.5950758119761146	10
EML5	0	0.2630208954215049	0.9854672189112785	10
EML6	0	0.20741769522428513	0.8110460254168421	10
EMP1	0	0.03766321614384646	0.039003206298257084	10
EMP2	0	0.040164597705006536	0.10531411902016415	10
EMP3	0	0.04240272417664523	0.001954668995124033	10
EMR1	0	0.04664974994957443	0.008145686604340428	10
EMR2	0	0.039052844420075374	0.011460801576395351	10
EMR3	0	0.03936407826840872	0.001009296971485421	10
EMX1	0	0.43108280599117277	0.000878392145557796	10
EMX2	0	0.3750562041997909	0.9257448419026375	10
EN1	0	0.2514834869652986	0.7979187315819256	10
EN2	0	0.08590703085064885	0.8485168646407566	10
ENAH	0	0.7364591300487519	0.6272043019270492	10
ENAM	0	0.038377062976360274	0.2505390933245844	10
ENC1	0	0.666134375333786	0.49068983177151804	10
ENDOD1	0	0.04478855617344374	0.006356919236230998	10
ENDOG	0	0.1363588377833366	0.21299716899329374	10
ENDOU	0	0.03305657729506487	0.09468566128332019	10
ENDOV	0	0.054968239739537204	0.024185630972150908	10
ENG	0	0.2328453660011291	0.1666623062787939	10
ENGASE	0	0.04164474233984941	0.1296515459257462	10
ENHO	0	0.09966515190899367	0.0012750171771842565	10
ENKD1	0	0.059259921312332084	0.1417403941877651	10
ENKUR	0	0.033940279856324154	0.02779148873632859	10
ENO1	0	0.16221322789788242	0.6136979599401198	10
ENO2	0	0.3482785299420357	0.19912793146751817	10
ENO3	0	0.038783416524529414	0.07027847362328962	10
ENOPH1	0	0.0931885033845901	0.000830977584280713	10
ENOSF1	0	0.03835406973958011	0.26285796732308503	10
ENOX1	0	0.11267281696200367	0.07862907102631259	10
ENOX2	0	0.04086480066180225	0.2852706527399553	10
ENPEP	0	0.04177104532718652	0.3513347343631537	10
ENPP1	0	0.08279385752975937	0.3256661525498795	10
ENPP2	0	0.11601332314312451	0.02886019481788981	10
ENPP3	0	0.040234631672501506	0.0011512924329875405	10
ENPP4	0	0.03858670853078361	0.49748788176509917	10
ENPP5	0	0.037189129367470694	0.1024482579149583	10
ENPP6	0	0.03651096299290653	0.06512377439439745	10
ENPP7	0	0.0400842204689979	0.10671168549696375	10
ENSA	0	0.12779380381107325	0.010028163686540964	10
ENTHD1	0	0.04000348486006255	0.11028573281061307	10
ENTHD2	0	0.04035108983516689	0.007978807683310288	10
ENTPD1	0	0.057606291770935014	0.059920428437389914	10
ENTPD2	0	0.043148203194141345	0.05907234355491978	10
ENTPD3	0	0.04337102286517614	0.0018077785665219584	10
ENTPD4	0	0.04728091843426225	0.03634777214494318	10
ENTPD5	0	0.03867321182042356	0.10368031645166678	10
ENTPD6	0	0.0588049624115228	0.003405008714180725	10
ENTPD7	0	0.03986837677657601	0.33074606908376725	10
ENTPD8	0	0.03683814071118826	0.01607220906255837	10
ENY2	0	0.29360238611698153	5.547830704429079e-05	10
EOGT	0	0.04301530607044691	0.059675284124842264	10
EOMES	0	0.5193205505609513	0.2704460278513744	10
EP300	1	0.9171042644484028	0.8956992890030274	628
EP400	0	0.7493678957223893	0.8563545768041039	10
EP400NL	0	0.058534893766045516	0.02583255467123895	10
EPAS1	0	0.12441712692379947	0.758952150466079	10
EPB41	0	0.15641789436340328	0.3695616879606273	10
EPB41L1	0	0.6974251121282578	0.7924182060161259	10
EPB41L2	0	0.3993661671876907	0.8667757174073454	10
EPB41L3	0	0.24155891090631482	0.8803045926044053	10
EPB41L4A	0	0.049225122481584505	0.24231179911645126	10
EPB41L4B	0	0.3416328057646751	0.29560588616845507	10
EPB41L5	0	0.11947934180498118	0.45452120860343764	10
EPB42	0	0.048398557305335946	0.007008325469133034	10
EPC1	0	0.9129668414592743	0.8711017230379563	10
EPC2	0	0.8348247468471527	0.38029006120370235	10
EPCAM	0	0.04466912671923633	0.0003335911222321081	10
EPDR1	0	0.05839356370270247	0.03654195806831599	10
EPG5	0	0.1274170577526092	0.6028982245885512	10
EPGN	0	0.03560048900544638	0.002344102949117553	10
EPHA1	0	0.04545495659112926	0.0075230332681842805	10
EPHA10	0	0.047252624109387346	0.23846931504692162	10
EPHA2	0	0.07766418047249316	0.2436597411075152	10
EPHA3	0	0.2663694396615028	0.582929122997152	10
EPHA4	0	0.9116088032722474	0.5868306189562467	10
EPHA5	0	0.3667272061109543	0.610636080860304	10
EPHA6	0	0.3676509067416191	0.4603966191148229	10
EPHA7	0	0.8542402625083924	0.5080351094108617	10
EPHA8	0	0.049158946424722634	0.19525394229098775	10
EPHB1	0	0.8444688379764557	0.6188961982163418	10
EPHB2	0	0.8967181026935578	0.4262207931966813	10
EPHB3	0	0.2113333605229854	0.15024523764835296	10
EPHB4	0	0.129554109275341	0.26278987156667	10
EPHB6	0	0.18723863065242763	0.15019877286642924	10
EPHX1	0	0.05599173642694945	0.004036565880795394	10
EPHX2	0	0.04128028564155098	0.08031537594041493	10
EPHX3	0	0.036240902543067874	0.09318753425608108	10
EPHX4	0	0.0385395180433988	0.0001663955085681415	10
EPM2A	0	0.05503433234989639	0.00038511156163098954	10
EPM2AIP1	0	0.2963792964816093	0.40228167483344046	10
EPN1	0	0.23758902326226233	0.31536107276886083	10
EPN2	0	0.38889636695384977	0.2899438625536269	10
EPN3	0	0.04036683999001975	0.13528864662186216	10
EPO	0	0.05342345722019667	0.20296898774921654	10
EPOR	0	0.0538764920085668	0.022810462277280223	10
EPPIN	0	0.045645338669419236	0.004410565808937117	10
EPPIN-WFDC6	0	0.055156093463301636	6.89423851623113e-05	10
EPPK1	0	0.08678894788026807	0.31689093554702874	10
EPRS	0	0.3334015756845474	0.6245406392317185	10
EPS15	0	0.1563107833266258	0.6531361446214733	10
EPS15L1	0	0.6009497582912445	0.6006718953207534	10
EPS8	0	0.3610535562038421	0.535144165992312	10
EPS8L1	0	0.03735096938908095	0.037577902954977496	10
EPS8L2	0	0.11290500909090037	0.21105554045103875	10
EPS8L3	0	0.03708951324224468	0.02574810834766328	10
EPSTI1	0	0.0337728932499885	0.07607362461020922	10
EPT1	0	0.24543376639485354	0.10091568927953372	10
EPX	0	0.040107912197709025	0.20392664572770752	10
EPYC	0	0.04019735492765898	1.1441823681084432e-05	10
EQTN	0	0.051334394514560656	0.0001849393069089103	10
ERAL1	0	0.06499090492725366	0.005771638322673946	10
ERAP1	0	0.04323739744722839	0.6164982324773179	10
ERAP2	0	0.04000086858868595	0.01880301958295396	10
ERAS	0	0.04387927353382106	0.26645175895627765	10
ERBB2	0	0.3347756519913673	0.08085989371099919	10
ERBB2IP	0	0.4619298964738846	0.8265045133284776	10
ERBB3	0	0.09958114810287946	0.04446594725168035	10
ERBB4	0	0.8070739924907684	0.84323594388015	10
ERC1	0	0.419948074221611	0.2738383370686074	10
ERC2	0	0.7921438395977021	0.8166403673714836	10
ERCC1	0	0.0940744243562221	0.1917038469940516	10
ERCC2	0	0.07067542783915992	0.2182783387347241	10
ERCC3	0	0.1389704897999763	0.5858466331742237	10
ERCC4	0	0.0479012336581945	0.6772243197778279	10
ERCC5	0	0.03909947834908958	0.486621380987145	10
ERCC6	0	0.08145600222051139	0.8119237126674946	10
ERCC6L	0	0.596668866276741	0.4095871037457341	10
ERCC6L2	0	0.12705049514770503	0.7844423480634239	10
ERCC8	0	0.05248599797487256	0.35105521721034516	10
EREG	0	0.04277870245277878	0.09506463330082111	10
ERF	0	0.6622309625148773	0.3804740828776322	10
ERG	0	0.634643304347992	0.42753354843558194	10
ERGIC1	0	0.1771867178380489	0.4591225879590118	10
ERGIC2	0	0.09104500785470004	0.4956808273701873	10
ERGIC3	0	0.14358270391821856	0.3283624165156477	10
ERH	0	0.366867795586586	0.07959234768683858	10
ERI1	0	0.05809468105435365	0.09296512455699027	10
ERI2	0	0.05189133286476131	0.002595141905382933	10
ERI3	0	0.17002622038125986	0.0028804796501902936	10
ERICH1	0	0.0786311343312263	0.0021009917875756227	10
ERLEC1	0	0.06038245707750315	0.0004268702169580348	10
ERLIN1	0	0.04370993115007873	0.013075074120513069	10
ERLIN2	0	0.07224966846406458	0.3317686259175119	10
ERMAP	0	0.0302254311740398	0.005874714205086838	10
ERMARD	0	0.06253436803817744	0.0017921954681626895	10
ERMN	0	0.042334776371717384	0.04208035113015504	10
ERMP1	0	0.0561170388013124	0.02143223147380971	10
ERN1	0	0.39569624811410903	0.7772490823347078	10
ERN2	0	0.05180437006056304	0.0017689403835805136	10
ERO1L	0	0.2873344197869301	0.010772720643807718	10
ERO1LB	0	0.061747970804572026	0.07228189019627411	10
ERP27	0	0.03174171373248094	0.00914962179157663	10
ERP29	0	0.15202006399631496	0.022634406438542674	10
ERP44	0	0.514690962433815	0.14185458578783383	10
ERRFI1	0	0.054394750297069513	0.03547897207179347	10
ERV3-1	0	0.09499247372150417	0.03362640223913548	10
ERVFRD-1	0	0.05009326487779612	0.3713102177535307	10
ERVW-1	0	0.07555238083004948	0.38179093690982413	10
ESAM	0	0.03834596239030359	0.0024373772952362197	10
ESCO1	0	0.4372532144188881	0.23069744698256525	10
ESCO2	0	0.050761457905173245	0.09570241518223019	10
ESD	0	0.08737208545207971	0.018145500297192793	10
ESF1	0	0.2961536258459091	0.17834127569082128	10
ESM1	0	0.04013556651771065	0.01525528070135572	10
ESPL1	0	0.4708163321018219	0.09786943349123338	10
ESPN	0	0.04751362837851044	0.20731485040412614	10
ESPNL	0	0.04331250898540017	0.013029688248046106	10
ESR1	0	0.5373559564352035	0.4750153834210152	10
ESR2	0	0.08691810034215447	0.06836801061868922	10
ESRP1	0	0.3971543535590172	0.4442820241349657	10
ESRP2	0	0.04583659358322616	0.3270866340158298	10
ESRRA	0	0.1258737966418266	0.010765407305859415	10
ESRRB	0	0.10308821275830264	0.12710898928123476	10
ESRRG	0	0.3633424028754234	0.08966002710545137	10
ESX1	0	0.05565803349018095	0.222251891331688	10
ESYT1	0	0.10926034525036807	0.5989130909834903	10
ESYT2	0	0.15225597172975536	0.22282691927062492	10
ESYT3	0	0.03874910585582253	0.7411463854150871	10
ETAA1	0	0.05610887799412005	0.23097795421147102	10
ETF1	0	0.5561331063508987	0.7012813281330816	10
ETFA	0	0.06551920212805266	0.049779288288291076	10
ETFB	0	0.07795754633843893	0.16185964087405796	10
ETFDH	0	0.06409130506217475	0.1093940778674261	10
ETHE1	0	0.04454331547021863	0.0002711704912551384	10
ETNK1	0	0.3945941135287285	0.01256949196334951	10
ETNK2	0	0.03814732730388638	0.03250547441521971	10
ETNPPL	0	0.07775464728474613	0.0014499661367213307	10
ETS1	0	0.3196505457162857	0.14776175781371176	10
ETS2	0	0.34611791670322417	0.1659714683953588	10
ETV1	0	0.6604913204908371	0.17201651312449204	10
ETV2	0	0.03357491660863156	0.02011501721228888	10
ETV3	0	0.4134475141763687	0.2140566040133362	10
ETV3L	0	0.04059206657111639	0.0017558790368711976	10
ETV4	0	0.05698152221739287	0.11351588122635066	10
ETV5	0	0.5924665987491607	0.6395252694059342	10
ETV6	0	0.6958482235670089	0.3393261364768164	10
ETV7	0	0.04641101658344264	0.002760934882390202	10
EVA1A	0	0.0482957478612661	0.00045170701987434856	10
EVA1B	0	0.06460382528603072	0.24477603073929383	10
EVA1C	0	0.0691933918744325	0.00016490478195687962	10
EVC	0	0.04602420255541797	0.013979805341317469	10
EVC2	0	0.03805936239659781	0.09130552747038209	10
EVI2A	0	0.036551828682422585	0.052364898622115054	10
EVI2B	0	0.03603182956576342	0.07612107373682328	10
EVI5	0	0.059324721246957736	0.5348491947749684	10
EVI5L	0	0.6076350212097168	0.12232929706314	10
EVL	0	0.5361085861921311	0.34533893895781065	10
EVPL	0	0.050050373375415756	0.2075428106149919	10
EVPLL	0	0.0432498093694448	0.0031048360741120487	10
EVX1	0	0.06325686611235137	0.030876148725292617	10
EVX2	0	0.045069212093949276	0.6285088906136681	10
EWSR1	0	0.9058064579963684	0.9960438158400866	10
EXD1	0	0.04455664753913875	0.002002077619432844	10
EXD2	0	0.0454310685396194	0.00928021864850309	10
EXD3	0	0.06164574697613712	0.025663593729924078	10
EXO1	0	0.0384914562106132	0.12518713625717187	10
EXO5	0	0.047692164406180335	0.014000072882323394	10
EXOC1	0	0.5827822029590607	0.03562156673447014	10
EXOC2	0	0.12605339288711542	0.18627348142727107	10
EXOC3	0	0.3287024065852165	0.5828361625808378	10
EXOC3L1	0	0.03590046111494297	0.08615279470709294	10
EXOC3L2	0	0.04354266077280039	0.0029840602958268398	10
EXOC3L4	0	0.051492232456803275	0.07976518068709365	10
EXOC4	0	0.24919146075844764	0.8813330058292264	10
EXOC5	0	0.6375331878662109	0.720245278306408	10
EXOC6	0	0.16810398995876308	0.08639369756673303	10
EXOC6B	0	0.2548272013664245	0.7783724844860669	10
EXOC7	0	0.3082792326807976	0.23042166939197295	10
EXOC8	0	0.6503606230020523	0.06495154493339333	10
EXOG	0	0.04346628822386261	0.0023725778276597995	10
EXOSC1	0	0.04351802319288249	0.012757874628763249	10
EXOSC10	0	0.12305655181407923	0.26343324917795796	10
EXOSC2	0	0.0348769454285502	0.0005823014864939289	10
EXOSC3	0	0.036118014156818326	0.00315661236939344	10
EXOSC4	0	0.04661436192691323	0.16448877392929073	10
EXOSC5	0	0.05280568599700923	0.009650971673160928	10
EXOSC6	0	0.22021178081631657	0.006002533961516396	10
EXOSC7	0	0.04567492306232448	0.11014244941301579	10
EXOSC8	0	0.05091388598084445	0.04947325051359715	10
EXOSC9	0	0.04854913540184492	0.001601330248439304	10
EXPH5	0	0.03573973141610618	0.5399924869417568	10
EXT1	0	0.771056181192398	0.8204249729568855	10
EXT2	0	0.0486714512109756	0.5278770377045382	10
EXTL1	0	0.04000952001661057	0.1557239206927551	10
EXTL2	0	0.044999666139483405	0.06288079422031165	10
EXTL3	0	0.158649718016386	0.29813950649639553	10
EYA1	0	0.4425736993551254	0.850796149546037	10
EYA2	0	0.15700152441859244	0.5394954744317993	10
EYA3	0	0.5529743432998657	0.19735363711465098	10
EYA4	0	0.08133604153990744	0.3961436007748228	10
EYS	0	0.057060186192393246	0.03581311173797908	10
EZH1	0	0.652104526758194	0.31268959570564153	10
EZH2	0	0.8329088032245636	0.7816761904381768	10
EZR	0	0.3922769516706467	0.22763837917750465	10
F10	0	0.03628787174820894	0.10947472579511061	10
F11	0	0.04649705439805981	0.012524090940505888	10
F11R	0	0.04142898023128504	0.00993144742499446	10
F12	0	0.04668363295495505	0.0004662718506093336	10
F13A1	0	0.04177861437201496	0.30803776870070654	10
F13B	0	0.03533127643167968	0.4938800899408521	10
F2	0	0.08740487955510612	0.25193242015774425	10
F2R	0	0.058410645648837044	0.017738295285428043	10
F2RL1	0	0.03748105876147742	0.0015490435764249604	10
F2RL2	0	0.03418130688369269	0.0003487760579579536	10
F2RL3	0	0.03837498687207694	5.932987633874716e-06	10
F3	0	0.0626847848296165	0.09305450623454765	10
F5	0	0.07412402480840678	0.7205622173423191	10
F7	0	0.0377321701496839	0.07738834837390246	10
F8	0	0.5874913424253464	0.6317540264154455	10
F9	0	0.4193505018949509	0.1813647960684636	10
FA2H	0	0.05758139975368972	0.0011654864674396814	10
FAAH	0	0.05484614633023734	0.16221796732948393	10
FAAH2	0	0.0466805379837751	0.22069704132713594	10
FABP1	0	0.03906195834279056	0.009112067060825667	10
FABP12	0	0.03164057992398735	0.004522975663649103	10
FABP2	0	0.03404978513717648	6.216653365594334e-05	10
FABP3	0	0.06143578737974163	0.009463252379919714	10
FABP4	0	0.0601720087230205	3.281947589485159e-05	10
FABP5	0	0.09738283455371852	0.003504427252593545	10
FABP6	0	0.03383855633437629	0.06450890020263095	10
FABP7	0	0.1327082142233848	0.00022796924053751461	10
FABP9	0	0.053825719282031004	0.001783240156159003	10
FADD	0	0.06008784845471378	0.0035831601897045482	10
FADS1	0	0.5049761414527894	0.184458809908768	10
FADS2	0	0.8514804542064667	0.02237086309003057	10
FADS3	0	0.28200986534357064	0.13111822129187087	10
FADS6	0	0.03470164574682707	0.00035168157693041496	10
FAF1	0	0.766775494813919	0.16584930925023594	10
FAF2	0	0.6044113337993622	0.19563373407473764	10
FAH	0	0.04991851374506946	0.05050587752917707	10
FAHD1	0	0.04273438900709148	2.3718000003316465e-05	10
FAHD2A	0	0.039407203346490824	0.056848266207888576	10
FAHD2B	0	0.035699084959924174	0.04368858261889044	10
FAIM	0	0.04091624543070788	3.176891252517818e-05	10
FAIM2	0	0.11890061572194095	0.010384153897873945	10
FAIM3	0	0.04218831546604629	0.02658339215161542	10
FAM101A	0	0.03986093737184996	0.00787211534148589	10
FAM101B	0	0.12689700797200199	0.22085146638235162	10
FAM102A	0	0.06921483352780337	0.2551979755926049	10
FAM102B	0	0.04013894684612744	0.05952709370244648	10
FAM103A1	0	0.0470919325947761	0.005691125631589947	10
FAM104A	0	0.03903967514634129	0.14147955890688352	10
FAM104B	0	0.03497454375028605	0.013385333419109021	10
FAM105A	0	0.03489757385104892	0.17945704923468547	10
FAM105B	0	0.0812453836202621	0.18012827075502819	10
FAM107A	0	0.08151237405836578	0.0028012966820379756	10
FAM107B	0	0.08129227235913271	0.0688003158544936	10
FAM109A	0	0.03947324082255359	0.004751019520069283	10
FAM109B	0	0.03713488467037674	0.0009584846443397063	10
FAM110A	0	0.054718356579542105	0.0019700401471370015	10
FAM110B	0	0.17403810918331145	0.30120882056340104	10
FAM110C	0	0.050036234781145994	0.2416493757881014	10
FAM110D	0	0.05268105827271933	0.0008224568990225624	10
FAM111A	0	0.04334228783845897	0.012116420508089792	10
FAM111B	0	0.042409181967377606	0.19327009203313428	10
FAM114A1	0	0.04431243725121015	0.03432649796938596	10
FAM114A2	0	0.043575739488005596	0.22112219949444842	10
FAM115A	0	0.3723073050379753	0.06286603623892029	10
FAM117A	0	0.06401660256087775	0.0016331377150507324	10
FAM117B	0	0.08656498342752453	0.5849181825547317	10
FAM118A	0	0.04629347547888752	0.26827316185912564	10
FAM118B	0	0.03649769723415369	0.07169762696864772	10
FAM120A	0	0.8727926731109619	0.9057262352619174	10
FAM120AOS	0	0.04900634996592993	0.20804824958256432	10
FAM120B	0	0.05441864058375353	0.010543167790766913	10
FAM120C	0	0.7494814813137054	0.41129595443749567	10
FAM122A	0	0.0545230075716972	0.23672932260295868	10
FAM122B	0	0.08030397333204743	0.38374442756012556	10
FAM122C	0	0.03261956218630072	1.4231489862518633e-05	10
FAM124A	0	0.04863424040377135	0.15276034553928053	10
FAM124B	0	0.03854346834123131	0.0018085822147047288	10
FAM126A	0	0.1318391747772693	0.6323027776009416	10
FAM126B	0	0.23963539749383922	0.6802614217362221	10
FAM127A	0	0.10894273146986957	0.000861972527551023	10
FAM127B	0	0.09821033775806423	0.0010135487050275903	10
FAM127C	0	0.03503530137240881	9.024218212450806e-05	10
FAM129A	0	0.03618445098400111	0.16292794148665024	10
FAM129B	0	0.08634904585778706	0.250366670184751	10
FAM129C	0	0.03591619133949276	0.03819887845770645	10
FAM131A	0	0.09368908666074272	0.01324006489828286	10
FAM131B	0	0.3686911165714264	0.008317041960899631	10
FAM131C	0	0.04272514730691907	0.11252185771363805	10
FAM132A	0	0.0558638975024223	0.13830664156027017	10
FAM133A	0	0.04156120009720321	0.07332796011323112	10
FAM133B	0	0.08630018569529052	0.002079833734828946	10
FAM134A	0	0.15163407325744627	0.07617549374824807	10
FAM134B	0	0.06946928724646563	0.0036722556975921973	10
FAM134C	0	0.07371318042278285	0.00721951251196752	10
FAM135A	0	0.5258118569850921	0.8013376474034622	10
FAM135B	0	0.47282047271728517	0.7748167748940216	10
FAM136A	0	0.04372141100466248	0.0007586260232779452	10
FAM13A	0	0.13186156824231143	0.4856688907300336	10
FAM13B	0	0.6546946704387665	0.8942879618973614	10
FAM13C	0	0.07542709335684772	0.06782018225118551	10
FAM149A	0	0.03656835667788978	0.2608808005721371	10
FAM150A	0	0.04066229648888105	1.710724585307719e-05	10
FAM150B	0	0.04968635961413378	0.00037911208512816713	10
FAM151A	0	0.035618949681520407	0.049108890657148005	10
FAM151B	0	0.035506023280322506	6.619592755605266e-06	10
FAM153A	0	0.05709454938769337	0.13537654127600282	10
FAM153C	0	0.05471527129411693	0.12943064754115935	10
FAM154A	0	0.039379052445292426	0.018547482608681644	10
FAM154B	0	0.0393710289150476	0.0076306427127038005	10
FAM155A	0	0.4113315761089325	0.8727053134091275	10
FAM155B	0	0.06591036953032012	0.4035082392455533	10
FAM159A	0	0.039623094350099516	0.005144091256452766	10
FAM159B	0	0.04931350834667679	0.00035558466674520987	10
FAM160A2	0	0.2684020675718784	0.0018432576671408491	10
FAM160B1	0	0.4937826991081238	0.6937769097885873	10
FAM160B2	0	0.05124974213540549	0.05959441444664142	10
FAM161A	0	0.07722385600209232	0.29323869912950573	10
FAM161B	0	0.03571793287992473	0.015484675435537939	10
FAM162A	0	0.05877214148640627	0.0005938449210050305	10
FAM162B	0	0.03921049945056435	0.0003272718953106691	10
FAM163A	0	0.0348330989480018	0.01215351383361198	10
FAM163B	0	0.05275272764265534	0.00041835254616251586	10
FAM166A	0	0.03496932871639724	0.025976836292657672	10
FAM166B	0	0.03363450355827803	0.0018131207149583827	10
FAM167A	0	0.039565940201282464	0.06499591783779664	10
FAM167B	0	0.03688265401870008	0.0017214417532598896	10
FAM168A	0	0.6333538293838501	0.34258118914909697	10
FAM168B	0	0.086346511170268	0.1552561356385777	10
FAM169A	0	0.5858309179544449	0.14424557204919025	10
FAM169B	0	0.03381915390491479	0.03708097821461297	10
FAM170A	0	0.08289873749017712	5.142021579700096e-05	10
FAM171A1	0	0.41370762288570406	0.2803434097902198	10
FAM171B	0	0.6363694578409195	0.2727659137111303	10
FAM172A	0	0.09707650467753406	0.3944930961859834	10
FAM173A	0	0.09648134596645827	0.00017602624372133388	10
FAM173B	0	0.033734197542071284	0.014567312854134559	10
FAM174A	0	0.0371713280677795	0.20664364775856328	10
FAM174B	0	0.03858313523232932	0.3217332377356633	10
FAM175A	0	0.03609522972255941	0.15218204535752164	10
FAM175B	0	0.06135898083448406	0.000561854084711933	10
FAM177A1	0	0.057799646258354154	0.0022880713152027246	10
FAM177B	0	0.03302701711654659	0.00047817746862314993	10
FAM178A	0	0.16168438121676443	0.8572834789408509	10
FAM178B	0	0.056218894571065846	0.0006489418051226976	10
FAM179A	0	0.04698030389845367	0.059417925758657154	10
FAM179B	0	0.27793089821934697	0.41751110596417246	10
FAM180A	0	0.03409483265131708	0.0019818186507710657	10
FAM180B	0	0.05726013928651806	0.05884958311238027	10
FAM181A	0	0.03288353197276589	0.0017538338392538715	10
FAM181B	0	0.14306055828928943	0.2917525932452772	10
FAM183A	0	0.03249969277530903	8.642121620855254e-05	10
FAM183B	0	0.11612446941435332	0.13361716567244422	10
FAM184A	0	0.07411119900643823	0.211538631083237	10
FAM186B	0	0.03470138888806099	0.039031684433565486	10
FAM187A	0	0.05820253230631347	0.01832002137656013	10
FAM187B	0	0.03375635650008913	0.09417922098731787	10
FAM188A	0	0.21245045736432072	0.13004456381213092	10
FAM188B	0	0.048810733109712554	0.24155431114348175	10
FAM189A2	0	0.03680164366960522	0.12251768232205558	10
FAM189B	0	0.04880177155137058	0.1835241501222616	10
FAM192A	0	0.0792183861136436	0.32758317298750794	10
FAM193A	0	0.569853886961937	0.9487676488432836	10
FAM193B	0	0.2614450462162494	0.10054399641655405	10
FAM194A	0	0.04296152405440802	0.3612765393697206	10
FAM195A	0	0.10596987977623935	0.24998737073944413	10
FAM195B	0	0.14586113467812534	0.010829508761492407	10
FAM196A	0	0.09148193560540671	0.32922429651646007	10
FAM198B	0	0.03228591140359635	0.07055548601612074	10
FAM199X	0	0.1907113119959831	0.05667731805079573	10
FAM19A1	0	0.05358597114682194	0.1188554387440528	10
FAM19A2	0	0.04225002005696292	0.013992691828591631	10
FAM19A3	0	0.034955384396016545	0.0006463085796102833	10
FAM19A4	0	0.03299328312277789	0.0041288007816607415	10
FAM19A5	0	0.06711784563958641	0.17428468195085658	10
FAM200A	0	0.051148451864719335	0.006358298060556258	10
FAM204A	0	0.11148171499371524	0.17279465464096117	10
FAM206A	0	0.0323596645146608	0.009425406226207512	10
FAM207A	0	0.03954746462404724	0.009163846028750566	10
FAM208A	0	0.5064757615327835	0.82450428345369	10
FAM208B	0	0.1323193039745092	0.7228407390261492	10
FAM209A	0	0.03175554424524301	0.00033877307875324346	10
FAM209B	0	0.03224985841661687	0.00118443311565685	10
FAM20A	0	0.04350591897964472	0.09135699224184805	10
FAM20B	0	0.05532563552260393	0.17148723696155171	10
FAM20C	0	0.09406387470662589	0.011417785452398806	10
FAM210A	0	0.04924004040658469	0.00602596754286895	10
FAM210B	0	0.055936570465564675	0.005196323196449442	10
FAM211A	0	0.061902295053005194	0.028689025916170164	10
FAM211B	0	0.03912142068147654	0.002082302163598581	10
FAM212A	0	0.0407802283763885	0.03896568083679017	10
FAM212B	0	0.03687482886016364	0.01928913406490248	10
FAM213A	0	0.0920667044818401	0.0189552686142474	10
FAM213B	0	0.05987946577370161	0.00854319301666122	10
FAM214A	0	0.20762311071157452	0.3513660749931561	10
FAM214B	0	0.07229113765060897	0.04679225069871005	10
FAM216A	0	0.037689593248069246	0.0066494921983078405	10
FAM216B	0	0.03210405614227051	0.005804473034633455	10
FAM217A	0	0.033549548126757076	0.016263359166349856	10
FAM217B	0	0.20644727945327754	0.00210560685325223	10
FAM218A	0	0.06398346871137614	4.075967397326664e-06	10
FAM219A	0	0.0939715456217527	0.008583077054322829	10
FAM219B	0	0.09138925857841965	0.07210571487352364	10
FAM21B	0	0.06416317634284491	0.960588387699504	10
FAM220A	0	0.05225188881158825	7.22502463722935e-05	10
FAM221A	0	0.03365387432277196	0.010335531214558852	10
FAM221B	0	0.03367879763245577	0.20483624728226918	10
FAM222A	0	0.09958998672664161	0.34864798035849665	10
FAM222B	0	0.054096663743257466	0.45727808643870055	10
FAM227B	0	0.036195994913577986	0.11595041398707309	10
FAM228A	0	0.032850339449942055	0.00010585002225907316	10
FAM228B	0	0.11741628423333164	0.0009137668773829428	10
FAM229B	0	0.08784636408090588	7.5975363667892014e-06	10
FAM24A	0	0.03474137485027308	1.2173915842599863e-05	10
FAM24B	0	0.03118691127747291	8.886176352704091e-05	10
FAM26D	0	0.032867256924509966	0.0051056404149973904	10
FAM26E	0	0.03265190757811063	0.06617902264833941	10
FAM26F	0	0.05692403949797148	0.0007829640195434548	10
FAM32A	0	0.10236606672406193	0.007078852202006018	10
FAM35A	0	0.04018497429788108	0.041226706313569055	10
FAM3A	0	0.06341032907366749	0.008942350907108241	10
FAM3B	0	0.03485363312065598	0.0014816032281773253	10
FAM3C	0	0.14427010826766487	0.016579176995583353	10
FAM3D	0	0.037444877624511666	0.0022974046625674907	10
FAM45A	0	0.03855929449200626	0.002650139756615099	10
FAM46A	0	0.19080824106931682	0.3687712831293039	10
FAM46B	0	0.04246340394020075	0.24559006591799162	10
FAM46C	0	0.21268104687333103	0.7328913162226527	10
FAM46D	0	0.06723244301974769	0.1155441975330217	10
FAM47A	0	0.06611612029373644	0.0016554929529533102	10
FAM47B	0	0.07253387793898579	0.047324858877685214	10
FAM47C	0	0.05684406869113441	0.00116079203275133	10
FAM47E	0	0.0462169241160154	0.0995605710173288	10
FAM47E-STBD1	0	0.0632029946893453	0.045649466134487546	10
FAM49A	0	0.28215428143739696	0.04303705839194133	10
FAM49B	0	0.4343939274549484	0.22257263271218197	10
FAM50A	0	0.6476630538702011	0.14701297339951275	10
FAM50B	0	0.06146675907075401	0.0002485032286436939	10
FAM53A	0	0.03968031927943223	0.006404065188900644	10
FAM53B	0	0.12003069147467609	0.03616582736982247	10
FAM53C	0	0.05449719391763206	0.011096747818971568	10
FAM57A	0	0.03760994933545585	0.0048082277190711715	10
FAM57B	0	0.11774854511022563	0.13981585233888963	10
FAM58A	0	0.15283585079014297	1.1961067921048358e-05	10
FAM60A	0	0.3067438468337059	0.001039789848505392	10
FAM63A	0	0.04141461290419097	0.005819747837978642	10
FAM63B	0	0.11009580045938487	0.4153149170845777	10
FAM64A	0	0.03869863301515575	0.00027464068544584194	10
FAM65A	0	0.5045554727315903	0.19225765993619875	10
FAM65B	0	0.3133913397789001	0.42582064831545974	10
FAM65C	0	0.044738088920712425	0.2655228576147856	10
FAM69A	0	0.20880693346261975	0.01669981829972126	10
FAM69B	0	0.05098314061760898	0.14746118152173324	10
FAM69C	0	0.060731202363967854	0.09379308352558338	10
FAM71A	0	0.07491203546524042	0.1775084986995177	10
FAM71B	0	0.03263009078800675	0.08067093994825685	10
FAM71C	0	0.03464220054447646	0.000536532916355736	10
FAM71D	0	0.10732943154871458	0.0007733648442920639	10
FAM71E1	0	0.03799302559345955	0.004612917624256138	10
FAM71F1	0	0.03474013581871982	0.002797104916456299	10
FAM71F2	0	0.03370495978742833	0.01198816559342602	10
FAM72B	0	0.04879357367753978	0.00954304202846353	10
FAM72D	0	0.05610590130090709	0.09951234005567153	10
FAM73A	0	0.11628211885690684	0.03971381365507945	10
FAM73B	0	0.0682821128517389	0.1517958629707522	10
FAM76A	0	0.046755122020840624	0.027231893379134692	10
FAM76B	0	0.06670335531234736	0.5895222944781268	10
FAM78A	0	0.03618344925343984	0.1822300500826256	10
FAM78B	0	0.04302451908588405	0.04116730027186151	10
FAM81A	0	0.08202448002994056	0.5663155114720043	10
FAM81B	0	0.03258115984499449	1.4684585560377061e-05	10
FAM83A	0	0.04444584511220449	0.016594610939566056	10
FAM83B	0	0.0497355483472347	0.511691860781484	10
FAM83C	0	0.03372655436396594	0.21480884772119085	10
FAM83D	0	0.03319056630134578	0.32692190774428453	10
FAM83E	0	0.0382360845804214	0.00752037064918412	10
FAM83F	0	0.0317908383905887	0.08423078900231105	10
FAM83G	0	0.05394527129828926	0.8400472433632362	10
FAM83H	0	0.17611394077539438	0.2223031389083791	10
FAM84A	0	0.08817633204162116	0.09483066761717736	10
FAM84B	0	0.05242301784455773	0.18807996298938856	10
FAM86A	0	0.04416172690689561	0.006640284543454791	10
FAM86B1	0	0.057034928724169674	0.04480209833138969	10
FAM86B2	0	0.05349008254706855	0.00488156783994311	10
FAM86C1	0	0.03409726861864324	0.0004293067349773241	10
FAM89A	0	0.07116956152021879	0.01823665820897754	10
FAM89B	0	0.17310467809438704	5.045480186127737e-05	10
FAM8A1	0	0.0553706862032413	0.024425415383833658	10
FAM90A1	0	0.04396737478673453	0.005532374960906599	10
FAM91A1	0	0.14304973408579824	0.5314146591841679	10
FAM92A1	0	0.05443925373256202	0.010707094877310896	10
FAM92B	0	0.034602183476090384	0.10117532720810558	10
FAM96A	0	0.03618867807090277	3.031835416666197e-05	10
FAM96B	0	0.138040579855442	0.006638139117011839	10
FAM98A	0	0.18202853761613366	0.434405220933013	10
FAM98B	0	0.055839582532644226	0.11191258238804806	10
FAM98C	0	0.03774389512836927	0.00409551784664082	10
FAM9A	0	0.03599100671708581	0.13916534284100684	10
FAM9B	0	0.035151324793696356	0.010617085297320191	10
FAM9C	0	0.034082977660000256	0.0005487846338728958	10
FAN1	0	0.039932065457105606	0.3001480904391927	10
FANCA	0	0.04618925675749776	0.152007252542468	10
FANCB	0	0.2016159407794475	0.007733806338908028	10
FANCC	0	0.03706045038998123	0.0022283915365862656	10
FANCD2	0	0.055282569304108575	0.08637004801088025	10
FANCD2OS	0	0.05247274599969383	0.001517674492082389	10
FANCE	0	0.03473224155604836	0.04085057478724373	10
FANCF	0	0.04422008693218226	0.0011503803889464008	10
FANCG	0	0.041826841235160776	0.005113048418435773	10
FANCI	0	0.05336699523031705	0.2168383210037741	10
FANCL	0	0.05523297674953932	0.00020424344984491233	10
FANCM	0	0.0772315457463264	0.6025183748855032	10
FANK1	0	0.03496152050793166	0.003691997810456889	10
FAP	0	0.056513296440243665	0.05022745584964675	10
FAR1	0	0.6442171782255173	0.23398690396410454	10
FAR2	0	0.16725484207272526	0.06819099154986744	10
FARP1	0	0.16435142233967778	0.8447410192801306	10
FARP2	0	0.059481372684240294	0.03754107496251644	10
FARS2	0	0.05218457132577892	0.0015646779811253372	10
FARSA	0	0.06914806552231305	0.1653468735257937	10
FARSB	0	0.09012766294181343	0.3955718201500537	10
FAS	0	0.11981164962053295	0.15225235172746016	10
FASLG	0	0.0565820965915918	0.0004234011486238277	10
FASN	0	0.8319786012172699	0.6335895176248963	10
FASTK	0	0.12145062014460561	0.017654559478249343	10
FASTKD1	0	0.03683424405753607	0.48859058108816755	10
FASTKD2	0	0.04317214153707024	0.23909804679539573	10
FASTKD3	0	0.03496704064309592	0.005697809273291816	10
FASTKD5	0	0.04045695811510081	0.0001210193061620222	10
FAT1	0	0.10981584936380381	0.6774895772690701	10
FAT2	0	0.08513901755213735	0.6986632775412802	10
FAT3	0	0.8269106864929199	0.9253386750045761	10
FAT4	0	0.6616317391395569	0.8799501074432048	10
FATE1	0	0.0331362918019294	0.00019078711057041585	10
FAU	0	0.2479819595813751	0.2044708218988441	10
FAXC	0	0.29295020550489426	0.31598153394679435	10
FAXDC2	0	0.0621374517679214	0.05887280769376033	10
FBF1	0	0.03815548457205291	0.00945937445274608	10
FBL	0	0.5001004472374916	0.20386907103948296	10
FBLIM1	0	0.03705296590924259	0.01942705705313936	10
FBLN1	0	0.43850829303264616	0.1501619646170408	10
FBLN2	0	0.06932284459471696	0.10406403751674767	10
FBLN5	0	0.3519838035106658	0.03291091038805779	10
FBLN7	0	0.03654105849564071	0.02179123918864537	10
FBN1	0	0.8094779491424561	0.6097880140406727	10
FBN2	0	0.6753947079181671	0.5124633675430832	10
FBN3	0	0.07267886362969869	0.12253803397440141	10
FBP1	0	0.0411019384860992	0.007600522436523998	10
FBP2	0	0.04314366728067393	0.000263993498577255	10
FBRS	0	0.54936483502388	0.705059123263302	10
FBXL12	0	0.03895202986896033	0.0003043215937092994	10
FBXL13	0	0.04162697792053218	0.0005129095090209456	10
FBXL14	0	0.44049998074769975	0.0015684174540412182	10
FBXL15	0	0.09155535399913783	0.15792520905193416	10
FBXL16	0	0.7101536899805069	0.25002389938240277	10
FBXL17	0	0.8447238266468048	0.3394536194881052	10
FBXL18	0	0.04273476749658582	0.0612856675396248	10
FBXL19	0	0.3737967938184738	0.28224708971591994	10
FBXL2	0	0.17088969424366945	0.00612095633467786	10
FBXL20	0	0.6957916140556335	0.35099438625663554	10
FBXL22	0	0.04188627600669859	0.0002750430138008992	10
FBXL3	0	0.6145105600357056	0.01507100489437426	10
FBXL4	0	0.06359471380710598	0.35549027331109345	10
FBXL5	0	0.7991666972637177	0.31144175256507484	10
FBXL6	0	0.06320068910717959	0.15148508416975215	10
FBXL7	0	0.12608709298074242	0.18175712752673212	10
FBXL8	0	0.049887548387050576	0.14588034491135127	10
FBXO10	0	0.06118262037634844	0.3370519335951315	10
FBXO11	0	0.9384373188018799	0.7982182196211907	10
FBXO15	0	0.07840790450572963	0.014467260376409576	10
FBXO16	0	0.034931122511625265	7.842894566936383e-06	10
FBXO17	0	0.045862236246466605	0.0006991962714364431	10
FBXO18	0	0.30723063945770257	0.396558260047954	10
FBXO2	0	0.08428332619369025	0.18721944748540745	10
FBXO21	0	0.8083629965782165	0.2719515594149601	10
FBXO22	0	0.25462316721677775	0.26192926996830634	10
FBXO24	0	0.04044257476925845	0.16949872299913615	10
FBXO25	0	0.05962478145956988	0.39332825861793613	10
FBXO27	0	0.03967684693634505	0.013904267020208791	10
FBXO28	0	0.3527511149644852	0.6400146812363708	10
FBXO3	0	0.4964662343263626	0.04691643340328041	10
FBXO30	0	0.15868085920810696	0.5345206155725218	10
FBXO31	0	0.1937883704900741	0.06350129104149135	10
FBXO32	0	0.5179068729281425	0.3734807467392748	10
FBXO33	0	0.5737846285104752	0.22048380018115718	10
FBXO34	0	0.06032445877790447	0.045502229129888175	10
FBXO36	0	0.03239361867308612	0.0009992547227086527	10
FBXO38	0	0.6162960201501846	0.7114516411274691	10
FBXO39	0	0.03362374231219286	0.002854874845239949	10
FBXO4	0	0.03612297587096687	0.0001763388807592352	10
FBXO40	0	0.0385905826464295	0.1409055048070498	10
FBXO41	0	0.6965075135231018	0.17563576346787993	10
FBXO42	0	0.783909273147583	0.4099407416861072	10
FBXO43	0	0.03532646782696242	0.01538000131968506	10
FBXO44	0	0.07714025340974326	0.00068355552422594	10
FBXO45	0	0.44028947651386263	0.034917225514035734	10
FBXO46	0	0.10613808482885356	0.21995280670540884	10
FBXO47	0	0.04377991631627079	0.004561761487815652	10
FBXO48	0	0.03153886329382653	0.11115546336424273	10
FBXO5	0	0.19900894761085508	0.00619816752435814	10
FBXO6	0	0.032320867851376486	0.015409743919648746	10
FBXO7	0	0.06733283810317511	0.05888505943701281	10
FBXO8	0	0.05834983885288234	0.0020443638836678047	10
FBXO9	0	0.1338191524147987	0.09704767409621437	10
FBXW10	0	0.04016125574707981	0.02131488138356156	10
FBXW11	0	0.8243895590305328	0.6368033981243844	10
FBXW12	0	0.03414240684360262	2.5412499283026083e-05	10
FBXW2	0	0.5728596389293671	0.34321792113140726	10
FBXW4	0	0.0649320393800735	0.016441938515069844	10
FBXW5	0	0.1547318838536739	0.7876091491952731	10
FBXW7	0	0.7962476551532746	0.9309120215572181	10
FBXW8	0	0.053700819611549336	0.052037905042745844	10
FBXW9	0	0.0367969317361712	0.07839407990991218	10
FCAMR	0	0.03488451614975923	0.002713456040795749	10
FCAR	0	0.03232396822422738	8.951740777051416e-05	10
FCER1A	0	0.0351185612380504	0.000312301171762785	10
FCER1G	0	0.0444516751915216	0.0003019424242122987	10
FCER2	0	0.03557876292616124	0.007448362783394513	10
FCF1	0	0.04417380094528192	0.07336115329691499	10
FCGR1A	0	0.03711081445217128	0.005163820168290209	10
FCGR1B	0	0.039539553597569436	0.0006586627385559319	10
FCGR2A	0	0.04368662349879736	0.0001791257343686107	10
FCGR2B	0	0.14927694275975223	0.00028332053171768566	10
FCGR3A	0	0.035751567035913416	0.000875573493435771	10
FCGR3B	0	0.03314242102205747	0.005501292137838635	10
FCGRT	0	0.04560447856783863	1.008755579223882e-05	10
FCHO1	0	0.20613342523574824	0.1927725555891981	10
FCHO2	0	0.3096478059887886	0.08121963686449683	10
FCHSD1	0	0.044028853252530045	0.027917588628946423	10
FCHSD2	0	0.36254311054944993	0.6178251536920605	10
FCN1	0	0.03532259799540039	0.14463626411191666	10
FCN2	0	0.036778727546334225	0.2170215517211221	10
FCN3	0	0.03498858436942096	0.012734673969529575	10
FCRL1	0	0.03361151143908495	0.0057616285244296095	10
FCRL2	0	0.03257109336554997	0.0026480384626676188	10
FCRL3	0	0.04219003394246097	0.008565104996419898	10
FCRL4	0	0.034003360196948	0.0017053450462576607	10
FCRL5	0	0.03734043575823303	0.000767043831930338	10
FCRL6	0	0.03420383483171459	0.13092333655919208	10
FCRLA	0	0.03691609911620612	0.0005884376940961593	10
FCRLB	0	0.03375755064189428	0.00797121238833751	10
FDCSP	0	0.03330765794962639	0.0003131388767824082	10
FDFT1	0	0.12333533614873882	0.011952895491412593	10
FDPS	0	0.1266751646995544	0.04334529990690582	10
FDX1	0	0.06894110925495622	0.00124819181986219	10
FDX1L	0	0.03975976407527921	0.024350385885290343	10
FDXACB1	0	0.033658398874103976	0.05453131910210999	10
FDXR	0	0.04002648331224913	0.03431583204370821	10
FECH	0	0.06146011911332605	0.13311790459968592	10
FEM1A	0	0.053225858509540536	0.017841651911849388	10
FEM1B	0	0.5692500591278076	0.6905538512755789	10
FEM1C	0	0.27270143479108805	0.4235701059571297	10
FEN1	0	0.06954205185174936	0.015840936191310908	10
FER	0	0.4763902723789215	0.7169827266217613	10
FER1L6	0	0.03661158494651312	0.553483659863937	10
FERD3L	0	0.06986683867871755	0.02134803289933758	10
FERMT1	0	0.04415894746780391	0.15141344885815874	10
FERMT2	0	0.7613879084587097	0.007859704623464931	10
FERMT3	0	0.08373635858297343	0.36260637865175116	10
FES	0	0.08487203828990456	0.22160683905472975	10
FETUB	0	0.03277226015925402	4.955900685207396e-07	10
FEZ1	0	0.3238262340426445	0.02133540622393014	10
FEZ2	0	0.13116351962089534	0.009234484385246726	10
FEZF1	0	0.33873715102672575	0.35064619980457523	10
FEZF2	0	0.6267687648534774	0.27062792242851674	10
FFAR1	0	0.05088908858597273	0.0015127326502658274	10
FFAR2	0	0.03461518026888365	0.0011118446526140679	10
FFAR3	0	0.04198449775576588	0.008049446694711781	10
FFAR4	0	0.04463027529418463	9.04425153864344e-05	10
FGA	0	0.04728997424244876	0.0014862110102169153	10
FGB	0	0.048683319240808445	0.2704843933639186	10
FGD1	0	0.7957419335842133	0.5317200985559433	10
FGD2	0	0.03901041932404037	0.013890851694700848	10
FGD3	0	0.051400399208068805	0.00471989379120141	10
FGD4	0	0.23653664514422418	0.16417002557400637	10
FGD5	0	0.24172963500022887	0.9877588623462208	10
FGD6	0	0.08776990324258802	0.548377607429644	10
FGF1	0	0.05985869765281672	0.01232644477317197	10
FGF10	0	0.20116719007492065	0.16046247599583524	10
FGF11	0	0.03717123661190266	0.000280291358497467	10
FGF12	0	0.26141153275966644	0.00556836576791606	10
FGF13	0	0.43146272003650665	0.312807631961256	10
FGF14	0	0.37936506569385525	0.7114723074663779	10
FGF17	0	0.33332943022251127	0.0279204443241352	10
FGF18	0	0.09318290501832957	0.5731126278210559	10
FGF19	0	0.06643055379390714	0.0003409716966881945	10
FGF2	0	0.06914979293942446	0.01545448686272185	10
FGF20	0	0.09323975257575508	0.012107133261505271	10
FGF21	0	0.04265455678105351	7.908503808145488e-05	10
FGF22	0	0.050931031256914096	0.0015788628553392203	10
FGF23	0	0.03506603818386788	0.07634967227337422	10
FGF3	0	0.05612995550036426	0.041306167517524264	10
FGF4	0	0.06958350948989386	0.13738078936976247	10
FGF5	0	0.03786914311349386	0.1034890431346224	10
FGF6	0	0.03555478304624553	1.760778136959993e-05	10
FGF7	0	0.13220420256257054	0.003184076789962651	10
FGF8	0	0.08398634456098077	0.11780215542261727	10
FGF9	0	0.30783911496400834	0.4144889634591582	10
FGFBP1	0	0.041246958076953846	0.03384728531868729	10
FGFBP2	0	0.03422523047775024	3.0088876228726018e-05	10
FGFBP3	0	0.08286300972104069	0.017473209973831578	10
FGFR1	0	0.8934372782707214	0.2813100998817134	10
FGFR1OP	0	0.04339827895164485	0.18223040226035112	10
FGFR1OP2	0	0.06905362680554386	0.1457324561882418	10
FGFR2	0	0.7593061208724976	0.9698675905418067	10
FGFR3	0	0.13678150996565813	0.7128643150612257	10
FGFR4	0	0.04652026183903213	0.08807468613240393	10
FGFRL1	0	0.06845307722687717	0.5511473603041942	10
FGG	0	0.06727041825652118	0.00035355796322659674	10
FGGY	0	0.04045790247619147	0.08474471300709194	10
FGL1	0	0.03518856316804882	0.0010185556925441895	10
FGL2	0	0.0387435913085937	0.00656175593379803	10
FGR	0	0.20758932456374163	0.13212018715083357	10
FH	0	0.08843325860798354	0.07829604354944406	10
FHDC1	0	0.048753570020198776	0.12530085925983955	10
FHIT	0	0.0636996399611234	0.0031966546272364144	10
FHL1	0	0.456188428401947	0.13259520770606387	10
FHL2	0	0.0685006067156791	0.002556148356285792	10
FHL3	0	0.042512711510062175	0.010016397137870512	10
FHL5	0	0.03819540925323958	0.0014320109582578622	10
FHOD1	0	0.06480669118463989	0.7641263504956901	10
FHOD3	0	0.12183043137192721	0.8904651092507058	10
FIBCD1	0	0.03786522857844825	0.13598967473794749	10
FIBIN	0	0.03814105913043017	0.00590178670746734	10
FIBP	0	0.08350706472992894	0.0557000322416326	10
FICD	0	0.0408919788897037	0.07354134931079008	10
FIG4	0	0.09217368923127647	0.09078676381375429	10
FIGF	0	0.04527763463556762	0.004809066244521489	10
FIGLA	0	0.0402193304151296	0.0011426823921600001	10
FIGN	0	0.7438361585140228	0.8342189332686857	10
FIGNL1	0	0.043088648468255955	0.02202725106784422	10
FILIP1	0	0.046658820658922164	0.6917350203785632	10
FILIP1L	0	0.05711456872522828	0.5499965451391137	10
FIP1L1	0	0.7695928156375885	0.791492240205838	10
FIS1	0	0.12409264147281643	0.0017780175839076963	10
FITM1	0	0.03533538710325951	0.045438659901217815	10
FITM2	0	0.038793307542800845	0.19338800409091708	10
FIZ1	0	0.13212955817580221	0.03901941193623695	10
FJX1	0	0.5373214036226273	0.04374883018689965	10
FKBP10	0	0.06032729968428606	0.2456995574862016	10
FKBP11	0	0.038731134310364665	0.0019674044815173103	10
FKBP14	0	0.039631910994648877	0.15137914073831846	10
FKBP15	0	0.06536480672657487	0.34703241245743494	10
FKBP1A	0	0.23928066566586495	9.103174814690175e-05	10
FKBP1B	0	0.10951687023043628	0.00045719083387936525	10
FKBP1C	0	0.04879056289792057	0.0008777134776077344	10
FKBP2	0	0.08082836791872974	0.05009924373540314	10
FKBP3	0	0.10449312776327128	0.0034864626829741834	10
FKBP4	0	0.15619933828711505	0.10732264314336486	10
FKBP5	0	0.09120333977043624	0.11319381890477609	10
FKBP6	0	0.04736532010138029	0.12075603626965178	10
FKBP7	0	0.04049783237278456	0.06465556132210426	10
FKBP8	0	0.7253708839416504	0.46892178054791483	10
FKBP9	0	0.04439835436642165	0.033485285460223474	10
FKBPL	0	0.03446052707731719	0.0756263722643594	10
FKRP	0	0.06032304279506201	0.02928748244931152	10
FKTN	0	0.06358190514147277	0.15786753497152878	10
FLAD1	0	0.07833539396524426	0.03509256445012437	10
FLCN	0	0.22443631589412688	0.13576551605260048	10
FLG2	0	0.03651688080281014	0.5038777050600055	10
FLI1	0	0.5026253074407577	0.8261776108747247	10
FLII	0	0.1404235780239105	0.2322419793216129	10
FLNA	0	0.8489857971668243	0.6791665635710904	10
FLNB	0	0.15805673897266387	0.911648128625138	10
FLNC	0	0.7013748466968537	0.9287435389618398	10
FLOT1	0	0.20694977641105647	0.06226047340021198	10
FLOT2	0	0.10233889371156688	0.3271930807772151	10
FLRT1	0	0.05365174412727351	0.8014639954304498	10
FLRT2	0	0.37453494817018507	0.36023634304896723	10
FLRT3	0	0.13293789327144617	0.1685271180933931	10
FLT1	0	0.6221471309661866	0.6614876425466428	10
FLT3	0	0.0841431107372045	0.09762531383191755	10
FLT3LG	0	0.12747807800769803	0.05540045555323433	10
FLT4	0	0.4943892478942871	0.3320748211598077	10
FLVCR1	0	0.06672127731144424	0.24316475805162846	10
FLVCR2	0	0.03681770600378509	0.0003262790098227793	10
FLYWCH2	0	0.05057327896356578	0.10997721687760638	10
FMN1	0	0.051278052851557676	0.6172313026506349	10
FMN2	0	0.36271208673715594	0.764126994847029	10
FMNL1	0	0.44924789369106294	0.17747079476928837	10
FMNL2	0	0.6893916398286819	0.5635684180671067	10
FMNL3	0	0.2946119122207164	0.8922725574044451	10
FMO1	0	0.0336161961778998	0.0009203038433153336	10
FMO2	0	0.036634860560297924	0.016013265753533595	10
FMO3	0	0.03345281220972532	0.0003263125900075812	10
FMO4	0	0.03283234294503923	0.026470251165492224	10
FMO5	0	0.03879922963678832	0.00029935488192593863	10
FMO6P	0	0.06129536554217334	0.0007113252705825714	10
FMOD	0	0.053260343894362405	0.20847414569929593	10
FMR1	1	0.4532554221819647	0.9018156555555626	644
FMR1NB	0	0.033145351521670766	0.0005962164140365207	10
FN1	0	0.30303011089563364	0.9337921379205255	10
FN3K	0	0.0549593579024076	0.4297237235601733	10
FN3KRP	0	0.05160759985446924	0.00062439279612697	10
FNBP1	0	0.5437630534172058	0.2453042007203207	10
FNBP1L	0	0.3937622115015983	0.6463585623262916	10
FNBP4	0	0.7266700625419616	0.8129843980148739	10
FNDC1	0	0.052193988487124386	0.9649600454176133	10
FNDC3A	0	0.8646567821502685	0.5006620522052933	10
FNDC3B	0	0.6361398160457611	0.8452903548659447	10
FNDC4	0	0.24441369026899334	0.0038353656998496967	10
FNDC5	0	0.07932986654341216	0.0011565069882153267	10
FNDC7	0	0.03726667314767831	0.010259550859413269	10
FNDC8	0	0.03334588259458537	0.25321999334914014	10
FNDC9	0	0.04093382693827146	0.0019509809066193737	10
FNIP1	0	0.7873702824115754	0.644040424122416	10
FNIP2	0	0.5964291125535965	0.5239712254317566	10
FNTA	0	0.318768586218357	0.00017223221828459954	10
FNTB	0	0.13747697137296194	0.004933753909432113	10
FOCAD	0	0.05751783214509483	0.05519668472725814	10
FOLH1	0	0.05139753893017766	0.0026712362880888666	10
FOLR1	0	0.04974240548908705	0.1648792500494484	10
FOLR2	0	0.03387025371193881	0.044876271373769296	10
FOLR3	0	0.049627794697880714	0.015622845448351732	10
FOLR4	0	0.05406219176948066	0.00022954708953090475	10
FOPNL	0	0.035198825597763	0.003565932656748365	10
FOS	0	0.17638256922364232	0.039855804269784634	10
FOSB	0	0.4027663588523865	0.7181154986253501	10
FOSL1	0	0.04849170520901676	0.0008173955082481264	10
FOSL2	0	0.4108955055475235	0.0827881738171757	10
FOXA1	0	0.04301312193274495	0.595278253102152	10
FOXA2	0	0.16360490918159482	0.7155084261655092	10
FOXA3	0	0.04352255836129183	0.304552109800013	10
FOXB1	0	0.1498189844191074	0.756438377378956	10
FOXB2	0	0.03798357024788852	0.33255884708110994	10
FOXC1	0	0.4362616777420044	0.7785385782671017	10
FOXC2	0	0.053332618623971886	0.625348278230856	10
FOXD2	0	0.0661136090755462	0.09158790747471711	10
FOXD3	0	0.07869591712951654	0.5710225258515912	10
FOXF1	0	0.3819778442382812	0.8155621359957295	10
FOXF2	0	0.12748304978013034	0.3740045549071014	10
FOXG1	0	0.4941499397158623	0.7869512842435247	10
FOXH1	0	0.05072098113596436	0.09328042976759512	10
FOXI1	0	0.11075086928904054	0.04184870009401721	10
FOXI2	0	0.04538175314664836	0.010025079511773335	10
FOXJ1	0	0.20378545597195624	0.10271088198361929	10
FOXJ2	0	0.40506294220685957	0.655161489079737	10
FOXJ3	0	0.5541723072528839	0.7167913852229977	10
FOXK1	0	0.5520882070064544	0.24697617327246646	10
FOXK2	0	0.12343950830399986	0.5091654291370658	10
FOXL1	0	0.0505580939352512	0.20160504217422445	10
FOXM1	0	0.07517523169517512	0.39016392294463015	10
FOXN1	0	0.16649275273084635	0.10217822503487813	10
FOXN2	0	0.08185505568981165	0.21965958050307427	10
FOXN3	0	0.6890649735927582	0.9729399909889429	10
FOXN4	0	0.1516383901238441	0.04158432205197381	10
FOXO1	0	0.5796770364046097	0.5801382952128356	10
FOXO3	0	0.7067880988121032	0.7933382130636194	10
FOXO4	0	0.11452019996941085	0.47020834068299794	10
FOXO6	0	0.11064333431422706	0.47498217136043797	10
FOXP1	1	0.8176190723726369	0.9980701868446649	638
FOXP2	1	0.8402894558236241	0.837804147598417	626
FOXP3	0	0.40682552456855775	0.37937603175733864	10
FOXP4	0	0.5650382310152053	0.2227672499558393	10
FOXR1	0	0.033797463774681055	0.0016880583908495603	10
FOXR2	0	0.03774923980236049	0.0033617872574291537	10
FOXRED1	0	0.04211383499205108	0.032191431168476906	10
FOXRED2	0	0.04884103201329703	0.4115563533028837	10
FOXS1	0	0.055290994420647575	0.07338575166387525	10
FPGS	0	0.046837324276566436	0.0026409846992585576	10
FPGT	0	0.04339260868728156	0.02140842676096199	10
FPGT-TNNI3K	0	0.05107721947133537	0.0030719060673743154	10
FPR1	0	0.07030463665723796	0.06228170004552071	10
FPR2	0	0.03962474018335338	0.004573923248056276	10
FPR3	0	0.04936840757727618	0.004720303066085386	10
FRA10AC1	0	0.07511635273694986	0.000714630217819526	10
FRAS1	0	0.06793188676238057	0.5737541688642256	10
FRAT1	0	0.06141891218721861	0.05115249184424867	10
FRAT2	0	0.06551118008792396	0.4931324377570814	10
FREM1	0	0.04914350099861618	0.8174432605006382	10
FREM2	0	0.07818277962505815	0.9792757016100413	10
FRG1	0	0.07401894889771933	0.00848170495972365	10
FRG1B	0	0.09151944518089292	0.0022018548855863383	10
FRG2	0	0.08221672549843785	4.313232954945838e-06	10
FRG2B	0	0.04029945097863669	4.1746840294988696e-07	10
FRK	0	0.05281109400093553	0.2154289862801421	10
FRMD1	0	0.03375466503202909	0.017547664433736183	10
FRMD3	0	0.09691823981702324	0.13626599001417025	10
FRMD4A	0	0.8747977793216706	0.8680231183090263	10
FRMD4B	0	0.17501250803470608	0.8251981597986061	10
FRMD5	0	0.6031021535396576	0.31627148258604815	10
FRMD6	0	0.07540022619068619	0.2297717944692291	10
FRMD7	0	0.10675175860524173	0.031119624752453834	10
FRMD8	0	0.04560743272304532	0.006602977005086569	10
FRMPD1	0	0.06432892903685566	0.6601939631827864	10
FRMPD2	0	0.03843927718698974	0.00254892867021101	10
FRMPD3	0	0.11953040733933444	0.6202005006902666	10
FRMPD4	0	0.844380921125412	0.9440130886107105	10
FRRS1	0	0.03568137697875495	0.01738789370300423	10
FRRS1L	0	0.09159571751952168	0.01835557980433039	10
FRS2	0	0.6736894011497497	0.7973728452589285	10
FRS3	0	0.08601549975574013	0.055651954237013426	10
FRY	0	0.9082798182964325	0.9661279291001318	10
FRYL	0	0.8721679031848908	0.9840268359172555	10
FRZB	0	0.05616121739149088	0.03996533736807288	10
FSBP	0	0.06686666086316105	0.09959260525168888	10
FSCB	0	0.07729127071797844	0.14613275354752336	10
FSCN1	0	0.27873450368642805	0.6908266778417325	10
FSCN2	0	0.06271366775035851	0.004798180588171873	10
FSCN3	0	0.03209163956344123	0.1810854972539582	10
FSD1	0	0.1587713092565536	0.21144644783616892	10
FSD2	0	0.0456110149621963	0.09546009728236739	10
FSHB	0	0.03487684018909926	5.990293617780728e-05	10
FSHR	0	0.05672613903880114	0.0016997233719039978	10
FSIP1	0	0.03327540010213847	0.00017050641324038097	10
FSIP2	0	0.18876529186964033	0.5138032287561717	10
FST	0	0.3710836604237556	0.0012662791885688287	10
FSTL1	0	0.15674395188689227	0.15838336883940257	10
FSTL3	0	0.17244488075375553	0.0050368198150047925	10
FSTL4	0	0.0849417053163051	0.15595072699892595	10
FSTL5	0	0.12244505956768985	0.2339731382613628	10
FTCD	0	0.03865182548761363	0.07184273117065179	10
FTH1	0	0.21895729750394816	0.0001824198473159454	10
FTHL17	0	0.06725635714828966	0.01720644833843964	10
FTL	0	0.1674045085906982	0.011331180310399449	10
FTMT	0	0.03642624318599696	0.006756203813662072	10
FTO	0	0.07323145195841786	0.28751679199122	10
FTSJ1	0	0.4216789245605469	0.004906899416431301	10
FTSJ2	0	0.043472526222467375	0.0005281011616983729	10
FTSJ3	0	0.0903958030045032	0.9698209396803049	10
FUBP1	0	0.8925847589969635	0.2953648228121242	10
FUBP3	0	0.49188471138477324	0.6127250344587006	10
FUCA1	0	0.04127657562494274	0.0878748556552523	10
FUCA2	0	0.04765731506049628	0.24119848565866026	10
FUK	0	0.04619294218719	5.148288244494874e-05	10
FUNDC1	0	0.045383486524224234	0.002073603779744034	10
FUNDC2	0	0.06302379071712491	0.21552846193949166	10
FUOM	0	0.037608980014920204	0.00534065143919484	10
FURIN	0	0.6651395797729492	0.2611297625556751	10
FUS	0	0.8271484673023224	0.7779325564559512	10
FUT1	0	0.03664261773228642	0.0022843427379747685	10
FUT10	0	0.03938987925648685	0.00854204267203214	10
FUT11	0	0.03658827356994146	0.0007228404472669914	10
FUT2	0	0.0394710890948772	0.1416403137969902	10
FUT3	0	0.03440939392894503	4.924945285354101e-05	10
FUT4	0	0.04002880640327926	0.11080851803229907	10
FUT5	0	0.06454454995691772	0.07417510559394808	10
FUT6	0	0.06082926951348777	0.0004732426893491796	10
FUT7	0	0.03232956808060403	0.026363293422156524	10
FUT8	0	0.30402190387248995	0.07308146195266381	10
FUT9	0	0.11533621773123734	0.3998974274944065	10
FUZ	0	0.04479210339486595	0.11157324898688378	10
FXN	0	0.0371873993426561	0.12259111923258023	10
FXR1	0	0.8719275534152985	0.7931769265734815	10
FXR2	0	0.6968322813510894	0.6532504446542053	10
FXYD1	0	0.07266982458531854	0.03750518674733585	10
FXYD2	0	0.03632902093231672	0.039071865644581885	10
FXYD3	0	0.03423449695110317	3.480196756948691e-05	10
FXYD4	0	0.0414515377953648	1.833028824899076e-08	10
FXYD5	0	0.035062896832823695	0.04994942517955893	10
FXYD6	0	0.1453634440898895	0.007803842219664433	10
FXYD6-FXYD2	0	0.09372150599956508	0.0012242501024048746	10
FXYD7	0	0.0535188347101211	0.03957577646050311	10
FYB	0	0.06406500115990635	0.36189403254510655	10
FYCO1	0	0.04293364733457563	0.3297721952802063	10
FYN	0	0.8544804811477661	0.7412307858254961	10
FYTTD1	0	0.06264178529381748	0.06928978673841127	10
FZD1	0	0.13880860358476635	0.46703923301053035	10
FZD10	0	0.04781256169080729	0.00045378708427655165	10
FZD2	0	0.23232941254973408	0.23455709207395517	10
FZD3	0	0.4046193093061447	0.3804221634862186	10
FZD4	0	0.5085329473018646	0.0593298286686786	10
FZD5	0	0.5375375092029572	0.14964710328938366	10
FZD6	0	0.06326709352433678	0.10702231842949635	10
FZD7	0	0.15761040002107615	0.5746387274899327	10
FZD8	0	0.4647000640630722	0.4569982077928657	10
FZD9	0	0.05761444307863708	0.014322220459825336	10
FZR1	0	0.8376542508602143	0.146355981840447	10
G0S2	0	0.043388760089874204	0.0007121580133449196	10
G2E3	0	0.4307112693786621	0.03868764961602128	10
G3BP1	0	0.3170651406049728	0.5198269891838058	10
G3BP2	0	0.794114601612091	0.5672113938322737	10
G6PC	0	0.04338295087218279	0.01235293944340755	10
G6PC2	0	0.035024484805762715	0.003664080148866943	10
G6PC3	0	0.05308945961296555	0.002930038965458533	10
G6PD	0	0.33227431476116176	0.574465663039439	10
GAA	0	0.07150774523615834	0.3421224846933415	10
GAB1	0	0.13784430027008052	0.2661631050772436	10
GAB2	0	0.3103171393275261	0.4642658001728571	10
GAB3	0	0.2520974814891815	0.08318911893650474	10
GAB4	0	0.03410522229969495	0.0055228507108913	10
GABARAP	0	0.08659260608255859	0.20552771162393654	10
GABARAPL1	0	0.2384328633546829	0.004659136344668737	10
GABARAPL2	0	0.14241561666131014	1.794336895067872e-05	10
GABARAPL3	0	0.11086781173944467	0.005369434124047622	10
GABBR1	0	0.8607672393321991	0.678224803718207	10
GABBR2	0	0.8569569945335388	0.4708337060034701	10
GABPA	0	0.7688744902610779	0.5884179214645904	10
GABPB1	0	0.4232893049716949	0.4688745950082036	10
GABPB2	0	0.039590375125408125	0.277061506536438	10
GABRA1	0	0.7472649395465851	0.09623810655190436	10
GABRA2	0	0.6230740815401077	0.36838610889321843	10
GABRA3	0	0.18582546338438985	0.3660054276140203	10
GABRA4	0	0.44711641371250155	0.2671220533138031	10
GABRA5	0	0.47679431140422823	0.42311327344828015	10
GABRA6	0	0.06172773092985149	0.09422116915458094	10
GABRB1	0	0.682618933916092	0.28849354183190645	10
GABRB2	1	0.7258135053244504	0.8390288893183125	627
GABRB3	1	0.82554746795827	0.6247328765593504	635
GABRD	0	0.4842984676361084	0.021155053041165262	10
GABRE	0	0.03232832942157979	0.20158671809556905	10
GABRG1	0	0.08571236580610271	0.23447854093392748	10
GABRG2	0	0.5269676208496094	0.09954892781875045	10
GABRG3	0	0.435564661026001	0.632227310521722	10
GABRP	0	0.03571902811527248	0.11236496562152398	10
GABRQ	0	0.04857885092496868	0.5258258912248346	10
GABRR1	0	0.039577592536806996	0.014781870286617982	10
GABRR2	0	0.038600819557905154	0.00609889810279659	10
GAD1	0	0.36508131474256517	0.5092018378158351	10
GAD2	0	0.14913750365376469	0.3372974641397096	10
GADD45A	0	0.06314973272383209	0.004258609187415259	10
GADD45B	0	0.05790576525032515	0.40452363942241243	10
GADD45G	0	0.13433969989418978	0.11379838002683515	10
GADD45GIP1	0	0.12749785408377642	0.09603324817365845	10
GADL1	0	0.03483364358544344	0.16237264459373396	10
GAGE1	0	0.052137298509478534	0.01549594065559395	10
GAGE10	0	0.03827200308442112	0.001733518526797758	10
GAGE12J	0	0.05419994816184039	0.0021706887362195077	10
GAK	0	0.28181639760732646	0.3519961380911226	10
GAL	0	0.04683140181004997	0.0006490551104053643	10
GAL3ST1	0	0.057789914309978443	0.10982060335266859	10
GAL3ST2	0	0.037379762530326786	5.8183703066159566e-05	10
GAL3ST3	0	0.04102904610335822	0.011943638439823353	10
GAL3ST4	0	0.0357286717742681	0.010389503085955468	10
GALC	0	0.0455681767314672	0.16125729903056701	10
GALE	0	0.03993083201348777	0.1672484934492542	10
GALK1	0	0.053216053172945935	0.04234187894207184	10
GALK2	0	0.05430080965161319	0.02056955758147429	10
GALM	0	0.034327631071209855	0.0007184253408904021	10
GALNS	0	0.035880724340677225	0.05385279440691998	10
GALNT1	0	0.2896408312022686	0.15492669492827493	10
GALNT10	0	0.07239720858633512	0.14192450395221595	10
GALNT11	0	0.1014598928391933	0.3245522207077173	10
GALNT12	0	0.03826828524470323	0.01697337617690652	10
GALNT13	0	0.4244061470031738	0.5005964006298081	10
GALNT14	0	0.04265459962189193	0.6078673079548433	10
GALNT15	0	0.05785671025514599	0.003723480397604467	10
GALNT16	0	0.08960366547107693	0.18231245800089763	10
GALNT18	0	0.10131318606436249	0.0019565616186369935	10
GALNT2	0	0.13317858353257178	0.05764645987541446	10
GALNT3	0	0.04114662930369374	0.26309424521387853	10
GALNT4	0	0.05121614336967463	0.242604696900054	10
GALNT5	0	0.0359517682343721	0.6545563520682378	10
GALNT6	0	0.03533692620694632	0.00622910294455902	10
GALNT7	0	0.09897076338529584	0.03901885335179033	10
GALNT8	0	0.03804025277495379	0.015276052508628579	10
GALNT9	0	0.06403473615646357	0.28398069525812736	10
GALNTL5	0	0.04193065725266927	1.8278299133873142e-06	10
GALNTL6	0	0.07544228844344611	0.048510284473550845	10
GALP	0	0.03574201017618175	0.0006251930180738414	10
GALR1	0	0.036961044371128036	0.03570927629747135	10
GALR2	0	0.043605173006653744	0.09485918949251734	10
GALR3	0	0.05967998132109635	0.15629120532689283	10
GALT	0	0.05960654318332668	0.0009221730572770606	10
GAMT	0	0.0840448778122663	0.01901663555312505	10
GAN	0	0.2210264183580875	0.44890463676964043	10
GANAB	0	0.5200680524110795	0.3393880182081539	10
GANC	0	0.0426261760294437	0.16959971036426386	10
GAP43	0	0.15131683275103563	0.18291672226974393	10
GAPDH	0	0.2726456850767135	0.5122137309123664	10
GAPDHS	0	0.0366799477487802	0.3737928127454667	10
GAPT	0	0.036193110793828934	0.0002587590409505984	10
GAPVD1	0	0.8681022822856903	0.5089781353617944	10
GAR1	0	0.041845997422933524	0.15786115079404292	10
GAREM	0	0.31059656739234925	0.6169465749709275	10
GARNL3	0	0.3321362018585205	0.21465212603996772	10
GARS	0	0.16873214468359948	0.10469794448379148	10
GART	0	0.13273242637515065	0.2935028749766384	10
GAS1	0	0.258375371992588	0.02269978797689328	10
GAS2	0	0.04204713441431519	0.005956225866757306	10
GAS2L1	0	0.09838508442044254	0.15438590405640656	10
GAS2L2	0	0.04275946877896781	0.04457118882050902	10
GAS2L3	0	0.03752198219299312	0.10352072751655898	10
GAS6	0	0.16099901944398876	0.3136925555565241	10
GAS7	0	0.6207372367382049	0.03702940983379715	10
GAS8	0	0.05282800197601314	0.15286077154317892	10
GAST	0	0.037473391741514164	0.0034169610570437777	10
GATA1	0	0.30123031437397	0.1201066180074613	10
GATA2	0	0.6458961725234985	0.5206011517600968	10
GATA3	0	0.410212530195713	0.5646921246573025	10
GATA4	0	0.14982520341873168	0.004524755283156316	10
GATA5	0	0.07781379818916316	0.24522452129564867	10
GATA6	0	0.4552832543849945	0.3794612075115825	10
GATAD1	0	0.11157696619629857	0.004938260366787189	10
GATAD2A	0	0.5494926869869232	0.8082936973579284	10
GATAD2B	0	0.8999264121055603	0.8289512058044795	10
GATC	0	0.037060943059623194	0.055649815500190145	10
GATM	0	0.17265842780470844	0.06334399990907194	10
GATS	0	0.07306536026298995	0.14486282839159606	10
GATSL3	0	0.047424989938735916	0.0016640904465752937	10
GBA	0	0.04857569523155684	0.07787204702093456	10
GBA2	0	0.10269204713404174	0.15817901519748706	10
GBAS	0	0.07348256483674045	0.013059131596836842	10
GBE1	0	0.049932858720421754	0.0008687702885245981	10
GBF1	0	0.35990833193063737	0.5875324352777351	10
GBGT1	0	0.038863093033432924	0.03851859447265389	10
GBP1	0	0.03305173385888332	0.23076032796473953	10
GBP2	0	0.03759614825248715	0.074030760816413	10
GBP3	0	0.033824444003403134	0.08913622026189943	10
GBP4	0	0.03394305426627392	0.03866651733483542	10
GBP5	0	0.033127916418015914	0.0771252168104944	10
GBP6	0	0.03274146709591147	0.12511930821443226	10
GBP7	0	0.03471145909279579	0.020827327745997243	10
GBX1	0	0.05631991550326344	0.20799796173366514	10
GBX2	0	0.10561264678835865	0.06802050877452719	10
GC	0	0.04231698289513583	5.53394368226504e-05	10
GCA	0	0.037918758392333954	0.0020878348945844627	10
GCAT	0	0.03797491230070587	0.0016344638079569328	10
GCC1	0	0.04205465093255038	0.06447186082735931	10
GCC2	0	0.3802065312862396	0.06734414754355876	10
GCDH	0	0.053558591008186295	0.0021369144404375464	10
GCFC2	0	0.04615163244307039	0.33283352137007255	10
GCG	0	0.043753601238131476	0.00045559856357603283	10
GCGR	0	0.06763180084526535	0.08176758042929047	10
GCH1	0	0.1394836768507957	0.47604346719383156	10
GCHFR	0	0.03750778213143343	0.08474668941209415	10
GCK	0	0.2969973959028721	0.0062272499357289525	10
GCKR	0	0.047731360793113645	0.12471763189485255	10
GCLC	0	0.25594931095838547	0.2566848715120011	10
GCLM	0	0.3721034944057464	0.015956624842257912	10
GCM1	0	0.39276122450828554	9.231056920872286e-05	10
GCM2	0	0.042840303480625105	0.019563800638018707	10
GCN1L1	0	0.6403461813926696	0.5633085837190016	10
GCNT1	0	0.03369339089840645	0.22827966968881844	10
GCNT2	0	0.046423609927296584	0.01082217582093287	10
GCNT3	0	0.038543457537889445	0.00863382603853911	10
GCNT4	0	0.04584478922188277	0.018262287101622053	10
GCNT7	0	0.05257529616355892	0.010042725480965442	10
GCOM1	0	0.03433451913297173	0.04468220556985263	10
GCSAM	0	0.05176855325698848	0.003247093066665445	10
GCSAML	0	0.04833621270954602	0.004080806160192611	10
GCSH	0	0.05516476593911644	0.0006368500997881505	10
GDA	0	0.32075242996215814	0.16505811737410986	10
GDAP1	0	0.19381287172436712	0.1736044840031063	10
GDAP1L1	0	0.1282777156680822	0.00805714061284756	10
GDAP2	0	0.05374034345149988	0.5909979242623087	10
GDE1	0	0.04589002057909961	0.012290438740797698	10
GDF1	0	0.08372143171727653	0.339246966185287	10
GDF10	0	0.042506973072886416	0.0036044240265474723	10
GDF11	0	0.5586023241281509	0.16724524111980016	10
GDF15	0	0.04088292010128494	0.3035899835323017	10
GDF2	0	0.03874764926731581	0.09117214177902995	10
GDF3	0	0.03420102689415213	0.0006886909015410821	10
GDF5	0	0.05136841125786299	0.035402479332926	10
GDF5OS	0	0.05339967198669906	0.1781505626135451	10
GDF6	0	0.23552760928869249	0.031232868888783672	10
GDF7	0	0.0937555722892284	0.3523009437853904	10
GDF9	0	0.0312939284369349	0.016393400174328783	10
GDI1	0	0.8640680313110352	0.6568025462437406	10
GDI2	0	0.2733061522245407	0.10253435858005955	10
GDNF	0	0.05453067012131211	0.18238181994867905	10
GDPD1	0	0.08439023643732066	0.020461894448129063	10
GDPD2	0	0.05415848791599269	0.19168168880468245	10
GDPD3	0	0.0324902549386024	0.003123954069793306	10
GDPD4	0	0.03471180461347098	0.08178113058602526	10
GDPD5	0	0.07356732599437232	0.17296527821232938	10
GDPGP1	0	0.03299204576760526	0.01002155583284331	10
GEM	0	0.04457857310771937	0.060741224507382105	10
GEMIN2	0	0.04532065242528912	0.056224052457115384	10
GEMIN4	0	0.03777115046977992	0.32526127464491716	10
GEMIN5	0	0.058321360126137686	0.6584747495954723	10
GEMIN6	0	0.03247179798781867	0.0017915128709593674	10
GEMIN7	0	0.04265475198626513	4.207534677990893e-06	10
GEMIN8	0	0.09315412715077398	0.001277150802873678	10
GEN1	0	0.03477940522134297	0.6446748080490583	10
GET4	0	0.06017387136816975	0.3821099346382045	10
GFAP	1	0.04684655584997114	0.2411245890352717	631
GFER	0	0.048619993403553906	0.0009018907302237389	10
GFI1	0	0.10627361014485355	0.004864812608770309	10
GFI1B	0	0.04412503018975253	0.00011871663861245265	10
GFM1	0	0.06870421133935448	0.526510587006191	10
GFM2	0	0.04169053882360453	0.10168393907849446	10
GFOD1	0	0.17226471155881878	0.09194507555094487	10
GFOD2	0	0.0708393815904855	0.0001256190991480304	10
GFPT1	0	0.7517157971858979	0.4399207180368888	10
GFPT2	0	0.07683465033769601	0.05926169824751008	10
GFRA1	0	0.06178551279008386	0.420317970322113	10
GFRA2	0	0.07009860090911384	0.24149896670753906	10
GFRA3	0	0.06421855911612506	0.0028276369172726325	10
GFRA4	0	0.06004797331988808	0.048465638524411894	10
GFRAL	0	0.04048207290470595	7.619227758956106e-05	10
GGA1	0	0.7959943771362304	0.2531991650959891	10
GGA2	0	0.08525753431022162	0.22600761823947732	10
GGA3	0	0.061629913747310604	0.3806241461518932	10
GGCT	0	0.04279262386262413	0.09099734750864938	10
GGCX	0	0.08408837169408793	0.2847024435201609	10
GGH	0	0.050157265737652744	4.155413882894125e-05	10
GGN	0	0.040391855314373934	0.0009099565913928001	10
GGNBP2	0	0.6139657765626907	0.5213154608148607	10
GGPS1	0	0.04514951072633261	0.006168030443516184	10
GGT1	0	0.044745110720396	0.36805653805896876	10
GGT2	0	0.053512492030858935	0.28075516205501483	10
GGT5	0	0.04182436466217037	0.14853264990390994	10
GGT6	0	0.03624579738825554	0.061821108330511444	10
GGT7	0	0.42925323694944384	0.23914357115910828	10
GGTLC1	0	0.037195358239114226	0.018169504980973757	10
GGTLC2	0	0.035612653568387	0.012873054059096953	10
GH1	0	0.04387922137975689	0.03149705842418571	10
GH2	0	0.0336898203939199	0.26284022943645685	10
GHDC	0	0.03481770120561116	0.05611367547063205	10
GHITM	0	0.12406484931707376	0.02261399144323311	10
GHR	0	0.06397735625505442	0.18314052336500408	10
GHRH	0	0.043215394951403106	0.0018533236248725836	10
GHRHR	0	0.046420366689562745	0.00022652740989869785	10
GHRL	0	0.04716457501053806	7.427420123919036e-05	10
GHSR	0	0.0395424865186214	0.06566491221416558	10
GID4	0	0.25295371040701864	0.38906711046200987	10
GID8	0	0.3882613644003868	0.096232405241057	10
GIF	0	0.03668211419135329	0.11551358164531973	10
GIGYF1	1	0.2631565666402247	0.5335848116175292	637
GIGYF2	1	0.8740837709945545	0.6588046200661863	627
GIMAP1	0	0.03779808655381199	0.10402927304801927	10
GIMAP2	0	0.03933518603444094	2.7065218501128025e-05	10
GIMAP4	0	0.03419128376990551	0.007986318331064494	10
GIMAP5	0	0.03375531490892167	0.0002446157274080595	10
GIMAP6	0	0.04078509397804732	0.00755997444466004	10
GIMAP7	0	0.05886416062712665	0.0012179397002274747	10
GIMAP8	0	0.032210466824471914	0.342404498113136	10
GIN1	0	0.03550153654068704	0.1358700325359592	10
GINM1	0	0.05833851918578144	0.00023218503734688908	10
GINS1	0	0.0330366980284452	0.05847053761441769	10
GINS2	0	0.03654851317405697	0.0047591955571411205	10
GINS3	0	0.03123820815235373	0.0060294668252083	10
GINS4	0	0.033500698022544316	0.000834030686408488	10
GIP	0	0.038005544617772044	0.00039290465323854986	10
GIPC1	0	0.07971713021397583	0.5700246815373543	10
GIPC2	0	0.03661508001387115	0.11989425745919635	10
GIPC3	0	0.04525111801922316	0.3260022373799769	10
GIPR	0	0.037164701521396594	0.00025804464621006525	10
GIT1	0	0.8489653766155243	0.36020334405740323	10
GIT2	0	0.6839825868606567	0.8111764936248971	10
GJA1	0	0.11533588841557499	0.09653067438522936	10
GJA10	0	0.04035161659121508	2.882688719169396e-05	10
GJA3	0	0.057884221524000135	0.1947588473543141	10
GJA4	0	0.04188496470451352	0.12041857171199252	10
GJA5	0	0.04196356125175949	0.006896213509144915	10
GJA8	0	0.03645212948322291	0.06401678594250562	10
GJA9	0	0.03286895286291834	0.0012102388538854955	10
GJB1	0	0.208259904384613	8.999212272094456e-05	10
GJB2	0	0.036880837753415066	0.19609119373021386	10
GJB3	0	0.03735497891902919	0.00010960545889773167	10
GJB4	0	0.03677683342248197	0.07020232191585304	10
GJB5	0	0.03376038782298561	2.069976319749607e-05	10
GJB6	0	0.04286076687276358	0.22099003240960716	10
GJB7	0	0.03203457500785584	0.003054456555639019	10
GJC1	0	0.505479134619236	0.30171697729908187	10
GJC2	0	0.04768656790256496	0.2759025343684577	10
GJC3	0	0.03944818899035448	0.032966756492261676	10
GJD2	0	0.09566412009298798	0.27720331946397286	10
GJD3	0	0.05442188456654543	0.32804539074666533	10
GJD4	0	0.04152603000402445	0.0007594105971881138	10
GK	0	0.6823886811733246	0.38898634646290475	10
GK2	0	0.033074327558278986	0.25799137501287084	10
GK5	0	0.17208910211920736	0.14222406964871798	10
GKAP1	0	0.14102167859673495	0.00014823814332217878	10
GKN1	0	0.0356467196717858	0.0020675910002677243	10
GKN2	0	0.03311815913766618	0.023329174888457926	10
GLA	0	0.48896031975746157	3.5350999869528914e-05	10
GLB1	0	0.05666319280862805	0.00915221749782813	10
GLB1L	0	0.03606543317437167	0.26659002915879493	10
GLB1L2	0	0.03749729059636589	0.20958846990113672	10
GLB1L3	0	0.037185786664485874	0.001934814736053087	10
GLCCI1	0	0.1182096272706985	0.8348230866987146	10
GLCE	0	0.26812209039926527	0.5564743386385478	10
GLDC	0	0.04850995205342764	0.7347335419615035	10
GLDN	0	0.048926432058215105	0.07545421366186145	10
GLE1	0	0.056998987123370114	0.08676289922190299	10
GLG1	0	0.9060860991477966	0.17467771045771416	10
GLI1	0	0.06466645821928975	0.2991439457432891	10
GLI2	0	0.3158330097794533	0.7325545185363573	10
GLI3	0	0.7653423726558686	0.9021392126652614	10
GLI4	0	0.04612476713955398	0.05003607234710812	10
GLIPR1	0	0.03640319686383006	0.04460608997142969	10
GLIPR1L1	0	0.03181124944239849	0.10700502535897713	10
GLIPR1L2	0	0.03295614458620545	0.03792392691009667	10
GLIPR2	0	0.03775029331445689	0.00043567741218870595	10
GLIS1	0	0.04800701774656767	0.07471107696916329	10
GLIS2	0	0.2817890733480453	0.43560820434095027	10
GLIS3	0	0.073578929901123	0.7304533159007882	10
GLMN	0	0.06431672759354111	0.007021142551173115	10
GLO1	0	0.07127601169049735	1.1533879337327663e-05	10
GLOD4	0	0.06226286068558691	0.0004898934863790023	10
GLOD5	0	0.03491179123520846	0.02043524257349743	10
GLP1R	0	0.1004402562975883	0.19962039885993374	10
GLP2R	0	0.03881871625781054	0.0028451795382512086	10
GLRA1	0	0.04475121088325974	0.1399164918894525	10
GLRA2	0	0.6571871161460876	0.4352272895563562	10
GLRA3	0	0.06600312665104861	0.453160730745509	10
GLRA4	0	0.03512111287564036	0.0015670408621284275	10
GLRB	0	0.09947009384632106	0.0772129101824311	10
GLRX	0	0.03749905526638027	0.0007363175328189036	10
GLRX2	0	0.03847741372883315	0.0005911490694841226	10
GLRX3	0	0.09447845406830306	0.00031232504356360586	10
GLRX5	0	0.23532498478889466	0.02589572259476123	10
GLS	0	0.7391879498958588	0.5173305936374972	10
GLS2	0	0.08112598918378348	0.0320620609266546	10
GLT1D1	0	0.032558057643473096	0.02320588509081124	10
GLT6D1	0	0.03353618346154685	2.6427220985033688e-05	10
GLT8D1	0	0.07028295733034605	0.004185548808895379	10
GLT8D2	0	0.0344574216753244	0.033678116590782445	10
GLTP	0	0.04626125767827029	0.0777994505137842	10
GLTPD1	0	0.04474010132253166	0.064007962192411	10
GLTPD2	0	0.03863795995712274	0.015672525409278742	10
GLTSCR1	0	0.6024259060621262	0.9414652252450082	10
GLTSCR1L	0	0.79081971347332	0.945932331885752	10
GLTSCR2	0	0.21339838206768036	0.46583608245965474	10
GLUD1	0	0.25329320281744006	0.009945919050185981	10
GLUD2	0	0.03515873216092582	0.006987813798027795	10
GLUL	0	0.5499121874570847	0.11071845151277378	10
GLYAT	0	0.03330530207604166	0.0001685827757970263	10
GLYATL1	0	0.03413542248308653	1.966931577216144e-05	10
GLYATL2	0	0.03365616127848621	4.009181100034522e-05	10
GLYCTK	0	0.03533388115465636	0.003907982097824968	10
GLYR1	0	0.8098310172557831	0.5120971089232205	10
GM2A	0	0.03900226987898345	0.0005754411368227902	10
GMCL1	0	0.06911662518978115	0.10216312580504797	10
GMDS	0	0.36619084030389787	0.06587887913530009	10
GMEB1	0	0.7395215541124344	0.03705544487050017	10
GMEB2	0	0.5198363482952117	0.455500444983466	10
GMFB	0	0.08889677971601483	0.07628301267842219	10
GMFG	0	0.03412006422877307	0.008386058782866938	10
GMIP	0	0.051676739007234504	0.5032434175222834	10
GML	0	0.03336030803620811	1.3376508554088488e-05	10
GMNN	0	0.058243360742926555	6.819091752594501e-06	10
GMPPA	0	0.04216172285377975	0.054544313718980476	10
GMPPB	0	0.04074667207896705	0.03445714719148066	10
GMPR	0	0.03470820635557168	0.09933589862910429	10
GMPR2	0	0.04098859392106528	1.2158415755337538e-05	10
GMPS	0	0.46369909346103666	0.1487950208456341	10
GNA11	0	0.8161855340003967	0.4000936160006689	10
GNA12	0	0.4437163069844246	0.44963618502327096	10
GNA13	0	0.25902447849512095	0.8765575849064786	10
GNA14	0	0.04001944120973343	0.12644828000855496	10
GNA15	0	0.03750730082392688	0.1615421371823014	10
GNAI1	1	0.5748824668384822	0.26821625682670996	643
GNAI2	0	0.5653394639492035	0.9994977437488866	10
GNAI3	0	0.16011328175663944	0.40432437313055186	10
GNAL	0	0.8396476984024048	0.5884845607848554	10
GNAO1	0	0.899334728717804	0.9647988566575705	10
GNAQ	0	0.5813567161560058	0.7577865645720199	10
GNAS	0	0.45180549323558805	0.30387421331816644	10
GNAT1	0	0.05930717624723906	0.0009425534395314801	10
GNAT2	0	0.04885907322168348	6.799305983464673e-05	10
GNAT3	0	0.05085653290152546	7.899074313576167e-07	10
GNAZ	0	0.7139354616403579	0.709562647288847	10
GNB1	0	0.6874465346336365	0.18304850161498332	10
GNB1L	0	0.04189537502825254	0.044989492131186276	10
GNB2	0	0.6916721045970917	0.0025132755195824	10
GNB2L1	0	0.6010864943265914	0.20357351337381555	10
GNB3	0	0.06738389134407038	0.14070636974333356	10
GNB4	0	0.1202012918889522	0.15054959027085618	10
GNB5	0	0.0979921523481607	0.05144623264848326	10
GNE	0	0.11535993143916126	0.00760089811873422	10
GNG10	0	0.044341527298092806	9.583933633031139e-06	10
GNG11	0	0.04767434559762473	0.00023518667289641596	10
GNG12	0	0.05480045266449446	0.0032103958493215103	10
GNG13	0	0.06010292507708069	0.14739819309003988	10
GNG2	0	0.11033390238881106	0.09625411026350532	10
GNG3	0	0.14616554528474804	0.08713091660968594	10
GNG4	0	0.07947269752621648	0.00246708962577305	10
GNG5	0	0.056488117575645404	0.00017826789573146965	10
GNG5P2	0	0.06602090746164317	0.004887467071450993	10
GNG7	0	0.09613002352416511	0.03699995068804033	10
GNG8	0	0.04203699529170985	0.003784220190601617	10
GNGT1	0	0.04730180539190764	0.0001662004314229802	10
GNGT2	0	0.03295860197395082	0.004204250028627934	10
GNL1	0	0.6024677962064743	0.18402472849125184	10
GNL2	0	0.08159741945564741	0.7674635916543538	10
GNL3	0	0.08351711742579934	0.012648018406024603	10
GNL3L	0	0.22181161791086196	0.2825112170505955	10
GNLY	0	0.0332326296716928	2.6364174175664984e-06	10
GNMT	0	0.03605061024427409	0.06241275257364727	10
GNPAT	0	0.1020732037723064	0.033622557719591405	10
GNPDA1	0	0.0694631546735763	0.01798488917905639	10
GNPDA2	0	0.0468119122087955	0.3845987694293932	10
GNPNAT1	0	0.039760162681341124	0.015879115809729	10
GNPTAB	0	0.2166605614125728	0.3698793478943664	10
GNPTG	0	0.07971159443259236	0.11647942271177485	10
GNRH1	0	0.03969442248344416	1.2582421961673047e-06	10
GNRH2	0	0.03402830418199297	0.004609425538128148	10
GNRHR	0	0.03683584500104185	0.04852895467687587	10
GNS	0	0.07235197499394412	0.28591699279007876	10
GOLGA1	0	0.0978895582258701	0.187293174606846	10
GOLGA2	0	0.24593435972928995	0.08011912667015351	10
GOLGA3	0	0.1649213626980781	0.5407566227314196	10
GOLGA4	0	0.2118906162679195	0.4324872810300883	10
GOLGA5	0	0.0665811583399772	0.042880886110417495	10
GOLGA6A	0	0.05068320631980892	0.5208773240135326	10
GOLGA6B	0	0.052783848345279646	0.46294957206296294	10
GOLGA6C	0	0.060267902910709326	0.049053128737926846	10
GOLGA6D	0	0.05352299921214576	0.4394667754127088	10
GOLGA6L10	0	0.0661497730761766	0.027704720627697334	10
GOLGA6L2	0	0.050224054232239676	0.09867985937629273	10
GOLGA6L4	0	0.06429305225610729	0.027534484581478107	10
GOLGA6L6	0	0.056224052980542116	0.09278564122369551	10
GOLGA7	0	0.08224611654877659	0.04017590242166766	10
GOLGA7B	0	0.055718744918703975	0.00748878121832387	10
GOLGA8A	0	0.20406734570860857	0.025016063822185203	10
GOLGA8B	0	0.18527355641126625	0.11423498569814965	10
GOLGA8F	0	0.08451470024883742	0.1804879707296814	10
GOLGA8G	0	0.06810289360582825	0.2981913008878997	10
GOLGA8H	0	0.06098292320966716	0.2696914416707284	10
GOLGA8I	0	0.05818136036396021	0.07418981834963015	10
GOLGA8J	0	0.05209920443594453	0.037981354270028723	10
GOLGA8K	0	0.06210594326257701	0.38796145846071217	10
GOLGA8M	0	0.05254290699958797	0.1173517879962391	10
GOLGA8Q	0	0.054975231736898375	0.4688158609950367	10
GOLGA8R	0	0.062368758395314174	0.38365278017731963	10
GOLGA8S	0	0.0529632449150085	0.3434139259003596	10
GOLGA8T	0	0.06264155060052869	0.10699551056220558	10
GOLGB1	0	0.28101485520601266	0.6322981560385867	10
GOLIM4	0	0.06835940405726429	0.7352054035889781	10
GOLM1	0	0.17159619256854056	0.42628083616235124	10
GOLPH3	0	0.06748176813125606	0.2735185350764838	10
GOLPH3L	0	0.0338754296302795	0.03895873320184729	10
GOLT1A	0	0.033049360476434184	0.0002844950636684185	10
GOLT1B	0	0.11002410240471358	0.013424179303920128	10
GON4L	0	0.7081401437520981	0.8751158745226668	10
GOPC	0	0.21344127804040905	0.21280216944624097	10
GORAB	0	0.03854233585298057	0.2356550890979848	10
GORASP1	0	0.04630823545157903	0.03238696209415589	10
GORASP2	0	0.17433957532048222	0.545336477493332	10
GOSR1	0	0.11037507914006706	0.0730780775248744	10
GOSR2	0	0.05322972051799292	0.6941486696904725	10
GOT1	0	0.0997340455651283	0.08464550011988198	10
GOT1L1	0	0.032636277936398936	0.027225127946800293	10
GOT2	0	0.0787683386355638	0.07656925698588578	10
GP1BA	0	0.03691462017595763	0.1139817004856762	10
GP1BB	0	0.07349292449653144	0.10881491782507031	10
GP2	0	0.03479036949574943	0.0008844378932804503	10
GP5	0	0.0403543252497911	0.006197225463474458	10
GP6	0	0.03890912458300586	0.003014756762404939	10
GP9	0	0.04442171044647688	0.008817960425345805	10
GPA33	0	0.034896807000040955	5.374480570942029e-05	10
GPAA1	0	0.08834300525486465	0.024688014412645766	10
GPALPP1	0	0.1039778999984264	0.009235817503161731	10
GPAM	0	0.06290280036628242	0.2391497093674709	10
GPANK1	0	0.04651193134486671	2.400448657280607e-05	10
GPAT2	0	0.03524904996156687	0.001336956082341278	10
GPATCH1	0	0.046501010283827734	0.4207298333725783	10
GPATCH11	0	0.08443233147263522	0.021345874996441035	10
GPATCH2	0	0.0570047073066234	0.12014184164780024	10
GPATCH2L	0	0.3553281217813492	0.5288570514547095	10
GPATCH3	0	0.03660203516483303	0.17052862449664047	10
GPATCH4	0	0.055117455124854976	0.05315561323854214	10
GPATCH8	0	0.8401339471340179	0.9618460644264099	10
GPBAR1	0	0.03636984303593632	0.0006517089664125911	10
GPBP1	0	0.45324108749628067	0.8540631589670322	10
GPBP1L1	0	0.10463926866650577	0.3304801013232927	10
GPC1	0	0.30151591747999185	0.01644853523157513	10
GPC2	0	0.07797068692743774	0.04427991900429728	10
GPC3	0	0.3263510212302208	0.0016706259794273572	10
GPC4	0	0.27556242346763604	0.5603248531242141	10
GPC5	0	0.0565997969359159	0.003098221586782311	10
GPC6	0	0.08680197112262245	0.5274411361137633	10
GPCPD1	0	0.27974639385938643	0.1469967177339337	10
GPD1	0	0.04344917144626375	0.10431973319427792	10
GPD1L	0	0.04654670692980286	0.2447333216159227	10
GPD2	0	0.08362721577286716	0.3422524957208114	10
GPER1	0	0.05244151242077345	0.05301428548797835	10
GPHA2	0	0.03817322738468644	6.683091334560044e-05	10
GPHN	0	0.9176500320434571	0.543903752230848	10
GPI	0	0.1740997284650802	0.1810944650231973	10
GPIHBP1	0	0.03649965487420557	0.041651272084263426	10
GPKOW	0	0.2576287060976028	0.012285968338192035	10
GPLD1	0	0.04328506067395208	0.3032986822519621	10
GPM6A	0	0.6590517282485961	0.026030727713803548	10
GPM6B	0	0.31304458528757095	0.004957178885427011	10
GPN1	0	0.05172473080456254	0.06959814657349048	10
GPN2	0	0.03775643873959776	0.022125123493621418	10
GPN3	0	0.03938086368143553	0.0008457567219031497	10
GPNMB	0	0.04267914406955238	0.0009653983666419664	10
GPR1	0	0.03367536328732962	0.0004116493787818241	10
GPR101	0	0.04987213276326652	0.6760054515630187	10
GPR107	0	0.1346599906682968	0.3825493244486101	10
GPR108	0	0.046373177692294085	0.39239144236521784	10
GPR110	0	0.04435703270137305	0.003406516650788542	10
GPR111	0	0.05258288048207753	0.002330844634460562	10
GPR112	0	0.04334762580692765	0.621018216298501	10
GPR113	0	0.043416082859039265	0.03585793107571686	10
GPR114	0	0.057977022230625105	0.13649782779179095	10
GPR115	0	0.04095613621175284	0.029400652324467917	10
GPR116	0	0.10262750051915641	0.1740888112612669	10
GPR119	0	0.0407662026584148	0.01092425202835333	10
GPR12	0	0.09213372766971584	0.03441719419511173	10
GPR123	0	0.04371155314147468	0.12870621868261867	10
GPR124	0	0.11129220426082606	0.2647917184049936	10
GPR125	0	0.11852236092090603	0.4603114659982569	10
GPR126	0	0.07771223373711106	0.047381042188085934	10
GPR128	0	0.04063798375427719	0.05983046966645735	10
GPR132	0	0.03571907915174956	0.07239865510263477	10
GPR133	0	0.04832291565835472	0.34760325421528254	10
GPR135	0	0.03912297673523421	0.19002357496141492	10
GPR137	0	0.05936522856354709	0.02107679051986478	10
GPR137B	0	0.042992623895406666	0.039367086444247315	10
GPR137C	0	0.08400397151708598	0.05150170839306005	10
GPR139	0	0.035995200648903804	0.4254411701907598	10
GPR141	0	0.0341559605672955	0.035360001116525	10
GPR142	0	0.0353644989430904	0.06243079871363828	10
GPR143	0	0.12147832401096818	0.0007070176929053384	10
GPR144	0	0.05130066312849518	0.05366378738436506	10
GPR146	0	0.03257411140948527	0.0031297763863110508	10
GPR148	0	0.037586591392755456	0.024073845642399908	10
GPR149	0	0.047039608284831	0.07381376647158748	10
GPR15	0	0.03288252912461753	0.0002109311601714558	10
GPR150	0	0.055207922309637024	0.23330312083142682	10
GPR151	0	0.03539888635277743	4.825278010821693e-05	10
GPR152	0	0.03892177529633039	0.2628911656483862	10
GPR153	0	0.04939620345830912	0.026031334168517127	10
GPR155	0	0.12022143155336378	0.057905282594105725	10
GPR156	0	0.03559932187199588	0.0028886837384453977	10
GPR157	0	0.03405037261545653	0.057377594881264996	10
GPR158	0	0.10034105032682414	0.712309950834461	10
GPR160	0	0.03195111155509944	6.674618859041836e-05	10
GPR161	0	0.20770833492279048	0.038522192549907214	10
GPR162	0	0.13671755045652384	0.14746157290998818	10
GPR17	0	0.041102904453873566	0.0011154639657846859	10
GPR171	0	0.034590577334165526	8.342627840334402e-05	10
GPR173	0	0.44423031955957415	0.09119185055355103	10
GPR174	0	0.03418448455631728	0.027492792938468458	10
GPR176	0	0.05241693481802935	0.05259218117971631	10
GPR179	0	0.04154230542480941	0.15524072796049415	10
GPR18	0	0.03204531781375404	0.0020165123767263387	10
GPR180	0	0.04225537013262506	0.13764922050779999	10
GPR182	0	0.03527106866240497	0.0016973241949332773	10
GPR183	0	0.045437603816390004	0.0008364136201356148	10
GPR19	0	0.041745523363351786	0.15432874074044078	10
GPR20	0	0.037324025109410255	0.00035246020776498276	10
GPR21	0	0.04171745516359803	0.1371131558716247	10
GPR22	0	0.1321567296981811	0.01196052148953687	10
GPR25	0	0.03855978026986117	0.006664673310447233	10
GPR26	0	0.07179174348711966	0.032280046887194415	10
GPR27	0	0.09510353282093996	0.17313291519577134	10
GPR3	0	0.04143835864961144	0.08212612651586094	10
GPR31	0	0.03423069566488261	0.013257278043820417	10
GPR32	0	0.0672524522989988	0.0016816659817684046	10
GPR34	0	0.0547741692513227	1.9016001602974645e-05	10
GPR35	0	0.032554826885461755	0.02368544792809426	10
GPR37	0	0.05421555079519745	0.4144562155686587	10
GPR37L1	0	0.06769300177693365	0.01333129446415109	10
GPR39	0	0.03977925032377239	0.07511692782960515	10
GPR4	0	0.08477115333080289	0.08466662901116404	10
GPR42	0	0.0539540439844131	0.0015442927637467259	10
GPR45	0	0.04074622765183444	0.09595965935004366	10
GPR50	0	0.04859426580369467	0.08284125000430193	10
GPR52	0	0.040097947418689675	0.00412676634690628	10
GPR55	0	0.03260626979172225	0.016439604434222224	10
GPR56	0	0.0838869452476501	0.005484716379287889	10
GPR6	0	0.03701671659946435	0.043326269811182774	10
GPR61	0	0.1678667582571506	0.002348663393942813	10
GPR62	0	0.05574118345975872	0.04332875669407973	10
GPR63	0	0.03866826184093947	0.49314281384403635	10
GPR64	0	0.2969718679785728	0.22046562307329953	10
GPR65	0	0.039501419663429196	0.03302542159716916	10
GPR68	0	0.04028081148862836	0.000745678969742234	10
GPR75	0	0.03641790524125095	0.007107894608472998	10
GPR78	0	0.03696414362639186	0.009224211547665107	10
GPR82	0	0.04037376530468459	0.0035070548602700604	10
GPR83	0	0.03798702284693712	0.013398229123198485	10
GPR84	0	0.03229737300425764	6.23368733065257e-05	10
GPR85	0	0.40135747045278547	0.013235048293014529	10
GPR87	0	0.03125928379595272	0.20871702529520478	10
GPR88	0	0.36644344925880434	0.0037935980600653034	10
GPR89A	0	0.06882259547710415	0.001034059282002776	10
GPR89B	0	0.06724037341773506	0.0015611012252130236	10
GPR97	0	0.04656999111175532	0.02350878756322493	10
GPR98	0	0.12852310016751284	0.30893025872924107	10
GPRASP1	0	0.1330997362732887	0.200844120810909	10
GPRASP2	0	0.2290305137634277	0.389560356469238	10
GPRC5A	0	0.03777760826051231	0.13926663085430563	10
GPRC5B	0	0.11649005040526386	0.559398409822981	10
GPRC5C	0	0.05717383548617359	0.11161368133745428	10
GPRC5D	0	0.0337992718443274	0.16827445843781344	10
GPRC6A	0	0.03952303454279895	7.187380419021344e-05	10
GPRIN1	0	0.24744778722524638	0.025552812079250274	10
GPRIN2	0	0.03470766171813007	0.07294933866063322	10
GPRIN3	0	0.05766743198037142	0.4003743602539404	10
GPS1	0	0.4439477324485779	0.2495729089437691	10
GPS2	0	0.18608170598745344	0.0011598251051549069	10
GPSM1	0	0.19430823400616642	0.5478372549200703	10
GPSM2	0	0.1219680309295654	0.3161005212698604	10
GPSM3	0	0.050344108417630165	0.0039077761994476615	10
GPT	0	0.03588488362729544	0.02343766027169235	10
GPT2	0	0.0769264072179794	0.13482236792223729	10
GPX1	0	0.09613168500363822	0.29497571192795113	10
GPX2	0	0.03208324890583751	0.000724026130414566	10
GPX3	0	0.06088839024305339	0.07099238786672625	10
GPX4	0	0.14958842322230334	0.020342526023182463	10
GPX5	0	0.0384630616754293	0.002344516636623495	10
GPX6	0	0.03616820238530631	0.012833319972857313	10
GPX7	0	0.04160415306687349	0.10353196894044828	10
GPX8	0	0.03566253744065756	0.00750816134133131	10
GRAMD1A	0	0.14650189578533168	0.08728420983891726	10
GRAMD1B	0	0.712325930595398	0.4944516730764219	10
GRAMD1C	0	0.04948383420705791	0.02008735919968047	10
GRAMD2	0	0.03544763028621669	0.01271201695047687	10
GRAMD3	0	0.037664863094687404	0.24204994074572178	10
GRAMD4	0	0.7100875437259674	0.6335637712824367	10
GRAP	0	0.0641580648720264	0.037485709526130166	10
GRAP2	0	0.03709072005003685	0.47312744782004873	10
GRASP	0	0.3164334803819656	0.1220822600914389	10
GRB10	0	0.5168201327323914	0.3127627804034992	10
GRB14	0	0.07104593850672242	0.0014981360059862143	10
GRB2	0	0.548393252491951	0.024325792943575435	10
GRB7	0	0.04678904376924032	0.02607259435059045	10
GREB1	0	0.12347361706197257	0.8730174558642618	10
GREM1	0	0.06965421847999091	0.3522206573650617	10
GREM2	0	0.03521003946661944	0.06681858289935186	10
GRHL1	0	0.14895329326391218	0.9318483816868209	10
GRHL2	0	0.6488383084535598	0.45139825130164607	10
GRHL3	0	0.3895016148686409	0.7343899894606815	10
GRHPR	0	0.07592477165162557	0.10222318186534755	10
GRIA1	0	0.850657457113266	0.9524837796155936	10
GRIA2	1	0.8860261732569108	0.8430826848280907	624
GRIA3	0	0.9088991641998291	0.9782314098890993	10
GRIA4	0	0.5901346951723099	0.2873923138563751	10
GRID1	0	0.7315349161624909	0.6825952169898841	10
GRID2	0	0.8507363080978394	0.9328856928534535	10
GRID2IP	0	0.15870196260511873	0.06614112374457977	10
GRIK1	0	0.10279969200491904	0.13476509096433342	10
GRIK2	0	0.8239502847194672	0.9961330996456192	10
GRIK3	0	0.8482460796833038	0.18441040185684643	10
GRIK4	0	0.3049180030822754	0.6059345569171904	10
GRIK5	0	0.8344418942928314	0.4116149699670005	10
GRIN1	0	0.8701509594917297	0.7498819084914603	10
GRIN2A	0	0.8292754173278809	0.912143591977314	10
GRIN2B	1	0.9082463612923255	0.6220796813040049	637
GRIN2C	0	0.10605220124125476	0.4048233494873942	10
GRIN2D	0	0.7720663666725158	0.1096345657736906	10
GRIN3A	0	0.14376059398055072	0.6044277946136373	10
GRIN3B	0	0.0592121213674545	0.25850958641703536	10
GRINA	0	0.09320077002048487	0.025172145727403984	10
GRIP1	0	0.29666272252798076	0.8688665797986375	10
GRIPAP1	0	0.8375711143016815	0.219310032769299	10
GRK1	0	0.057735284417867606	0.6346202027416166	10
GRK4	0	0.05442240573465819	0.5842191525801388	10
GRK5	0	0.19591596946120257	0.08346002202236134	10
GRK6	0	0.19083387851715083	0.08210397187441557	10
GRK7	0	0.03585449140518899	0.21444134539888143	10
GRM1	0	0.5194239616394043	0.9702373373395977	10
GRM2	0	0.1190609626471996	0.2791702621830793	10
GRM3	0	0.7120424270629883	0.3709679638152527	10
GRM4	0	0.5036761224269867	0.3367321571430978	10
GRM5	0	0.8700825929641723	0.63998955862579	10
GRM6	0	0.05373364910483358	0.24154565064552677	10
GRM7	0	0.8099441468715668	0.9891457100166351	10
GRM8	0	0.07984147332608696	0.4036180908022324	10
GRN	0	0.09236483015120026	0.008145889148665493	10
GRP	0	0.04073757827281948	7.193917652236851e-06	10
GRPEL1	0	0.03789222501218315	0.31242760395043156	10
GRPEL2	0	0.03340892344713205	0.009813460392477361	10
GRPR	0	0.03995309323072427	0.15683421465504846	10
GRSF1	0	0.05735966153442855	0.2431221496841983	10
GRTP1	0	0.03782476559281345	0.0028478460154769745	10
GRWD1	0	0.043919985368847794	0.08723214202739489	10
GRXCR1	0	0.0430069843307137	0.0037813650959359164	10
GRXCR2	0	0.03791080452501768	0.0008619663691886428	10
GSAP	0	0.059117589890956855	0.00395040741835024	10
GSC	0	0.11512712873518463	0.5695462129628929	10
GSC2	0	0.05757142566144462	0.013363630606112209	10
GSDMA	0	0.03152116909623142	0.19713921037192011	10
GSDMB	0	0.0383354134857654	0.008127518293204277	10
GSDMC	0	0.03360762000083918	0.007587201033425253	10
GSDMD	0	0.0411195512861013	0.07548737564848616	10
GSE1	0	0.6126958727836609	0.7701054740541059	10
GSG1	0	0.0339164916425943	0.000229331395175837	10
GSG1L	0	0.06449452191591258	0.1284939630907989	10
GSG2	0	0.04041848108172412	0.10211711670401705	10
GSK3A	0	0.8284424841403961	0.635866342476784	10
GSK3B	0	0.7373720586299897	0.9055604519495472	10
GSKIP	0	0.06173972971737379	0.00028043213793439183	10
GSN	0	0.07752900347113605	0.7889747554893466	10
GSPT1	0	0.7292577147483825	0.1511107219584335	10
GSPT2	0	0.7405855625867843	0.4448206246598209	10
GSR	0	0.0400959517806768	0.00837348089789611	10
GSS	0	0.041859539225697476	0.004102831157925748	10
GSTA1	0	0.032210726104676665	0.00043391757992223054	10
GSTA2	0	0.03262504655867809	0.000153314428115281	10
GSTA3	0	0.035029128938913315	0.05302410396894042	10
GSTA4	0	0.1515722408890724	0.00038962123445395564	10
GSTA5	0	0.03448967337608333	0.007467166603873194	10
GSTCD	0	0.05250587761402126	0.00721351714362569	10
GSTK1	0	0.04894633255898946	0.0012172920773585246	10
GSTM1	0	0.057209073752164795	0.0026678048712125316	10
GSTM2	0	0.041711075976490916	0.00015312132064047916	10
GSTM3	0	0.06465230286121365	0.052157347019786096	10
GSTM4	0	0.04069290980696672	0.002517147845104035	10
GSTM5	0	0.04303375072777266	0.1024663071740777	10
GSTO1	0	0.05267625413835046	0.0003645987430773307	10
GSTO2	0	0.03457034025341268	0.00308915337700452	10
GSTP1	0	0.20790139213204378	0.0017575412451898017	10
GSTT2	0	0.05420848652720447	0.023984524064429576	10
GSTT2B	0	0.06483382694423194	0.01036098983041155	10
GSTZ1	0	0.03580882810056205	0.0001272759497566304	10
GSX1	0	0.048704572767019234	0.5609331156088903	10
GSX2	0	0.05298335365951058	0.40723979469620486	10
GTDC1	0	0.07019714973866936	0.08081934761665076	10
GTF2A1	0	0.6014720916748046	0.5594651953884042	10
GTF2A1L	0	0.035774940252304044	0.0949323936227576	10
GTF2A2	0	0.0729170143604278	0.0001437643063922028	10
GTF2B	0	0.12362921983003612	0.00038149290360541823	10
GTF2E1	0	0.08205295801162717	0.13165703169139295	10
GTF2E2	0	0.04671707376837725	0.004875797214907198	10
GTF2F1	0	0.12946527786552903	0.4384740724003434	10
GTF2F2	0	0.057661613449454266	0.14544933679514588	10
GTF2H1	0	0.4086546763777733	0.42926480858738786	10
GTF2H2	0	0.10953784808516498	0.003694887506431755	10
GTF2H2C	0	0.07018221393227572	0.0004194546427061033	10
GTF2H3	0	0.040067517384886696	0.01008215596119736	10
GTF2H4	0	0.04118177779018874	0.1718537140781309	10
GTF2H5	0	0.07110613025724884	0.19108764013892401	10
GTF2I	0	0.7002553820610047	0.24016517502460483	10
GTF2IRD1	0	0.5624130964279175	0.35017609072488165	10
GTF3A	0	0.09215190038084979	0.014758229597217043	10
GTF3C1	0	0.8942264258861542	0.821665571594487	10
GTF3C2	0	0.7278316497802735	0.00327480851733869	10
GTF3C3	0	0.15193468779325484	0.1772689472534909	10
GTF3C4	0	0.3851731583476067	0.3009782643114275	10
GTF3C5	0	0.08277586586773392	0.44875014941812663	10
GTF3C6	0	0.07598160207271572	0.00041071669542663966	10
GTPBP1	0	0.6973310708999634	0.36824522706810464	10
GTPBP10	0	0.04293403774499889	0.026906576773285656	10
GTPBP2	0	0.4357721894979477	0.5406317205493438	10
GTPBP3	0	0.04420865252614018	0.04676923093883263	10
GTPBP4	0	0.207899759709835	0.28878057583464234	10
GTPBP8	0	0.03469057548791165	0.00017390177506979514	10
GTSE1	0	0.03830617479979986	0.0030297408561299893	10
GTSF1	0	0.038005179166793766	0.0001725801483666895	10
GTSF1L	0	0.03248829562216993	0.0009145218161996305	10
GUCA1A	0	0.03742836769670243	0.1252148232403174	10
GUCA1B	0	0.0414174627512693	0.0010715501711578174	10
GUCA1C	0	0.03523886576294896	0.00026261321274171696	10
GUCA2A	0	0.03561074025928969	0.02265947726396971	10
GUCA2B	0	0.03926136270165439	0.0434621894902715	10
GUCD1	0	0.0717543292790651	0.05022294593404494	10
GUCY1A2	0	0.599649402499199	0.2990139962282676	10
GUCY1A3	0	0.05175647288560862	0.49485167645059935	10
GUCY1B3	0	0.1440825060009956	0.049644568429588795	10
GUCY2C	0	0.046290316432714404	0.10594975659278685	10
GUCY2D	0	0.062490005791187256	0.2652230720704979	10
GUCY2F	0	0.043592832982540096	0.17668320368102006	10
GUF1	0	0.03634964786469933	0.07501945501506982	10
GUK1	0	0.1733982495963573	0.0004944591457341948	10
GULP1	0	0.1003651827573776	0.0003407670895632065	10
GUSB	0	0.08080630525946611	0.19062421477877162	10
GXYLT1	0	0.05066912472248073	0.46398273299038006	10
GXYLT2	0	0.03453415203839537	0.0070509578455600795	10
GYG1	0	0.04786798767745489	0.1181502839326567	10
GYG2	0	0.03551793619990344	0.15212133724068788	10
GYLTL1B	0	0.04982580542564387	0.14176139476519894	10
GYPA	0	0.03257375527173277	0.00147015946700767	10
GYPB	0	0.033110436983406474	0.000314635173446109	10
GYPC	0	0.04284468218684192	0.0028217113790389116	10
GYPE	0	0.03288954906165596	0.00038378202000457134	10
GYS1	0	0.10872758291661735	0.2807694165617117	10
GYS2	0	0.04120982363820071	0.0366983108008268	10
GZF1	0	0.07930792570114134	0.4937740376708927	10
GZMA	0	0.03511499110609287	3.1103043478195826e-06	10
GZMB	0	0.03336387276649471	2.6548129650812544e-05	10
GZMH	0	0.03263958320021626	0.01023081749250987	10
GZMK	0	0.032085922174155665	0.05861308899456935	10
GZMM	0	0.03498819731175894	0.018148724414476465	10
H1F0	0	0.10458258911967273	0.9293808702411349	10
H1FNT	0	0.0663063365966081	0.20345278816971377	10
H1FOO	0	0.03693663366138929	0.20754639687398097	10
H1FX	0	0.179859946668148	0.9576960295216276	10
H2AFJ	0	0.05010765157639976	0.14510652830759208	10
H2AFV	0	0.20615621209144588	0.044677245034498436	10
H2AFX	0	0.09201570153236384	0.015494675347326481	10
H2AFY	0	0.4985205292701721	0.2410780245280443	10
H2AFY2	0	0.4789268434047699	0.7759026799118592	10
H2AFZ	0	0.4773372307419777	5.059395051846072e-05	10
H2BFM	0	0.042140045017003955	0.00419349085953536	10
H2BFWT	0	0.033470910973846864	0.0006132152706724828	10
H3F3A	0	0.26801699250936506	0.0013630763510441514	10
H3F3B	0	0.5069532036781311	0.07051852499930947	10
H3F3C	0	0.06388780735433097	0.18406866854498646	10
H6PD	0	0.042761113122105524	0.14926996929751046	10
HAAO	0	0.03871151711791748	0.019185532934397703	10
HABP2	0	0.03427353817969558	0.010472660986836729	10
HABP4	0	0.06773331351578232	0.04300198449082207	10
HACE1	0	0.516203773021698	0.09679471178662857	10
HACL1	0	0.03839985802769655	0.13238172608222293	10
HADH	0	0.042941204085946025	0.19378916653024167	10
HADHA	0	0.19685807973146435	0.38773019786614454	10
HADHB	0	0.08744420222938055	0.0005992629720275558	10
HAGH	0	0.0867593470960855	0.00018217922031318347	10
HAGHL	0	0.08282920047640796	0.04193518926123167	10
HAL	0	0.03842797577381129	0.404291913152817	10
HAMP	0	0.04854775331914418	0.0146310447381988	10
HAND1	0	0.058097510784864394	0.033909151578898275	10
HAND2	0	0.09749743863940234	0.654962147186029	10
HAO1	0	0.034002973698079544	0.020797547125844487	10
HAO2	0	0.03359617032110685	0.012133161344143207	10
HAP1	0	0.061027789115905715	0.04205917343564825	10
HAPLN1	0	0.049776621162891346	0.03590473638202667	10
HAPLN2	0	0.07066078968346115	0.1420753171117747	10
HAPLN3	0	0.03734526261687275	0.24571284371572572	10
HAPLN4	0	0.04954822175204748	0.47873180178113195	10
HARBI1	0	0.03352711256593461	5.43989518068116e-06	10
HARS	0	0.08001731522381303	0.44977479220884486	10
HARS2	0	0.04457689896225925	0.011992700774281221	10
HAS1	0	0.04013603180646891	0.13628653292457354	10
HAS2	0	0.46398510932922366	0.765568034569734	10
HAS3	0	0.32605645358562463	0.8337337038645911	10
HAT1	0	0.1698011182248592	0.0002463914932099948	10
HAUS1	0	0.046054675802588416	0.00033454656132795473	10
HAUS2	0	0.037540321797132445	0.008323282756671308	10
HAUS3	0	0.04396388791501517	0.03317363916861369	10
HAUS4	0	0.038925725221633865	0.18259379066714465	10
HAUS5	0	0.04137750603258603	0.04238581670139441	10
HAUS6	0	0.04467094652354712	0.1934157036668269	10
HAUS7	0	0.12996945604681964	0.14280879249090478	10
HAUS8	0	0.03191916309297081	0.017103833956178028	10
HAVCR1	0	0.032745314016938185	0.5085965400789152	10
HAVCR2	0	0.050702442973852124	0.0005094579900909527	10
HAX1	0	0.09237333163619037	0.10477482733994163	10
HBA1	0	0.07559196390211577	0.15003282053804884	10
HBA2	0	0.07350816726684566	0.07339446249657615	10
HBB	0	0.054374312981963116	0.019598200128080348	10
HBD	0	0.03401516862213607	0.2414893946298667	10
HBE1	0	0.03327900171279904	0.003013688874624151	10
HBEGF	0	0.04877997115254396	0.008932411887368274	10
HBG1	0	0.05823326632380481	1.3101218847673783e-07	10
HBG2	0	0.0699724487960338	4.911943228205652e-07	10
HBM	0	0.03902006037533279	0.005307700076964199	10
HBP1	0	0.20274739414453502	0.10244042288891728	10
HBQ1	0	0.04847989529371257	0.27315895414342484	10
HBS1L	0	0.11074328571557994	0.23490328023090318	10
HBZ	0	0.06733297668397423	0.19123184072725694	10
HCAR1	0	0.033521277457475615	0.1422087009385235	10
HCAR2	0	0.03288483787328002	0.019332564274261787	10
HCAR3	0	0.0332549368962645	0.040356108604109694	10
HCCS	0	0.11302702873945232	0.0002572437017758912	10
HCFC1	0	0.8910933613777161	0.9531937283742271	10
HCFC1R1	0	0.09759551808238026	2.1799734410985818e-05	10
HCFC2	0	0.7491840243339538	0.3226069291431671	10
HCK	0	0.07555495612323279	0.15814466206080963	10
HCLS1	0	0.0531552948057651	0.0011429378672591164	10
HCN1	0	0.8235652685165405	0.4684896111519083	10
HCN2	0	0.4970692276954651	0.291883149820339	10
HCN3	0	0.06698407679796214	0.036358797200585914	10
HCN4	0	0.5560684502124786	0.6871358567960796	10
HCRT	0	0.08168628774583335	0.1149000902246683	10
HCRTR1	0	0.039327260293066456	0.00026954494799054417	10
HCRTR2	0	0.04933311901986595	0.21677660202933297	10
HCST	0	0.038818912394344776	0.00027657944049930104	10
HDAC1	0	0.3644515261054039	0.7938614599466629	10
HDAC10	0	0.04977353699505325	0.06631858838412318	10
HDAC11	0	0.05754201821982856	0.013412767840197872	10
HDAC2	0	0.7596192359924316	0.5634117017386154	10
HDAC3	0	0.609426474571228	0.07141973198303128	10
HDAC4	0	0.8886052072048187	0.9471453141191143	10
HDAC5	0	0.8696268320083618	0.5201879291325016	10
HDAC6	0	0.6400875121355056	0.24120390990265422	10
HDAC7	0	0.6000573754310607	0.1639949747310716	10
HDAC8	0	0.6708605229854584	0.0026512611468207216	10
HDAC9	0	0.8559438228607178	0.6702984257176976	10
HDC	0	0.07117307633161542	0.0042361069306382	10
HDDC2	0	0.06884604208171362	0.0008271858051683029	10
HDDC3	0	0.03831303566694255	0.0047540120289528455	10
HDGF	0	0.14474849477410312	0.00473685758777524	10
HDGFL1	0	0.05308951586484902	0.209096800964867	10
HDHD1	0	0.039285925775766325	0.0034447297029030085	10
HDHD2	0	0.05011167228221889	0.00231547042450772	10
HDHD3	0	0.035987352207302994	0.00012950675913145425	10
HDLBP	1	0.8018381381658292	0.6217982322932752	631
HDX	0	0.057056775689125004	0.25936952217094433	10
HEATR1	0	0.368316113948822	0.37125602973782323	10
HEATR2	0	0.04672492742538447	0.04951259358670443	10
HEATR3	0	0.03679618239402766	0.4941876514438891	10
HEATR4	0	0.03818607367575165	0.00522972704107373	10
HEATR5A	0	0.06685336865484709	0.7830196749658704	10
HEATR5B	0	0.29645384401082986	0.8231832550268049	10
HEATR6	0	0.06457414068281647	0.20871299657985923	10
HEBP1	0	0.03926129266619679	0.0007789203851781116	10
HEBP2	0	0.04763703271746632	0.27248262117947564	10
HECA	0	0.2725931584835052	0.080497860203089	10
HECTD1	0	0.894007533788681	0.5758331664895857	10
HECTD2	0	0.6228073716163636	0.23080008302289023	10
HECTD3	0	0.14628294333815572	0.685972191889406	10
HECTD4	1	0.9103585986063333	0.8270978229019363	631
HECW1	0	0.7900434851646423	0.8349968782715524	10
HECW2	0	0.7679281055927276	0.8286787900706715	10
HEG1	0	0.08113486804068085	0.8270909448991495	10
HELB	0	0.041310064122080756	0.32897943809444224	10
HELLS	0	0.7835557639598847	0.008098395021376962	10
HELQ	0	0.04251243099570269	0.3578773373947787	10
HELT	0	0.05166034586727615	0.0029661463859886475	10
HELZ	0	0.8890603005886077	0.9854471341671738	10
HELZ2	0	0.10134539678692811	0.2578880124111397	10
HEMGN	0	0.04157236628234382	0.04938859400746438	10
HEMK1	0	0.03539732228964562	0.05865084046955007	10
HENMT1	0	0.03885001856833692	0.08115334554372143	10
HEPACAM	0	0.118952465057373	0.06485561268810675	10
HEPACAM2	0	0.040107721462845754	0.0015921932099885767	10
HEPH	0	0.07520133927464481	0.030402467717051823	10
HEPHL1	0	0.041081779077649073	0.13411498918653147	10
HEPN1	0	0.08865930587053297	0.000450399261501016	10
HERC1	0	0.9052899003028869	0.9262214775613055	10
HERC2	0	0.9139200448989868	0.9252124829663166	10
HERC3	0	0.5482109487056732	0.11171946958351549	10
HERC4	0	0.8557153820991517	0.5183987100151284	10
HERC5	0	0.06282547228038306	0.006343640198872735	10
HERC6	0	0.03411795012652869	0.01789115178717974	10
HERPUD1	0	0.30804180800914766	0.3274743809609613	10
HERPUD2	0	0.13486949652433391	0.008717225073564632	10
HES1	0	0.13233459517359727	0.02120457177543627	10
HES2	0	0.06114725768566128	0.000905819882872825	10
HES3	0	0.08959484621882434	0.0013223676754941381	10
HES4	0	0.14827995970845217	0.0003680969409307721	10
HES5	0	0.12062861546874042	0.03503806734821614	10
HES6	0	0.20004871934652324	0.0002469927362230509	10
HES7	0	0.15581353381276128	0.6540036760614911	10
HESX1	0	0.05143109038472171	0.0006416052598132006	10
HEXA	0	0.06784514337778089	0.008817600699266421	10
HEXB	0	0.05688477717339989	0.004265100047521503	10
HEXDC	0	0.06399167776107785	0.004463845612591903	10
HEXIM1	0	0.2881835415959358	0.49547790443063294	10
HEXIM2	0	0.05410619787871834	0.18813230875392256	10
HEY1	0	0.06411356404423711	0.0750390390572742	10
HEY2	0	0.2189973562955856	0.317075322294909	10
HEYL	0	0.05420761220157141	0.07780902328157871	10
HFE	0	0.03782890513539309	0.03753990149047464	10
HFE2	0	0.04238384217023845	0.10358785893463673	10
HFM1	0	0.06903550401329991	0.29340892042456684	10
HGD	0	0.039231767505407286	8.716093402261146e-05	10
HGF	0	0.5613895207643509	0.3103597088846456	10
HGFAC	0	0.03789824545383449	0.05114107901883634	10
HGS	0	0.2814313888549805	0.6865575740023847	10
HGSNAT	0	0.10946412757039066	0.00920042476343055	10
HHAT	0	0.044893771037459326	0.002656045189645584	10
HHATL	0	0.06899527125060552	0.7302214508201909	10
HHEX	0	0.08053349852561947	0.04595887128918309	10
HHIP	0	0.2915079161524773	0.4126061976592187	10
HHIPL1	0	0.05263788700103755	0.11695022228801347	10
HHIPL2	0	0.035053779184818216	0.018190462131183856	10
HHLA2	0	0.03294271454215044	0.00045553466991994266	10
HHLA3	0	0.03449459411203857	8.234652619092297e-05	10
HIAT1	0	0.41142104268074037	0.21644193098147202	10
HIATL1	0	0.04686031043529506	0.05324858613061371	10
HIATL2	0	0.13939815163612362	3.1795253603969526e-06	10
HIBADH	0	0.04977362379431722	0.006613204877573433	10
HIBCH	0	0.060241633281111685	0.051796013929772414	10
HIC1	0	0.0973509460687637	0.3035248789529915	10
HIC2	0	0.5884058922529221	0.4081886550013543	10
HID1	0	0.26685065552592274	0.3037967824810327	10
HIF1A	0	0.7972051799297333	0.17503517818549413	10
HIF1AN	0	0.16733926683664319	0.22368082191648284	10
HIF3A	0	0.06498042866587636	0.044086943708417606	10
HIGD1A	0	0.0703872494399547	0.029217074686438322	10
HIGD1B	0	0.03831240609288211	0.0006726506836406139	10
HIGD1C	0	0.03474919945001597	2.0254410012175914e-06	10
HIGD2A	0	0.0807987425476312	1.0723433271682667e-05	10
HIGD2B	0	0.11066190265119072	0.08025694175445967	10
HILPDA	0	0.051504988968372314	1.6423502595704064e-05	10
HINFP	0	0.09382541254162782	0.02576148162063946	10
HINT1	0	0.17633347958326337	4.087829721231533e-06	10
HINT2	0	0.039022062718868225	4.591359463271804e-06	10
HINT3	0	0.054027743637561756	0.0023886040538810835	10
HIP1	0	0.6980271071195603	0.39576661275131025	10
HIP1R	0	0.2112820982933044	0.24776479171684138	10
HIPK1	0	0.8637332081794739	0.801634523868249	10
HIPK2	0	0.9135306119918823	0.9592426559036997	10
HIPK3	0	0.5037982225418091	0.7728921376266197	10
HIPK4	0	0.0352812837809324	0.07764323269276358	10
HIRA	0	0.8750063478946686	0.4620840134863471	10
HIRIP3	0	0.061901399493217414	0.34274542212644754	10
HIST1H1A	0	0.04368387237191196	0.4064677182348322	10
HIST1H1B	0	0.06817577369511121	0.07013781976730467	10
HIST1H1C	0	0.04613327123224731	0.2636794428367169	10
HIST1H1D	0	0.0479220431298017	0.023627256405745412	10
HIST1H1E	0	0.05183519758284087	0.016795693706707176	10
HIST1H1T	0	0.06438071243464942	0.03312684718366708	10
HIST1H2AA	0	0.04742220602929588	0.00021997757957043477	10
HIST1H2AB	0	0.05801593959331508	0.0015626594654289665	10
HIST1H2AC	0	0.06856274046003812	0.07518284303086582	10
HIST1H2AD	0	0.05123868137598031	0.10558080792910665	10
HIST1H2AE	0	0.054750057309865915	0.0034588165665329776	10
HIST1H2AG	0	0.053708923608064583	0.0734785750351862	10
HIST1H2AH	0	0.04601790793240066	0.008112027043617163	10
HIST1H2AI	0	0.04802345745265481	0.04213102431183513	10
HIST1H2AJ	0	0.039180229976773215	8.158595819656345e-05	10
HIST1H2AK	0	0.03708797171711918	0.2375993198953438	10
HIST1H2AL	0	0.04757098704576488	0.014515265888061624	10
HIST1H2AM	0	0.04540750309824939	0.04476906493022771	10
HIST1H2BA	0	0.04050220362842078	0.0006322871965924518	10
HIST1H2BB	0	0.04216064177453513	0.09488080136345609	10
HIST1H2BC	0	0.0611032579094171	0.16641107240177072	10
HIST1H2BD	0	0.03973941840231415	0.02900580506790364	10
HIST1H2BE	0	0.03887598514556881	0.028858967915104915	10
HIST1H2BF	0	0.041558673232793754	0.01681646758046741	10
HIST1H2BG	0	0.03682818599045273	0.01603994312442051	10
HIST1H2BH	0	0.03776234872639174	0.038649004705231076	10
HIST1H2BI	0	0.0373253839090466	0.04269529476261691	10
HIST1H2BJ	0	0.04000688716769214	0.030401100205405936	10
HIST1H2BK	0	0.043194280937313964	0.010036660389108514	10
HIST1H2BL	0	0.04504762366414066	0.11064216840543895	10
HIST1H2BM	0	0.03641512058675285	0.15905458858379576	10
HIST1H2BN	0	0.042973668500781007	0.003498473781037085	10
HIST1H2BO	0	0.038834754005074454	0.0001898948879798577	10
HIST1H3A	0	0.05437660478055471	0.008135727030043696	10
HIST1H3B	0	0.058806430548429454	0.0060161708328245935	10
HIST1H3C	0	0.05088135711848731	0.007958279384765017	10
HIST1H3D	0	0.052520013228058784	0.0018418296076085142	10
HIST1H3E	0	0.04528852030634874	0.004309622204383167	10
HIST1H3F	0	0.061012502759695	0.01031062436303446	10
HIST1H3G	0	0.046743031963705974	0.19951532450985693	10
HIST1H3H	0	0.053483370319008794	0.02014962056000418	10
HIST1H3I	0	0.04607923328876493	0.036818466597472996	10
HIST1H3J	0	0.06177112758159633	1.4286955300971802e-05	10
HIST1H4A	0	0.043842322751879645	0.3821857056818171	10
HIST1H4B	0	0.049736636132001834	0.0004726555114334298	10
HIST1H4C	0	0.127928564697504	0.0004692320878507309	10
HIST1H4D	0	0.046899981051683394	0.22575255547655343	10
HIST1H4E	0	0.04722498767077919	0.001612452498869941	10
HIST1H4F	0	0.045479111000895474	0.13121052420832616	10
HIST1H4G	0	0.03682293649762864	0.2914933187747707	10
HIST1H4H	0	0.04348901771008965	0.05914946591764132	10
HIST1H4I	0	0.04695838093757625	0.03169784022963494	10
HIST1H4J	0	0.0461472980678081	0.01371927458241698	10
HIST1H4K	0	0.05776566229760642	0.13920703942962662	10
HIST1H4L	0	0.03886718004941936	0.3314965702922177	10
HIST2H2AB	0	0.05790995620191092	0.0416701237609756	10
HIST2H2AC	0	0.06254439800977703	6.755496961997731e-05	10
HIST2H2BE	0	0.07746228426694865	0.012919908426689724	10
HIST2H2BF	0	0.03472750671207901	0.02088582686824547	10
HIST2H3D	0	0.04179024174809451	0.005019775053713963	10
HIST2H3PS2	0	0.05357845313847061	0.15744719280081382	10
HIST3H2A	0	0.07989129498600958	0.33845880785579235	10
HIST3H2BB	0	0.039488242939114536	0.08654772204711783	10
HIST3H3	0	0.04664913192391392	0.10779439019998047	10
HIST4H4	0	0.04743408057838673	0.019864669946154972	10
HIVEP1	0	0.48165456354618075	0.9079206105995018	10
HIVEP2	1	0.9148009729763819	0.730877805749247	630
HIVEP3	0	0.33050976395606996	0.7063539045187954	10
HJURP	0	0.03631941638886923	0.037257832828701654	10
HK1	0	0.7132305562496185	0.7609475468948694	10
HK2	0	0.11921908333897586	0.48209513796561493	10
HK3	0	0.04007871150970454	0.17053525711408188	10
HKDC1	0	0.03735355734825129	0.5419825712896685	10
HKR1	0	0.03628514539450401	0.09764867069859254	10
HLA-A	0	0.08531234711408611	0.014584088055436036	10
HLA-B	0	0.06811773777008054	0.0008045983855219544	10
HLA-C	0	0.06131398715078825	9.623283606242129e-05	10
HLA-DMA	0	0.037633119709789706	0.04142560892431225	10
HLA-DMB	0	0.04402543120086188	4.1334226363722364e-05	10
HLA-DOA	0	0.04010560065507885	0.008983581675401638	10
HLA-DOB	0	0.032688693329691834	0.008676087091658376	10
HLA-DPA1	0	0.038645024970173796	7.1452154517337965e-06	10
HLA-DPB1	0	0.03903918936848636	0.00661807225967965	10
HLA-DQA1	0	0.043249640986323314	0.01797690738050564	10
HLA-DQA2	0	0.03301820568740365	7.164325073459422e-05	10
HLA-DQB1	0	0.04033640511333938	2.2721153066385706e-06	10
HLA-DQB2	0	0.03969937153160569	0.1679193207595528	10
HLA-DRA	0	0.05446660928428169	0.010446121020129946	10
HLA-DRB1	0	0.04218778312206264	0.0007623196255340036	10
HLA-DRB5	0	0.05337610654532904	0.04150073924114329	10
HLA-E	0	0.09063844457268708	7.008173730220442e-05	10
HLA-F	0	0.04584080725908275	0.0009506138172558777	10
HLA-G	0	0.03250408656895158	0.002078824317453031	10
HLCS	0	0.04954027794301506	0.9574732940543397	10
HLF	0	0.39948528110980985	0.9059946697001113	10
HLTF	0	0.16561457216739653	0.4857357161465458	10
HLX	0	0.09480673223733897	0.7149773432335793	10
HM13	0	0.23044178113341326	0.027744443084972585	10
HMBOX1	0	0.7189985990524292	0.1504599571777512	10
HMBS	0	0.13333874493837355	0.02449719589988257	10
HMCES	0	0.07303750216960901	0.5337273489676684	10
HMCN1	0	0.1710263207554817	0.46880969351240476	10
HMG20A	0	0.14829989522695536	0.12541575277218334	10
HMG20B	0	0.10208363011479374	0.11269298784939312	10
HMGA1	0	0.2715716570615768	0.31186435948255803	10
HMGA2	0	0.3279441952705383	0.5518661570924625	10
HMGB1	0	0.49615873396396637	0.1458699642640604	10
HMGB2	0	0.33938635587692256	0.12312785851109906	10
HMGB3	0	0.1341586165130138	0.330982950974383	10
HMGB4	0	0.03321540560573335	0.0020403326460905922	10
HMGCL	0	0.04689868018031116	0.0005976332677776277	10
HMGCLL1	0	0.03832841515541071	9.284951145209499e-06	10
HMGCR	0	0.835174024105072	0.4015884964128353	10
HMGCS1	0	0.7165270507335663	0.10508601401102287	10
HMGCS2	0	0.04225039333105083	0.03970933954726789	10
HMGN1	0	0.1820940345525741	0.050210957145999144	10
HMGN2	0	0.2507393553853035	0.02383104666065944	10
HMGN3	0	0.20134210586547846	0.0012564918962903956	10
HMGN4	0	0.04834314882755275	0.0027707836725127206	10
HMGN5	0	0.07308715470135208	0.10512514649583457	10
HMGXB4	0	0.22866714596748347	0.7385791990124265	10
HMHA1	0	0.21927137002348895	0.3418992598109868	10
HMMR	0	0.03990465886890882	0.5343811381453873	10
HMOX1	0	0.0500971101224422	0.07068772020627198	10
HMOX2	0	0.05543938055634493	0.10134781360379726	10
HMSD	0	0.03219369184225793	4.741938692923143e-06	10
HMX1	0	0.10635942965745922	0.13554875395566948	10
HMX2	0	0.043993857502937286	0.16244691035017697	10
HMX3	0	0.18556405678391452	0.011192843761952932	10
HN1	0	0.10069123394787308	0.6155419201547316	10
HN1L	0	0.036408759653568226	0.039562277837814866	10
HNF1A	0	0.4443498596549034	0.5996087720576273	10
HNF1B	0	0.5055753707885742	0.378101516236305	10
HNF4A	0	0.17636545300483703	0.0394780908009486	10
HNF4G	0	0.07750686444342134	0.4280022915156921	10
HNMT	0	0.04239062219858166	0.0305955819837326	10
HNRNPA0	0	0.4403612449765205	0.5655088118246218	10
HNRNPA1	0	0.6232038825750351	0.6371535358872024	10
HNRNPA1L2	0	0.03368294499814504	0.3840566850095331	10
HNRNPA2B1	0	0.701026874780655	0.02651154667629931	10
HNRNPA3	0	0.5076134309172631	0.9157068034467871	10
HNRNPAB	0	0.2323807537555694	0.831915273401137	10
HNRNPC	0	0.6356412887573242	0.6955146603414031	10
HNRNPCL1	0	0.042096214741468366	0.01827142214948988	10
HNRNPD	0	0.5106844127178192	0.34395013655538864	10
HNRNPDL	0	0.4472282946109772	0.8012046376797775	10
HNRNPF	0	0.5816682994365692	0.10141601449829758	10
HNRNPH1	0	0.5460315942764282	0.5385822844440504	10
HNRNPH2	1	0.5375773538864633	0.07791354542297584	636
HNRNPH3	0	0.4875725477933884	0.16165433779570806	10
HNRNPK	0	0.7226108908653259	0.767011628882308	10
HNRNPL	0	0.8129009664058685	0.6217400803459807	10
HNRNPLL	0	0.6290787637233735	0.29254181797129386	10
HNRNPM	0	0.8447791874408722	0.3119385355510339	10
HNRNPR	0	0.765811538696289	0.5321436264280978	10
HNRNPU	1	0.8148133906607444	0.4826842141460749	624
HNRNPUL1	0	0.8405151784420013	0.9732218832682948	10
HNRNPUL2	0	0.44817271679639814	0.9852716490711474	10
HNRNPUL2-BSCL2	0	0.12597496509551998	0.8186442816986716	10
HOGA1	0	0.039143405482172926	0.0036509965482685097	10
HOMER1	0	0.7333168357610702	0.07143132060951715	10
HOMER2	0	0.049638865143060665	0.414018251832357	10
HOMER3	0	0.2673938386142254	0.08735728031451137	10
HOMEZ	0	0.062264313548803296	0.11308080995356506	10
HOOK1	0	0.09202497452497478	0.096098715441928	10
HOOK2	0	0.09181333556771273	0.04289367644292389	10
HOOK3	0	0.8778653860092163	0.05179941544376413	10
HOPX	0	0.061561576649546576	0.00925548564285042	10
HORMAD1	0	0.16822903826832766	0.0022409024049219123	10
HORMAD2	0	0.03588987812399859	0.01429369935190081	10
HOXA1	0	0.045782020129263364	0.029817415436848533	10
HOXA10	0	0.12182983458042143	0.19826046807114261	10
HOXA11	0	0.27831201329827304	0.07306735934381313	10
HOXA2	0	0.08825566805899139	0.037752339864376296	10
HOXA3	0	0.2258275061845779	0.8073994622360262	10
HOXA4	0	0.047232549265027	0.183344842162134	10
HOXA5	0	0.061646791547536814	0.24692255697014004	10
HOXA6	0	0.03679853901267045	0.04335306939992043	10
HOXA7	0	0.05281980447471137	0.11891844055563427	10
HOXA9	0	0.03969424627721306	0.3084833236696883	10
HOXB1	0	0.05635747388005252	0.13860403013700565	10
HOXB13	0	0.039372306317090947	0.007436461855086901	10
HOXB2	0	0.04935113638639447	0.048493978541289014	10
HOXB3	0	0.15702167898416516	0.5817983752506193	10
HOXB4	0	0.055244806408882095	0.08150378702930369	10
HOXB5	0	0.06115400716662404	0.03152564629751217	10
HOXB6	0	0.05016892068088049	0.003802110075030034	10
HOXB7	0	0.04872288145124909	0.1760256570757882	10
HOXB8	0	0.23280199691653247	0.7311344013283023	10
HOXB9	0	0.04405878446996207	0.052671775371745055	10
HOXC10	0	0.04175082221627231	0.17234427839901914	10
HOXC11	0	0.03909268956631417	0.4855762342653874	10
HOXC12	0	0.04144850298762316	0.00040839748016548996	10
HOXC13	0	0.17960292026400562	0.0880910823563427	10
HOXC4	0	0.0480109933763742	0.5607790696216335	10
HOXC5	0	0.0331966189667582	0.004053559861420098	10
HOXC6	0	0.03933283016085619	0.33739214358383124	10
HOXC8	0	0.07718772552907463	0.6780028010412276	10
HOXC9	0	0.0419598445296287	0.194722531962349	10
HOXD1	0	0.04529717415571208	0.007259750105140049	10
HOXD10	0	0.056885366141796054	0.22954997964423812	10
HOXD11	0	0.05752415396273133	0.43506490363535033	10
HOXD12	0	0.049723240733146615	0.005060828919034901	10
HOXD13	0	0.04445657916367049	0.2750485473899844	10
HOXD3	0	0.06672759577631947	0.4031613594768525	10
HOXD4	0	0.0413623511791229	0.02206413079847047	10
HOXD8	0	0.05087735354900356	0.2488490524575595	10
HOXD9	0	0.0675508383661508	0.6392676897434304	10
HP	0	0.039804638549685425	0.08810392472648343	10
HP1BP3	0	0.7953998804092407	0.3667272067421502	10
HPCA	0	0.20463138930499553	0.3918781973784685	10
HPCAL1	0	0.330672150850296	0.03238227824871124	10
HPCAL4	0	0.06295168101787561	0.009691437003342874	10
HPD	0	0.03662130571901792	0.6406292479187461	10
HPDL	0	0.03469822518527503	0.022032301987881038	10
HPGD	0	0.03215188197791571	0.022519915938550523	10
HPGDS	0	0.03834702223539347	0.05787938759763295	10
HPN	0	0.32722298502922054	0.043359668715031156	10
HPR	0	0.03241916056722396	0.017766111670149878	10
HPRT1	0	0.44996129870414736	0.00035588450339647424	10
HPS1	0	0.0570574358105659	0.041183740894081736	10
HPS3	0	0.05211315490305418	0.3290458168405084	10
HPS4	0	0.10792669579386709	0.0754613684844829	10
HPS5	0	0.04220087230205531	0.01419515850900498	10
HPS6	0	0.06026857234537597	0.02523356719669	10
HPSE	0	0.03302600439637895	0.0762299500746302	10
HPSE2	0	0.05957194007933135	0.05209005697094058	10
HPX	0	0.03321280125528569	0.003554868754213724	10
HR	0	0.1169661477208137	0.19638033358391152	10
HRAS	1	0.15032674525762235	0.017882033789318446	638
HRASLS	0	0.03468340244144197	0.0012462870768801836	10
HRASLS2	0	0.035386447980999894	0.011110498212558518	10
HRASLS5	0	0.03895100876688953	0.00361043928042733	10
HRC	0	0.035066068358719296	0.4051509875931111	10
HRCT1	0	0.07474144287407393	0.015386891966807975	10
HRG	0	0.03708653841167684	0.03573902170310026	10
HRH1	0	0.04791809543967243	0.08174764989877933	10
HRH2	0	0.08836747854948042	0.03038923322662679	10
HRH3	0	0.09892655573785301	0.0013893581613345434	10
HRH4	0	0.03413214758038516	0.04559999767160683	10
HRNR	0	0.04167907387018198	0.20986063320719187	10
HRSP12	0	0.0732629522681236	4.149381708270622e-06	10
HS1BP3	0	0.03338753022253508	0.24140361260159637	10
HS2ST1	0	0.08022547103464596	0.302496300684488	10
HS3ST1	0	0.04832033216953273	0.030121070803900928	10
HS3ST2	0	0.06703326553106304	0.0015877813251419844	10
HS3ST3B1	0	0.050539610162377305	0.4005574893993792	10
HS3ST4	0	0.10289923474192615	0.13601300473020658	10
HS3ST5	0	0.050631838664412454	0.07548331414133151	10
HS3ST6	0	0.04346316196024414	0.35739100726551454	10
HS6ST1	0	0.2378966428339481	0.04274645320609102	10
HS6ST2	0	0.036612501367926556	0.3121655236351981	10
HS6ST3	0	0.44082283079624174	0.1376720530849398	10
HSBP1	0	0.12270981818437572	0.7234969717256428	10
HSCB	0	0.03464733399450776	4.295613994382068e-05	10
HSD11B1	0	0.04313937760889524	0.00015749009860593482	10
HSD11B1L	0	0.10723371692001815	0.01802507437627684	10
HSD11B2	0	0.04766783379018303	0.010039866320449632	10
HSD17B1	0	0.04554983936250204	0.05440001708780088	10
HSD17B10	0	0.25809719860553737	0.08457895078107701	10
HSD17B11	0	0.040646357834339106	0.0015555015470008157	10
HSD17B12	0	0.0952163569629192	0.0006606723766440888	10
HSD17B13	0	0.03169700019061561	0.04966738100051142	10
HSD17B14	0	0.04602079056203359	0.08692766613015035	10
HSD17B2	0	0.036209218949079455	9.062835640934511e-05	10
HSD17B3	0	0.04506834298372263	1.678609735284525e-05	10
HSD17B4	0	0.11800104007124897	0.09648576178814001	10
HSD17B6	0	0.03452435247600072	2.9144015607249136e-05	10
HSD17B7	0	0.05145081877708431	0.02867122040675506	10
HSD17B8	0	0.040106545388698525	0.09280990707612057	10
HSD3B1	0	0.03185160215944046	0.02679766654609874	10
HSD3B2	0	0.03210069946944711	0.0014925270304811868	10
HSD3B7	0	0.035675474256277054	0.0005972935944434756	10
HSDL1	0	0.09444651901721951	0.03387038018240878	10
HSDL2	0	0.04541248790919778	0.16525854091623823	10
HSF1	0	0.33264980018138884	0.35622541288395987	10
HSF2	0	0.7434316515922547	0.48658062433212407	10
HSF2BP	0	0.034634840115904765	0.00013615781092437298	10
HSF4	0	0.09212913848459715	0.007777455162296787	10
HSF5	0	0.4129326522350311	0.0697150461870015	10
HSP90AA1	0	0.7535456508398056	0.7916260957495049	10
HSP90AB1	0	0.8494510650634766	0.4773144814672401	10
HSP90B1	0	0.7412213921546936	0.6645067261392655	10
HSPA12A	0	0.41665028482675553	0.32036925998394683	10
HSPA12B	0	0.0717316940426826	0.18601738300123832	10
HSPA13	0	0.11131015121936794	0.37592065251550033	10
HSPA14	0	0.07745392285287375	0.15934196104044196	10
HSPA1L	0	0.04006861634552472	0.7940971566824852	10
HSPA2	0	0.22340698242187496	0.7654266801898715	10
HSPA4	0	0.7610059678554535	0.5158487871330151	10
HSPA4L	0	0.08019284605979915	0.5909191348081355	10
HSPA5	0	0.5999011248350143	0.39154782330672455	10
HSPA6	0	0.042742193117737706	0.13923606767642513	10
HSPA8	0	0.8007333278656006	0.5291078271374084	10
HSPA9	0	0.6482717752456665	0.15111380367435973	10
HSPB1	0	0.1032523430883884	0.1291081480010164	10
HSPB11	0	0.05070501044392582	0.015430210658827295	10
HSPB2	0	0.04998444058001036	0.0008767158699090596	10
HSPB2-C11orf52	0	0.17735331729054446	0.009994071641424183	10
HSPB3	0	0.03700876124203202	0.0009479868810474822	10
HSPB6	0	0.07257024645805354	0.5404806606909975	10
HSPB7	0	0.046067451685666984	0.0040195133236002045	10
HSPB8	0	0.043227399140596354	0.0021015408549453795	10
HSPB9	0	0.06601924337446684	0.09510084903524126	10
HSPBAP1	0	0.03338481802493331	0.0008853602371795449	10
HSPBP1	0	0.04614337235689159	0.05568210407144878	10
HSPD1	0	0.655468824505806	0.6140538202759985	10
HSPE1	0	0.23376393169164653	0.0030314206738151724	10
HSPE1-MOB4	0	0.46740531027317045	0.0003969320195691641	10
HSPG2	0	0.10289784558117385	0.33273003274682755	10
HSPH1	0	0.7487627148628235	0.36711885837692737	10
HTATIP2	0	0.0344175169244408	0.00014799266382148804	10
HTATSF1	0	0.7418263614177704	0.5809068190654092	10
HTN1	0	0.03268424980342384	1.862031337878686e-05	10
HTN3	0	0.03269776534289117	1.9863903798977745e-05	10
HTR1A	0	0.044589957594871485	0.151073654298513	10
HTR1B	0	0.04899169839918609	0.15655161531082115	10
HTR1D	0	0.03607635628432032	0.0020560954382790294	10
HTR1E	0	0.04484101347625251	0.015913752703128708	10
HTR1F	0	0.053388160467147804	0.0020574587467998154	10
HTR2A	0	0.14722629338502882	0.05141728431328896	10
HTR2B	0	0.036841323226690245	0.004353940615702941	10
HTR2C	0	0.056603159382939285	0.6292478691886615	10
HTR3A	0	0.044493585079908325	0.09590516735835476	10
HTR3B	0	0.03599338568747039	0.07588109252913619	10
HTR3C	0	0.03530016709119077	0.0001554781546232831	10
HTR3D	0	0.03455079868435854	0.0012951644507636659	10
HTR3E	0	0.03321546800434587	0.0005386631760916559	10
HTR4	0	0.06578133031725879	0.009604762634742501	10
HTR5A	0	0.04566751718521113	0.08021928475950665	10
HTR5A-AS1	0	0.059832908958196596	0.5429176371931244	10
HTR6	0	0.049851667135953855	0.00204701023874752	10
HTR7	0	0.07123536653816695	0.02359481361024682	10
HTRA1	0	0.09886513948440548	0.3949548176101631	10
HTRA2	0	0.07779118195176121	0.00597729950254919	10
HTRA3	0	0.03889069780707356	0.0977302482092164	10
HTRA4	0	0.03353801164776082	0.0653993191090991	10
HTT	0	0.831227469444275	0.4306666491109386	10
HUNK	0	0.27407008409500117	0.3223825058573034	10
HUS1	0	0.03868357390165324	0.010002854237262725	10
HUS1B	0	0.060489258170127826	0.011263938328781621	10
HUWE1	0	0.949855625629425	0.934112686129296	10
HVCN1	0	0.0456951074302196	0.2066507747109812	10
HYAL1	0	0.0339434210211038	0.00021906863817079501	10
HYAL2	0	0.06597893014550205	0.045099936536851015	10
HYAL3	0	0.033338851667940574	0.108209849557246	10
HYAL4	0	0.03329201433807607	3.9886875894193605e-05	10
HYI	0	0.0513216614723205	0.0036807730365810394	10
HYKK	0	0.0478645775467157	0.0005017480380897177	10
HYLS1	0	0.03339209463447327	0.060437602196305694	10
HYOU1	0	0.365274703502655	0.8596483396256647	10
HYPK	0	0.05534109883010385	0.0018243849922723002	10
IAH1	0	0.08314481116831297	0.00197537090486067	10
IAPP	0	0.03672647252678866	0.0006858974788998526	10
IARS	0	0.10250132158398624	0.06095306720277059	10
IARS2	0	0.13170339241623874	0.01697367117819576	10
IBA57	0	0.04022240452468391	0.01139662833001973	10
IBSP	0	0.034701123088598206	0.020802314256567006	10
IBTK	0	0.5844694793224334	0.2065114586674642	10
ICA1	0	0.06844914443790909	0.0044325248994874595	10
ICA1L	0	0.10079434327781196	0.3471516537998876	10
ICAM1	0	0.048454409837722714	0.07727146342491298	10
ICAM2	0	0.03302246630191799	0.01535789720713213	10
ICAM3	0	0.046051465347409205	0.3493741636288741	10
ICAM4	0	0.03476168755441899	0.05248644166491747	10
ICAM5	0	0.09521753229200837	0.32607349490089926	10
ICK	0	0.1053617283701896	0.06969472844717209	10
ICMT	0	0.2599519088864326	0.008819618857662494	10
ICOS	0	0.034520137682557066	0.00039116431356131233	10
ICOSLG	0	0.03336594551801675	0.03985799015001468	10
ICT1	0	0.04421998485922809	0.004124436205209918	10
ID1	0	0.07490496747195716	0.06400541413486177	10
ID2	0	0.19582175090909	0.05722497205268828	10
ID3	0	0.10583200454711912	0.009613865786932222	10
ID4	0	0.2176889106631279	0.01599908715805825	10
IDE	0	0.28341220542788503	0.3013887760873595	10
IDH1	0	0.07657797746360298	0.1363442076060878	10
IDH2	0	0.36827534884214397	0.06956671978720505	10
IDH3A	0	0.0983901627361774	0.20617652928503052	10
IDH3B	0	0.08465966023504731	0.40318617963221703	10
IDH3G	0	0.13452500402927395	0.12280785790551893	10
IDI1	0	0.13360707759857177	0.005048458624532399	10
IDI2	0	0.04008738622069354	0.0025375632106290624	10
IDNK	0	0.04003329463303085	5.1324042564614904e-05	10
IDO1	0	0.03565747700631615	1.4436687921780335e-05	10
IDO2	0	0.04434108287096019	4.173341353718822e-06	10
IDS	0	0.34727260172367097	0.6586867212905599	10
IDUA	0	0.06340319141745564	0.21347940051555464	10
IER2	0	0.19229550957679745	0.10233483701458104	10
IER3	0	0.05572325475513932	0.011350453096846543	10
IER3IP1	0	0.05885084271430965	0.009130014100559978	10
IER5	0	0.14489643350243564	0.06433295140958926	10
IER5L	0	0.13355752304196356	0.5989493611408215	10
IFFO1	0	0.05117916502058502	0.041610556635331725	10
IFFO2	0	0.17828408181667324	0.04806274389422738	10
IFI16	0	0.06311781555414196	0.050252303778593035	10
IFI27	0	0.04928335547447199	0.00017875129897264888	10
IFI27L1	0	0.04080125093460079	0.009795757009125708	10
IFI27L2	0	0.06018018350005148	0.20927946197904207	10
IFI30	0	0.04539328217506404	0.002565774834241911	10
IFI35	0	0.03511164225637907	0.00374472513489395	10
IFI44	0	0.05376455821096893	0.00017591136155333843	10
IFI44L	0	0.038323495537042576	0.38397845114304663	10
IFI6	0	0.10235566571354862	0.05276461737188769	10
IFIH1	0	0.04591710604727263	0.3481246204157236	10
IFIT1	0	0.04118634685873981	0.00447182968761168	10
IFIT1B	0	0.03514458183199163	1.81172919868494e-05	10
IFIT2	0	0.0404031921178102	0.049645996788397415	10
IFIT3	0	0.04011913761496539	0.00013510952119675685	10
IFIT5	0	0.03623629398643965	0.006529401962306444	10
IFITM1	0	0.04262658990919585	0.003419294429366096	10
IFITM2	0	0.04512580595910543	0.02735811946962812	10
IFITM3	0	0.08676604293286796	0.26166288386466424	10
IFITM5	0	0.03561880439519877	0.023772814651471786	10
IFLTD1	0	0.03949933052062983	0.11027307425386028	10
IFNA1	0	0.0658935066312551	1.7953446710174208e-05	10
IFNA10	0	0.0718642812222242	3.0133066580379588e-05	10
IFNA13	0	0.06254622191190715	7.240862830267939e-05	10
IFNA16	0	0.0696855798363685	8.20834387073747e-06	10
IFNA17	0	0.08589590154588218	6.8847896263849705e-06	10
IFNA2	0	0.0664594806730747	0.0004871094999240413	10
IFNA21	0	0.0662569116801023	1.6345626234609715e-05	10
IFNA4	0	0.08948773443698879	0.00024274368232225294	10
IFNA5	0	0.06504841409623618	0.0007799036588882473	10
IFNA6	0	0.07252399846911425	3.840555802071717e-06	10
IFNA7	0	0.06401212587952611	8.002790086582359e-05	10
IFNA8	0	0.061968145892024006	3.9251600517825283e-07	10
IFNAR1	0	0.0970131233334541	0.00514543109924632	10
IFNAR2	0	0.051619104295968964	0.16679685576203673	10
IFNB1	0	0.07460144683718677	0.0004390395722796655	10
IFNE	0	0.033252673596143686	1.36910712664418e-05	10
IFNG	0	0.06587487794458861	4.5217534144770594e-05	10
IFNGR1	0	0.0592615861445665	0.25330454710012634	10
IFNGR2	0	0.13397940173745151	0.0054649749197192895	10
IFNK	0	0.034912045858800374	0.00011778670279906696	10
IFNL1	0	0.04344282373785967	0.0005361576695771459	10
IFNL2	0	0.04832305125892156	0.012966166241920684	10
IFNL3	0	0.04931874945759768	6.083253696965815e-05	10
IFNLR1	0	0.04909660592675204	0.02040717069769709	10
IFNW1	0	0.060781896114349324	5.8238713432981405e-06	10
IFRD1	0	0.19417477399110789	0.13134833387472333	10
IFRD2	0	0.041889926046132994	0.09072830364560859	10
IFT122	0	0.08209786228835578	0.48146210854504445	10
IFT140	0	0.053700238093733754	0.22570441090149918	10
IFT172	0	0.1609708502888679	0.35212731384548007	10
IFT20	0	0.08544375076889989	0.025724714058629177	10
IFT27	0	0.05715101361274714	0.00459879702407381	10
IFT43	0	0.05817857645452018	1.3079582663814627e-05	10
IFT46	0	0.05054212063550945	0.019133930156589506	10
IFT52	0	0.05597433373332021	0.0008954045705595111	10
IFT57	0	0.08347925692796702	0.31204540348009674	10
IFT74	0	0.04618216753005977	0.08645703427291308	10
IFT80	0	0.08671017065644261	0.016454269918437608	10
IFT81	0	0.13340607881546016	0.03785009653943193	10
IFT88	0	0.0800521276891231	0.004232173665327901	10
IGBP1	0	0.3828337728977203	0.0002754921076243217	10
IGDCC3	0	0.08857575505971906	0.42560568270695887	10
IGDCC4	0	0.0668521381914615	0.1439965826942046	10
IGF1	0	0.0624243419617414	0.2450319466686251	10
IGF1R	0	0.8961106181144715	0.8816921970533755	10
IGF2	0	0.04303221814334389	0.8739316123942805	10
IGF2BP1	0	0.7094893634319306	0.9325002226954723	10
IGF2BP2	0	0.43832981735467913	0.9708481540638711	10
IGF2BP3	0	0.6131740272045135	0.8806686291381045	10
IGF2R	0	0.5009835690259934	0.8897217222522238	10
IGFALS	0	0.04921776279807087	0.04756915045787312	10
IGFBP1	0	0.03918321207165712	0.0011117989141143088	10
IGFBP2	0	0.15028968080878252	0.16045380566201226	10
IGFBP3	0	0.1097614005208015	0.11868356363450613	10
IGFBP4	0	0.04449951276183123	0.0001764878413529397	10
IGFBP5	0	0.22761601805686946	0.9244090381663218	10
IGFBP6	0	0.04398157447576517	0.10094969985674389	10
IGFBP7	0	0.09061497785151	0.0042017073653394165	10
IGFBPL1	0	0.06284740306437012	0.002372110716761793	10
IGFL1	0	0.033267232775688126	0.001321799326702015	10
IGFL2	0	0.03297815620899195	0.00025468431300763053	10
IGFL3	0	0.0325719621032476	0.00012206534843579582	10
IGFL4	0	0.03364761061966416	0.01177149066674991	10
IGFLR1	0	0.037145704030990566	0.06208763086690985	10
IGFN1	0	0.06282592862844463	0.20063513081777837	10
IGHMBP2	0	0.05417552739381785	0.4239048337743089	10
IGIP	0	0.05182119756937022	0.01937636496624264	10
IGJ	0	0.04091180339455601	0.015989954948158216	10
IGLL1	0	0.03860762342810626	0.0005027076943266059	10
IGLON5	0	0.0804442726075649	0.3770889870336776	10
IGSF1	0	0.3168500870466232	0.03828628182359921	10
IGSF10	0	0.03813266754150384	0.6253035346380849	10
IGSF11	0	0.04757490269839759	0.11371420693831014	10
IGSF21	0	0.11825205758213994	0.295962188163903	10
IGSF22	0	0.039944794401526415	0.6420258215082812	10
IGSF3	0	0.19036385416984555	0.7757993213844002	10
IGSF5	0	0.03480763621628282	0.002377366916789622	10
IGSF6	0	0.031742562726139976	0.05787964618292962	10
IGSF8	0	0.1000865578651428	0.1998416426877056	10
IGSF9	0	0.06706401482224461	0.012294783603522371	10
IGSF9B	0	0.4397098645567894	0.6107354545474294	10
IHH	0	0.051405550912022535	0.003157255315774484	10
IK	0	0.4476560026407242	0.4550395085297153	10
IKBIP	0	0.037023015320301	3.140947737648941e-05	10
IKBKAP	0	0.08595259003341192	0.24212338345140125	10
IKBKB	0	0.5440476477146149	0.18186970940859964	10
IKBKE	0	0.08028912767767903	0.12603311872918757	10
IKBKG	0	0.0805313058197498	0.000498237426743691	10
IKZF1	0	0.660549521446228	0.13405809012949824	10
IKZF2	0	0.4526119977235794	0.51779686366096	10
IKZF3	0	0.4305999085307121	0.2238693695129676	10
IKZF4	0	0.3974924236536026	0.5189022492711397	10
IKZF5	0	0.15783851072192187	0.21645293447974306	10
IL10	0	0.04116176478564733	0.0002404408427630074	10
IL10RA	0	0.035790004953741975	0.005286252845370541	10
IL10RB	0	0.03672568984329695	3.082755285090308e-06	10
IL11	0	0.04408735930919642	0.00033867200562308163	10
IL11RA	0	0.04489252865314479	0.005803840470540108	10
IL12A	0	0.03274419046938415	6.459642067340708e-06	10
IL12B	0	0.0376421000808477	0.0007744982821052749	10
IL12RB1	0	0.03860873952507967	0.01392342176549114	10
IL12RB2	0	0.041498837992548894	0.0036031719487128917	10
IL13	0	0.03876768369227643	0.0031620810950700887	10
IL13RA1	0	0.13052992001175875	0.044561820351806856	10
IL13RA2	0	0.03643747977912421	0.03366605531904087	10
IL15	0	0.09802695959806437	0.0014894018053684243	10
IL15RA	0	0.045886491984128905	0.00010759722501750614	10
IL16	0	0.06614857167005535	0.4900159356054504	10
IL17A	0	0.04100298248231407	2.9606952027968277e-05	10
IL17B	0	0.03464189209043975	0.00390357556149653	10
IL17C	0	0.03576179854571815	0.3361739793348036	10
IL17D	0	0.0562086265534162	0.000899391944667677	10
IL17F	0	0.035602922737598366	9.816505661180248e-05	10
IL17RA	0	0.04261566624045366	0.18583944807183275	10
IL17RB	0	0.04310534857213492	0.0038429631980418087	10
IL17RC	0	0.0402423325926065	0.01528493753087683	10
IL17RD	0	0.0730137307196855	0.544863621341628	10
IL17RE	0	0.03807940818369383	0.018478035005364643	10
IL17REL	0	0.03476975001394744	0.006394890479995727	10
IL18	0	0.052283535897731714	2.8083353892426406e-05	10
IL18BP	0	0.0326435519382357	0.0001724146472967866	10
IL18R1	0	0.03972745239734645	0.2066047368961184	10
IL18RAP	0	0.04204937741160388	0.0010674554076327658	10
IL19	0	0.03280205894261596	0.004853782172794627	10
IL1A	0	0.03451358638703818	0.005227788524399863	10
IL1B	0	0.05473239608108993	4.091008464949854e-05	10
IL1F10	0	0.03312515132129187	0.0012223686234825839	10
IL1R1	0	0.07426760308444495	0.01296410976795839	10
IL1R2	0	0.032348673976957745	2.73490519171036e-05	10
IL1RAP	0	0.08002526909112925	0.14833111637574498	10
IL1RAPL1	0	0.8002962827682495	0.27424693480069096	10
IL1RAPL2	0	0.35273600518703463	0.00746644437076871	10
IL1RL1	0	0.03681896403431888	0.0005577769993560408	10
IL1RL2	0	0.032428814843296974	0.05630971260127489	10
IL1RN	0	0.03583399504423136	0.0010002399099902919	10
IL2	0	0.06953071244060989	0.0003491595150154277	10
IL20	0	0.03527949191629881	6.430232037124942e-06	10
IL20RA	0	0.03503128439187999	0.037014944544690884	10
IL20RB	0	0.03847346641123291	0.03207059463533088	10
IL21	0	0.04460069425404065	0.0007082169222795219	10
IL21R	0	0.1534034915268421	0.0007331490965482759	10
IL22	0	0.03228888809680934	1.8269926146297613e-05	10
IL22RA1	0	0.04057309851050374	0.0010658762041898823	10
IL22RA2	0	0.03302855808287853	0.0025779640398501677	10
IL23A	0	0.035507046431302966	2.2727865573576545e-06	10
IL23R	0	0.04177621416747565	0.012691374671474919	10
IL24	0	0.03652875348925586	2.718266785073387e-05	10
IL25	0	0.03612610474228854	0.0005376568164111885	10
IL26	0	0.03528488427400584	3.6025250003882156e-07	10
IL27	0	0.0922301888465881	0.0003363498092976351	10
IL27RA	0	0.03751940503716463	0.000790298945963587	10
IL2RA	0	0.04171999804675575	0.01611382621467735	10
IL2RB	0	0.05588585361838335	0.09828871838669109	10
IL2RG	0	0.2737696766853332	5.1765212991990056e-05	10
IL3	0	0.04253291040658946	0.0007447438657992081	10
IL31	0	0.03425741828978055	1.3025999680722317e-06	10
IL31RA	0	0.040840148180723165	0.49360810155845325	10
IL32	0	0.03619339652359481	0.00037155227676798736	10
IL33	0	0.04342062808573241	0.00245026253639516	10
IL34	0	0.04272905290126796	0.00014169363890630728	10
IL36A	0	0.034646177664399105	0.0005911592450817554	10
IL36B	0	0.03338190037757153	1.5696173787416427e-05	10
IL36G	0	0.03165061194449658	3.3380369218413387e-05	10
IL36RN	0	0.0330991111695766	0.0003969625247848248	10
IL37	0	0.0341018950566649	0.0033167344834800555	10
IL3RA	0	0.04556863084435458	0.007045457817726074	10
IL4	0	0.05403608828783031	0.0005814727637198154	10
IL4I1	0	0.04243165887892242	0.3466047596438272	10
IL4R	0	0.04649443663656707	0.003867806347121724	10
IL5	0	0.03879513628780837	0.0003698206985526457	10
IL5RA	0	0.03560379017144437	0.03244421352986291	10
IL6	0	0.04378670006990426	0.0005254670340919934	10
IL6R	0	0.04419710859656329	0.06009506797246709	10
IL6ST	0	0.34465876072645185	0.4786596030670302	10
IL7	0	0.0710690293461084	0.0025967893327310575	10
IL7R	0	0.0368793778121471	0.09416284407933148	10
IL8	0	0.03954729102551933	7.946629499734606e-05	10
IL9	0	0.036096283793449355	3.1659362785278304e-06	10
IL9R	0	0.03511344455182547	0.004031809741280661	10
ILDR1	0	0.03673205897212023	0.0025716204214609227	10
ILDR2	0	0.11244485825300214	0.4666545475578456	10
ILF2	0	0.6021556675434112	0.007979318547436897	10
ILF3	0	0.8982617497444153	0.9901367465364315	10
ILK	0	0.1039143525063991	0.00350980058131022	10
ILKAP	0	0.4157988354563713	0.23066185396460975	10
ILVBL	0	0.06256499439477917	0.03388753467344406	10
IMMP1L	0	0.04421384334564203	0.00028705586064899124	10
IMMP2L	0	0.04305056482553477	0.02255972208415665	10
IMMT	0	0.15664251297712323	0.11030857442755974	10
IMP3	0	0.06392697580158706	0.13890498823033753	10
IMP4	0	0.04078792408108707	0.09549767495438374	10
IMPA1	0	0.04263343699276443	0.037052550386873884	10
IMPA2	0	0.0379861548542976	0.0824482606202824	10
IMPACT	0	0.058758717402815776	0.01298920696881459	10
IMPAD1	0	0.04515134878456587	0.7830960114094578	10
IMPDH1	0	0.058161030709743454	0.2209726708769124	10
IMPDH2	0	0.19961975067853927	0.10331947186002828	10
IMPG1	0	0.039512007683515524	0.20268789136903048	10
IMPG2	0	0.07479080371558663	0.6555869188729646	10
INA	0	0.17234621569514272	0.08608272223084998	10
INADL	0	0.05582027919590469	0.6403412106507813	10
INCA1	0	0.03767457641661162	0.0016484099861665904	10
INCENP	0	0.1544602550566196	0.86517049822174	10
INF2	0	0.31883947849273675	0.41810319150037556	10
ING1	0	0.08490584492683406	0.505409982557075	10
ING2	0	0.26451011896133425	0.0005743053458071867	10
ING3	0	0.6513134181499481	0.7786406507285211	10
ING4	0	0.18297038227319712	0.19818174802437916	10
ING5	0	0.2845187157392502	0.07963233313157003	10
INHA	0	0.0365849450230598	0.049939999287263684	10
INHBA	0	0.442978435754776	0.887303063140591	10
INHBB	0	0.23120530694723124	0.5765758929137716	10
INHBC	0	0.03429899532347912	0.031092322002298178	10
INHBE	0	0.0469161063432693	5.907305194446833e-05	10
INIP	0	0.04954185783863062	0.03288058064614233	10
INMT	0	0.039170952141284895	0.0038098351911516315	10
INMT-FAM188B	0	0.1478417761623859	0.3972000846713478	10
INO80	0	0.9211000680923462	0.38918258720095383	10
INO80B	0	0.09538845941424366	3.32573998756463e-05	10
INO80C	0	0.03682986535131927	0.08041121116236127	10
INO80D	0	0.8538573086261749	0.738713273335961	10
INO80E	0	0.06210250854492183	0.23603020859831658	10
INPP1	0	0.05118376389145847	0.009611765168085824	10
INPP4A	0	0.9105747282505036	0.420157400159275	10
INPP4B	0	0.25393624305725093	0.22151527150125414	10
INPP5A	0	0.39325205385684964	0.8314157098637345	10
INPP5B	0	0.06579103916883464	0.059704315705573476	10
INPP5D	0	0.626491904258728	0.5342969536212997	10
INPP5E	0	0.08372284956276412	0.25860833792286375	10
INPP5F	0	0.3076885178685188	0.15584410228742152	10
INPP5J	0	0.060896284691989364	0.2663515091073026	10
INPP5K	0	0.05538747794926163	0.11312100892295036	10
INPPL1	0	0.1869969248771667	0.4197674828224307	10
INS	0	0.06229432635009284	0.19307154556583572	10
INS-IGF2	0	0.03946165926754471	0.0493967094623128	10
INSC	0	0.04147410131990904	0.06906967479408635	10
INSIG1	0	0.10192906260490413	0.7222000804826654	10
INSIG2	0	0.0543147817254066	0.39286008083679497	10
INSL3	0	0.05795110836625095	0.00029424026130441677	10
INSL4	0	0.032739204913377715	3.0630392049675896e-05	10
INSL5	0	0.03583137970417734	1.020225167866151e-05	10
INSL6	0	0.033342167735099744	0.00013588522913445992	10
INSM2	0	0.09061306267976756	0.5324060127194442	10
INSR	0	0.7249681293964386	0.9586332213362756	10
INSRR	0	0.05449753589928145	0.322201155681762	10
INTS1	0	0.28537787050008767	0.3093445750165097	10
INTS10	0	0.8415501415729523	0.01770078376937571	10
INTS12	0	0.1808133631944656	0.4761789906079185	10
INTS2	0	0.6647271424531936	0.3817888603107422	10
INTS3	0	0.8720584511756897	0.8953253185587379	10
INTS4	0	0.07451469078660006	0.12261653519293862	10
INTS5	0	0.1599567040801048	0.06564196949172127	10
INTS6	0	0.8497904539108276	0.7552546588227138	10
INTS7	0	0.16003006845712658	0.05854359709823222	10
INTS8	0	0.45049876570701597	0.18684597800452854	10
INTS9	0	0.06503544114530083	0.00708465917780349	10
INTU	0	0.1669829040765762	0.35023291315288885	10
INVS	0	0.053115698322653726	0.3338247098927657	10
IP6K1	0	0.49614267945289614	0.21427148473554855	10
IP6K2	0	0.5535358220338822	0.020810902074415168	10
IP6K3	0	0.04303011000156398	0.12499309835223742	10
IPCEF1	0	0.050182573124766296	0.34594957808634474	10
IPMK	0	0.10391738489270205	0.20144735176154938	10
IPO11	0	0.16583954393863673	0.23089573438045638	10
IPO13	0	0.7450439810752869	0.020132484001282556	10
IPO4	0	0.0487229317426681	0.2864338624751913	10
IPO5	0	0.8599342107772827	0.9120451054536497	10
IPO7	0	0.8813128888607025	0.7171136868911219	10
IPO8	0	0.3351823970675468	0.8940860484323343	10
IPO9	0	0.9072487473487854	0.7511373752074472	10
IPP	0	0.05360526219010349	0.0010829120557553332	10
IPPK	0	0.13444258682429786	0.10407306896952476	10
IQCB1	0	0.0663377966731786	0.013767231585243267	10
IQCC	0	0.03330434188246722	0.05032996404544156	10
IQCE	0	0.05911320894956583	0.31942023229175776	10
IQCF1	0	0.03377889078110452	0.00252941704985619	10
IQCF2	0	0.03327084369957442	1.0742566357742816e-07	10
IQCF3	0	0.03294737301766869	0.05683569749950457	10
IQCF5	0	0.05093160867691036	6.521635720279762e-06	10
IQCG	0	0.03813734520226713	0.02684867271081077	10
IQCH	0	0.044495166465640015	0.02204431714660008	10
IQCJ	0	0.03290618583559984	1.0514924623388894e-05	10
IQCJ-SCHIP1	0	0.07964546680450435	0.11000824347103336	10
IQCK	0	0.050682803988456704	0.09164208699512674	10
IQGAP1	0	0.7075487315654755	0.6740138664240399	10
IQGAP2	0	0.05560069903731342	0.7701640364448873	10
IQGAP3	0	0.047819579020142514	0.13638008827776138	10
IQSEC1	0	0.8050156116485596	0.656814294585989	10
IQSEC2	1	0.772026091860318	0.5442258771927606	644
IQSEC3	0	0.13807128444313999	0.22553588787399473	10
IQUB	0	0.04633356481790538	0.0012860838866148346	10
IRAK1	0	0.24355672076344487	0.0741856782122711	10
IRAK1BP1	0	0.041683598607778496	0.0339854758444217	10
IRAK2	0	0.04308780282735819	0.00018307707471588774	10
IRAK3	0	0.049613387882709456	0.2027683719215827	10
IRAK4	0	0.035403755493462016	0.0660042509899765	10
IREB2	0	0.7594749897718429	0.2992087172600807	10
IRF1	0	0.3895183205604553	0.012785804323396552	10
IRF2	0	0.2923171803355217	0.00896021287190437	10
IRF2BP1	0	0.6600902915000916	0.4556474659600866	10
IRF2BP2	0	0.2426738247275352	0.8517426402116179	10
IRF2BPL	1	0.5429547324224755	0.9968839317502136	621
IRF3	0	0.06458413451910014	0.005195541425116961	10
IRF4	0	0.32204207330942153	0.1400332696755157	10
IRF5	0	0.056928357481956425	0.0008023961622271305	10
IRF6	0	0.5097494095563888	0.008197125622705751	10
IRF7	0	0.061618132144212676	0.06186525617022087	10
IRF8	0	0.21390103995800014	0.05325550492088123	10
IRF9	0	0.08035060502588745	0.0016126837169268536	10
IRGC	0	0.034850621968507724	0.09339272702053457	10
IRGQ	0	0.0816333089023828	0.13315399957899113	10
IRS1	0	0.1285087890923023	0.9169573051253914	10
IRS2	0	0.5463985443115235	0.675483126833704	10
IRS4	0	0.07455192543566222	0.9027836079243237	10
IRX1	0	0.048977698013186396	0.6527587012546101	10
IRX2	0	0.04252266585826868	0.43194800660456867	10
IRX3	0	0.096658132225275	0.5830019330651326	10
IRX4	0	0.054756958410143816	0.1103879018356378	10
IRX5	0	0.41618342846632006	0.6460625645197059	10
IRX6	0	0.04333402067422862	0.10516807235681043	10
ISCA1	0	0.08173810094594951	0.0007347407619959282	10
ISCA2	0	0.0396466095000505	0.006591592405640297	10
ISCU	0	0.08843268938362595	0.0008084510024839878	10
ISG15	0	0.053077333420515016	0.05698668176306587	10
ISG20	0	0.03467940222471948	2.4650066057588347e-05	10
ISG20L2	0	0.045904841274023014	0.24146609748519907	10
ISL1	0	0.2911726951599121	0.004321814793431018	10
ISL2	0	0.05048207007348532	0.2236587549266924	10
ISLR	0	0.04262707456946368	0.02380788458884666	10
ISM1	0	0.03338122926652428	0.4567588419135971	10
ISM2	0	0.0377834744751453	0.1233173197649168	10
ISOC1	0	0.04072288796305652	0.09275247661874073	10
ISOC2	0	0.03840926624834533	0.0034143799008377078	10
ISPD	0	0.06248528473079201	0.31275691986337995	10
IST1	0	0.11097582429647443	0.020708333944723	10
ISX	0	0.04337150640785688	0.00010843008048819731	10
ISY1	0	0.43403743356466296	0.0063278799121723114	10
ISY1-RAB43	0	0.3521278664469719	0.15472480054997223	10
ISYNA1	0	0.0939694173634052	0.45548818907638366	10
ITCH	0	0.8699436187744141	0.1991811873421907	10
ITFG1	0	0.2601302772760391	0.04440100996289449	10
ITFG2	0	0.05223976299166675	0.00688614557632016	10
ITFG3	0	0.06323173269629476	0.15438654981943234	10
ITGA1	0	0.05975945927202697	0.6294082004821319	10
ITGA10	0	0.04288461916148658	0.19730946137209782	10
ITGA11	0	0.08492475450038905	0.7371006007981746	10
ITGA2	0	0.08230022042989726	0.9280619993913011	10
ITGA2B	0	0.07576960995793339	0.3691717324391632	10
ITGA3	0	0.1681896604597568	0.31468387636946293	10
ITGA4	0	0.09688328318297859	0.2192105139682734	10
ITGA5	0	0.19837853237986564	0.29134632480183265	10
ITGA6	0	0.2022201150655746	0.635904554822756	10
ITGA7	0	0.06967161335051056	0.40295676940048153	10
ITGA8	0	0.06460891515016551	0.21484358494015687	10
ITGA9	0	0.09891401082277294	0.31942308343628356	10
ITGAD	0	0.03470870815217491	0.0021285811737115	10
ITGAE	0	0.06071654669940467	0.1996258689509081	10
ITGAL	0	0.14053515121340748	0.07700171727420549	10
ITGAM	0	0.0694034550338983	0.561985250312541	10
ITGAV	0	0.25284960493445396	0.06964447344905031	10
ITGAX	0	0.06611191220581525	0.02244558880016434	10
ITGB1	0	0.8028744041919709	0.5074030528979037	10
ITGB1BP1	0	0.1007245127111673	0.08084993043985142	10
ITGB1BP2	0	0.035338515788316684	0.0018236927468243242	10
ITGB2	0	0.052113371342420535	0.062275080098373806	10
ITGB3	0	0.11796046569943426	0.003813341742801457	10
ITGB3BP	0	0.03970009461045261	1.021466887113011e-05	10
ITGB4	0	0.11430889889597888	0.32427972181855474	10
ITGB5	0	0.05312254577875133	0.035411717193398265	10
ITGB6	0	0.03621671982109542	0.01119440701111957	10
ITGB7	0	0.05238077752292151	0.012005124916240749	10
ITGB8	0	0.7454875588417054	0.21959198513360506	10
ITGBL1	0	0.03974357694387432	0.0008395254223588537	10
ITIH1	0	0.04362836629152294	0.6272057111416534	10
ITIH2	0	0.03488731849938625	0.3078370213887	10
ITIH3	0	0.05131927318871016	0.3004471478650924	10
ITIH4	0	0.041222609207034064	0.11761759370750755	10
ITIH5	0	0.06131063476204868	0.10973618468375504	10
ITIH6	0	0.03799028694629665	0.1950232212747483	10
ITK	0	0.06591881588101384	0.23623162133691755	10
ITLN1	0	0.03858695887029167	0.028980776132972248	10
ITLN2	0	0.032437177002429915	0.048966737100434914	10
ITM2A	0	0.04721286557614799	0.006116334131347645	10
ITM2B	0	0.21032777875661846	0.28152724566872667	10
ITM2C	0	0.1716693669557571	0.033936440210120725	10
ITPA	0	0.057285088673233966	0.0029372842571879277	10
ITPK1	0	0.40207050144672396	0.01643593842580325	10
ITPKA	0	0.25697063505649564	0.14968847315289108	10
ITPKB	0	0.45198869705200195	0.43637203634465693	10
ITPKC	0	0.061914287880063014	0.08448488184249978	10
ITPR1	0	0.9182133316993714	0.8558280829682904	10
ITPR2	0	0.31573410183191297	0.7060538705155098	10
ITPR3	0	0.2115103259682655	0.6413388687335233	10
ITPRIP	0	0.04187569431960579	0.16680431337438195	10
ITPRIPL1	0	0.03162969313561911	0.008349626910046945	10
ITPRIPL2	0	0.03733285889029498	0.5000101477374983	10
ITSN1	0	0.9134233295917511	0.488645010655042	10
ITSN2	0	0.17224464863538738	0.272032594633394	10
IVD	0	0.050221819430589634	0.07230478761918463	10
IVL	0	0.09729502312839025	0.1515469973286935	10
IVNS1ABP	0	0.5356666147708893	0.07412200763993605	10
IWS1	0	0.6348810523748398	0.15264036655748614	10
IYD	0	0.03399415221065279	0.11404408004235249	10
IZUMO1	0	0.03266556225717063	0.2668201356586467	10
IZUMO2	0	0.032743747904896696	0.011487512509734359	10
IZUMO4	0	0.03419877775013441	0.07579281029712415	10
JAG1	0	0.6008143484592438	0.6347603426780968	10
JAG2	0	0.8121235430240631	0.20377963372238642	10
JAGN1	0	0.03860066570341584	0.00022468707272798355	10
JAK1	0	0.8219525754451752	0.35726341481004975	10
JAK2	0	0.2964694783091545	0.14426808077735245	10
JAK3	0	0.12594410032033918	0.02318249005992742	10
JAKMIP1	0	0.7524860680103302	0.27688443309784777	10
JAKMIP2	0	0.8402483463287354	0.8337703249776851	10
JAKMIP3	0	0.2039397113025188	0.5302227436757401	10
JAM2	0	0.06208145394921298	0.02058211475262012	10
JAM3	0	0.05738933496177192	0.478266771010293	10
JARID2	0	0.90449138879776	0.9976224635778566	10
JAZF1	0	0.3819144174456596	0.03335890300078817	10
JDP2	0	0.04690941870212549	0.019206397564605068	10
JHDM1D	0	0.165509308129549	0.4504283170208317	10
JKAMP	0	0.055346416309475864	0.00952705205482729	10
JMJD1C	0	0.8818084895610809	0.6540202630443418	10
JMJD4	0	0.034049485810100984	0.10725915147972727	10
JMJD6	0	0.25972341746091837	0.1559601673436787	10
JMJD7	0	0.04321944527328012	0.0010372123325443504	10
JMJD7-PLA2G4B	0	0.04116713702678674	0.008150095420509745	10
JMJD8	0	0.055226854607462836	0.6832101916999926	10
JMY	0	0.29322012066841124	0.765486423780207	10
JOSD1	0	0.0674397405236959	0.019885509788318042	10
JOSD2	0	0.054555260390043214	0.005776775574948828	10
JPH1	0	0.10917584225535389	0.7930721948357559	10
JPH2	0	0.054355685040354706	0.193929955788759	10
JPH3	0	0.4664647698402405	0.9597384239774229	10
JPH4	0	0.7482991963624954	0.06515102413001354	10
JRKL	0	0.039332503825426066	0.11499142952208534	10
JSRP1	0	0.03893064409494396	0.4050830601976759	10
JTB	0	0.165264481306076	0.017461538019535514	10
JUN	0	0.36247634142637253	0.19229675244468197	10
JUNB	0	0.4850606381893158	0.9115784653748757	10
JUND	0	0.4425137102603912	0.9318019635644725	10
JUP	0	0.10768975019454952	0.8211869839365322	10
KAAG1	0	0.04232759363949294	0.5301564756705659	10
KAL1	0	0.2153009101748466	0.3028080285853463	10
KALRN	0	0.9011057674884796	0.8387880909015873	10
KANK1	0	0.05585134997963901	0.9356344421255203	10
KANK2	0	0.09668698683381079	0.46870899240352076	10
KANK3	0	0.0637322179973125	0.270450204141085	10
KANK4	0	0.03808740004897114	0.09041549507306718	10
KANSL1	1	0.5036025536714418	0.9496537650740186	647
KANSL1L	0	0.1388800829648971	0.37116319371856776	10
KANSL2	0	0.08972048908472055	0.0022472198262780863	10
KANSL3	0	0.603765732049942	0.21419122296257892	10
KARS	0	0.07604728974401949	0.12543879978907058	10
KAT2A	0	0.6909042239189148	0.1051395005696445	10
KAT2B	0	0.5161690890789032	0.02700756040676695	10
KAT5	0	0.5668112307786941	0.22543616794569815	10
KAT6A	0	0.9263721823692321	0.993265486533182	10
KAT6B	0	0.9423816502094269	0.99444464384786	10
KAT7	0	0.7040154874324799	0.11741528039696444	10
KAT8	0	0.38080615401268003	0.0172362990168023	10
KATNA1	0	0.10028404779732222	0.08288159529475345	10
KATNAL1	0	0.1867846496403217	0.5620121192634213	10
KATNAL2	0	0.04555128701031203	0.36999536509416714	10
KATNB1	0	0.16038222685456271	0.46524352691154636	10
KATNBL1	0	0.3013115063309669	0.0081926416397306	10
KAZALD1	0	0.03465159106999631	0.01851574385699244	10
KAZN	0	0.48405648171901705	0.6257331957143892	10
KBTBD11	0	0.08862260952591891	0.17095394211606066	10
KBTBD12	0	0.038362656906247114	0.010755434861420858	10
KBTBD13	0	0.05830002576112743	0.01296663947735438	10
KBTBD2	0	0.797602790594101	0.10313265543839092	10
KBTBD3	0	0.04725446738302702	0.25181569266305603	10
KBTBD4	0	0.07322325408458707	0.015470085742565162	10
KBTBD6	0	0.6808539509773255	0.21804179769992035	10
KBTBD7	0	0.10422792881727216	0.36573962848663066	10
KBTBD8	0	0.05279434658586975	0.31097714203692595	10
KCMF1	0	0.43752822279930115	0.6569807450492402	10
KCNA1	0	0.2569156341254711	0.6958908312229913	10
KCNA10	0	0.03416120707988734	0.011283686174110621	10
KCNA2	0	0.6988031506538391	0.22013971200165802	10
KCNA3	0	0.3955661118030548	0.4165413225645083	10
KCNA4	0	0.6465679377317428	0.2588607718673254	10
KCNA5	0	0.05462134145200248	0.026412188253125007	10
KCNA6	0	0.12099009081721301	0.0410849946022336	10
KCNA7	0	0.03835728280246253	0.026871031995056128	10
KCNAB1	0	0.3286997273564339	0.025208415200000105	10
KCNAB2	0	0.33942656219005585	0.11030771980145855	10
KCNAB3	0	0.05325115956366059	0.15952992095084323	10
KCNB1	1	0.7615167911680527	0.7410179467330363	619
KCNB2	0	0.797349339723587	0.39549538002527623	10
KCNC1	0	0.8492483675479889	0.3652286655538211	10
KCNC2	0	0.3430111348628998	0.4160037045958956	10
KCNC3	0	0.11923201978206632	0.9677874853015405	10
KCNC4	0	0.04553703479468818	0.18262784711321894	10
KCND1	0	0.06691168770194049	0.6352765651900941	10
KCND2	0	0.5460047602653504	0.830341520305892	10
KCND3	0	0.8273768246173858	0.10740334740132526	10
KCNE1	0	0.03618783988058564	0.0006957117868075406	10
KCNE1L	0	0.04405950419604774	0.00017756754720256717	10
KCNE2	0	0.03422590214759106	2.88938205220005e-05	10
KCNE3	0	0.047262715175747816	0.000217264241655928	10
KCNE4	0	0.04489432461559767	0.017285857407970603	10
KCNF1	0	0.21809526905417437	0.6077401355200183	10
KCNG1	0	0.26782273650169375	0.03473905515346161	10
KCNG2	0	0.059522618353366794	0.00023909449370245966	10
KCNG3	0	0.15158326923847193	0.024977961287320622	10
KCNG4	0	0.0514760628342628	0.00037762666138227105	10
KCNH1	0	0.48520311117172243	0.16875713936205827	10
KCNH2	0	0.5494680017232895	0.4373206002404172	10
KCNH3	0	0.7621571063995362	0.29719074114201444	10
KCNH4	0	0.6339136630296707	0.03477119958327447	10
KCNH5	0	0.4018421873450279	0.6546919218703934	10
KCNH6	0	0.03961653821170325	0.02434644073651184	10
KCNH7	0	0.46134397983551023	0.19688024032433488	10
KCNH8	0	0.06305725835263723	0.6734710102508881	10
KCNIP1	0	0.07707797363400455	0.033980361446491074	10
KCNIP2	0	0.07358393929898735	0.0265482923940204	10
KCNIP3	0	0.05380279086530204	0.00997126879238025	10
KCNIP4	0	0.33107731938362117	0.024021281060385972	10
KCNJ1	0	0.03866064809262748	0.1586161756496129	10
KCNJ10	0	0.06893195956945415	0.06327605239373255	10
KCNJ11	0	0.05572149492800231	0.24128208740082363	10
KCNJ12	0	0.07369916848838325	0.4361892361705933	10
KCNJ13	0	0.05901953801512714	0.07961732592849802	10
KCNJ14	0	0.03576452117413277	0.03250203678303095	10
KCNJ15	0	0.04347484260797497	0.017044050720454458	10
KCNJ16	0	0.046652377396821945	0.8484622732982935	10
KCNJ2	0	0.2939626768231392	0.37818395045886616	10
KCNJ3	0	0.7480827212333679	0.649729310041286	10
KCNJ4	0	0.4975544214248657	0.23632196739181682	10
KCNJ5	0	0.04528490304946893	0.02750165182125346	10
KCNJ6	0	0.48536385893821715	0.5112842455889978	10
KCNJ8	0	0.1367618046700954	0.008250167021893094	10
KCNJ9	0	0.21169996857643122	0.2880553294209202	10
KCNK1	0	0.07811716385185714	0.003605267953156536	10
KCNK10	0	0.07551914602518076	0.9197636891167523	10
KCNK12	0	0.20915739685297008	0.0562454515865653	10
KCNK13	0	0.037448152154684014	0.03678386462223751	10
KCNK15	0	0.03365646749734874	0.0012690476595035264	10
KCNK16	0	0.03356941975653168	0.02492161721093469	10
KCNK17	0	0.03524215333163733	3.3856811799147126e-06	10
KCNK18	0	0.03661929331719872	0.2488348499220694	10
KCNK2	0	0.09051535502076145	0.5466658037882964	10
KCNK3	0	0.37373433262109756	0.07018280561150385	10
KCNK4	0	0.03602024242281909	0.003159528897615886	10
KCNK5	0	0.05996449738740918	0.37737169175580765	10
KCNK6	0	0.03478063363581892	0.0007998859830624993	10
KCNK7	0	0.03572885692119594	0.02268237142931435	10
KCNK9	0	0.5216744482517243	0.14037616291281405	10
KCNMA1	0	0.924155306816101	0.9960836593550345	10
KCNMB1	0	0.03573116846382615	0.015091383559531161	10
KCNMB2	0	0.05330344773828978	7.170960740534511e-05	10
KCNMB3	0	0.0346818625926971	0.0003207557059595211	10
KCNMB4	0	0.44437257945537567	0.12655932369960513	10
KCNN1	0	0.1921233311295509	0.00282444559048821	10
KCNN2	0	0.7850007772445678	0.7445436431385414	10
KCNN3	0	0.6140181601047516	0.910910406028869	10
KCNN4	0	0.04598774649202819	0.003752431133088452	10
KCNQ1	0	0.07886530943214891	0.12622068558322436	10
KCNQ2	0	0.9255611658096313	0.25910337524261745	10
KCNQ3	1	0.7560980641860603	0.3676407171472564	637
KCNQ4	0	0.3348335817456245	0.2497453420323393	10
KCNQ5	0	0.8219458878040313	0.9016195032895814	10
KCNRG	0	0.03409275226294992	0.00014535012859377054	10
KCNS1	0	0.046004240214824646	0.15699448323752155	10
KCNS2	0	0.05198752991855141	0.2110595669833927	10
KCNS3	0	0.044958553463220564	0.002201834882070112	10
KCNT1	0	0.19420653581619257	0.16680131358423622	10
KCNT2	0	0.5625039011240005	0.5206088536133837	10
KCNU1	0	0.04449139982461926	0.08057914735162953	10
KCNV1	0	0.5986917555332184	0.12306117584583029	10
KCNV2	0	0.0507180735468864	0.02623851838600464	10
KCTD1	0	0.349915874004364	0.9326954946365437	10
KCTD10	0	0.20506082847714419	0.1557475606345387	10
KCTD11	0	0.04093131683766838	0.32018376759450573	10
KCTD12	0	0.11554370373487469	0.20061393646737846	10
KCTD13	0	0.08979429081082341	0.16261125062446433	10
KCTD14	0	0.03844191096723075	0.051362745264602175	10
KCTD15	0	0.04807042926549905	0.0077727206264071895	10
KCTD16	0	0.3741939812898636	0.7319638899754094	10
KCTD17	0	0.07750674672424789	0.2747767029959666	10
KCTD18	0	0.03964081164449448	0.12238152527940163	10
KCTD19	0	0.03730226680636401	0.15372498192772982	10
KCTD2	0	0.09567432701587672	0.03316921981389314	10
KCTD20	0	0.06088798269629474	0.07938086372425392	10
KCTD21	0	0.03811022788286203	0.0043858278810664005	10
KCTD3	0	0.5838276147842407	0.3242025326447343	10
KCTD4	0	0.03810628391802307	0.0013285552284380137	10
KCTD5	0	0.04654519446194167	0.0029183378702380266	10
KCTD6	0	0.06700778901576991	0.0027028155226271632	10
KCTD7	0	0.19857199378311632	0.12241688468969111	10
KCTD8	0	0.0469934049993753	0.6259091609306866	10
KCTD9	0	0.2087260596454143	0.10556997492347789	10
KDELC1	0	0.04174773059785361	0.00337236352996936	10
KDELC2	0	0.03521605059504504	0.018071425282278338	10
KDELR1	0	0.4542864978313446	0.2771586782608932	10
KDELR2	0	0.06032205186784263	0.01095925110494196	10
KDELR3	0	0.03250952623784537	0.00017260263300777304	10
KDM1A	0	0.8729993462562561	0.5226282164286322	10
KDM1B	0	0.07212936244904991	0.7776512542924701	10
KDM2A	0	0.9440341770648957	0.9865129939571246	10
KDM2B	0	0.9146296918392182	0.9144843215619455	10
KDM3A	0	0.7634963989257812	0.3891367493540091	10
KDM3B	1	0.8841891741752624	0.5976086667222643	625
KDM4A	0	0.6327427685260772	0.6868826010738648	10
KDM4B	0	0.9315426588058472	0.6050049425307936	10
KDM4C	0	0.11460730433464046	0.8665253810791629	10
KDM4D	0	0.04901150092482563	0.11289213557457123	10
KDM4E	0	0.053535852953791575	0.05826417695978181	10
KDM5A	0	0.9155004858970642	0.865743046510721	10
KDM5B	1	0.4191119267324512	0.5544783885247443	627
KDM5C	1	0.9185727128732375	0.7983176956907772	629
KDM5D	0	0.35562948435544967	0.9395142691277947	10
KDM6A	0	0.8632169902324677	0.6846405198334667	10
KDM6B	1	0.8425772323201247	0.9260239821318403	609
KDM8	0	0.03622112460434432	0.0019179947173271466	10
KDR	0	0.5494948267936707	0.4703948851907354	10
KDSR	0	0.0759953178465366	0.3397950817641094	10
KEAP1	0	0.27510423734784123	0.46301615538899227	10
KEL	0	0.06544017829000945	0.0632704557643648	10
KERA	0	0.03660253621637817	0.05811714592096155	10
KHDC1	0	0.03489453848451371	3.653593279461467e-05	10
KHDC1L	0	0.03316450919955964	0.004208797926149754	10
KHDC3L	0	0.034195220470428424	0.0012670038886587783	10
KHDRBS1	0	0.7350329160690308	0.11642996734971148	10
KHDRBS2	0	0.09519022330641742	0.698895230162542	10
KHDRBS3	0	0.33279133290052415	0.20815354345420709	10
KHK	0	0.04532588385045523	0.007012863586615728	10
KHNYN	0	0.05321112349629396	0.1547437108204239	10
KHSRP	0	0.8644339442253113	0.9593717776571398	10
KIAA0020	0	0.09826130159199234	0.13532621529326783	10
KIAA0100	0	0.3525472521781921	0.7202440221505582	10
KIAA0101	0	0.04959283173084254	0.02259906761223477	10
KIAA0141	0	0.058301705494523	0.00974222425821255	10
KIAA0195	0	0.1928489089012146	0.04583309106179301	10
KIAA0196	0	0.08134920746088023	0.22615941061793138	10
KIAA0226	0	0.0593123827129602	0.1329013449954247	10
KIAA0226L	0	0.04116945751011368	0.21437734341382128	10
KIAA0232	1	0.8759091103532511	0.8679605212506222	628
KIAA0247	0	0.07081830203533167	0.017628874754899198	10
KIAA0319	0	0.09241173677146429	0.9209808385511812	10
KIAA0319L	0	0.2283035740256309	0.07896314207637581	10
KIAA0355	0	0.5370794475078583	0.1238090273684647	10
KIAA0368	0	0.5380534768104553	0.7788356792101778	10
KIAA0391	0	0.05312683358788485	0.11511348985910844	10
KIAA0408	0	0.05155813135206695	0.192036533081095	10
KIAA0430	0	0.8184207379817963	0.9865302782355885	10
KIAA0513	0	0.09560982324182982	0.1141968558604701	10
KIAA0556	0	0.04558180607855315	0.835494203283934	10
KIAA0586	0	0.12020837068557735	0.8530682481466538	10
KIAA0753	0	0.042121370881795836	0.46755838794613513	10
KIAA0825	0	0.04481593072414393	0.07758463340360494	10
KIAA0895	0	0.03851609267294403	0.1482408241116519	10
KIAA0895L	0	0.10273700617253775	0.03830800161064995	10
KIAA0907	0	0.5976965695619583	0.21455642955835952	10
KIAA0922	0	0.23331277817487717	0.2584170413566801	10
KIAA0930	0	0.10837310701608653	0.1642090249344015	10
KIAA0947	0	0.4011595144867897	0.6409027339820539	10
KIAA1009	0	0.06665457747876638	0.13614544669789921	10
KIAA1024	0	0.036613931879401165	0.5644266298649095	10
KIAA1033	0	0.16698124185204502	0.19514140653036807	10
KIAA1045	0	0.05804456658661361	0.05635364619574442	10
KIAA1109	0	0.6656377702951431	0.8509572837577606	10
KIAA1143	0	0.04854648858308789	0.01618553929885842	10
KIAA1147	0	0.04468099959194656	0.07535801862323192	10
KIAA1161	0	0.060338525474071446	0.029915670206835145	10
KIAA1191	0	0.10893390551209448	0.014142555474314106	10
KIAA1199	0	0.08046902604401107	0.6430352046654915	10
KIAA1210	0	0.05980545617640015	0.05724157420531012	10
KIAA1211	0	0.08626694008707995	0.9567756552003663	10
KIAA1211L	0	0.24557027444243426	0.4021034053031352	10
KIAA1217	0	0.1712746053934097	0.9379986539579599	10
KIAA1244	0	0.7284743428230286	0.8123758104664718	10
KIAA1257	0	0.03482549842447037	0.08048813775142896	10
KIAA1279	0	0.1502627350389957	0.03206307167020668	10
KIAA1324	0	0.04834684431552883	0.20202202089187674	10
KIAA1324L	0	0.0807888206094503	0.32914847866307795	10
KIAA1328	0	0.06384657062590118	0.06503144735132896	10
KIAA1377	0	0.08862001709640023	0.16519411997302885	10
KIAA1407	0	0.054283145815134014	0.13160618440879918	10
KIAA1429	0	0.6345222890377045	0.5719383024539932	10
KIAA1430	0	0.07706227637827393	0.4786546303400603	10
KIAA1432	0	0.1540598683059215	0.3160443016245239	10
KIAA1462	0	0.0729226596653461	0.4100039997609318	10
KIAA1467	0	0.0748437032103538	0.0336580052692789	10
KIAA1468	0	0.7046718835830689	0.5998419336709064	10
KIAA1522	0	0.04791763573884958	0.3995784023551119	10
KIAA1524	0	0.040116414427757194	0.4205319281625254	10
KIAA1549	0	0.3632415384054184	0.9392709005509763	10
KIAA1549L	0	0.3320354878902435	0.9364110623956368	10
KIAA1551	0	0.18239920288324354	0.20549091220586968	10
KIAA1586	0	0.06029562801122661	0.7593691421390372	10
KIAA1598	0	0.33316558599472046	0.532855920733543	10
KIAA1614	0	0.04124139621853823	0.14231319183162516	10
KIAA1644	0	0.03831087127327914	0.011136881198528679	10
KIAA1683	0	0.03580350242555137	0.13306825071259287	10
KIAA1715	0	0.08934765160083767	0.2400351064433886	10
KIAA1731	0	0.20531224086880684	0.29945015013104137	10
KIAA1737	0	0.15860235244035717	0.005453173173304118	10
KIAA1755	0	0.04508205354213709	0.019263314531868685	10
KIAA1841	0	0.09877414591610427	0.4991447997561974	10
KIAA1919	0	0.03999822512269015	0.054884585958590006	10
KIAA1958	0	0.0986118614673614	0.4746510459976516	10
KIAA1984	0	0.13418415449559684	0.5837474792464448	10
KIAA2013	0	0.07350549362599847	0.16724907768080768	10
KIAA2018	0	0.696188360452652	0.8054378749684062	10
KIAA2022	0	0.7334661483764648	0.940556362198776	10
KIAA2026	0	0.5243071675300598	0.9928329406308729	10
KIDINS220	0	0.7068767964839935	0.818383661111846	10
KIF11	0	0.4618553131818771	0.20834724422735823	10
KIF12	0	0.03868452385067935	0.003253674654162161	10
KIF13A	0	0.46274633556604383	0.7531255147767425	10
KIF13B	0	0.1910963006317615	0.3795793185101376	10
KIF14	0	0.1021959081292152	0.49490794163919727	10
KIF15	0	0.057891477644443454	0.11990153092157418	10
KIF16B	0	0.05605853386223312	0.12154542520878076	10
KIF17	0	0.04696334972977635	0.42280400270800256	10
KIF18A	0	0.06866231858730311	0.20447747067125127	10
KIF18B	0	0.0658000938594341	0.40696637257079615	10
KIF19	0	0.04879252500832076	0.32484683920889224	10
KIF1A	0	0.925830066204071	0.7225204506828753	10
KIF1B	0	0.9367051959037781	0.6878270791388771	10
KIF1C	0	0.1861156783998012	0.3186584432091117	10
KIF20A	0	0.06266364119946953	0.17436820943165776	10
KIF20B	0	0.10710149630904194	0.012767711242475633	10
KIF21A	0	0.5483445316553116	0.7724042142643331	10
KIF21B	0	0.5694681197404862	0.785939466380965	10
KIF22	0	0.05884446538984771	0.036574137981618085	10
KIF23	0	0.39374556243419645	0.6488963310415671	10
KIF24	0	0.039492899551987606	0.20081024569611064	10
KIF25	0	0.03459465242922303	0.005174109324342592	10
KIF26A	0	0.18042131513357157	0.5933706606533613	10
KIF26B	0	0.3286422938108444	0.8452533119593006	10
KIF27	0	0.04691340439021582	0.08604274685001542	10
KIF2A	0	0.8485518753528595	0.3993147457248067	10
KIF2B	0	0.03578584976494307	0.2525598262939691	10
KIF2C	0	0.07513663247227666	0.4002290162966049	10
KIF3A	0	0.8869631588459015	0.18785745460316172	10
KIF3B	0	0.5487622678279876	0.5297656068402572	10
KIF3C	0	0.8003532767295838	0.6318221064381491	10
KIF4A	0	0.5617497891187668	0.3201810750861296	10
KIF4B	0	0.036462208628654444	0.44901754863825694	10
KIF5A	0	0.898332929611206	0.5181468980463543	10
KIF5B	0	0.7655536115169526	0.7590365418887408	10
KIF5C	0	0.9387952864170075	0.6028308916688216	10
KIF6	0	0.039813505485653836	0.01410646052544923	10
KIF7	0	0.05068455003201955	0.09940772930640372	10
KIF9	0	0.03671051226556297	0.02588407960737172	10
KIFAP3	0	0.439664164185524	0.05924451049727671	10
KIFC1	0	0.04300811924040312	0.0710365497167464	10
KIFC2	0	0.1227733619511127	0.0880033341910951	10
KIFC3	0	0.22188882082700728	0.18746378922556717	10
KIN	0	0.04902034141123292	0.06425807680840587	10
KIR2DL1	0	0.04014202430844302	0.127719662461863	10
KIR2DL3	0	0.035931131243705686	0.004720720094869643	10
KIR2DL4	0	0.05461145415902134	7.916856801066223e-05	10
KIR3DL1	0	0.03454409725964065	0.09547150327353514	10
KIR3DL2	0	0.07970467582345005	0.06962905846062045	10
KIR3DL3	0	0.051390072703361454	0.00811965537547782	10
KIR3DX1	0	0.16314594000577923	0.00024397083305269913	10
KIRREL	0	0.5495332390069961	0.5995675904754887	10
KIRREL2	0	0.03805338181555268	0.296792352984328	10
KIRREL3	0	0.3681553155183792	0.7223353696631214	10
KISS1	0	0.04943961873650545	0.00014854959511506296	10
KISS1R	0	0.1677280686795711	0.0007570452833789155	10
KIT	0	0.7633369982242584	0.5138266169424501	10
KITLG	0	0.23676841184496875	0.01208205328647885	10
KL	0	0.05088380761444563	0.4507543652858308	10
KLB	0	0.06530249677598474	0.2662650449089531	10
KLC1	0	0.6470070600509643	0.3288322650313911	10
KLC2	0	0.4879142910242081	0.3246968852374418	10
KLC3	0	0.04528212249279018	0.0509766566593697	10
KLC4	0	0.05714821815490719	0.28809341147346645	10
KLF1	0	0.05404356457293027	0.5723700083659716	10
KLF10	0	0.0680806383490562	0.04321508048168434	10
KLF11	0	0.05963718481361861	0.07750254299947822	10
KLF12	0	0.5853665351867676	0.6974278162962382	10
KLF13	0	0.21294614672660822	0.18942115810973137	10
KLF14	0	0.05142787508666511	0.039818181602543946	10
KLF15	0	0.06261480078101153	0.12056382491423293	10
KLF16	0	0.10743337944149967	0.37748535645659365	10
KLF17	0	0.042710327729582755	0.0029621203204681086	10
KLF2	0	0.17028968632221217	0.08514291256807152	10
KLF3	0	0.41000734120607374	0.33302203744305603	10
KLF4	0	0.40525481998920443	0.5000330653033578	10
KLF5	0	0.23423192873597146	0.4795977901357233	10
KLF6	0	0.3970435470342636	0.6932929707965567	10
KLF7	0	0.5849984586238861	0.6887543320029714	10
KLF8	0	0.048072125762701	0.7040270113101388	10
KLF9	0	0.3488084256649017	0.6375097726275518	10
KLHDC1	0	0.04207384251058096	0.002474818517416508	10
KLHDC10	0	0.5080447912216186	0.4603721609517312	10
KLHDC2	0	0.24774277657270433	0.09507277727530615	10
KLHDC3	0	0.6359030991792679	0.14293385612932	10
KLHDC4	0	0.03816079013049598	0.6270410597671335	10
KLHDC7A	0	0.03454228434711691	0.005142600106596233	10
KLHDC7B	0	0.05328215844929213	0.006094463329223291	10
KLHDC8A	0	0.05410077497363085	0.04683023253112898	10
KLHDC8B	0	0.05891479700803752	0.011220932540024991	10
KLHDC9	0	0.03351663649082179	0.12295246106140252	10
KLHL1	0	0.07791430130600926	0.1806753612831138	10
KLHL10	0	0.34606285989284513	0.5746129925595161	10
KLHL11	0	0.21192173659801478	0.27340324569660224	10
KLHL12	0	0.2065601639449596	0.08695709612815541	10
KLHL13	0	0.0943060856312513	0.5159918338550781	10
KLHL14	0	0.17929585278034205	0.7326279612676185	10
KLHL15	0	0.7604255259037018	0.3465569703216769	10
KLHL17	0	0.08213818483054633	0.09966734184697071	10
KLHL18	0	0.12781187221407886	0.12034748187916951	10
KLHL2	0	0.7257063031196594	0.4649368904961233	10
KLHL20	0	0.2825987696647644	0.6362805804900452	10
KLHL21	0	0.0687417551875114	0.24617378458292336	10
KLHL22	0	0.20149882361292834	0.009114510235730207	10
KLHL23	0	0.20936248227953907	0.008632627123955555	10
KLHL24	0	0.43607292473316195	0.5931616302167029	10
KLHL25	0	0.06720020398497577	0.0719991693703456	10
KLHL26	0	0.06693141832947724	0.15542098791899797	10
KLHL28	0	0.14006700739264483	0.4861216940927021	10
KLHL3	0	0.5762311279773712	0.33726474455264766	10
KLHL30	0	0.03867262080311771	0.009258863813354013	10
KLHL31	0	0.036381522938609065	0.11310830174463957	10
KLHL32	0	0.14131677374243734	0.14016165758350416	10
KLHL34	0	0.03458913471549744	0.227582362002391	10
KLHL35	0	0.07989836297929283	0.008240711856252156	10
KLHL36	0	0.3660022795200348	0.1044428198271117	10
KLHL38	0	0.03931058160960669	0.11920677395224757	10
KLHL4	0	0.07285025008022782	0.18079007796696867	10
KLHL40	0	0.04444432184100145	0.6637533349300908	10
KLHL41	0	0.06698251627385612	0.0009765347701688288	10
KLHL42	0	0.28450577259063714	0.13059213969838415	10
KLHL5	0	0.1359295196831226	0.6831503253637121	10
KLHL6	0	0.040502782538533184	0.10800060904352957	10
KLHL7	0	0.48771439790725707	0.07355085743332948	10
KLHL8	0	0.2729994803667068	0.545389704481032	10
KLHL9	0	0.36121789067983623	0.16523766595860226	10
KLK1	0	0.03477949537336823	0.07627022937383351	10
KLK10	0	0.03728594966232772	0.0005355786897317692	10
KLK11	0	0.033432507328689055	0.16415628301238383	10
KLK12	0	0.03234264925122256	0.25001877613211776	10
KLK13	0	0.03410896807909007	0.016014532210836513	10
KLK14	0	0.03837795518338675	0.028789951487188964	10
KLK15	0	0.035429463163018184	0.0005840745230881129	10
KLK2	0	0.03504258729517455	0.004066811716940018	10
KLK3	0	0.03812080435454842	0.00010540108557942894	10
KLK4	0	0.03553347997367379	0.522642884948244	10
KLK5	0	0.03293572422116991	0.012613797995963419	10
KLK6	0	0.044751439616084035	0.004988337950799339	10
KLK7	0	0.034481285512447314	0.0032555126854290533	10
KLK8	0	0.04134565629065033	0.00016952377790704107	10
KLK9	0	0.042011771723628	0.0027548923270925116	10
KLKB1	0	0.03961478248238559	0.01800007995694569	10
KLRB1	0	0.03345873020589347	7.471204407212628e-07	10
KLRC1	0	0.03193559236824507	0.0010725988443420007	10
KLRC2	0	0.03590189367532725	0.002616478645431657	10
KLRC3	0	0.034649639204144426	2.24058350105966e-07	10
KLRC4	0	0.0425114436075091	1.2876758121934076e-06	10
KLRC4-KLRK1	0	0.16185411959886548	1.7242362467042273e-05	10
KLRD1	0	0.03372446522116656	0.4561576972916055	10
KLRF1	0	0.033819318376481486	0.00200172747992239	10
KLRG1	0	0.03456220049411055	2.169784026970308e-06	10
KLRG2	0	0.05499795973300932	0.0031694044722797555	10
KLRK1	0	0.03773825503885742	0.00043843077855938874	10
KMO	0	0.04768355265259739	0.01733208125209797	10
KMT2A	1	0.936417156069381	0.9775182368175889	629
KMT2B	0	0.6821440070867538	0.9197118422406978	10
KMT2C	1	0.9134820535265166	0.985661240426907	609
KMT2D	0	0.8525193095207214	0.9908277456698888	10
KMT2E	1	0.8639132624146216	0.9340148565881042	614
KNCN	0	0.03793256729841229	0.002141832965469318	10
KNDC1	0	0.16136857569217677	0.32940631463478687	10
KNG1	0	0.032406189851462805	0.015705626749033686	10
KNOP1	0	0.10840338021516796	0.15559899749391798	10
KNSTRN	0	0.060741452872753086	0.0004442332347014847	10
KNTC1	0	0.06092989481985565	0.3806441677526798	10
KPNA1	0	0.754162871837616	0.3554159585304183	10
KPNA2	0	0.07630176134407515	0.016116766711674238	10
KPNA3	0	0.6327843368053436	0.41039766372866326	10
KPNA4	0	0.7778150498867035	0.6919225755886871	10
KPNA5	0	0.23422087877988812	0.2738259132392127	10
KPNA6	0	0.7250936090946197	0.4018741374104282	10
KPNB1	0	0.8427572906017303	0.9599261965754959	10
KPRP	0	0.034109191782772504	0.09768685218632148	10
KPTN	0	0.057239664345979636	0.1744521047965946	10
KRAS	0	0.18748398795723914	0.13181131581169048	10
KRBA1	0	0.05617846772074695	0.0024499000425087574	10
KRBA2	0	0.0431691955775022	0.31802013493201337	10
KRBOX1	0	0.05624019838869565	1.1708344333878377e-06	10
KRBOX4	0	0.06995047964155669	0.0004407396386561439	10
KRCC1	0	0.0410995032638311	0.0004199787110727618	10
KREMEN1	0	0.04058305956423279	0.0008335832412847119	10
KREMEN2	0	0.051454723626375154	0.6907326373356115	10
KRI1	0	0.08267896436154838	0.15800418019626955	10
KRIT1	0	0.28772699832916254	0.021353169233182402	10
KRR1	0	0.15852685496211047	0.31341427277819933	10
KRT1	0	0.06923227794468398	0.3256833428690432	10
KRT10	0	0.09435817673802371	0.004296569298997541	10
KRT12	0	0.03334212433546777	0.020635485779728544	10
KRT13	0	0.03836547918617721	0.5229531683291155	10
KRT14	0	0.05042137689888474	0.18441581662793208	10
KRT15	0	0.04231046997010704	0.24177146135113578	10
KRT16	0	0.04378600716590878	0.13183623058517008	10
KRT17	0	0.039599592238664584	0.10797028609235362	10
KRT18	0	0.07118092030286785	0.37192608734592836	10
KRT19	0	0.04835271723568435	0.07877210589518692	10
KRT2	0	0.04970412440598007	0.8440497282443455	10
KRT20	0	0.03217707872390743	0.0005114297157862175	10
KRT222	0	0.0462404284626245	0.07856372742676847	10
KRT23	0	0.03162555731832978	9.046234142787117e-05	10
KRT24	0	0.047602801769971816	0.02981755225694796	10
KRT25	0	0.035095941275358165	0.04442388800571627	10
KRT26	0	0.03428468033671374	0.1552686161916513	10
KRT27	0	0.03383987266570325	0.10367994096541175	10
KRT28	0	0.03364664465188976	0.0008621047681315342	10
KRT3	0	0.03597745783627029	0.6507015415300338	10
KRT31	0	0.04040517546236511	0.0018568017853211084	10
KRT32	0	0.03531500734388824	0.04152455491319429	10
KRT33A	0	0.03447181023657318	0.1048957013865441	10
KRT33B	0	0.040435691922903014	0.07350598968704906	10
KRT34	0	0.03234387636184688	0.0023454808403796795	10
KRT35	0	0.03760172501206394	0.02343207939839714	10
KRT36	0	0.039471304789185466	0.12495848813038932	10
KRT37	0	0.03297995701432222	0.07283076188059541	10
KRT38	0	0.036311678960919344	0.04455168007960811	10
KRT39	0	0.03481642771512265	0.012818234678859291	10
KRT4	0	0.034064249694347334	0.48989322861882156	10
KRT40	0	0.03448176030069586	0.0007577737547425869	10
KRT5	0	0.0628048229962587	0.6113666719486347	10
KRT6A	0	0.04521277025341984	0.6712970785609116	10
KRT6B	0	0.04706830084323879	0.21723938290913541	10
KRT6C	0	0.04205783605575558	0.31347708168633	10
KRT7	0	0.04235672056674952	0.0030029784368573497	10
KRT71	0	0.05227786488831039	0.16743413940339363	10
KRT72	0	0.03531190250068897	0.06295141385250032	10
KRT73	0	0.03828924689441915	0.0158670302092507	10
KRT74	0	0.03696806728839869	0.2946485850732668	10
KRT75	0	0.04662153422832483	0.47381428260855074	10
KRT76	0	0.04326710440218445	0.4916952450519364	10
KRT77	0	0.033870778605341864	0.5123559775401267	10
KRT78	0	0.043095745146274525	0.022495277629546152	10
KRT79	0	0.03545526228845114	0.3920075738503126	10
KRT8	0	0.037584598734974814	0.1684689233293325	10
KRT80	0	0.03371291868388649	0.0035116317638193956	10
KRT81	0	0.05156501382589336	0.05839608361111638	10
KRT82	0	0.03421499058604238	0.0049653300113241	10
KRT83	0	0.03800319097936149	0.13773781229398413	10
KRT84	0	0.0424912508577108	0.46138732966138046	10
KRT85	0	0.04178473204374309	0.07699978213726552	10
KRT86	0	0.04145812094211574	0.48627166400061805	10
KRT9	0	0.049045512452721554	0.6498271277478584	10
KRTAP1-1	0	0.0370641086250543	0.0007313367089008733	10
KRTAP1-3	0	0.0348210563883185	0.03520296946924655	10
KRTAP1-4	0	0.03567347936332222	0.003697969856941195	10
KRTAP1-5	0	0.03479672893881794	0.00037603107951510666	10
KRTAP10-1	0	0.0398508638143539	0.3394225805643732	10
KRTAP10-10	0	0.03954143747687335	0.1474960958582558	10
KRTAP10-11	0	0.039449843019247	0.3047972649991072	10
KRTAP10-12	0	0.03998027034103864	0.5789405852249297	10
KRTAP10-2	0	0.0449460662901401	0.5131745073853025	10
KRTAP10-3	0	0.03820034265518184	0.06154306203842023	10
KRTAP10-4	0	0.042169475182890846	0.06961148768068316	10
KRTAP10-5	0	0.042035410925745934	0.20728344497630874	10
KRTAP10-6	0	0.04392696991562837	0.4435515454005964	10
KRTAP10-7	0	0.054539017379283836	0.24135439050693833	10
KRTAP10-8	0	0.037883434817194875	0.5793910535913268	10
KRTAP10-9	0	0.03283753022551531	0.006938085139969401	10
KRTAP11-1	0	0.03170649055391546	0.09293715739083067	10
KRTAP12-1	0	0.05440461076796051	0.005369748371535068	10
KRTAP12-2	0	0.056036480143666224	0.008156420775461807	10
KRTAP12-3	0	0.06524242013692852	0.14334487924570433	10
KRTAP12-4	0	0.06890639737248416	0.08930598951128384	10
KRTAP13-1	0	0.05400637090206144	0.013477630847291283	10
KRTAP13-2	0	0.033323208056390254	0.0030104131345634203	10
KRTAP13-3	0	0.03346364386379714	0.0005547106075383747	10
KRTAP13-4	0	0.03657891675829883	0.00015081153877706784	10
KRTAP15-1	0	0.05508189648389813	0.006103378294508658	10
KRTAP17-1	0	0.045249326899647654	0.1574124987135819	10
KRTAP19-1	0	0.052103215456008864	9.69328326715707e-05	10
KRTAP19-2	0	0.07069308571517462	0.018151422747886663	10
KRTAP19-3	0	0.06353549584746357	7.662986190058884e-05	10
KRTAP19-4	0	0.06343954317271705	0.0017995720489731159	10
KRTAP19-5	0	0.06059623137116428	0.0031657476051718584	10
KRTAP19-6	0	0.06731700561940665	0.053987824588536945	10
KRTAP19-7	0	0.061061634868383376	1.2310115094114673e-05	10
KRTAP19-8	0	0.07380287498235696	0.18334335054285217	10
KRTAP2-3	0	0.06125787384808059	0.0025977225608976528	10
KRTAP2-4	0	0.04945251047611233	0.1688881185266728	10
KRTAP20-1	0	0.05875651016831392	0.34688850998744364	10
KRTAP20-2	0	0.06410439610481258	1.1539994834984397e-06	10
KRTAP21-1	0	0.040093120932578996	0.00018710079697176614	10
KRTAP21-2	0	0.0633147787302732	0.1016628715315921	10
KRTAP22-1	0	0.06362864896655078	0.06805812842200488	10
KRTAP23-1	0	0.06955628320574755	0.0009492953953789957	10
KRTAP24-1	0	0.032729766517877554	9.752240205512553e-05	10
KRTAP26-1	0	0.0349024780094623	0.22068008824573287	10
KRTAP27-1	0	0.03211913034319873	0.0007735171273000838	10
KRTAP3-1	0	0.033314486593007994	0.0010478236212422055	10
KRTAP3-2	0	0.0385757185518741	0.000525485767866732	10
KRTAP3-3	0	0.03431413695216175	7.196846042117894e-06	10
KRTAP4-1	0	0.05210469029843802	0.002403050212756181	10
KRTAP4-11	0	0.03695542328059667	0.0024802644156999374	10
KRTAP4-12	0	0.035494920797646004	0.3890810858211279	10
KRTAP4-16P	0	0.10390788987278934	0.9130884502931511	10
KRTAP4-2	0	0.03606048077344889	0.20924609766347096	10
KRTAP4-3	0	0.07241065613925454	0.00011092385198387738	10
KRTAP4-4	0	0.04066154658794399	0.3985324083539131	10
KRTAP4-5	0	0.03454077914357182	0.15746408885845348	10
KRTAP4-6	0	0.037142334505915586	0.29901142191977303	10
KRTAP4-7	0	0.03275763094425198	0.5497133239553058	10
KRTAP4-8	0	0.03808622248470779	0.0003920158145111802	10
KRTAP4-9	0	0.035034471936523856	0.47457944615130687	10
KRTAP5-1	0	0.03518204838037488	0.14559375406546954	10
KRTAP5-10	0	0.03200203627347942	0.0951491915718792	10
KRTAP5-11	0	0.03594765961170192	0.010287206644106366	10
KRTAP5-2	0	0.03370383195579047	0.10724279573305817	10
KRTAP5-3	0	0.03268068023025985	0.3547128510039149	10
KRTAP5-4	0	0.05750004090368743	0.2994538797977855	10
KRTAP5-5	0	0.03702478408813472	0.26498083530770283	10
KRTAP5-6	0	0.03371018730103964	0.4784128985850473	10
KRTAP5-7	0	0.032136987708508924	0.07279917684729811	10
KRTAP5-8	0	0.033032405748963316	0.06421942347910782	10
KRTAP5-9	0	0.037846102751791434	0.002952475790663414	10
KRTAP6-1	0	0.03771942593157287	5.8495531398472326e-05	10
KRTAP6-2	0	0.03385344408452504	0.1117017567756827	10
KRTAP6-3	0	0.053128790855407684	0.02186746755655649	10
KRTAP8-1	0	0.03515148013830181	0.00010237387606923597	10
KRTAP9-1	0	0.05967928953468795	0.9367417945869716	10
KRTAP9-2	0	0.03969052694737907	0.0028542419384691878	10
KRTAP9-3	0	0.0587745420634746	0.006511468727830989	10
KRTAP9-4	0	0.07404522933065887	0.017655362130770094	10
KRTAP9-6	0	0.04951081015169616	0.7797393365644394	10
KRTAP9-7	0	0.04459175541996952	0.688036468306119	10
KRTAP9-8	0	0.05812493637204165	0.1630032706864786	10
KRTAP9-9	0	0.04329344742000098	1.8086396672280844e-05	10
KRTCAP2	0	0.04010373875498766	0.00012872741246738284	10
KRTCAP3	0	0.03278016410768026	0.002153667285775878	10
KRTDAP	0	0.03364996239542955	0.0029044399797136075	10
KSR1	0	0.12217449396848674	0.22345666971211067	10
KSR2	0	0.8279719471931457	0.5953624517791887	10
KTI12	0	0.03336688987910745	0.0007216580112364664	10
KTN1	0	0.2595821261405945	0.5425180917797269	10
KXD1	0	0.0471283664926886	0.00792726884745202	10
KY	0	0.04208686910569663	0.11613695753180134	10
KYNU	0	0.03802600838243956	0.10137987476894572	10
L1CAM	0	0.899278599023819	0.9141348002079507	10
L1TD1	0	0.049184218049049336	0.38644504841334515	10
L2HGDH	0	0.04401120916008944	0.01639187531080188	10
L3HYPDH	0	0.050613140314817395	0.004081857014666597	10
L3MBTL1	0	0.10032800808548922	0.060106556045539584	10
L3MBTL2	0	0.08091825880110262	0.29112626015932913	10
L3MBTL3	0	0.7364761471748352	0.5874015924172522	10
L3MBTL4	0	0.04529023431241508	0.7599593352304433	10
LACC1	0	0.040771725401282266	0.07756820866730936	10
LACE1	0	0.03733995780348774	0.028279500370113148	10
LACRT	0	0.03631532751023764	0.0010942854722094224	10
LACTB	0	0.039577876031398715	0.006495316058015174	10
LACTB2	0	0.04065920375287529	6.323258451922835e-07	10
LAD1	0	0.03804213330149645	0.05852005486780622	10
LAG3	0	0.046258162707090336	0.003661576786320349	10
LAGE3	0	0.054061419144272746	0.0010938249663806133	10
LAIR1	0	0.0384826328605413	0.0049425642650439	10
LAIR2	0	0.033747398108243884	0.0008477687027731833	10
LALBA	0	0.03915158882737154	0.00018419314556675752	10
LAMA1	0	0.07575714811682696	0.291037371572888	10
LAMA2	0	0.10368824414908881	0.4392708844640131	10
LAMA3	0	0.08564197085797784	0.3105838014104243	10
LAMA4	0	0.11380924209952348	0.38378486124133265	10
LAMA5	0	0.21949446648359294	0.28931549082569863	10
LAMB1	0	0.1791467040777206	0.1614340695221082	10
LAMB2	0	0.11578122824430462	0.4221902282456845	10
LAMB3	0	0.04365425743162626	0.0033716427218155125	10
LAMB4	0	0.041848181188106494	0.015538214225281403	10
LAMC1	0	0.5384777873754502	0.8176049179883735	10
LAMC2	0	0.060912488028407055	0.041346498732587486	10
LAMC3	0	0.06267527937889095	0.1893529397640255	10
LAMP1	0	0.22680832445621485	0.7872036070509607	10
LAMP2	0	0.06714895255863663	0.1699851816923715	10
LAMP3	0	0.03283188547939056	0.10005812651824401	10
LAMP5	0	0.03893337287008758	0.023957861057235512	10
LAMTOR1	0	0.11675655543804164	0.05816702102954231	10
LAMTOR2	0	0.06446753032505508	0.0266987719572446	10
LAMTOR3	0	0.07444462105631824	0.09223182147005213	10
LAMTOR4	0	0.14703214094042774	0.00011346014363811548	10
LAMTOR5	0	0.19600752890110013	1.2649827691677013e-06	10
LANCL1	0	0.07378500215709205	0.04744042755369883	10
LANCL2	0	0.08757448755204673	0.00198977897589784	10
LANCL3	0	0.048232705146074265	0.44039114453557715	10
LAP3	0	0.04711068049073216	0.2921234387510066	10
LAPTM4A	0	0.15173539444804188	0.02546798245362249	10
LAPTM4B	0	0.05383476130664342	0.06461783213355296	10
LAPTM5	0	0.07036163732409474	0.011485869995065515	10
LARGE	0	0.6400315642356873	0.167718717715973	10
LARP1	0	0.8921777307987213	0.9459758859762062	10
LARP1B	0	0.11022149771451946	0.34920085066117074	10
LARP4	0	0.6136809438467026	0.6467424786325137	10
LARP4B	0	0.6732812106609345	0.8660719011632043	10
LARP6	0	0.06442650035023684	0.12516470461200774	10
LARP7	0	0.06332701705396171	0.03645091645347839	10
LARS	0	0.19773938357830045	0.16082957712047363	10
LARS2	0	0.05931865572929379	0.11333120410344595	10
LAS1L	0	0.7294915199279786	0.4909460781348757	10
LASP1	0	0.5265038400888443	0.0757441428550828	10
LAT	0	0.04144783318042752	7.719115141480933e-05	10
LAT2	0	0.035775162279605796	0.02414988238393432	10
LATS1	0	0.742061311006546	0.7869380471073552	10
LATS2	0	0.304247909784317	0.7236678102612266	10
LAX1	0	0.033713414333760676	0.0019405618363990088	10
LAYN	0	0.035510848090052546	6.577170400142172e-05	10
LBH	0	0.050628497079014734	0.20230079528118705	10
LBP	0	0.03749902248382564	0.119053197706908	10
LBR	0	0.2695589989423751	0.28762856224293376	10
LBX1	0	0.09678034223616118	0.08068144388238825	10
LBX2	0	0.036884497106075234	0.021410150439031366	10
LCA5	0	0.06677030101418492	0.20745773706091714	10
LCA5L	0	0.03266856521368023	0.003271513201707262	10
LCAT	0	0.05535444952547547	0.0149054869472482	10
LCE1A	0	0.03366038408130403	0.3707942639792049	10
LCE1B	0	0.03348397333174939	0.0003319154898219776	10
LCE1C	0	0.03280927874147886	0.0026075374253387872	10
LCE1D	0	0.03247992508113379	0.018518694801552014	10
LCE1E	0	0.03484056740999218	0.016543692290023206	10
LCE1F	0	0.03258659355342384	0.00017043585204312944	10
LCE2A	0	0.03684900794178243	1.722448354813216e-05	10
LCE2B	0	0.039958883821964206	0.1957260395016987	10
LCE2C	0	0.03547097779810424	4.850846853280583e-05	10
LCE2D	0	0.03698693327605719	1.7173819176183646e-05	10
LCE3A	0	0.061899768561124766	0.4755767421802931	10
LCE3B	0	0.055283169075846614	0.2564819796753311	10
LCE3C	0	0.05572895407676692	0.00011352346917057116	10
LCE3D	0	0.03375107310712333	0.07434996990492096	10
LCE3E	0	0.03822148703038687	2.4974805897335344e-05	10
LCE4A	0	0.06150279603898521	0.0017362394235558097	10
LCE5A	0	0.03507474400103086	0.000500022879483951	10
LCK	0	0.4254272446036339	0.0331498254483391	10
LCLAT1	0	0.04977920949459071	0.3277399360896327	10
LCMT1	0	0.050264880806207626	0.03941025573004719	10
LCMT2	0	0.03714823741465802	0.13714980294882878	10
LCN1	0	0.033413883112370917	0.033048599830833844	10
LCN10	0	0.03781583812087769	0.06605839435260351	10
LCN12	0	0.03494946993887419	0.00016217117733024602	10
LCN15	0	0.03529465794563289	0.0002267027848167563	10
LCN2	0	0.033425971306860404	0.23172817174112792	10
LCN6	0	0.04698352366685861	0.0780541292655761	10
LCN8	0	0.035006646439433055	0.0007894822041393159	10
LCN9	0	0.0333137016743421	0.00897473895372035	10
LCNL1	0	0.05048347450792784	0.324916220671152	10
LCOR	0	0.47081912159919737	0.8332120336472973	10
LCORL	0	0.5404938369989395	0.887507570820133	10
LCP1	0	0.12073283530771728	0.1894734759011454	10
LCP2	0	0.31862929165363313	0.5409978342478837	10
LCT	0	0.16992563977837558	0.6082013492340377	10
LCTL	0	0.034416225925087876	0.01034743405000472	10
LDB1	1	0.6677462217645554	0.4266980659108769	632
LDB2	0	0.597548308968544	0.508016315762954	10
LDB3	0	0.049189860001206356	0.28699028627379086	10
LDHA	0	0.1599231958389282	0.17605501916218563	10
LDHAL6A	0	0.0348083039745688	0.003124363390062157	10
LDHAL6B	0	0.03441362939774985	0.002011257738035419	10
LDHB	0	0.20189629793167113	2.561442578719331e-05	10
LDHC	0	0.0332777457311749	0.0012969370472757091	10
LDHD	0	0.04946835897862907	0.011960386117268908	10
LDLR	0	0.07924965918064114	0.13810994282623015	10
LDLRAD1	0	0.0364591140300035	3.3682865114961466e-05	10
LDLRAD2	0	0.03636735565960404	0.0200168656229226	10
LDLRAD3	0	0.046000113338232	0.05655515760327688	10
LDLRAD4	0	0.17126209288835523	0.5888268700765347	10
LDLRAP1	0	0.05107559263706202	0.10524168655978065	10
LDOC1	0	0.12117408514022823	0.006989937122263368	10
LDOC1L	0	0.05746839009225364	0.014687432571676989	10
LEAP2	0	0.03125095963478083	2.78086951290793e-06	10
LECT1	0	0.04298738315701481	0.027289843129697306	10
LECT2	0	0.035057847946882194	0.0024143145941507597	10
LEF1	0	0.48634850382804873	0.7181225978112837	10
LEFTY1	0	0.05985035672783847	0.22116327360728566	10
LEFTY2	0	0.036584243923425644	0.01622822981931188	10
LEKR1	0	0.05863681361079211	0.00028487220294183394	10
LELP1	0	0.03969994988292452	0.12475953547125121	10
LEMD1	0	0.039207751303911145	0.00018042709686893544	10
LEMD2	0	0.1347619611769914	0.008332134986880357	10
LEMD3	0	0.35642888545989987	0.6649604919472365	10
LENEP	0	0.03492470830678935	0.004744308739136016	10
LENG1	0	0.04063035920262331	0.2506037145410423	10
LENG8	0	0.5184502229094505	0.7260329837071986	10
LENG9	0	0.12106259316205976	0.022226088634999714	10
LEO1	0	0.7059668719768524	0.21244214407624523	10
LEP	0	0.06140459626913066	0.0023849426284437347	10
LEPR	0	0.3044789478182792	0.31362610052318163	10
LEPRE1	0	0.05480083785951131	0.5606539832426976	10
LEPREL1	0	0.04943314231932158	0.16823321340357233	10
LEPREL2	0	0.05956254974007602	0.01397123784873611	10
LEPREL4	0	0.04387564472854133	0.18314420772672121	10
LEPROT	0	0.0734383132308721	0.0036748965444293297	10
LEPROTL1	0	0.07610086724162098	0.01794192825160537	10
LETM1	0	0.09247472323477265	0.02006203284227863	10
LETM2	0	0.03190552443265909	0.008769939416312319	10
LETMD1	0	0.057087490707635836	0.028529922496792058	10
LFNG	0	0.05356589406728739	0.006847781339089953	10
LGALS1	0	0.10441695228219028	0.007817940880361167	10
LGALS12	0	0.033517125993967015	0.0011817240296383134	10
LGALS13	0	0.03191966284066435	0.00048489739558650775	10
LGALS14	0	0.039627974666655005	7.66186888785067e-06	10
LGALS16	0	0.03869673758745189	0.00010849927312864908	10
LGALS2	0	0.032027334719896286	0.0035215347935058324	10
LGALS3	0	0.06300918497145172	0.0010522231319653234	10
LGALS3BP	0	0.06154675185680386	0.030184491898493704	10
LGALS4	0	0.03814534507691855	0.02302960550522102	10
LGALS7	0	0.06143000908195969	0.08534452582943618	10
LGALS7B	0	0.06340957954525941	0.007348954542705698	10
LGALS8	0	0.07312747836112973	0.21303422625790583	10
LGALS9	0	0.05108491107821461	0.00046392873688179506	10
LGALS9C	0	0.03250601012259717	0.0009771204335370862	10
LGALSL	0	0.04132854789495464	0.5746947241045613	10
LGI1	0	0.8127809643745423	0.00024687782009192005	10
LGI2	0	0.049950685724616015	0.42439796833733145	10
LGI3	0	0.05667244084179396	0.36813578101261224	10
LGI4	0	0.08354413285851474	0.06960958077011177	10
LGMN	0	0.041296796500682784	0.12461683762422213	10
LGR4	0	0.42973085343837736	0.10172285049578271	10
LGR5	0	0.05068467073142523	0.21777084984489745	10
LGR6	0	0.04630765169858927	0.08189676518407893	10
LGSN	0	0.03320390190929171	0.19958468259272133	10
LHB	0	0.03328962661325926	0.061117693593690514	10
LHCGR	0	0.044231023080646956	0.005537796838434461	10
LHFP	0	0.0866689264774322	0.0015629094976851083	10
LHFPL1	0	0.03655934706330295	0.0016032623988974071	10
LHFPL2	0	0.046577528864145235	0.01021864110634237	10
LHFPL3	0	0.42832149267196656	0.005628193650485598	10
LHFPL4	0	0.12056280747056003	0.13645221022412413	10
LHFPL5	0	0.03830037079751488	0.1604212671693227	10
LHPP	0	0.037217730283737135	0.07468650757271147	10
LHX1	0	0.17490107640624042	0.9911551241404284	10
LHX2	0	0.6213360995054245	0.8326776942135071	10
LHX3	0	0.05897366032004352	0.0005445631843778569	10
LHX4	0	0.0667224988341331	0.06988708864283895	10
LHX5	0	0.243432305753231	0.651609774027616	10
LHX6	0	0.5785787791013718	0.10587748173256303	10
LHX8	0	0.13584396317601202	0.0011971098740980292	10
LHX9	0	0.427696692943573	0.5453890639542311	10
LIAS	0	0.05218249000608917	0.012026616807248822	10
LIF	0	0.051309181749820666	0.06007811900731106	10
LIFR	0	0.10512629821896549	0.6183785434515063	10
LIG1	0	0.09549616910517211	0.5922638812175332	10
LIG3	0	0.1450156360864639	0.8686336430818813	10
LIG4	0	0.04298583269119259	0.09008030771623499	10
LILRA1	0	0.03634212166070933	0.0003797817777843521	10
LILRA2	0	0.034449242055416066	0.00302683686010796	10
LILRA4	0	0.037585713341832125	0.0016357010844513082	10
LILRA5	0	0.04045393690466876	2.5106311963656796e-06	10
LILRA6	0	0.03563462831079956	0.006383146172664879	10
LILRB1	0	0.03492049034684891	4.644590370242464e-05	10
LILRB2	0	0.034108988009393146	0.0016836335614752724	10
LILRB3	0	0.03829920329153532	0.00010888503898727779	10
LILRB4	0	0.043633869662880846	0.0018464812950116157	10
LILRB5	0	0.03539355210959907	0.003249961940746511	10
LIM2	0	0.04048287495970721	0.13455794246208558	10
LIMA1	0	0.08092101179063313	0.20843742061669626	10
LIMCH1	0	0.3493605554103851	0.7915561334311204	10
LIMD1	0	0.06444843858480448	0.2578502713033462	10
LIMD2	0	0.050403122603893236	0.019287934876230938	10
LIME1	0	0.07367632128298278	0.24209378390196087	10
LIMK1	0	0.6757732152938842	0.31283966896176685	10
LIMK2	0	0.05830801762640471	0.17669357537615757	10
LIMS1	0	0.1109009020030498	0.02340359983909495	10
LIMS2	0	0.04345940798521037	0.07004525055271829	10
LIN28A	0	0.05934965163469309	0.2268373835503747	10
LIN28B	0	0.07243527397513386	0.14394561033596026	10
LIN37	0	0.050002405047416654	0.2735953927016232	10
LIN52	0	0.23626098632812495	0.001254141452211526	10
LIN54	0	0.7694480538368225	0.4352730992842139	10
LIN7A	0	0.05816914103925223	0.05749289062939571	10
LIN7B	0	0.1229776687920093	0.00046654805421514345	10
LIN7C	0	0.13710662275552749	0.12468524115591675	10
LIN9	0	0.6358645796775818	0.2596740550210077	10
LINGO1	0	0.8832670152187347	0.6248754257099701	10
LINGO2	0	0.30190809220075604	0.503465218227444	10
LINGO4	0	0.03770972862839693	0.08387299041740016	10
LINS	0	0.04061831124126907	0.09496752517324833	10
LIPA	0	0.04843899123370641	0.0011522649203861886	10
LIPC	0	0.03996621966361995	0.019867413344790155	10
LIPE	0	0.042704763635992946	0.060657007635947405	10
LIPF	0	0.04684781655669209	0.004438127943292527	10
LIPG	0	0.03486403860151762	0.2664556896150613	10
LIPH	0	0.03607592098414892	0.00414307702064423	10
LIPI	0	0.038067303970456066	0.00046760478722415505	10
LIPJ	0	0.03249726239591832	5.994700186946298e-06	10
LIPK	0	0.0329105088487267	0.0013201646616595106	10
LIPM	0	0.04878035672008986	0.08301990760156647	10
LIPN	0	0.03255828432738775	0.00841912268972498	10
LIPT1	0	0.038233131915330856	1.6562321083168098e-05	10
LITAF	0	0.05174009911715978	0.0012316002971159113	10
LIX1	0	0.034437555447220755	0.0017911016772864667	10
LIX1L	0	0.03740025050938125	0.0021120383233099614	10
LLGL1	0	0.15024238079786298	0.11183169348372761	10
LLGL2	0	0.06257845684885975	0.6273861736766649	10
LLPH	0	0.057155860215425444	0.35744013882099634	10
LMAN1	0	0.1420072771608829	0.02428255833643934	10
LMAN1L	0	0.04369915574789042	0.015704635194829394	10
LMAN2	0	0.09186185672879214	0.23788681529331712	10
LMAN2L	0	0.058584017306566184	0.08753843747262997	10
LMBR1	0	0.06397742219269272	0.4339606643123795	10
LMBR1L	0	0.10234318040311333	0.009335113991707493	10
LMBRD1	0	0.11930874586105342	0.09904805737201096	10
LMBRD2	0	0.21752044409513469	0.2952408123574337	10
LMCD1	0	0.04758471138775345	0.28930514917500316	10
LMF1	0	0.05272540524601932	0.0779827982275288	10
LMF2	0	0.05328158549964422	0.024067873142193406	10
LMLN	0	0.05547080561518665	0.050219496344775294	10
LMNA	0	0.7601249933242797	0.1671037056048748	10
LMNB1	0	0.20589402765035625	0.37285984754554874	10
LMNB2	0	0.3180121079087257	0.09726406677745764	10
LMO1	0	0.06655397787690158	0.007919063458387197	10
LMO2	0	0.06864756830036636	0.1272058443899148	10
LMO3	0	0.3074688330292702	0.1474980775581807	10
LMO4	0	0.38099992722272874	0.0029239068478625597	10
LMO7	0	0.20897048413753505	0.5574852479719549	10
LMOD1	0	0.17279812581837173	0.11541597142192958	10
LMOD2	0	0.0397405736148357	0.2659117722807536	10
LMOD3	0	0.03649802953004832	0.04935578163519429	10
LMTK2	0	0.3305648535490036	0.6839280018762489	10
LMTK3	0	0.757118821144104	0.8666467950737754	10
LMX1A	0	0.412991826236248	0.02343424581123698	10
LMX1B	0	0.2696465298533439	0.15470701269766537	10
LNP1	0	0.03228930421173569	0.011029186202299548	10
LNPEP	0	0.5361867308616638	0.48115537244686724	10
LNX1	0	0.07317603118717667	0.5323675548787644	10
LNX2	0	0.037366587296128226	0.05708800118049493	10
LOH12CR1	0	0.04288422111421818	0.17378814947120502	10
LONP1	0	0.387008312344551	0.23579759194158947	10
LONP2	0	0.2292219147086143	0.8027883561565388	10
LONRF1	0	0.20654683411121363	0.253453244578172	10
LONRF2	0	0.15741435363888737	0.5522887366806316	10
LONRF3	0	0.08137974254786964	0.6387224309071697	10
LOR	0	0.06627403162419791	0.4507432119790515	10
LOX	0	0.24990692138671872	0.04157470747948517	10
LOXL1	0	0.09056435525417324	0.48380488223453055	10
LOXL2	0	0.09553610496222968	0.4644917737094506	10
LOXL3	0	0.055812382325529986	0.010826842067432183	10
LOXL4	0	0.03906912915408607	0.025597141526310863	10
LPA	0	0.0415276642888784	0.08548712563595669	10
LPAR1	0	0.12560136877000327	0.09056937001957752	10
LPAR2	0	0.0750031795352697	0.004823604573551793	10
LPAR3	0	0.06291949041187758	0.003128338935392598	10
LPAR4	0	0.03574737310409541	0.5955394831814586	10
LPAR5	0	0.03925643339753148	0.0218582482050918	10
LPAR6	0	0.03354772813618177	0.00285255764867943	10
LPCAT1	0	0.1434023149311542	0.0030892071780021365	10
LPCAT2	0	0.04308895654976364	0.014782285606067692	10
LPCAT3	0	0.30653021782636636	0.02143737997486419	10
LPCAT4	0	0.15041036754846568	0.0926164795449057	10
LPGAT1	0	0.5760753154754639	0.536532210634126	10
LPHN1	0	0.8532466471195221	0.9346437598434333	10
LPHN2	0	0.5970278710126877	0.8102997366301562	10
LPHN3	0	0.8163050770759582	0.9369767647432157	10
LPIN1	0	0.17736223563551898	0.1465072698759501	10
LPIN2	0	0.33948445469141003	0.2573496925269868	10
LPIN3	0	0.04172539897263045	0.06266127809502504	10
LPL	0	0.07867320291697974	0.02133820287110787	10
LPO	0	0.04295744895935054	0.0038688576972309165	10
LPP	0	0.08572296313941473	0.4046281942208033	10
LPPR1	0	0.12163252010941501	0.039379684351418184	10
LPPR3	0	0.1749393433332443	0.3592999308634677	10
LPPR4	0	0.6462975233793259	0.7950122972685075	10
LPPR5	0	0.12815340980887407	0.005598357413995178	10
LPXN	0	0.04471055753529067	0.0007783076729994884	10
LRAT	0	0.03793187700211996	0.02204767893378292	10
LRBA	0	0.17349207103252406	0.9129653050127471	10
LRCH1	0	0.3586032748222351	0.29061110900986065	10
LRCH2	0	0.5665054589509964	0.11873855521402947	10
LRCH3	0	0.10465462431311603	0.1594746333223452	10
LRCH4	0	0.07565148957073684	0.30193607315798393	10
LRFN1	0	0.4962484449148178	0.8721638001377906	10
LRFN2	0	0.09749622084200378	0.6194349953870695	10
LRFN3	0	0.2566322609782219	0.08734602223870465	10
LRFN4	0	0.27979668974876404	0.1272903604614946	10
LRFN5	0	0.29992503598332404	0.045567250928386524	10
LRG1	0	0.03154798410832876	0.0003294762701674534	10
LRGUK	0	0.03526461701840156	0.1246930485109676	10
LRIF1	0	0.050713175162672944	0.1002629180894576	10
LRIG1	0	0.1081591315567493	0.6098904990932856	10
LRIG2	0	0.05762192830443379	0.17621774970934015	10
LRIG3	0	0.09670628756284709	0.03199335195313653	10
LRIT1	0	0.03942286223173137	0.0027152789636746394	10
LRIT2	0	0.033401816524565184	0.0005626485821736382	10
LRIT3	0	0.03559248410165306	0.08757363858750312	10
LRMP	0	0.03387905303388828	0.011615831191590749	10
LRP1	0	0.8901139557361603	0.8125419590666236	10
LRP10	0	0.050113880261778786	0.02334681830686713	10
LRP11	0	0.04671369753777977	0.00472253893460472	10
LRP12	0	0.7889191567897796	0.8068291693128536	10
LRP1B	0	0.692076426744461	0.3637128206990416	10
LRP2	0	0.3372723966836929	0.7854891218665137	10
LRP2BP	0	0.04200102686882013	0.26166650038173545	10
LRP3	0	0.15879064053297037	0.09370163714737365	10
LRP4	0	0.36429335176944727	0.6245255904223191	10
LRP5	0	0.2725304707884788	0.9482528744512783	10
LRP5L	0	0.03333757985383267	0.7220975075869708	10
LRP6	0	0.8311115443706513	0.9497365689641117	10
LRP8	0	0.784059476852417	0.458427371802821	10
LRPAP1	0	0.10733141787350171	0.12363410652720463	10
LRPPRC	0	0.40931512117385865	0.23334145654096566	10
LRR1	0	0.04059206470847125	0.0008969283960321075	10
LRRC1	0	0.13527265936136243	0.0004122393031425238	10
LRRC10	0	0.04051438421010966	0.028840446209614245	10
LRRC14	0	0.04980261027812954	0.6374053349719896	10
LRRC14B	0	0.04277995899319642	0.21647699250676017	10
LRRC15	0	0.0369837505742907	0.02959258613762484	10
LRRC16A	0	0.2776495471596717	0.8094106355848025	10
LRRC16B	0	0.1567516721785068	0.3471025103570032	10
LRRC17	0	0.03949529454112048	0.0025014977102344677	10
LRRC18	0	0.03301923871040339	0.0001575256202278517	10
LRRC19	0	0.03232579156756395	0.00964384692720227	10
LRRC2	0	0.03902798853814597	0.00508772203844462	10
LRRC20	0	0.03703762385994191	0.021310595365799084	10
LRRC23	0	0.032305155880749184	0.05844579968177116	10
LRRC24	0	0.06262872889637944	0.004374090661126992	10
LRRC25	0	0.06838279888033863	0.0010111456679391473	10
LRRC26	0	0.05013556927442546	0.12071845759141522	10
LRRC27	0	0.041396143287420216	0.15488772322017189	10
LRRC28	0	0.04034433588385578	0.12922627977561038	10
LRRC29	0	0.03573984820395704	0.01549579983830226	10
LRRC3	0	0.03755302298814055	0.00131251479433553	10
LRRC30	0	0.03488380443304772	0.2103975468558655	10
LRRC31	0	0.03312862589955324	0.0006691044544524657	10
LRRC32	0	0.04763229824602601	0.0008778851128166723	10
LRRC34	0	0.03752267882227893	0.010585737123045322	10
LRRC36	0	0.03711191676557059	0.00017375863148703517	10
LRRC37A	0	0.07286022156476969	0.08619252741679928	10
LRRC37A3	0	0.057618015259504274	0.15490642713336486	10
LRRC37B	0	0.06602356694638725	0.4049028035719119	10
LRRC39	0	0.03684858791530129	0.0037204642108543532	10
LRRC3B	0	0.07836801111698147	0.0006562684407441623	10
LRRC4	0	0.739685770869255	0.9257054645449798	10
LRRC40	0	0.0734714433550834	0.0019601977369853585	10
LRRC41	0	0.6643052875995636	0.18903310290900022	10
LRRC42	0	0.04399991370737548	1.7521473858146722e-05	10
LRRC43	0	0.03520956076681609	0.6635028929906556	10
LRRC45	0	0.044590899720787947	0.15263825991744812	10
LRRC46	0	0.034125569090247096	0.17307583581642091	10
LRRC47	0	0.23485813587903973	0.049040314431070944	10
LRRC48	0	0.045229901000857296	0.49873519326199284	10
LRRC49	0	0.1650650396943092	0.02354569217032212	10
LRRC4B	0	0.8266268730163574	0.2846947007882014	10
LRRC4C	1	0.689064473248063	0.28000308245539274	624
LRRC52	0	0.033033523149788316	0.42119759032538145	10
LRRC55	0	0.04789831340312952	0.0839683976472295	10
LRRC56	0	0.03487842157483095	0.002553361434708834	10
LRRC57	0	0.03635903410613532	0.010421075242441251	10
LRRC58	0	0.09270826280117031	0.08907297199143716	10
LRRC59	0	0.04288949668407436	0.00892115110441619	10
LRRC6	0	0.03304246626794333	0.01627760088391177	10
LRRC61	0	0.0381395567208528	2.0666554029104624e-06	10
LRRC66	0	0.0338287223130464	0.014992408653109713	10
LRRC7	0	0.9041683554649353	0.7109808169400719	10
LRRC71	0	0.05175505876541135	0.38841113952704354	10
LRRC73	0	0.040779999271035164	0.09659662718253563	10
LRRC8A	0	0.7154845356941223	0.22094558289427493	10
LRRC8B	0	0.8300616800785064	0.08310153308965693	10
LRRC8C	0	0.09830394908785815	0.2054450630296071	10
LRRC8D	0	0.7003558456897736	0.03533216392601944	10
LRRC8E	0	0.03785956539213653	0.22555143525626936	10
LRRCC1	0	0.04364802204072469	0.4251676257474646	10
LRRD1	0	0.06123702041804785	7.229823500644324e-05	10
LRRFIP1	0	0.13986716419458384	0.1500965937383983	10
LRRFIP2	0	0.09665805771946903	0.3588483004763647	10
LRRIQ1	0	0.03834633417427536	0.17769850005224902	10
LRRIQ3	0	0.033412097394466336	7.627544192029033e-05	10
LRRIQ4	0	0.0337730303406715	0.0004575382571321494	10
LRRK1	0	0.15724671781063077	0.644972096354181	10
LRRK2	0	0.22222241461277004	0.2384444699249541	10
LRRN1	0	0.3893158048391342	0.8775342776118791	10
LRRN2	0	0.08147638589143749	0.379016681985246	10
LRRN3	0	0.10032687783241268	0.024388500892301337	10
LRRN4	0	0.042670238018035836	0.5408262119322476	10
LRRN4CL	0	0.03923352863639589	0.004267132317255814	10
LRRTM1	0	0.10237102322280403	0.05035900159828184	10
LRRTM2	0	0.6554525643587112	0.5598215606709414	10
LRRTM3	0	0.643135491013527	0.12072516725335106	10
LRRTM4	0	0.36519205421209333	0.06249042260420183	10
LRSAM1	0	0.053578885644674244	0.02236557089694411	10
LRTM1	0	0.034220817685127206	0.0012816967205051646	10
LRTM2	0	0.11950820982456203	0.0017441988493720807	10
LRTOMT	0	0.0608800426125526	0.0036145115507751095	10
LRWD1	0	0.043255804479122105	0.23607503676694197	10
LSAMP	0	0.608459746837616	0.47636100578804363	10
LSG1	0	0.03408087659627193	0.0738743842327979	10
LSM1	0	0.09270901419222351	0.002977086464766093	10
LSM10	0	0.06031180992722507	0.00040119801058643393	10
LSM11	0	0.062287968769669466	0.24797635605160914	10
LSM12	0	0.38719938695430756	0.3511420559835879	10
LSM14A	0	0.12125137895345683	0.88255028490358	10
LSM14B	0	0.5231192320585251	0.7828382749611429	10
LSM2	0	0.08026475869119162	0.00011677368237067348	10
LSM3	0	0.10359328985214229	0.003966238261350481	10
LSM4	0	0.10377779677510257	0.551382049049684	10
LSM5	0	0.07977471686899658	0.0004616366514510817	10
LSM6	0	0.20629384815692897	0.0004887347296706525	10
LSM7	0	0.20098285302519794	0.06066241473715885	10
LSMEM1	0	0.0463073547929525	0.0007019371098526279	10
LSMEM2	0	0.045220507681369745	0.008346172978641535	10
LSP1	0	0.04693041145801538	0.43865450554873053	10
LSR	0	0.04786208756268019	0.2048379302256768	10
LSS	0	0.1330320984125137	0.010533684820982847	10
LST1	0	0.04062714166939253	1.3535602494215348e-05	10
LTA	0	0.06140758097171779	0.0010027484120368195	10
LTA4H	0	0.1084787547588348	0.09207055299704824	10
LTB	0	0.04760647527873512	0.008892440018177126	10
LTB4R	0	0.04104231409728522	0.03113912832918745	10
LTB4R2	0	0.04722283668816085	0.002425216806670192	10
LTBP1	0	0.1715936981141567	0.549377793998168	10
LTBP2	0	0.11178807541728016	0.1428385727668156	10
LTBP3	0	0.8097233891487121	0.01636698980008498	10
LTBP4	0	0.501010462641716	0.4545358557899747	10
LTBR	0	0.065269049629569	0.007838289468507285	10
LTC4S	0	0.04254834130406375	0.007976594045725715	10
LTF	0	0.03652029298245902	0.049837215921206136	10
LTK	0	0.049474780261516534	0.14007658881991697	10
LTN1	0	0.4886451244354248	0.5715465368335562	10
LTV1	0	0.03929686322808262	0.017885738338047026	10
LUC7L	0	0.23962862640619273	0.04628254853897619	10
LUC7L2	0	0.08537522107362742	0.4095548909618554	10
LUC7L3	0	0.5768751502037048	0.7145973412198114	10
LUM	0	0.06066334806382649	0.0009082484212780765	10
LURAP1	0	0.03507073242217298	0.008956428773819098	10
LURAP1L	0	0.03360885679721827	0.09692747767977644	10
LUZP1	0	0.12397419624030585	0.1587503982768061	10
LUZP2	0	0.04990136884152884	0.043500643248826285	10
LUZP4	0	0.033410224691033316	0.00370443228462539	10
LXN	0	0.03893010579049583	7.533292963440364e-06	10
LY6D	0	0.03430551104247566	6.344840419966466e-05	10
LY6E	0	0.0632020946592092	0.0005558571691956197	10
LY6G5B	0	0.04766618944704528	7.300626545899097e-05	10
LY6G5C	0	0.03911899644881483	0.0013434877312893554	10
LY6G6C	0	0.03272837400436398	0.0003352291098413435	10
LY6G6D	0	0.0343009021133184	1.2357661629093967e-05	10
LY6G6F	0	0.03740013279020783	0.0005683070515111522	10
LY6H	0	0.10237917415797707	0.0009783440915020318	10
LY6K	0	0.03540048524737355	0.012028672792553197	10
LY75	0	0.04488935768604274	0.2298369704473747	10
LY75-CD302	0	0.04132874459028238	0.3667151504519447	10
LY86	0	0.03273858111351724	2.8479412555583337e-05	10
LY9	0	0.04280712008476251	0.0008999617484758294	10
LY96	0	0.03453288935124871	3.876184301321306e-06	10
LYAR	0	0.043896259367465926	0.021580198534770424	10
LYG1	0	0.032262538000941234	2.6869253982000365e-05	10
LYG2	0	0.03172460980713363	0.0034149098836391842	10
LYL1	0	0.12672667056322093	0.1147089545339135	10
LYN	0	0.7599184930324554	0.13189106328978725	10
LYNX1	0	0.05800508484244341	0.0024981418278024964	10
LYPD1	0	0.04003605283796783	0.3102251301012865	10
LYPD2	0	0.04637844264507288	0.0017959349167367433	10
LYPD3	0	0.039247306436300235	0.09800561806136236	10
LYPD4	0	0.03349956199526781	0.09507640736514752	10
LYPD5	0	0.03584654778242108	9.284646625529649e-06	10
LYPD6	0	0.03912366665899748	0.0005954675539468631	10
LYPD6B	0	0.03425802849233145	0.002029943537762453	10
LYPLA1	0	0.04795222245156759	0.0005836151199890411	10
LYPLA2	0	0.23378627002239222	0.02000649486570823	10
LYPLAL1	0	0.04766630716621871	1.0485722572762568e-05	10
LYRM1	0	0.03733297139406201	9.924913016236486e-06	10
LYRM2	0	0.05903643481433386	0.04674186941761219	10
LYRM4	0	0.07890086583793157	0.0035045847447590338	10
LYRM5	0	0.04826591126620766	0.00026461838979008486	10
LYRM7	0	0.04182178564369674	0.03788159183431693	10
LYRM9	0	0.05851577706634993	0.00042700804198557256	10
LYSMD1	0	0.03343022838234897	0.0014689934630423569	10
LYSMD2	0	0.04415270723402496	2.8727373626466244e-06	10
LYSMD3	0	0.03427096437662834	0.7098461325575756	10
LYSMD4	0	0.034291750937700226	0.02498088092411288	10
LYST	0	0.4612525045871735	0.7981139122695079	10
LYVE1	0	0.03321993108838791	0.0006354329855861977	10
LYZ	0	0.0380139928311109	3.046870179175845e-05	10
LYZL1	0	0.03398546222597356	2.6132667160971593e-06	10
LYZL2	0	0.034104122221469815	1.6447258084389506e-05	10
LYZL4	0	0.03279760722070928	3.4905930477545645e-05	10
LYZL6	0	0.03448655307292934	3.8086809969854014e-06	10
LZIC	0	0.054718426242470676	0.046524590076573	10
LZTFL1	0	0.061824524775147396	0.017439918327904397	10
LZTR1	0	0.18993576541543003	0.28498914278152765	10
LZTS1	0	0.21301183402538296	0.06660211308687858	10
LZTS2	0	0.0824237693101167	0.012257345506420478	10
LZTS3	0	0.4599931865930557	0.0847243603967437	10
M1AP	0	0.05245140269398685	0.000547059668246897	10
M6PR	0	0.05372109971940512	0.14403824772844023	10
MAATS1	0	0.04603625535964962	0.13870051178506143	10
MAB21L1	0	0.0742352303117513	0.15657567299430888	10
MAB21L2	0	0.16595887243747706	0.676802835594897	10
MAB21L3	0	0.034519563987851096	0.10053340070220806	10
MACC1	0	0.03722150996327396	0.39926697561254104	10
MACF1	0	0.9152009725570679	0.5241140033723821	10
MACROD1	0	0.07670445255935188	0.3874665497291242	10
MACROD2	0	0.16653671264648434	0.5056044197198232	10
MAD1L1	0	0.05437767617404458	0.14045694587287566	10
MAD2L1	0	0.040354875102639146	0.00547831177832465	10
MAD2L1BP	0	0.03642846755683417	0.06824017589182732	10
MAD2L2	0	0.10396114438772194	0.2485085967270657	10
MADCAM1	0	0.06675589680671686	0.015060855987280148	10
MADD	0	0.3130995109677314	0.29151895760000596	10
MAEA	0	0.23826910257339473	0.07409351099643562	10
MAEL	0	0.08059414513409133	0.00030828464459944303	10
MAF	0	0.15290490612387653	0.5291348242025553	10
MAF1	0	0.4815080285072327	0.00536517152125162	10
MAFB	0	0.30142157077789306	0.6580548927509031	10
MAFF	0	0.06755313314497466	0.004576324864646626	10
MAFG	0	0.13229484707117078	0.15795184307567403	10
MAFK	0	0.08311153985559938	0.2651444168043602	10
MAG	0	0.12121429033577438	0.19868908385244002	10
MAGEA1	0	0.06672350876033302	3.915272738654398e-05	10
MAGEA10	0	0.07160686925053592	0.047488213978558694	10
MAGEA11	0	0.0456101026386022	0.00015312018411859366	10
MAGEA12	0	0.07007330283522599	0.002041643691904924	10
MAGEA3	0	0.08988167531788345	9.383134474265931e-05	10
MAGEA4	0	0.06594820804893967	0.008935097558235827	10
MAGEA6	0	0.06349210105836386	0.025177994608999266	10
MAGEA8	0	0.07589032910764212	0.0014507568561934233	10
MAGEB1	0	0.057410801574587764	0.13390469780413744	10
MAGEB10	0	0.07487685792148108	8.723787402166458e-05	10
MAGEB16	0	0.03790473453700538	0.008704897748669527	10
MAGEB17	0	0.12298820763826368	0.015100791644608763	10
MAGEB18	0	0.03337195627391333	0.0009432077083176534	10
MAGEB2	0	0.055587809160351685	0.06552373235444106	10
MAGEB3	0	0.04029184915125364	0.00020483956504054054	10
MAGEB4	0	0.06037720777094362	0.0013215318500828359	10
MAGEB5	0	0.09067967049777502	0.002937140532771761	10
MAGEB6	0	0.05918392911553379	0.006736967677986656	10
MAGEC2	0	0.10797597430646415	0.21992557923917094	10
MAGEC3	0	0.035432500392198515	0.0010562940965059954	10
MAGED1	0	0.8393544375896453	0.014766652100890388	10
MAGED2	0	0.5639576852321625	0.007741976760985213	10
MAGEE1	0	0.14453505948185916	0.0761497422585221	10
MAGEE2	0	0.03444827720522877	0.01179132959978604	10
MAGEF1	0	0.10061591230332848	0.11300392118567851	10
MAGEH1	0	0.1754405297338962	0.6618174208457704	10
MAGEL2	1	0.18996626376167233	0.5630318460591515	651
MAGI1	0	0.674564129114151	0.9935255855125009	10
MAGI2	0	0.9168712437152863	0.8916454136456906	10
MAGI3	0	0.49595933854579927	0.9045354018002852	10
MAGIX	0	0.035022961348295155	0.010364419714103807	10
MAGOH	0	0.27711937278509136	0.0027811089331231014	10
MAGOHB	0	0.04805971719324585	0.3391499129601593	10
MAGT1	0	0.20285743921995159	0.00389048849590075	10
MAK	0	0.04587766602635378	0.2603069465159657	10
MAK16	0	0.16451978683471674	0.23275868571123398	10
MAL	0	0.09148026779294009	0.23213587221237247	10
MAL2	0	0.06290943957865233	0.01587504214945855	10
MALL	0	0.05917215570807453	0.01286759583837016	10
MALSU1	0	0.05038762390613551	0.007839979004140477	10
MALT1	0	0.41251028180122373	0.06434588577358634	10
MAMDC2	0	0.040290089324116665	0.0026533079597867667	10
MAMDC4	0	0.05770281292498106	0.10240486087298786	10
MAML1	0	0.4899936690926552	0.24917809033751967	10
MAML2	0	0.39089778661727903	0.7760186813428894	10
MAML3	0	0.6235163778066635	0.9935746110952695	10
MAMLD1	0	0.07048858068883414	0.7250339091307427	10
MAMSTR	0	0.038362468592822496	0.03568525677330408	10
MAN1A1	0	0.14015536606311793	0.20238378798440682	10
MAN1A2	0	0.8455170273780823	0.4705147979522237	10
MAN1B1	0	0.061022715643048245	0.09540451507402507	10
MAN1C1	0	0.07426233626902098	0.3177567355886241	10
MAN2A1	0	0.1295494370162487	0.5348346106682944	10
MAN2A2	0	0.22815358191728588	0.16938089391996353	10
MAN2B1	0	0.042183787375688495	0.19436110297191062	10
MAN2B2	0	0.04595818333327766	0.07958104467467421	10
MAN2C1	0	0.11378491818904872	0.24278692565276255	10
MANBA	0	0.04918537698686119	0.08024495229661512	10
MANBAL	0	0.053416719287633876	1.3233309482182503e-05	10
MANEA	0	0.036585061438381625	0.07804774937193537	10
MANEAL	0	0.042182546854019135	0.07529217557858313	10
MANF	0	0.06956232748925681	0.0005035425388398536	10
MANSC1	0	0.03193937093019481	0.03789531268063888	10
MAOA	0	0.5755151182413101	0.00615582842589817	10
MAOB	0	0.46877617537975313	0.02301101094132494	10
MAP10	0	0.05474767610430713	0.13689181094585284	10
MAP1A	1	0.5396496471840964	0.4864214165278916	647
MAP1B	0	0.9249811768531799	0.6309284225029208	10
MAP1LC3A	0	0.18150445297360415	0.023694464532321588	10
MAP1LC3B	0	0.11555532328784461	0.12032609787016506	10
MAP1LC3B2	0	0.03341784235090012	0.00037978463771913155	10
MAP1LC3C	0	0.04186374582350249	0.00015297689395333503	10
MAP1S	0	0.11577313616871829	0.5011830505167005	10
MAP2	0	0.9208915114402771	0.9881455448923999	10
MAP2K1	0	0.5054629504680633	0.026183604408126386	10
MAP2K2	0	0.5762581884860992	0.4264689690845073	10
MAP2K3	0	0.0920324675738811	0.4688564712610169	10
MAP2K4	0	0.7388076066970826	0.0904231950450062	10
MAP2K5	0	0.23733307048678398	0.01189110215930238	10
MAP2K6	0	0.47283131182193755	0.4013442489105817	10
MAP2K7	0	0.7862344026565552	0.4797640391560605	10
MAP3K1	0	0.6920527279376983	0.8514554486770166	10
MAP3K10	0	0.22460811287164684	0.6572710839075964	10
MAP3K11	0	0.09976519756019112	0.38129392683661856	10
MAP3K12	0	0.8930329263210297	0.15431780163253908	10
MAP3K13	0	0.39486434757709504	0.8245833075073085	10
MAP3K15	0	0.05039705894887442	0.36027286674702824	10
MAP3K19	0	0.05738565735518928	0.17524833272958218	10
MAP3K2	0	0.7613844990730285	0.8380611110595131	10
MAP3K3	0	0.4943184286355972	0.20526056895633552	10
MAP3K4	0	0.8955152213573456	0.6614559540561824	10
MAP3K5	0	0.5599956154823303	0.7168331898199004	10
MAP3K6	0	0.048371979594230605	0.012154649995215403	10
MAP3K7	0	0.8387474715709686	0.6344363947434271	10
MAP3K7CL	0	0.053739502280950514	1.759008541225384e-05	10
MAP3K8	0	0.4942465275526047	0.05998032248809595	10
MAP3K9	0	0.12784440070390696	0.7174729978439567	10
MAP4	0	0.3042109563946723	0.3362988107919819	10
MAP4K1	0	0.3223238945007324	0.1810889087395761	10
MAP4K2	0	0.07335954979062077	0.03597948261164187	10
MAP4K3	0	0.5242110311985015	0.717313300656879	10
MAP4K4	0	0.9071094155311584	0.9955948591005326	10
MAP4K5	0	0.8866171658039093	0.7432834142321548	10
MAP6	0	0.17050158157944675	0.27179065090531124	10
MAP6D1	0	0.07451613023877139	0.0001539841144082571	10
MAP7	0	0.11625661440193649	0.02158850110416424	10
MAP7D1	0	0.33118197023868556	0.1299588079709785	10
MAP7D2	0	0.07848869673907753	0.2967191119424715	10
MAP7D3	0	0.03652096539735789	0.05231764950905238	10
MAP9	0	0.11390675790607925	0.2418389597355087	10
MAPK1	0	0.6684731006622314	0.3596177160612677	10
MAPK10	0	0.6565488308668137	0.8119922535571262	10
MAPK11	0	0.11962489858269687	0.08382034645499219	10
MAPK12	0	0.05689592771232123	0.055004961806306596	10
MAPK13	0	0.038837813958525605	0.057896950062880204	10
MAPK14	0	0.4246341049671173	0.17235681986180515	10
MAPK15	0	0.04971367008984084	0.48752066849455417	10
MAPK1IP1L	0	0.07230176292359825	0.39057126673295917	10
MAPK3	0	0.19345179274678223	0.1110720758660115	10
MAPK4	0	0.06779010370373721	0.3705512098678134	10
MAPK6	0	0.505683982372284	0.3821900851169335	10
MAPK7	0	0.1377968147397041	0.29032793877728374	10
MAPK8	0	0.8716505289077758	0.10484653873604761	10
MAPK8IP1	0	0.7139555096626282	0.32073043812072594	10
MAPK8IP2	0	0.7904698610305786	0.24042426224964886	10
MAPK8IP3	0	0.8882683873176574	0.5452337520820876	10
MAPK9	0	0.4596973031759262	0.19594938338813245	10
MAPKAP1	0	0.7391215622425079	0.053394539670633345	10
MAPKAPK2	0	0.582320299744606	0.20142682343965132	10
MAPKAPK3	0	0.041324834898114185	0.011279598597754837	10
MAPKAPK5	0	0.3035444267094135	0.3865252705470919	10
MAPKBP1	0	0.3687355786561966	0.3622807147916185	10
MAPRE1	0	0.4006537213921547	0.1690334131283001	10
MAPRE2	0	0.519739443063736	0.4887984630548651	10
MAPRE3	0	0.3409160569310188	0.18713894559858568	10
MAPT	0	0.38254571706056595	0.4962723266859257	10
MARC1	0	0.03648885078728193	0.024585425637884177	10
MARC2	0	0.034979197196662384	0.0007950974928452774	10
MARCH1	0	0.05190754197537893	0.1401944180434049	10
MARCH10	0	0.03699090071022505	0.010128632983883286	10
MARCH11	0	0.04069722145795819	0.2563532446302958	10
MARCH2	0	0.04282753765583036	0.0003035203306819395	10
MARCH3	0	0.04824053756892678	0.09291527399709776	10
MARCH4	0	0.0857534915208816	0.7938192424020765	10
MARCH5	0	0.36400067061185837	0.3077379460731671	10
MARCH6	0	0.8456784009933471	0.7438169850573064	10
MARCH7	0	0.2967855170369148	0.022521820119603193	10
MARCH8	0	0.03458788860589262	0.00539584389616188	10
MARCH9	0	0.15480892583727834	0.00479663129065073	10
MARCKS	0	0.1426489353179931	0.6449406058981867	10
MARCKSL1	0	0.16451439931988715	0.4559103776040221	10
MARCO	0	0.04040625616908068	0.039992143989017556	10
MARK1	0	0.6634561389684677	0.6159853677986502	10
MARK2	0	0.9113799512386322	0.8942527150825572	10
MARK3	0	0.3351103261113167	0.6757524299978229	10
MARK4	0	0.8150867581367492	0.3400172958291406	10
MARS	0	0.07108837701380247	0.021564396082674485	10
MARS2	0	0.04150101207196708	0.01960321813867574	10
MARVELD2	0	0.034819462522864296	0.16728268244429498	10
MARVELD3	0	0.03732170648872847	0.001767845931334958	10
MAS1	0	0.04002748392522331	0.10920272142130145	10
MAS1L	0	0.07040785998105999	0.004089589995697427	10
MASP1	0	0.07902362383902067	0.03494669206578495	10
MASP2	0	0.03842077180743213	0.1781715448356879	10
MAST1	0	0.9114489376544952	0.8742011948599021	10
MAST2	0	0.0815790686756372	0.5280503326016991	10
MAST3	0	0.7749795198440552	0.5012738193805016	10
MAST4	0	0.3992846518754959	0.955548809536443	10
MASTL	0	0.04130279831588265	0.27558385144569686	10
MAT1A	0	0.06416725367307657	0.006662487993196066	10
MAT2A	0	0.787003892660141	0.9214911977755877	10
MAT2B	0	0.04574563838541505	0.008381588677193123	10
MATK	0	0.07688686661422248	0.09628837530217156	10
MATN1	0	0.04238293133676048	0.3835108964296633	10
MATN2	0	0.05333064533770079	0.36351944461502333	10
MATN3	0	0.04215087257325646	0.00717353320892157	10
MATN4	0	0.03430647589266296	0.10413219372599698	10
MATR3	0	0.8631149053573608	0.4392764038798608	10
MAU2	0	0.9219655573368073	0.07671458217822799	10
MAVS	0	0.062395831942558266	0.06083809218758797	10
MAX	0	0.3083949789404869	0.06418194422476131	10
MAZ	0	0.5345384672284126	0.7676989802845315	10
MB	0	0.03782693520188327	0.005019768647245666	10
MB21D1	0	0.03532402887940402	0.007206723730067421	10
MB21D2	0	0.04718340337276454	0.232663933173402	10
MBD1	0	0.7223629176616668	0.02990197599116723	10
MBD2	0	0.43305479288101195	0.12931687550143162	10
MBD3	0	0.5492989987134933	0.02038294476409265	10
MBD3L1	0	0.07788978815078731	4.8714619119871935e-05	10
MBD3L3	0	0.0837804995477199	0.009382908170022115	10
MBD4	0	0.06918719634413714	0.0041041570235532746	10
MBD5	1	0.9160231534677306	0.9600198342609958	639
MBD6	0	0.3733952507376671	0.5452060439468076	10
MBIP	0	0.06698859967291351	0.008424506491360173	10
MBL2	0	0.03318764306604856	0.04175936891463676	10
MBLAC1	0	0.0461514845490455	0.1584606861050702	10
MBLAC2	0	0.03351206183433527	0.04465593715903436	10
MBNL1	0	0.4265644043684006	0.6197449397718118	10
MBNL2	0	0.30747331529855726	0.22782164964017165	10
MBNL3	0	0.12174042053520673	0.4327170700382701	10
MBOAT1	0	0.03630428873002524	0.02180755711887416	10
MBOAT2	0	0.23745114132761952	0.27232133812828313	10
MBOAT7	0	0.05938833877444262	0.0004152124287938895	10
MBP	0	0.07159551866352554	0.4639350708610258	10
MBTD1	0	0.5671699792146683	0.30762963293794693	10
MBTPS1	0	0.3592449650168419	0.36520255227442205	10
MBTPS2	0	0.6740179687738419	0.22725376807759173	10
MC1R	0	0.04082592837512489	0.0019740186482317826	10
MC2R	0	0.03610668797045942	0.003948204307006762	10
MC3R	0	0.042236344888806274	0.2901761682593783	10
MC4R	0	0.03653448224067684	0.0009337597673127664	10
MC5R	0	0.04270402938127512	0.054510969924858765	10
MCAM	0	0.0860728900879621	0.01637777869024294	10
MCAT	0	0.03799066841602322	0.0005127871179414257	10
MCC	0	0.058041313290595954	0.4959212271254424	10
MCCC1	0	0.06791694611310954	0.11740999288077177	10
MCCC2	0	0.04815391488373276	0.0033082710240673954	10
MCCD1	0	0.03511889614164824	4.014221961903339e-05	10
MCEE	0	0.0342402674257755	0.0011219430191384621	10
MCF2	0	0.1943993881344795	0.19527805378280777	10
MCF2L	0	0.2580382794141769	0.5350560670654427	10
MCF2L2	0	0.04979476034641261	0.07356654267949461	10
MCFD2	0	0.060140114650130236	0.010265993688664873	10
MCHR1	0	0.04453652836382383	0.22460828765320437	10
MCHR2	0	0.04038759320974345	0.03659251914492032	10
MCL1	0	0.21546303629875183	0.21622882873137309	10
MCM10	0	0.03942942880094047	0.09914811197964533	10
MCM2	0	0.10002904310822483	0.6384694725314664	10
MCM3	0	0.06716352514922616	0.7329568092751471	10
MCM3AP	0	0.2129771009087562	0.2872209789162062	10
MCM4	0	0.12064166665077206	0.1149108715200545	10
MCM5	0	0.05127078592777247	0.25844426272991344	10
MCM6	0	0.18742595762014386	0.530795018480376	10
MCM7	0	0.09861043766140934	0.29779228724005014	10
MCM8	0	0.0364501010626554	0.48897210598203705	10
MCM9	0	0.06563767492771143	0.02360910084472346	10
MCMBP	0	0.6000914007425309	0.11158991631936388	10
MCMDC2	0	0.03312432523816819	0.015428454400964697	10
MCOLN1	0	0.09959500469267364	0.3819393017121998	10
MCOLN2	0	0.03478357885032886	0.03287942008424844	10
MCOLN3	0	0.06562656834721561	0.26143041344324514	10
MCPH1	0	0.08407949879765507	0.27124897502557827	10
MCRS1	0	0.34237134754657744	0.0076272930255909584	10
MCTP1	0	0.19041120111942286	0.3468323155811442	10
MCTP2	0	0.034437124058604204	0.3469020493238478	10
MCTS1	0	0.25423276722431176	0.09306199095889453	10
MCU	0	0.3401015073060989	0.02635268569105368	10
MCUR1	0	0.09981361255049702	0.017721350078607163	10
MDC1	0	0.09015645831823345	0.4598100218693202	10
MDFI	0	0.05947545617818828	0.00012286831058911022	10
MDGA1	0	0.4506493881344795	0.6074064670633098	10
MDGA2	0	0.1620568968355655	0.7081396275054462	10
MDH1	0	0.24825008809566493	0.0667062056960132	10
MDH1B	0	0.03282809574156995	0.06378434372343993	10
MDH2	0	0.10572064258158205	0.01449690100302852	10
MDK	0	0.0923951297998428	0.03359061102191342	10
MDM1	0	0.053081366047263115	0.012336303875985985	10
MDM2	0	0.7978288948535919	0.3007878597676279	10
MDM4	0	0.7895399451255798	0.5031325539142933	10
MDN1	0	0.293131685256958	0.7425041996008437	10
MDP1	0	0.03317852634936565	1.7294344873358625e-05	10
MDS2	0	0.05216530486941333	3.4735327868148537e-06	10
ME1	0	0.04701421633362766	0.10848376756183406	10
ME2	0	0.07239096648991103	0.05426026887707006	10
ME3	0	0.08982343934476372	0.04866868261138998	10
MEA1	0	0.06067111641168589	0.01073861055427217	10
MEAF6	0	0.21323324888944623	0.00325930804677321	10
MECOM	0	0.6192139387130737	0.8550548746001299	10
MECP2	1	0.23113524902218613	0.6824739747069237	644
MECR	0	0.035107886977493716	0.0002379134339810048	10
MED1	0	0.895339411497116	0.9646217114673263	10
MED10	0	0.13554300293326374	0.000821099931771416	10
MED11	0	0.03614746667444703	7.229327369445093e-05	10
MED12	0	0.8779810190200805	0.994807652032967	10
MED12L	0	0.7543667733669281	0.9911216371536588	10
MED13	1	0.9190736290067434	0.9917355058086136	640
MED13L	1	0.9292258222897848	0.9618255488298147	618
MED14	0	0.8094993114471436	0.9322443854527871	10
MED15	0	0.7686669856309891	0.6447513037942028	10
MED16	0	0.09163359627127644	0.09493050671386477	10
MED17	0	0.10239541232585905	0.036429908301881135	10
MED18	0	0.04184887371957296	0.019049567872119387	10
MED19	0	0.1461364813148975	0.002396521503615916	10
MED20	0	0.04067590981721873	0.00035679120664256907	10
MED21	0	0.048460536822676606	0.0012074797160740024	10
MED22	0	0.043226414546370454	0.03325310297924489	10
MED23	0	0.7000059217214585	0.17633008346242843	10
MED24	0	0.1521956175565719	0.24141034612647433	10
MED25	0	0.14272149726748462	0.2623625334824058	10
MED26	0	0.405913433432579	0.46583442272167075	10
MED27	0	0.0658050432801246	0.040982949379811735	10
MED28	0	0.06350494846701618	0.46225507169541197	10
MED29	0	0.056573901697993235	0.013730826153705713	10
MED30	0	0.05448580309748644	5.538688595697869e-05	10
MED31	0	0.07732663005590434	0.034156359730846755	10
MED4	0	0.07802403382956977	0.00032877079094995	10
MED6	0	0.0950580760836601	0.00391003971503766	10
MED7	0	0.0505521178245544	0.0028864868893154322	10
MED8	0	0.047090777009725526	0.12757321597425256	10
MED9	0	0.042094246670603706	0.04164750164199245	10
MEDAG	0	0.04945748709142202	2.450125859297925e-05	10
MEF2A	0	0.6435079485177994	0.9037653025672625	10
MEF2B	0	0.03641705922782417	0.19838558360550554	10
MEF2BNB-MEF2B	0	0.0461630098521709	0.010646011907778934	10
MEF2C	1	0.5006201420820529	0.7496360168873621	620
MEF2D	0	0.758907961845398	0.5184070257594152	10
MEFV	0	0.03635536693036552	0.006324001152768549	10
MEGF10	0	0.1819175101816654	0.3630117431070731	10
MEGF11	0	0.05222250558435913	0.005392774091805108	10
MEGF6	0	0.05112147070467467	0.12342105127136009	10
MEGF8	0	0.4924532026052475	0.02513061120596537	10
MEGF9	0	0.3889037400484085	0.6340174251049857	10
MEI1	0	0.07171888388693327	0.04008481724094566	10
MEIG1	0	0.032966951839625794	0.0016397231202333051	10
MEIOB	0	0.05190316885709758	0.003139620037472838	10
MEIS1	0	0.6090431421995163	0.5879419661324226	10
MEIS2	1	0.8093011439872646	0.8010191379741691	639
MEIS3	0	0.11023607626557345	0.0327544812983631	10
MELK	0	0.03338231015950438	0.01469708047100284	10
MEMO1	0	0.5268645852804184	0.013280437584160209	10
MEN1	0	0.8731955170631409	0.2659479729037859	10
MEOX1	0	0.04822218678891655	0.0010681345877089246	10
MEOX2	0	0.17030722349882121	0.0004244987447307168	10
MEP1A	0	0.03638166747987266	0.2016662188080493	10
MEP1B	0	0.03938229680061336	0.11329170171895868	10
MEPCE	0	0.713653364777565	0.37590227921814845	10
MEPE	0	0.0349440343677997	0.2797685046845591	10
MERTK	0	0.06839433722198004	0.06250256063911055	10
MESDC1	0	0.22581686228513714	0.07616601249267822	10
MESDC2	0	0.0652228377759456	0.08014571217023167	10
MESP1	0	0.11062585823237892	0.027919623108222436	10
MESP2	0	0.07263176068663592	0.3540535729446862	10
MEST	0	0.2615830786526203	0.010141794621264692	10
MET	0	0.43802609145641325	0.7378212933117589	10
METAP1	0	0.058917145431041665	0.11245446616904557	10
METAP1D	0	0.04231541007757183	0.23353536826382765	10
METAP2	0	0.3398885607719421	0.3529399751021888	10
METRN	0	0.1408380880951881	0.0005682032028335664	10
METRNL	0	0.04869887344539159	0.023214105896838734	10
METTL1	0	0.03674395270645614	0.0207826579811319	10
METTL10	0	0.04957601651549334	0.0030083342755019083	10
METTL12	0	0.0374134540557861	1.7186509246166304e-05	10
METTL13	0	0.060552823171019496	0.08082716071950843	10
METTL14	0	0.24548935890197754	0.2594801288752517	10
METTL15	0	0.05430277138948436	0.02209615463004112	10
METTL16	0	0.33613756150007246	0.1993534797461504	10
METTL17	0	0.048427729681134166	0.013158118725264418	10
METTL18	0	0.03182723000645632	0.0006232189659343768	10
METTL20	0	0.0366994526237249	0.061023520694857024	10
METTL21A	0	0.04082018211483952	7.770596885785807e-05	10
METTL21B	0	0.04604574032127852	0.0013307593904334195	10
METTL21C	0	0.03993299603462213	0.0008084038856906691	10
METTL22	0	0.03426194693893189	0.11812271268077487	10
METTL23	0	0.035390437021851476	0.1885287318585854	10
METTL24	0	0.04033401794731611	0.0050229767014703264	10
METTL25	0	0.05913140811026093	0.005694758139816316	10
METTL2A	0	0.031168445758521502	0.03423515921094272	10
METTL2B	0	0.043383472040295565	0.05942974398568396	10
METTL3	0	0.10133189484477038	0.010043254013545564	10
METTL4	0	0.03285334538668389	0.06362568506438436	10
METTL5	0	0.04319680407643315	0.004054647128364168	10
METTL6	0	0.04684266112744804	0.017530877613160627	10
METTL7A	0	0.040156354755163146	0.024706745490385103	10
METTL7B	0	0.03781478032469746	5.882893889853485e-05	10
METTL8	0	0.0512626070529222	0.24606848442604093	10
METTL9	0	0.44174833297729493	0.02907672872925942	10
MEX3A	0	0.7570648074150086	0.869129190012955	10
MEX3B	0	0.15863344818353647	0.8673006569937618	10
MEX3C	0	0.45233732387423514	0.34962617334806934	10
MEX3D	0	0.2815149828791618	0.9686946595247609	10
MFAP1	0	0.4023508965969086	0.027806399846890727	10
MFAP2	0	0.0391705214977264	0.1054722116524267	10
MFAP3	0	0.03351516295224423	0.08498955668901556	10
MFAP3L	0	0.12241031527519224	0.5167883182161612	10
MFAP4	0	0.03863054513931269	0.041637784820128435	10
MFAP5	0	0.032669998705387074	0.006027493160921869	10
MFF	0	0.16344340965151782	0.012881470368247747	10
MFGE8	0	0.047460642084479296	0.0889674650492728	10
MFHAS1	0	0.09316979758441443	0.5271889752227884	10
MFI2	0	0.044936520978808354	0.29113158494933006	10
MFN1	0	0.1287077017128467	0.3607843303103181	10
MFN2	0	0.7400869190692901	0.42391371484134577	10
MFNG	0	0.03935311362147327	0.000988434269958601	10
MFRP	0	0.0789126448333263	0.00731530298110568	10
MFSD1	0	0.04403036199510093	0.0018562724251835392	10
MFSD10	0	0.11210675761103625	0.09344052302231005	10
MFSD11	0	0.057505723088979666	0.0028826427101054292	10
MFSD12	0	0.04268402308225628	0.009701401312244179	10
MFSD2A	0	0.11349899396300311	0.0015688554721221535	10
MFSD2B	0	0.04491363912820811	0.000935492864433954	10
MFSD3	0	0.04912901185452932	0.07082687702228865	10
MFSD4	0	0.05410041026771063	0.00024381909786962193	10
MFSD5	0	0.04665374010801312	0.0005043419341488812	10
MFSD6	0	0.05411842353641981	0.2093474492772928	10
MFSD6L	0	0.03367432318627831	0.005195354540784547	10
MFSD7	0	0.03909422494471069	0.10945452719599442	10
MFSD8	0	0.07277754396200174	0.00023051508334998453	10
MFSD9	0	0.03237880878150458	0.027466952530190308	10
MGA	0	0.8682341516017914	0.8770279494982516	10
MGAM	0	0.039322983846068346	0.009878181006237371	10
MGARP	0	0.03586144074797626	0.2394229539077591	10
MGAT1	0	0.2335101537406444	0.028996512209146053	10
MGAT2	0	0.0555336263030767	0.039353731873389454	10
MGAT3	0	0.12519908659160134	0.03854552961535622	10
MGAT4A	0	0.05558390319347377	0.21605866633747867	10
MGAT4B	0	0.19900918379425997	0.2620098576440353	10
MGAT4C	0	0.08318467289209361	0.1368362789948415	10
MGAT5	0	0.7857164084911347	0.36239627376241323	10
MGAT5B	0	0.09980430081486698	0.008459715630259077	10
MGEA5	0	0.6351556926965714	0.4336058212998048	10
MGLL	0	0.09710661061108108	0.0003901320127532104	10
MGME1	0	0.06365867182612414	0.14722405331732655	10
MGMT	0	0.05877426713705057	0.006685923691884936	10
MGP	0	0.04155779667198653	0.0005240308464908475	10
MGRN1	0	0.28030984178185464	0.09275018659779591	10
MGST1	0	0.036537052318453736	0.005399874392661755	10
MGST2	0	0.04085240066051478	5.318609371647167e-05	10
MGST3	0	0.11434459611773487	1.2598537720900625e-05	10
MIA	0	0.032018538936972575	0.00564234907505526	10
MIA-RAB4B	0	0.1517155200242996	0.0026029641819462494	10
MIA2	0	0.04237043261528011	0.31281954743240964	10
MIA3	0	0.24634849727153774	0.7423157997218918	10
MIB1	0	0.36767394840717316	0.8090022027485698	10
MIB2	0	0.11126139275729652	0.2734065779035223	10
MICA	0	0.03231984134763475	0.014930048754009476	10
MICAL1	0	0.0914442609995603	0.09391075256288875	10
MICAL2	0	0.09197835139930245	0.15965716584913975	10
MICAL3	0	0.5048851117491722	0.9904954782585579	10
MICALL1	0	0.04803747572004792	0.020343155537146832	10
MICALL2	0	0.05411408618092532	0.26076728142810746	10
MICB	0	0.03120108190923925	0.0013172768559295697	10
MICU1	0	0.1250666163861751	0.00012260955824381655	10
MICU2	0	0.14300375208258626	0.0010218220183798522	10
MICU3	0	0.1244953222572803	0.253014164256398	10
MID1	0	0.8140111923217773	0.5017611897142994	10
MID1IP1	0	0.0460647158324718	0.259094800341909	10
MID2	0	0.16268656477332114	0.3441643010630121	10
MIDN	0	0.14235167726874348	0.8818767372647534	10
MIEF1	0	0.06150605231523508	0.013757467206321261	10
MIEF2	0	0.057234943658113435	0.009488046161573591	10
MIEN1	0	0.07321677878499026	0.007936944436723874	10
MIER1	0	0.1678869470953941	0.4678164246026754	10
MIER2	0	0.14170808978378768	0.5917672206953458	10
MIER3	0	0.5634254485368728	0.4192322640712457	10
MIF	0	0.1693475231528282	0.2281215366700104	10
MIF4GD	0	0.04321904331445689	9.767266577851576e-05	10
MIIP	0	0.04870151504874224	0.04513287501886374	10
MILR1	0	0.07466141469776624	0.00010808920511300585	10
MINA	0	0.05790348611772056	0.03649475965032524	10
MINK1	0	0.8473010897636414	0.8907177815604997	10
MINOS1	0	0.09649880379438396	0.010522255101071302	10
MINOS1-NBL1	0	0.06641898527741426	0.00030708015198049383	10
MINPP1	0	0.05754231028258796	0.0008140935442079442	10
MIOS	0	0.07737966440618034	0.23051592799599013	10
MIOX	0	0.03617481589317318	0.10232203511668751	10
MIP	0	0.03857818879187102	0.016245685318632252	10
MIPEP	0	0.04332487434148785	0.04954836061642252	10
MIPOL1	0	0.0617187343537807	0.004915778153148012	10
MIR3654	0	0.19941999092698098	4.636325202524086e-06	10
MIS12	0	0.04320765696465964	0.012378474377952326	10
MIS18A	0	0.032914956100285005	0.00014404125077583358	10
MIS18BP1	0	0.04741526246070858	0.2726386030211675	10
MISP	0	0.058066713064908924	0.10958904733700314	10
MITD1	0	0.03978102430701251	0.0009199296966542443	10
MITF	0	0.467080095410347	0.6685709658602869	10
MIXL1	0	0.048862935230135865	0.0039572573248115046	10
MKI67	0	0.0482319805771112	0.23273742515284238	10
MKI67IP	0	0.10076341517269609	0.03681882390901745	10
MKKS	0	0.04930817596614356	0.07624763715334397	10
MKL1	0	0.22253830507397648	0.1321278104848436	10
MKL2	0	0.6912671774625778	0.8942009161165603	10
MKLN1	0	0.858186787366867	0.8503455120938987	10
MKNK1	0	0.05345133095979685	0.0353446201648022	10
MKNK2	0	0.06246070116758342	0.431915882490393	10
MKRN1	0	0.507560995221138	0.5778682525110129	10
MKRN2	0	0.06036754064261908	0.17824472926351337	10
MKRN3	0	0.05130930766463274	0.11146032839551953	10
MKS1	0	0.04786491096019741	0.2631379566832789	10
MKX	1	0.06344253970007803	0.26724523188182997	647
MLANA	0	0.03313406053930516	0.00044691727418779136	10
MLC1	0	0.06663871705532068	0.027285629022660334	10
MLEC	0	0.12220859751105304	0.2747709131075636	10
MLF1	0	0.03799671530723566	0.18934112129877573	10
MLF1IP	0	0.08614691533148285	0.010921553462551609	10
MLF2	0	0.22767242640256877	0.0734889159735427	10
MLH1	0	0.06828789636492724	0.05954417748864401	10
MLH3	0	0.1613696381449699	0.31013085486832026	10
MLIP	0	0.07869608476757999	0.1933782794367772	10
MLK4	0	0.07509094662964341	0.23312043697535817	10
MLKL	0	0.03308126032352443	0.019059970071236103	10
MLLT1	0	0.7852638125419616	0.8002532470448948	10
MLLT10	0	0.829525887966156	0.7626592829079937	10
MLLT11	0	0.1639921143651008	0.0006463370937567746	10
MLLT3	0	0.8583108305931091	0.9588296997129098	10
MLLT4	0	0.7874588131904602	0.9174612208185756	10
MLLT6	0	0.6761173039674759	0.7226825886152983	10
MLN	0	0.03364692348986859	0.00022549048880753667	10
MLNR	0	0.04109075069427485	0.21923402191666605	10
MLPH	0	0.036370151862502045	0.04484841689293637	10
MLST8	0	0.09270761013031001	0.3158079296082082	10
MLTK	0	0.1316725648939609	0.03765214053220657	10
MLX	0	0.0810417510569095	0.08053427862934481	10
MLXIP	0	0.5490390554070472	0.2603860867416171	10
MLXIPL	0	0.10093610957264895	0.33846450050830834	10
MLYCD	0	0.03856434784829612	0.17985284307256535	10
MMAA	0	0.052843367308378165	0.33450282614631466	10
MMAB	0	0.04858515635132785	0.0034656127659865527	10
MMACHC	0	0.03275935705751175	0.0028194763775692983	10
MMADHC	0	0.058023108914494484	0.0017134891741034935	10
MMD	0	0.06588749960064882	0.019656030111229454	10
MMD2	0	0.050593928992748206	3.750713809230807e-05	10
MME	0	0.04943214096128934	0.18724670725265366	10
MMEL1	0	0.041350502893328624	0.6370014395762449	10
MMGT1	0	0.1190447263419628	0.41403571538957146	10
MMP1	0	0.03387100212275978	0.005662026516394065	10
MMP10	0	0.03266216330230232	0.0011764977785423594	10
MMP11	0	0.04054727852344509	0.16526460714627833	10
MMP13	0	0.0383802983909845	0.21303146359059846	10
MMP14	0	0.2570505544543266	0.4376976499689982	10
MMP15	0	0.06000697948038573	0.5579655681075864	10
MMP16	0	0.8309176385402679	0.5238887596364525	10
MMP17	0	0.06399248130619521	0.4460675791749722	10
MMP19	0	0.03639870826154943	0.08508942283605334	10
MMP2	0	0.17940302193164823	0.5359178331812365	10
MMP20	0	0.03423224259167904	0.0006354899354581698	10
MMP21	0	0.03440348394215104	0.010541944654411562	10
MMP24	0	0.4646002411842346	0.09600219234041697	10
MMP25	0	0.0343205094337463	0.1045374646425504	10
MMP26	0	0.032714176736772	3.5591540716134545e-05	10
MMP27	0	0.03432840332388874	0.0009898367117180307	10
MMP28	0	0.04155593719333407	0.143102789133043	10
MMP3	0	0.03899676091969008	0.0001981780897308712	10
MMP7	0	0.04383226856589313	7.760651860771743e-06	10
MMP8	0	0.03499676808714861	0.0070487272250619095	10
MMP9	0	0.04437187239527699	0.5657224394316503	10
MMRN1	0	0.03559836298227307	0.23822565740772572	10
MMRN2	0	0.04202016480267043	0.0050156447930051525	10
MMS19	0	0.24671676307916637	0.11591977473129655	10
MMS22L	0	0.12228763401508327	0.45877370073083157	10
MN1	0	0.7293051540851593	0.9236899288014371	10
MNAT1	0	0.14678193405270573	0.0006049675193253197	10
MND1	0	0.03178938049823042	3.5167031346079646e-05	10
MNDA	0	0.03727227188646789	0.0007423140184743641	10
MNS1	0	0.03993570916354651	0.10105940005776592	10
MNT	0	0.5830927073955536	0.13022667485888312	10
MOAP1	0	0.1000736907124519	0.010397110362131815	10
MOB1A	0	0.3274979025125503	0.04889037049389593	10
MOB1B	0	0.08239584974944586	0.1756682346219326	10
MOB2	0	0.04706238768994804	0.08416932651899957	10
MOB3A	0	0.034227977693080856	0.0017949572520844983	10
MOB3B	0	0.04652079381048674	0.025946527383512913	10
MOB3C	0	0.03092196024954314	0.0003948671742456303	10
MOB4	0	0.44454836249351504	0.014388032559413205	10
MOBP	0	0.07524947933852667	0.13365859464779248	10
MOCOS	0	0.03562770709395405	0.06743747635870151	10
MOCS1	0	0.03648949991911646	0.01922365866434731	10
MOCS2	0	0.0479637429118156	0.0662113340718431	10
MOCS3	0	0.034562939219176705	0.039302121862300685	10
MOG	0	0.04661831706762309	0.0028259342216498196	10
MOGAT1	0	0.0351115178316831	0.00019817771910824448	10
MOGAT2	0	0.03490253705531355	0.004123772250940519	10
MOGAT3	0	0.03448704984039063	0.00018109093263495203	10
MOGS	0	0.04561907015740866	0.15561779096846184	10
MOK	0	0.061930615454912144	0.01584406143027032	10
MON1A	0	0.05410138256847853	0.0164048364620582	10
MON1B	0	0.07171796075999731	0.38765601974876696	10
MON2	0	0.8653223037719726	0.7887039382171679	10
MORC1	0	0.06453954316675657	0.211539913219438	10
MORC2	0	0.841329938173294	0.8255903554223846	10
MORC3	0	0.8355294942855835	0.294497608416995	10
MORC4	0	0.25394383743405335	0.2018048555349518	10
MORF4L1	0	0.481735435128212	0.8628566223252765	10
MORF4L2	0	0.3036343142390251	0.017773406123475465	10
MORN1	0	0.03491638079285618	0.22841020369097098	10
MORN3	0	0.03630016185343262	0.007431539836026504	10
MORN4	0	0.04699150249361988	0.010964982237125309	10
MORN5	0	0.03173686228692527	7.912240133728393e-05	10
MOS	0	0.04766801036894316	0.03857389870240505	10
MOSPD1	0	0.2844923451542854	0.014279314821552428	10
MOSPD2	0	0.5336092352867127	0.24854081576081039	10
MOSPD3	0	0.0462918750941753	0.03376370930442008	10
MOV10	0	0.41104326248168943	0.21012099979833013	10
MOV10L1	0	0.052303229644894554	0.45349716162888465	10
MOXD1	0	0.053209268674254365	0.006919601574137476	10
MPC1	0	0.1320545546710491	5.9152509121010796e-06	10
MPC2	0	0.19028623849153514	0.02587378711698664	10
MPDU1	0	0.03747225478291505	0.00010066266547530148	10
MPDZ	0	0.07538109533488745	0.7941310219877074	10
MPEG1	0	0.03390607684850688	0.18773077839742575	10
MPG	0	0.04869587346911425	0.5418869351531473	10
MPHOSPH10	0	0.17045666649937624	0.26616007843197526	10
MPHOSPH6	0	0.054874433204531614	4.431845391830498e-06	10
MPHOSPH8	0	0.3225152298808097	0.5429900406125967	10
MPHOSPH9	0	0.12446101196110244	0.48420139925765726	10
MPI	0	0.04049344249069687	0.0782471369996583	10
MPL	0	0.04052456952631469	0.0007389612116402635	10
MPLKIP	0	0.12229746170341964	0.045679868659497705	10
MPND	0	0.036848264187574344	0.2594563310547205	10
MPO	0	0.041512348502874316	0.3434287830150338	10
MPP1	0	0.31251280307769774	0.033608531863157834	10
MPP2	0	0.0726323343813419	0.1406482084317294	10
MPP3	0	0.09063823483884331	0.469402729580899	10
MPP4	0	0.040507571958005376	0.17503335848227164	10
MPP5	0	0.14410637952387328	0.7227288546793662	10
MPP6	0	0.33616414815187456	0.46227434556301894	10
MPP7	0	0.0393075946718454	0.36658159849123273	10
MPPE1	0	0.037401963025331456	0.009114392364578321	10
MPPED1	0	0.1958212725818157	0.21964768396223078	10
MPPED2	0	0.7010269939899445	0.40492057565848605	10
MPRIP	0	0.7671675384044647	0.7272490401215828	10
MPST	0	0.06203355640172953	0.02222806822211799	10
MPV17	0	0.05514430403709408	0.020676810667655605	10
MPV17L	0	0.0583951991051435	0.0012016700598185964	10
MPV17L2	0	0.0385780900716781	0.0010018891773744222	10
MPZ	0	0.04240643084049221	0.2374692170295377	10
MPZL1	0	0.12763408794999118	0.02115289150736131	10
MPZL2	0	0.0363847997039556	0.07889246282400704	10
MPZL3	0	0.03655763790011402	0.19602312169401764	10
MR1	0	0.03370079845190043	0.041971212142299354	10
MRAP	0	0.03232575822621578	0.000706809266638579	10
MRAP2	0	0.03811931796371932	0.01126702719945006	10
MRAS	0	0.4257523536682129	0.6420434077153049	10
MRC1	0	0.2140964947640896	0.7262970118149764	10
MRC2	0	0.30427141189575196	0.06511543307664859	10
MRE11A	0	0.06142477728426452	0.5644473837888928	10
MREG	0	0.037632578238844826	0.0017354691008480902	10
MRFAP1	0	0.14153753295540805	0.10430376139354025	10
MRFAP1L1	0	0.11507667377591128	0.5623514938050824	10
MRGBP	0	0.5107963919639588	0.020729666694479655	10
MRGPRD	0	0.08494071923196313	0.2816891954925992	10
MRGPRE	0	0.06810081303119653	0.0030964913867914455	10
MRGPRF	0	0.04116815291345113	0.0005825023769778758	10
MRGPRX1	0	0.07605444230139251	0.007405754377577231	10
MRGPRX2	0	0.05297088958322997	0.0001828200759077319	10
MRGPRX3	0	0.06588429436087605	0.0003160410704666502	10
MRGPRX4	0	0.051842800527811005	0.005623456672613903	10
MRI1	0	0.04133912883698934	0.002293505563222879	10
MRM1	0	0.04079468920826907	0.0002946610271479284	10
MRO	0	0.035491102747619116	0.2179896158127664	10
MROH1	0	0.192988558858633	0.07389203849231228	10
MROH2A	0	0.09882199242711062	0.0760578264987111	10
MROH2B	0	0.05115322023630139	0.03644284966860136	10
MROH6	0	0.05107402168214316	0.015457152853567552	10
MROH7	0	0.053194250911474186	0.0027981717055046793	10
MROH7-TTC4	0	0.1897425606846809	0.06177106649269186	10
MROH8	0	0.08641396984457968	0.043288760272412616	10
MROH9	0	0.04652524814009662	0.007041279087315044	10
MRP63	0	0.07079727426171298	4.771685997189224e-05	10
MRPL1	0	0.060822881758213	5.1428238651457045e-05	10
MRPL10	0	0.04914857596158978	0.0009493838138059492	10
MRPL11	0	0.04875463433563705	0.003176808638738682	10
MRPL12	0	0.06046144068241115	0.057846899624578486	10
MRPL13	0	0.05335388369858259	0.008235348342093511	10
MRPL14	0	0.06676772944629186	0.017575094747443516	10
MRPL15	0	0.04428157769143576	0.00577690880930151	10
MRPL16	0	0.05603159181773659	0.0019122553728309834	10
MRPL17	0	0.04204784855246538	0.0016211682611811233	10
MRPL18	0	0.059005606919527	0.0005495305470520197	10
MRPL19	0	0.06058487370610234	0.15426777820220305	10
MRPL2	0	0.04325414076447482	0.3130256634722473	10
MRPL20	0	0.07265735156834122	0.00015325900500369046	10
MRPL21	0	0.0589009035378694	0.032533103282752066	10
MRPL22	0	0.04800397902727122	0.003896430880100869	10
MRPL23	0	0.04519629962742325	0.2883486570752972	10
MRPL24	0	0.04806397818028923	0.008473884366543281	10
MRPL27	0	0.06338384672999378	0.08455732848766932	10
MRPL28	0	0.08455676920711988	0.006255272633366045	10
MRPL3	0	0.05926776379346842	0.00413268865752719	10
MRPL30	0	0.04107814505696293	0.0023676264664437502	10
MRPL32	0	0.053425071761012036	0.00010441367350540157	10
MRPL33	0	0.07147915624082082	2.1436372358929466e-05	10
MRPL34	0	0.0635013166815042	6.942406013478343e-05	10
MRPL35	0	0.03451007157564158	0.013824452377987208	10
MRPL36	0	0.11061000525951381	0.00014278789800289181	10
MRPL37	0	0.0498211976140737	0.27509986308448414	10
MRPL38	0	0.04751469232141967	0.045687088527839675	10
MRPL39	0	0.037277824804186774	1.6140919514741053e-05	10
MRPL4	0	0.05786205194890494	0.2792029170430948	10
MRPL40	0	0.04915984794497484	4.302377523327857e-06	10
MRPL41	0	0.12368491180241103	0.02597861630487615	10
MRPL42	0	0.09420613348484035	0.09981759197508042	10
MRPL43	0	0.0732166230678558	0.0230166322879804	10
MRPL44	0	0.06341503039002414	0.023961415239219137	10
MRPL45	0	0.039841555804014175	5.4922657253072104e-05	10
MRPL46	0	0.03764875624328848	1.3920528727522768e-05	10
MRPL47	0	0.04268147908151147	0.0003921654107161052	10
MRPL48	0	0.03694847449660296	0.0011427811987085447	10
MRPL49	0	0.04509276375174518	0.006736651925738838	10
MRPL50	0	0.04487495943903919	0.024303831261525227	10
MRPL51	0	0.06432366669178005	6.271637463989115e-05	10
MRPL52	0	0.05534685589373106	5.429232146226671e-08	10
MRPL53	0	0.03594341576099392	0.002754797212843219	10
MRPL54	0	0.04666065871715541	0.11658667502002915	10
MRPL55	0	0.054890099912881796	0.06653457241999029	10
MRPL9	0	0.04325903132557865	0.06534940431787088	10
MRPS10	0	0.04459148794412608	0.0020740024301117285	10
MRPS11	0	0.04587760791182513	0.001243115680003392	10
MRPS12	0	0.04071055948734279	0.012112505991663771	10
MRPS14	0	0.04424523115158076	0.0007106350967311428	10
MRPS15	0	0.04460497051477428	0.00043193627098624425	10
MRPS16	0	0.05087515711784357	0.0006939247338645758	10
MRPS17	0	0.0484690252691507	0.0006795403172351367	10
MRPS18A	0	0.03631281927227969	0.0002828538519089493	10
MRPS18B	0	0.05568125955760474	8.434984788202532e-05	10
MRPS18C	0	0.05330429822206493	2.32971200774733e-05	10
MRPS2	0	0.0441626120358705	0.00786371886513093	10
MRPS21	0	0.06822403036057945	2.7294812672560512e-05	10
MRPS22	0	0.04810522012412545	0.0012061076615950956	10
MRPS23	0	0.05925272889435288	0.03889937220670493	10
MRPS24	0	0.035486970469355526	0.0052164030636075165	10
MRPS25	0	0.0969292107969522	0.07185951032239411	10
MRPS26	0	0.13856356665492053	0.11566723003629349	10
MRPS27	0	0.04608589671552178	0.0020763560007057025	10
MRPS28	0	0.04535719938576216	0.0035160548594895384	10
MRPS30	0	0.045576432719826636	0.05331416168034455	10
MRPS31	0	0.06033869944512841	0.020089307304001738	10
MRPS33	0	0.04323118664324278	0.006591800039490942	10
MRPS34	0	0.14816977530717845	0.009810370346104815	10
MRPS35	0	0.060295231640338856	0.00013008670135203479	10
MRPS36	0	0.09168444126844402	1.5002393536367979e-05	10
MRPS5	0	0.19032311141490932	0.1743833591344675	10
MRPS6	0	0.054394700378179506	4.6707834165621247e-05	10
MRPS7	0	0.06745593883097167	0.0009008442459432532	10
MRPS9	0	0.052777241915464346	4.052454112523246e-06	10
MRRF	0	0.04157281406223771	0.275617690216969	10
MRS2	0	0.03857545517385001	0.05999667866909046	10
MRTO4	0	0.15741364359855647	0.0019311227536507607	10
MRVI1	0	0.06093524321913714	0.13308116453161822	10
MS4A1	0	0.03360448684543367	0.001876389758478856	10
MS4A10	0	0.03354973290115591	0.03883217627594983	10
MS4A12	0	0.03321978393942114	0.0024589887902256103	10
MS4A13	0	0.03317017629742618	3.443449929900684e-06	10
MS4A14	0	0.033882607705891084	0.0013450194179392297	10
MS4A15	0	0.03424633275717493	0.0001726368201325422	10
MS4A2	0	0.03488900586962694	0.0003853486057081554	10
MS4A3	0	0.03436480350792404	1.0601730300900737e-05	10
MS4A4A	0	0.035458535701036395	2.1155978869420213e-05	10
MS4A4E	0	0.05381497107446189	0.0007070990041130644	10
MS4A5	0	0.032766604609787406	2.0195634990260913e-05	10
MS4A6A	0	0.03457269892096515	9.087245589355667e-08	10
MS4A6E	0	0.03264811318367713	5.797819255517737e-07	10
MS4A7	0	0.03547152541577811	0.002228369869675565	10
MS4A8	0	0.04734407104551786	0.0005700646158879614	10
MSANTD1	0	0.10097536928951736	0.0007488845338623681	10
MSANTD2	0	0.3302448585629463	0.09096498747110844	10
MSANTD3	0	0.03980346471071239	0.2451704851618226	10
MSANTD3-TMEFF1	0	0.10305556319653983	0.03062566464007968	10
MSANTD4	0	0.06704273559153073	0.01236453141666914	10
MSC	0	0.04867208413779732	0.46602732419892795	10
MSGN1	0	0.04305610619485375	0.00011333648894214799	10
MSH2	0	0.4708748459815979	0.04853395672450291	10
MSH3	0	0.0509124599397182	0.018310479197859435	10
MSH4	0	0.045593674108386	0.0003611673490232971	10
MSH5	0	0.05681981109082694	0.007803000156437111	10
MSH5-SAPCD1	0	0.1851659886538982	0.07944033381475123	10
MSH6	0	0.20877844691276545	0.3423266983316639	10
MSI1	0	0.44686557352542877	0.8222204005267664	10
MSI2	0	0.48604234158992765	0.7118119042567042	10
MSL1	0	0.651890417933464	0.2678366530239713	10
MSL2	0	0.23219817876815796	0.82971299113232	10
MSL3	1	0.4709332609190738	0.12122528142220731	634
MSLN	0	0.03719255700707432	0.03916020435458048	10
MSLNL	0	0.05910621434450144	0.055276041764496645	10
MSMB	0	0.03202379141002888	1.584373251940124e-05	10
MSMO1	0	0.10063345022499556	0.008280504230160317	10
MSMP	0	0.03265284206718203	0.00048644140598140106	10
MSN	0	0.6435005992650986	0.09984863466938183	10
MSR1	0	0.03723899088799949	0.34685272527355104	10
MSRA	0	0.12733767703175541	0.005140467033476361	10
MSRB1	0	0.03832390345633025	0.00031222201765547026	10
MSRB2	0	0.05906502157449718	0.0009424287441332233	10
MSRB3	0	0.061724388971924726	0.03720111727351067	10
MSS51	0	0.03409452661871906	8.233215570012655e-05	10
MST1	0	0.03938322141766544	0.25685040522370434	10
MST1R	0	0.06749498248100276	0.3157670768455895	10
MST4	0	0.10901570506393905	0.09028061618792525	10
MSTN	0	0.05127859115600582	0.3250800934086923	10
MSTO1	0	0.04644720703363415	0.004996239280194383	10
MSX1	0	0.07761289477348324	0.02917408369941385	10
MSX2	0	0.08193538449704643	0.21674587794924563	10
MT1A	0	0.04785225912928577	2.0664451106226196e-05	10
MT1B	0	0.03894266858696934	6.87877501731268e-05	10
MT1E	0	0.056974437087774235	0.04685763253151416	10
MT1F	0	0.042663830146193446	0.00017855648382289398	10
MT1G	0	0.046508135646581614	0.06334967739079166	10
MT1H	0	0.038462300226092275	0.0054800357265255345	10
MT1HL1	0	0.11148737147450442	0.03863281803554362	10
MT1M	0	0.06142290271818633	1.7305006208981576e-05	10
MT1X	0	0.06460379064083095	1.1358587400552124e-05	10
MT2A	0	0.08372705392539495	0.1081037915970989	10
MT3	0	0.11805727109313009	0.0006682756418591377	10
MT4	0	0.03341939635574813	0.006990079579854004	10
MTA1	0	0.9180902063846588	0.6497623111995388	10
MTA2	0	0.676005220413208	0.44214298053586676	10
MTA3	0	0.15080340877175327	0.12650026451499946	10
MTAP	0	0.04012990258634086	0.1768333506823936	10
MTBP	0	0.03935342691838737	0.019450136204848277	10
MTCH1	0	0.42696559727191924	0.18359132102206152	10
MTCH2	0	0.06910123340785498	0.00044708157156299886	10
MTCP1	0	0.05083743557333942	0.008531986012081664	10
MTDH	0	0.3137013956904411	0.3114106823464534	10
MTERF	0	0.043270935118198336	0.02321072969751057	10
MTERFD1	0	0.04679339528083796	9.522326461315934e-05	10
MTERFD2	0	0.07906341850757595	0.07557690227334793	10
MTERFD3	0	0.04553667493164535	0.0001574614010376772	10
MTF1	0	0.5771263480186463	0.4483732863705123	10
MTF2	0	0.791688072681427	0.4009577238753976	10
MTFMT	0	0.03413508962839838	0.03361729764557363	10
MTFP1	0	0.033059115894138756	0.0016966698730196811	10
MTFR1	0	0.033806811273097946	0.0005250583659567459	10
MTFR1L	0	0.11261485442519184	7.25799498020288e-06	10
MTFR2	0	0.058779259398579566	0.0002246450078251645	10
MTG1	0	0.04382682554423805	0.0041111452662179766	10
MTG2	0	0.05576547533273692	0.0065137257387130635	10
MTHFD1	0	0.2764148607850075	0.8583785045998024	10
MTHFD1L	0	0.07574553750455378	0.4298203014520447	10
MTHFD2	0	0.048356464505195575	0.07943758421888059	10
MTHFD2L	0	0.04438171759247776	0.010040171845594073	10
MTHFR	0	0.05884530842304224	0.05573975438100522	10
MTHFS	0	0.03426809571683403	0.00013671062647382907	10
MTHFSD	0	0.0340954395011067	0.014227996309674602	10
MTIF2	0	0.044854363054037026	0.02111882973415881	10
MTIF3	0	0.10611835978925226	8.577536788739729e-06	10
MTL5	0	0.039367727190256066	0.0793321173767242	10
MTM1	0	0.6965630769729614	0.17136516331379478	10
MTMR1	0	0.5302433788776397	0.5598530051167946	10
MTMR10	0	0.052016788721084575	0.03472399999988834	10
MTMR11	0	0.035148876532912196	0.05792557764518139	10
MTMR12	0	0.4518458664417267	0.10783954315562186	10
MTMR14	0	0.08642967492341991	0.02074193835615621	10
MTMR2	0	0.07450630217790599	0.04497871432376342	10
MTMR3	0	0.7751169264316559	0.5891185281347657	10
MTMR4	0	0.7475849151611328	0.5141596346207603	10
MTMR6	0	0.05431320592761035	0.3102783423849297	10
MTMR7	0	0.08362356871366497	0.04840284256297936	10
MTMR8	0	0.03627708405256265	2.200622649101057e-05	10
MTMR9	0	0.2061282142996788	0.03724985370069536	10
MTNR1A	0	0.05562949031591409	0.49327598281936985	10
MTNR1B	0	0.044319763779640156	0.0295875261467168	10
MTO1	0	0.05062803588807578	0.07585598561163155	10
MTOR	0	0.8428003430366516	0.3817459102780151	10
MTPAP	0	0.5738569915294647	0.07312983367489582	10
MTPN	0	0.24019687920808788	0.05973264049053047	10
MTR	0	0.2462471336126327	0.3993734764102158	10
MTRF1	0	0.03226873427629464	0.0011842108884245512	10
MTRF1L	0	0.03661995045840735	0.013320353747977975	10
MTRR	0	0.04159437268972393	0.10380904075946588	10
MTSS1	0	0.7813471496105194	0.8550043098419916	10
MTSS1L	0	0.19969127178192136	0.7840515628816106	10
MTTP	0	0.05468766391277308	0.2626332750726891	10
MTUS1	0	0.07771942168474194	0.8666568612439896	10
MTUS2	0	0.13597834110260004	0.759027900914581	10
MTX1	0	0.05962956771254535	0.09407112900918455	10
MTX2	0	0.0857518278062343	0.00010799282332212297	10
MTX3	0	0.035124516487121546	0.09855604145495349	10
MUC1	0	0.0559408668428659	0.004634182668432378	10
MUC13	0	0.04319195449352259	0.1377385909810906	10
MUC15	0	0.031846393644809665	0.010272254184426321	10
MUC2	0	0.16821353211998935	0.46598744827528993	10
MUC21	0	0.03325118478387591	0.04695523124232123	10
MUC5AC	0	0.07367979623377319	0.21401249003782463	10
MUC5B	0	0.17618301808834072	0.9181131831740299	10
MUC6	0	0.03983913101255889	0.8125153427313941	10
MUC7	0	0.03442542068660254	0.0072096440583333254	10
MUCL1	0	0.03252992182970041	0.23975137041633277	10
MUL1	0	0.03800532650202508	0.2768118835682113	10
MUM1L1	0	0.05214777328073973	0.13677927844889068	10
MURC	0	0.0344678003340959	0.013274264940267868	10
MUS81	0	0.05199852995574472	0.14535919278931914	10
MUSK	0	0.04973892606794828	0.8479992406057336	10
MUSTN1	0	0.03346390910446639	0.052654543681901145	10
MUT	0	0.05789838843047614	0.04606337339761838	10
MUTYH	0	0.053346294537186575	0.01148733155427462	10
MVB12A	0	0.06541118882596489	0.26764712278526454	10
MVB12B	0	0.14675022512674327	0.0015099651322533184	10
MVD	0	0.09634363465011116	0.003587113513187687	10
MVK	0	0.052208823710679975	0.0040549932569447595	10
MVP	0	0.07367658466100688	0.435017148575169	10
MX1	0	0.043830752000212615	0.03891862620007301	10
MX2	0	0.036048529297113364	0.04475212471400727	10
MXD1	0	0.06444696187973017	0.9391427517304274	10
MXD3	0	0.053259212896227794	0.0003986035596348739	10
MXD4	0	0.336108972132206	0.017258106075069852	10
MXI1	0	0.14730568602681157	0.31209697190728225	10
MXRA5	0	0.0623054232448339	0.9323756088324717	10
MXRA7	0	0.11719248369336124	0.0026259151650415693	10
MXRA8	0	0.05234230980277056	0.0012268653527289209	10
MYADM	0	0.05310966856777664	0.4836252407111174	10
MYB	0	0.5867494255304336	0.7271184887980455	10
MYBBP1A	0	0.07009405046701428	0.32340543599432287	10
MYBL1	0	0.6068050771951675	0.16522979158642803	10
MYBL2	0	0.15919208340346808	0.7340802233223156	10
MYBPC1	0	0.14510727673768994	0.8878294605334667	10
MYBPC2	0	0.038359997794032055	0.966982009646666	10
MYBPC3	0	0.0855627756565809	0.6213203136325443	10
MYBPH	0	0.03732016310095783	0.00301562695131235	10
MYBPHL	0	0.04451980777084823	0.0004812800095947611	10
MYC	0	0.19985196143388745	0.5315043870507635	10
MYCBP	0	0.06257583461701866	0.0029505779750706846	10
MYCBP2	0	0.9190053820610047	0.9680496007031423	10
MYCBPAP	0	0.052944301813840834	0.12188702814256196	10
MYCL	0	0.05783559940755363	0.09544122372261715	10
MYCN	0	0.5113110214471817	0.39793271567021693	10
MYCT1	0	0.03094494119286531	0.015388536066093231	10
MYD88	0	0.038835490122437435	0.0004123204991587484	10
MYEF2	0	0.2899528414011001	0.6603082891395176	10
MYEOV	0	0.03253372926264996	0.0001017224722802534	10
MYEOV2	0	0.1088618148118257	0.00927999335737209	10
MYF5	0	0.04539052173495288	0.007408226306439197	10
MYF6	0	0.045191831886768306	0.0002174019786285872	10
MYH1	0	0.04590530134737485	0.3812886632198532	10
MYH10	0	0.93614501953125	0.4707175690171456	10
MYH11	0	0.5408542364835739	0.2210145351186475	10
MYH13	0	0.0458025090396404	0.3989567075395174	10
MYH14	0	0.42883252799510957	0.3018271898244086	10
MYH15	0	0.04262197464704508	0.1233997258105527	10
MYH2	0	0.14996217787265773	0.3472740341307693	10
MYH3	0	0.13889996409416194	0.2645759954332602	10
MYH4	0	0.04408543109893793	0.22717790228195636	10
MYH6	0	0.055547840893268544	0.6212941213572447	10
MYH7	0	0.27560118138790124	0.3052054495546572	10
MYH7B	0	0.04821045510470863	0.10495650984809943	10
MYH8	0	0.04517040625214572	0.18764538605138664	10
MYH9	0	0.8264646470546723	0.3079478605088111	10
MYL1	0	0.037594399228691996	0.025998538290974614	10
MYL10	0	0.03277236763387914	0.007957634064955463	10
MYL12A	0	0.05613003671169279	0.00328342967763738	10
MYL12B	0	0.16266177669167514	0.049676033551959264	10
MYL2	0	0.03652360476553438	0.035641751213229676	10
MYL3	0	0.03499459400773043	0.0013187944018376863	10
MYL4	0	0.0345387419685721	4.512868542243412e-07	10
MYL5	0	0.03512080200016493	0.05304397632357517	10
MYL6	0	0.19013484716415402	0.004288524227683175	10
MYL6B	0	0.13682003468275067	0.48462521386299207	10
MYL7	0	0.0367825891822576	0.007108844967779851	10
MYL9	0	0.050068209320306735	0.05166641123745654	10
MYLIP	0	0.06512265093624588	0.5389808415794731	10
MYLK	0	0.13985455408692354	0.739806492397389	10
MYLK2	0	0.05445994473993774	0.8324454381838621	10
MYLK3	0	0.06065222360193727	0.48529692881094927	10
MYLK4	0	0.03551544360816472	0.14784097454067885	10
MYLPF	0	0.041444512829184474	0.08146187689597997	10
MYNN	0	0.08176962807774539	0.003710452969584618	10
MYO10	0	0.2738089650869369	0.9451912381701867	10
MYO15A	0	0.06735183894634242	0.6868352684489991	10
MYO16	0	0.4537107825279236	0.6699655864690346	10
MYO18A	0	0.3734611019492149	0.6420210575932641	10
MYO18B	0	0.05953974947333333	0.8450433179436478	10
MYO19	0	0.04029139168560498	0.00557294371259542	10
MYO1A	0	0.051601417735218945	0.33521294881540376	10
MYO1B	0	0.3427183732390403	0.7155066421549687	10
MYO1C	0	0.08978493288159364	0.18744212444641845	10
MYO1D	0	0.07985673919320105	0.7545432172270388	10
MYO1E	0	0.17149067670106885	0.09686842169784593	10
MYO1F	0	0.09292509183287616	0.539875993805756	10
MYO1G	0	0.06151394173502918	0.6598812806296576	10
MYO1H	0	0.035813056305050814	0.34432791712909866	10
MYO3A	0	0.04610660783946509	0.8021051323643856	10
MYO3B	0	0.04547507353126999	0.0784610235817851	10
MYO5A	0	0.8528377413749695	0.10470490459831976	10
MYO5B	0	0.06467407271265979	0.6820820507590211	10
MYO5C	0	0.04162252359092231	0.5531585388429984	10
MYO6	0	0.5575855523347855	0.6343428018042833	10
MYO7A	0	0.07348087802529332	0.5024574443913595	10
MYO7B	0	0.056996621564030604	0.19859631603245645	10
MYO9A	0	0.7235100656747818	0.7980819485403912	10
MYO9B	0	0.6900167644023896	0.9383799496117351	10
MYOC	0	0.04329466521739956	0.01031215074657501	10
MYOCD	0	0.1614482700824737	0.72743438140728	10
MYOD1	0	0.04579876512289044	0.6585696768808577	10
MYOF	0	0.050292452797293594	0.7873379285214063	10
MYOG	0	0.12744497135281557	0.08006315210115889	10
MYOM1	0	0.04934356324374671	0.5687984235265551	10
MYOM2	0	0.04102319888770577	0.8360136658536292	10
MYOM3	0	0.03939767256379123	0.9531131408049577	10
MYOT	0	0.03533804081380361	0.002463299581980974	10
MYOZ1	0	0.035732287354767286	0.0031389223104392313	10
MYOZ2	0	0.03763771653175349	0.024939569161696613	10
MYOZ3	0	0.03476962223649021	0.0001147389386031398	10
MYPN	0	0.06816318146884438	0.5107104753370686	10
MYPOP	0	0.24692142084240915	0.4560019792932118	10
MYRF	0	0.6673322916030884	0.5551154574582173	10
MYRIP	0	0.08049773760139936	0.5268112648618946	10
MYSM1	0	0.21020669788122173	0.2696422355017724	10
MYT1	0	0.3218936875462532	0.7180967172568875	10
MYT1L	1	0.9218603908538818	0.9524245964893786	625
MYZAP	0	0.04246138073503966	0.07333830085704104	10
MZB1	0	0.04114779904484743	0.0008756469672155651	10
MZF1	0	0.09833123944699759	0.041979461051344966	10
MZT1	0	0.05746773257851597	0.008157662384146776	10
MZT2A	0	0.14460076764225954	0.0002162700532691392	10
MZT2B	0	0.23679188489913935	0.001858359642180562	10
N4BP1	0	0.27565980255603784	0.16524683055541492	10
N4BP2	0	0.16853117942810053	0.3696077212122834	10
N4BP2L1	0	0.08786776214838024	0.002010771621758208	10
N4BP2L2	0	0.12842417433857914	0.2728600749635045	10
N4BP3	0	0.037453798577189404	0.05643347691951754	10
N6AMT1	0	0.03352026473730796	0.002486602587522338	10
N6AMT2	0	0.03884460441768165	2.885247990749989e-05	10
NAA10	0	0.36073420196771616	0.061602779594579826	10
NAA11	0	0.03730834852904077	0.06779775632351495	10
NAA15	1	0.7916275661462432	0.7041179139444651	628
NAA16	0	0.13897684514522549	0.002350679236877336	10
NAA20	0	0.061487577483057956	0.0008091722969628347	10
NAA25	0	0.7522274732589722	0.9030743019441315	10
NAA30	0	0.27093571126461025	0.742039521617034	10
NAA35	0	0.6684502214193344	0.4420375910409996	10
NAA38	0	0.08371993191540236	0.019718931269354985	10
NAA40	0	0.04334081076085562	0.0023945015792698763	10
NAA50	0	0.15152256451547141	0.07239682168601266	10
NAA60	0	0.05074074268341059	0.10709499515540859	10
NAAA	0	0.03895608261227604	0.0008747828126759707	10
NAALAD2	0	0.04026160351932044	0.006777287915152331	10
NAALADL1	0	0.04532348774373527	0.7389516311970297	10
NAALADL2	0	0.05971148461103435	0.36863114036203903	10
NAB1	0	0.13991212397813793	0.17669640033007347	10
NAB2	0	0.42059980928897855	0.028501599823483333	10
NABP1	0	0.03416074216365811	0.5836187418802088	10
NABP2	0	0.3119125545024871	0.00016613619217658386	10
NACA	0	0.21370670869946476	0.30718994603679345	10
NACA2	0	0.03351560048758978	0.0003695954388563008	10
NACAD	0	0.20443739518523216	0.025467062658082358	10
NACC1	1	0.7485164303002478	0.8149109104636387	632
NACC2	0	0.17246479764580722	0.6213029421802149	10
NADK	0	0.03892372995615001	0.017400620636235844	10
NADK2	0	0.22684534192085262	0.06161628829942517	10
NADSYN1	0	0.0398862455040216	0.1738984781214452	10
NAE1	0	0.1822130069136619	2.7917383173207685e-05	10
NAF1	0	0.2539233930408954	0.020791139476869946	10
NAGA	0	0.034074056521058035	0.00906250538088861	10
NAGK	0	0.09150681570172307	0.014045294972501357	10
NAGLU	0	0.06757692210376258	0.13632373301404707	10
NAGPA	0	0.03548336606472726	0.08025862029505618	10
NAGS	0	0.05186603218317026	0.24230906368202745	10
NAIF1	0	0.049267949536442715	0.09756056622146579	10
NAIP	0	0.20936803519725794	0.27011020142787245	10
NALCN	0	0.5674896329641342	0.7097705474531111	10
NAMPT	0	0.5562572032213211	0.05067104699404884	10
NAMPTL	0	0.07208330854773518	0.226518323642858	10
NANOG	0	0.06734425351023669	0.021608167221964642	10
NANOS1	0	0.10892899781465526	0.07063011239109979	10
NANOS2	0	0.060480902716517404	0.3549732681835434	10
NANOS3	0	0.06385281644761556	0.09703836948086504	10
NANP	0	0.03572522364556785	0.047055858288922954	10
NANS	0	0.03596265036612743	0.061343473619779786	10
NAP1L1	0	0.7285094201564789	0.6249260732555486	10
NAP1L2	0	0.12615240439772601	0.15236761133571317	10
NAP1L3	0	0.06857869923114772	0.06937207555354513	10
NAP1L4	0	0.25985936224460604	0.17171303977175084	10
NAP1L5	0	0.09774898551404472	0.20327800214976038	10
NAPA	0	0.09722759425640101	0.3425355508646234	10
NAPB	0	0.08921073228120799	0.16136082747043612	10
NAPEPLD	0	0.059754198417067486	0.06200187820147428	10
NAPG	0	0.09028625674545762	0.0046142884301742515	10
NAPRT1	0	0.04701787643134589	0.16804199242601997	10
NAPSA	0	0.03354032486677165	0.007864814344798311	10
NARF	0	0.10665389262139793	0.00794058087249345	10
NARFL	0	0.04165401533246038	0.322158435976581	10
NARG2	0	0.09546258524060246	0.17836887655513206	10
NARS	0	0.17548461630940432	0.42138189436659557	10
NARS2	0	0.04675455205142494	0.0035128880958943355	10
NASP	0	0.5724457502365112	0.7679279320773373	10
NAT1	0	0.03543998114764685	4.923689256189225e-05	10
NAT10	0	0.05270818248391148	0.1639688814530514	10
NAT14	0	0.12862497493624683	0.0018557373962650597	10
NAT16	0	0.047612745687365475	0.3598576081280988	10
NAT2	0	0.03572481907904143	4.0573404712556907e-07	10
NAT6	0	0.0344806425273418	0.12883949382392781	10
NAT8	0	0.0736095421016216	0.036585783348589904	10
NAT8L	0	0.4118921548128128	0.07907220713841019	10
NAT9	0	0.04105915240943428	0.0004912083053203416	10
NAV1	0	0.9375012934207916	0.8943116951957407	10
NAV2	0	0.8450076162815094	0.9983380430622015	10
NAV3	0	0.8748260140419006	0.9916535508464314	10
NBAS	0	0.0956561647355556	0.5153924507800809	10
NBEA	1	0.942745276035801	0.9264189380445856	651
NBEAL1	0	0.21631142795085903	0.4049601199957687	10
NBEAL2	0	0.3495136335492134	0.41908730068639877	10
NBL1	0	0.0729921825230121	0.13359532494409662	10
NBN	0	0.0664303712546825	0.0227349478440468	10
NBPF10	0	0.0733693782240152	1.463195910376961e-05	10
NBPF12	0	0.07016460411250589	0.07233137002215514	10
NBPF15	0	0.05823353007435793	0.06947695665430656	10
NBPF20	0	0.06550236232578752	8.934400995595798e-06	10
NBPF3	0	0.03499518446624275	0.20002820500684315	10
NBPF4	0	0.05529417283833021	0.1624512583377571	10
NBPF6	0	0.05494180731475349	0.29424035443836016	10
NBR1	0	0.1208403907716274	0.18671545289679464	10
NCALD	0	0.3749233469367027	0.03343952960488204	10
NCAM1	0	0.7324175298213959	0.9826184951361043	10
NCAM2	0	0.23908591270446772	0.5946733764564789	10
NCAN	0	0.34958039224147797	0.686703547982584	10
NCAPD2	0	0.054518032073974564	0.13628058277636737	10
NCAPD3	0	0.09615675434470171	0.3044893687198546	10
NCAPG	0	0.05019917488098139	0.460229632772717	10
NCAPG2	0	0.2644922032952308	0.03398522573305783	10
NCAPH	0	0.05924725010991093	0.29931623411544195	10
NCAPH2	0	0.08008985705673692	0.3557276400672876	10
NCBP1	0	0.8280065655708313	0.4421685416494442	10
NCBP2	0	0.16733379736542697	0.004603045529631851	10
NCBP2L	0	0.11562309339642521	0.11198983119034359	10
NCCRP1	0	0.0386936072260141	0.0010402748956373589	10
NCDN	0	0.8541805863380432	0.025694462698638836	10
NCEH1	0	0.053731156885623875	0.15426622613831836	10
NCF1	0	0.07794671803712841	0.14229592381445993	10
NCF2	0	0.05142889581620689	0.17839748600519137	10
NCF4	0	0.039547810330986935	0.010143756663284634	10
NCK1	0	0.08547689802944655	0.07300311879160894	10
NCK2	0	0.3667163625359535	0.48488069173735315	10
NCKAP1	1	0.9251843630892675	0.30690288809816857	636
NCKAP1L	0	0.4690222144126892	0.22896350532281237	10
NCKAP5	0	0.11172745153307913	0.571200580007462	10
NCKAP5L	0	0.1419410295784473	0.538348564994089	10
NCKIPSD	0	0.07139671370387071	0.0883753703073337	10
NCL	0	0.7624648749828339	0.6550042376267725	10
NCLN	0	0.20696422383189197	0.04342426184765576	10
NCMAP	0	0.04485401436686512	0.045002755865590396	10
NCOA1	1	0.9223688455024109	0.5848350647041353	638
NCOA2	0	0.8919140994548798	0.9169854899643065	10
NCOA3	0	0.2931154757738113	0.8602417910829002	10
NCOA4	0	0.052146504074335055	0.008311197122594446	10
NCOA5	0	0.7565947890281677	0.3199162534252329	10
NCOA6	0	0.8889859139919281	0.7522802014529173	10
NCOA7	0	0.14878703653812406	0.5421138935458932	10
NCOR1	0	0.8803214430809021	0.9752041005926253	10
NCOR2	0	0.6497436195611954	0.9471290980796017	10
NCR1	0	0.034206419810652686	0.0002559518984552089	10
NCR2	0	0.03561604879796501	0.0029970062495189302	10
NCR3	0	0.033580709435045666	0.0004928177943705318	10
NCS1	0	0.2671781606972217	0.40214023128846776	10
NCSTN	0	0.4568184345960617	0.12706026287242014	10
NDC1	0	0.4476838752627373	0.1479908032718046	10
NDC80	0	0.06049883365631098	0.10616513349501541	10
NDE1	0	0.06057125255465503	0.42729759505060405	10
NDEL1	0	0.3114426806569099	0.11093217394845638	10
NDFIP1	0	0.4354105323553085	0.024903435292047083	10
NDFIP2	0	0.13307754844427105	0.0033273293825004137	10
NDN	0	0.16464595198631282	0.05452561663871221	10
NDNF	0	0.05305657424032682	0.00825079945050655	10
NDNL2	0	0.051150257512927025	0.2603805410238006	10
NDOR1	0	0.049984384700655894	0.015038911489724107	10
NDP	0	0.06989290639758104	0.0003003618880301787	10
NDRG1	0	0.1357004180550575	0.06543405297398572	10
NDRG2	0	0.13612726777791975	0.452333369785843	10
NDRG3	0	0.15173346176743502	0.04818046778153373	10
NDRG4	0	0.21637915596365925	0.5030221788849452	10
NDST1	0	0.7530242443084717	0.29558123862208835	10
NDST2	0	0.09857850596308705	0.3778391021840473	10
NDST3	0	0.2295401521027088	0.17788241675911637	10
NDST4	0	0.045461593568325	0.09637379521220389	10
NDUFA1	0	0.1855911865830421	4.417708757077054e-05	10
NDUFA10	0	0.16588670313358303	0.01584555339209556	10
NDUFA11	0	0.20781102180480954	0.0006027562085655299	10
NDUFA12	0	0.09750960431993005	0.0063871120824588136	10
NDUFA13	0	0.14146279320120808	0.020461553793564922	10
NDUFA2	0	0.09946122504770752	4.13478899575101e-05	10
NDUFA3	0	0.0805792327970266	0.0005049357612012976	10
NDUFA4	0	0.1353304490447044	0.00025147168971331377	10
NDUFA4L2	0	0.04526914581656451	0.0029470830519752094	10
NDUFA5	0	0.1460882619023323	0.07758672986018424	10
NDUFA6	0	0.0829566046595573	0.0027690258386475672	10
NDUFA7	0	0.06194437630474563	0.0028308427215573396	10
NDUFA8	0	0.09808231443166728	0.0010813990812666915	10
NDUFA9	0	0.05960534587502475	0.1978192114490552	10
NDUFAB1	0	0.09411713778972622	0.001152331604979223	10
NDUFAF1	0	0.035944764688611	0.009599131740095536	10
NDUFAF2	0	0.06916227638721462	2.6691378616261934e-05	10
NDUFAF3	0	0.0741815291345119	0.0002038347260887623	10
NDUFAF4	0	0.037389623373746815	5.4108101888189e-05	10
NDUFAF5	0	0.04253064021468157	0.02293220101795034	10
NDUFAF6	0	0.045016177743673294	0.0005403914477490037	10
NDUFAF7	0	0.06006334088742728	0.00724327639322449	10
NDUFB1	0	0.08271067366003988	5.92673252296614e-05	10
NDUFB10	0	0.14729446172714228	0.006571254371194704	10
NDUFB11	0	0.1905999347567558	0.0017677843336060776	10
NDUFB2	0	0.1114604018628597	3.8725696607867885e-05	10
NDUFB3	0	0.06767762340605255	1.5761668426696217e-07	10
NDUFB4	0	0.14594488516449924	2.789268451691352e-07	10
NDUFB5	0	0.0766861349344253	0.08207766200095255	10
NDUFB6	0	0.06662455908954139	3.4348932137595466e-07	10
NDUFB7	0	0.13055777475237842	0.09831670139186653	10
NDUFB8	0	0.09521202184259887	0.0011356566807828369	10
NDUFB9	0	0.1088802937418222	0.007235462335665091	10
NDUFC1	0	0.09348222576081747	0.0010077256038573343	10
NDUFC2	0	0.11551212593913074	0.012123097159336689	10
NDUFC2-KCTD14	0	0.0395548682659864	0.007120964803956689	10
NDUFS1	0	0.23496616631746287	0.15069356815250706	10
NDUFS2	0	0.21369535773992537	0.23220067779846604	10
NDUFS3	0	0.08909408971667285	0.03359896378253081	10
NDUFS4	0	0.13127901107072826	6.865789681860208e-05	10
NDUFS5	0	0.13716915473341937	0.0010690428363037598	10
NDUFS6	0	0.09005379527807231	0.000827938512132125	10
NDUFS7	0	0.3421106055378914	0.189793143938352	10
NDUFS8	0	0.09054761454462999	0.22291062114248458	10
NDUFV1	0	0.16727025955915448	0.006754998431138989	10
NDUFV2	0	0.07439918406307694	0.0038247145663988123	10
NDUFV3	0	0.09392824396491048	0.1356589515891796	10
NEB	0	0.1026510432362556	0.1335183103313074	10
NEBL	0	0.06673313230276104	0.5491832214863359	10
NECAB1	0	0.08909833282232282	0.1467827008178974	10
NECAB2	0	0.038583173975348425	0.23007547950577428	10
NECAB3	0	0.04685549400746819	0.000672218751017458	10
NECAP1	0	0.084346055611968	0.0032918180869173884	10
NECAP2	0	0.04595070518553252	0.0006036398188915773	10
NEDD1	0	0.08619619049131863	0.06272887396556222	10
NEDD4	0	0.08897703215479846	0.32686730481589166	10
NEDD4L	0	0.926275622844696	0.6728354599559548	10
NEDD8	0	0.3047106936573982	0.014837396466738362	10
NEDD8-MDP1	0	0.0858830094337463	0.009490575137405352	10
NEDD9	0	0.07799531184136865	0.9675393018608057	10
NEFH	0	0.06271485649049277	0.0016211948904727423	10
NEFM	0	0.2459066659212112	0.47458608765384575	10
NEGR1	0	0.5198568880558014	0.3895748527547257	10
NEIL1	0	0.07216735593974585	0.06994247138039786	10
NEIL2	0	0.056095134094357436	0.03312382222707754	10
NEIL3	0	0.04432333670556541	0.0005509656556823008	10
NEK1	0	0.133628936111927	0.6566002681817336	10
NEK10	0	0.04200940467417235	0.20035196147198403	10
NEK11	0	0.04119712263345713	0.04281152101668904	10
NEK2	0	0.04474366717040534	0.00011851462908963992	10
NEK3	0	0.03842136561870571	0.0032660937819514067	10
NEK4	0	0.046405350044369645	0.07345520622856153	10
NEK5	0	0.03645928651094432	0.049785481062731965	10
NEK6	0	0.06699211671948428	0.16723342261082025	10
NEK7	0	0.34310915917158125	0.17023120138150744	10
NEK8	0	0.09140535742044445	0.01627259719261061	10
NEK9	0	0.10710846111178396	0.17128652317117096	10
NELFA	0	0.14671785756945604	0.9226969673317319	10
NELFB	0	0.1909455575048923	0.2016148287707563	10
NELFCD	0	0.45810370743274687	0.20772476112220314	10
NELFE	0	0.1410822123289108	0.6018205804100907	10
NELL1	0	0.07018823437392707	0.012886338970690202	10
NELL2	0	0.796174281835556	0.0027014294193581302	10
NEMF	0	0.5004215657711029	0.42119295650185656	10
NENF	0	0.09216574728488917	0.0022220536355111358	10
NEO1	0	0.6213383376598358	0.8660349416611621	10
NES	0	0.13029882907867427	0.2724714601593029	10
NET1	0	0.04560183510184284	0.32733773636667635	10
NETO1	0	0.10015005357563492	0.19282130682144732	10
NETO2	0	0.2607368677854538	0.13884331928061072	10
NEU1	0	0.06403690241277213	0.10201576996730713	10
NEU2	0	0.0350389994680881	0.0036725099316255185	10
NEU3	0	0.032777302153408475	0.0024585284914637484	10
NEU4	0	0.04982685260474677	0.015321030260056434	10
NEURL	0	0.16964218541979786	0.0017826983442183815	10
NEURL1B	0	0.1607678540050983	0.13815313779826183	10
NEURL2	0	0.03784224502742286	0.12485435945201924	10
NEURL4	0	0.5222971633076667	0.6875368729003198	10
NEUROD1	0	0.14158261269330974	0.21304752885159223	10
NEUROD2	0	0.3479778468608856	0.7429232771284469	10
NEUROD4	0	0.0402082677930593	0.00742220636267134	10
NEUROD6	0	0.34807907491922374	0.013093064490829762	10
NEUROG1	0	0.054776192829012804	0.034069372658760436	10
NEUROG2	0	0.13575156442821024	0.00601188140865371	10
NEUROG3	0	0.05889040417969223	0.18986213934391957	10
NEXN	0	0.05851206481456752	0.3724625935026048	10
NF1	1	0.9073171174156724	0.9869608713659157	613
NF2	0	0.8207666218280792	0.0157870508482029	10
NFAM1	0	0.03245982322841878	0.0063265057663647595	10
NFASC	0	0.9174681603908539	0.9905899802879506	10
NFAT5	0	0.9074513554573059	0.7468792485307716	10
NFATC1	0	0.08246913477778431	0.3309453297483082	10
NFATC2	0	0.6577872127294541	0.36660216386946826	10
NFATC2IP	0	0.12106685787439342	0.12720876130025163	10
NFATC3	0	0.5018015384674073	0.4167632145505976	10
NFATC4	0	0.24021440148353573	0.05166669723471582	10
NFE2	0	0.05611112378537653	0.10543600009147558	10
NFE2L1	0	0.80465527176857	0.7235612220604397	10
NFE2L2	0	0.09220002926886077	0.18277085234192494	10
NFE2L3	0	0.04630784764885898	0.07916975046827136	10
NFIA	0	0.8763981461524963	0.9931952441885168	10
NFIB	0	0.8795288801193237	0.9874014433247655	10
NFIC	0	0.17875967323780056	0.9138669995426888	10
NFIL3	0	0.2023273803293705	0.0008311402417736041	10
NFIX	0	0.8571499705314636	0.9857624891172263	10
NFKB1	0	0.7303432524204254	0.2719417242359035	10
NFKB2	0	0.6831342339515686	0.3076076511537694	10
NFKBIA	0	0.42840559780597687	0.5346618845104981	10
NFKBIB	0	0.04365011267364021	0.07101571067614522	10
NFKBID	0	0.12062553092837329	0.0016041356746408129	10
NFKBIE	0	0.19035625457763666	0.01750496001180468	10
NFKBIL1	0	0.10029297471046443	0.014846391695733468	10
NFKBIZ	0	0.5493173778057099	0.46166146114720535	10
NFRKB	0	0.20983951166272158	0.7325005078030049	10
NFS1	0	0.05008856430649752	0.08313315954974164	10
NFU1	0	0.05268182493746275	0.0015623712848338378	10
NFX1	0	0.17473400384187698	0.2693450713957665	10
NFXL1	0	0.0890000861138105	0.1448200545737704	10
NFYA	0	0.15615739300847048	0.42188148295656375	10
NFYB	0	0.1057292744517326	0.04198525251764598	10
NFYC	0	0.24909504055976867	0.2758177976420989	10
NGB	0	0.05472661107778546	0.0021413416756649343	10
NGDN	0	0.04778235293924803	0.021502534313663023	10
NGEF	0	0.13815930709242816	0.01585807172930221	10
NGF	0	0.05503878183662887	0.23191143277118656	10
NGFR	0	0.06400371491909022	0.5177726165083132	10
NGFRAP1	0	0.14610787183046337	0.0010952599907725173	10
NGLY1	0	0.05479162186384197	0.0001787268540000699	10
NGRN	0	0.07026618048548691	0.000738061685748652	10
NHEJ1	0	0.03607359416782851	0.07129952311819356	10
NHLH1	0	0.04440820589661593	0.029793021170928236	10
NHLH2	0	0.04644773080945009	0.009544386931903839	10
NHLRC1	0	0.037082247808575594	0.00445870797914078	10
NHLRC2	0	0.06358984149992461	0.4647018458434148	10
NHLRC3	0	0.07990408055484291	0.03630449697656233	10
NHLRC4	0	0.0668882235884666	0.00015766943063570248	10
NHP2	0	0.11584077663719652	0.0019799082619562022	10
NHP2L1	0	0.16053222268819806	0.023252550343963355	10
NHS	0	0.3948954701423645	0.9780803924136734	10
NHSL2	0	0.08096162527799602	0.7589717426386067	10
NICN1	0	0.03944382816553111	0.004225380046032747	10
NID1	0	0.0769657421857118	0.9085354968288912	10
NID2	0	0.07618504464626309	0.7073532919514797	10
NIF3L1	0	0.043216133117675734	0.0007878950935353395	10
NIM1	0	0.1243300728499889	0.00412060510482558	10
NIN	0	0.21018160283565518	0.24320936747487565	10
NINJ1	0	0.047524235397577254	0.10534719573099657	10
NINJ2	0	0.03486910760402675	0.00015602008792736297	10
NINL	0	0.05620459392666812	0.1565117249234493	10
NIP7	0	0.054559523612260775	0.0023234310511025457	10
NIPA1	0	0.08124707937240597	0.6767802342624216	10
NIPA2	0	0.14068822003901	0.02726670115457222	10
NIPAL1	0	0.033224928379058785	0.01602256233844518	10
NIPAL2	0	0.03509104847908015	0.01615107789293193	10
NIPAL3	0	0.0594933088868856	0.02291290137214664	10
NIPAL4	0	0.036002708971500354	0.0013915330603914333	10
NIPBL	1	0.9231654356800343	0.9914253802826488	623
NIPSNAP1	0	0.12958851531147952	0.000762722172527127	10
NIPSNAP3A	0	0.037421073578298034	2.232680341168742e-06	10
NIPSNAP3B	0	0.03168197162449355	0.0037112298310477687	10
NISCH	0	0.7908251225948334	0.45586980101839564	10
NIT1	0	0.0354749027639627	7.644120135092139e-05	10
NIT2	0	0.05319592207670206	0.1008013644002097	10
NKAIN1	0	0.07255318537354463	0.004046391634169812	10
NKAIN2	0	0.09082445763051505	0.08164812731908444	10
NKAIN3	0	0.08750969395041461	0.18104356838452285	10
NKAIN4	0	0.04325897544622416	0.06890881438754917	10
NKAP	0	0.4699159026145935	0.10262045458402	10
NKAPL	0	0.03174570351839062	0.019671647753144138	10
NKD1	0	0.2732688456773758	0.20216006335376938	10
NKD2	0	0.040810692682862235	0.5852014596248118	10
NKG7	0	0.041111509501934	0.0021019079360299476	10
NKIRAS1	0	0.03844038732349868	0.04309929623935932	10
NKIRAS2	0	0.047752614691853476	0.0017542805209059677	10
NKPD1	0	0.08454540222883221	0.1429089441213886	10
NKRF	0	0.7532386362552643	0.009647596946718713	10
NKTR	0	0.5577750235795975	0.8017550921185309	10
NKX1-1	0	0.0799825962632894	0.5871246282697393	10
NKX2-1	0	0.11195738166570661	0.4323640354392609	10
NKX2-2	0	0.0948909059166908	0.70966775167525	10
NKX2-3	0	0.21136902198195456	0.829636466321368	10
NKX2-4	0	0.05708752237260337	0.3732775142487052	10
NKX2-5	0	0.39349158257246014	0.13353418283777713	10
NKX2-6	0	0.05071043409407135	0.41968508214605355	10
NKX2-8	0	0.062411073595285374	0.012190415788585549	10
NKX3-1	0	0.05176139622926708	0.13325148061436093	10
NKX3-2	0	0.09799523800611491	0.10480887080654314	10
NKX6-1	0	0.1075591146945953	0.6972706634119381	10
NKX6-2	0	0.07726297266781325	0.06863014473585019	10
NKX6-3	0	0.034510103240609116	0.007220294608536236	10
NLE1	0	0.056173389405012084	0.2124047673492711	10
NLGN1	0	0.774623453617096	0.7281475043442145	10
NLGN2	1	0.9274887063200512	0.8734568187554821	630
NLGN3	1	0.8189712513851214	0.9694000227572791	632
NLGN4X	1	0.6309764604819449	0.8403733815285018	627
NLGN4Y	0	0.07790733166038985	0.9073771437881273	10
NLK	0	0.7305704385042191	0.5651905926344746	10
NLN	0	0.09693231694400306	0.3950259256455323	10
NLRC3	0	0.06593592092394826	0.3379436013112601	10
NLRC4	0	0.05547240190207954	0.045419476518822485	10
NLRC5	0	0.09859662279486651	0.11579077801933949	10
NLRP1	0	0.17263214215636252	0.026399323996669617	10
NLRP10	0	0.03451963886618609	0.10841974078385527	10
NLRP11	0	0.03459936231374735	0.0206089658759551	10
NLRP12	0	0.048558777198195416	0.04069047547451507	10
NLRP13	0	0.03453807644546028	0.0033400757243455363	10
NLRP14	0	0.03892211690545077	0.01733091231202958	10
NLRP2	0	0.03417856656014913	0.48313294160686626	10
NLRP3	0	0.12312448769807811	0.15993356475444437	10
NLRP4	0	0.036981124058365775	0.16018624743227736	10
NLRP5	0	0.04080885611474508	0.01672086251331149	10
NLRP6	0	0.05339821986854073	0.03956255603961366	10
NLRP7	0	0.03613302111625666	0.3247062627275698	10
NLRP8	0	0.03722730465233322	0.02720919354010165	10
NLRP9	0	0.038835771009325934	0.07485830404228067	10
NLRX1	0	0.039311134815216045	0.21999067486426643	10
NMB	0	0.04239168800413605	7.0399649942504535e-06	10
NMBR	0	0.03808929100632663	0.24899795948155862	10
NMD3	0	0.06628740355372423	0.2542709156118932	10
NME1	0	0.18463725000619885	0.006060236941919814	10
NME1-NME2	0	0.0468568198382854	0.007721170067309291	10
NME2	0	0.040511294454336114	0.0005918467826468043	10
NME3	0	0.18431224897503848	0.033543469047403934	10
NME4	0	0.06279597319662567	0.024583549992879292	10
NME5	0	0.04004745148122308	0.008478317071317906	10
NME6	0	0.03897998407483097	0.0027106833538063924	10
NME7	0	0.09281443879008289	0.08173267208159261	10
NME8	0	0.03510084617882962	0.05709421003542574	10
NME9	0	0.03687814064323896	0.00527828729696925	10
NMI	0	0.04054760597646232	0.00040697535520001606	10
NMNAT1	0	0.034697923436760855	0.12043358964120177	10
NMNAT2	0	0.6990726232528687	0.21238158044753294	10
NMNAT3	0	0.04041338227689261	0.030508466891546848	10
NMRAL1	0	0.03999314159154888	0.20325716464717317	10
NMRK1	0	0.035644113644957495	0.010156318457123344	10
NMRK2	0	0.0349807787686586	0.218161360768179	10
NMS	0	0.03467327579855915	0.0017291182540705402	10
NMT1	0	0.591421639919281	0.36376363969803577	10
NMT2	0	0.16312187463045116	0.24386189315730805	10
NMU	0	0.03810511082410807	0.05619802632154033	10
NMUR1	0	0.0375422209501266	0.0011328840128866815	10
NMUR2	0	0.04714356027543541	0.017759735958186945	10
NNAT	0	0.13316082209348676	0.0557105127100197	10
NNMT	0	0.033834976702928496	0.00019008980177762054	10
NNT	0	0.7859439134597779	0.3761684646924384	10
NOA1	0	0.045154991745948746	0.09108049169428076	10
NOB1	0	0.03634243607521054	0.06257351537196779	10
NOBOX	0	0.07671150825917716	0.0307635740721131	10
NOC2L	0	0.15326664000749585	0.22698336052202853	10
NOC3L	0	0.06019155122339721	0.11422927335189885	10
NOC4L	0	0.05621770843863483	0.005678527233722179	10
NOD1	0	0.035228919237852055	0.07788698137361744	10
NOD2	0	0.03863439634442325	0.006469870535558012	10
NODAL	0	0.1674485325813293	0.0009253784183629011	10
NOG	0	0.23755679875612254	0.11365904750417291	10
NOL10	0	0.12513523809611793	0.58274708828646	10
NOL11	0	0.05911104977130888	0.3147758080307023	10
NOL12	0	0.04267829060554501	0.00867161999565482	10
NOL3	0	0.04533628821372981	0.12302068181015322	10
NOL4	0	0.8300729691982269	0.26601463329883834	10
NOL6	0	0.21684429794549936	0.02116198712506804	10
NOL7	0	0.08788504078984258	0.03897926823266085	10
NOL8	0	0.04785466417670245	0.42973097172152624	10
NOL9	0	0.06251979209482665	0.016325724445570712	10
NOLC1	0	0.08603619299829	0.7936981875714276	10
NOM1	0	0.04245993755757804	0.3265558074896915	10
NONO	0	0.7119325518608093	0.41689332249211564	10
NOP10	0	0.09806573018431661	0.0014691193775104917	10
NOP14	0	0.06530070230364796	0.029017843916588397	10
NOP16	0	0.03300149142742152	0.05381682629403367	10
NOP2	0	0.2745499700307846	0.39590707061436914	10
NOP56	0	0.27295094430446626	0.3701500763791665	10
NOP58	0	0.1844996027648449	0.18364917132080033	10
NOP9	0	0.041575656458735434	0.3698060358870593	10
NOS1	0	0.7195409148931503	0.7426100383421362	10
NOS1AP	0	0.3701668083667755	0.15030449221507208	10
NOS2	0	0.08256845548748964	0.19122893784764405	10
NOS3	0	0.1405526123940944	0.13011723198714503	10
NOSIP	0	0.10067376345396037	0.10442883789909538	10
NOSTRIN	0	0.04487811997532841	0.08463177526657119	10
NOTCH1	0	0.7335298538208008	0.7187733041871837	10
NOTCH2	0	0.835518229007721	0.7683435457226993	10
NOTCH2NL	0	0.1003408338874578	0.3687049375784474	10
NOTCH3	0	0.3377266645431518	0.48188304658766706	10
NOTCH4	0	0.07292539328336711	0.05730127669201694	10
NOTUM	0	0.04639036357402796	0.02563619230796167	10
NOV	0	0.042320761643350066	0.0009365314227751054	10
NOVA1	0	0.9215606808662414	0.9229953038441021	10
NOVA2	0	0.440278896689415	0.8309348986401097	10
NOX1	0	0.034855014458298625	0.11537778623473871	10
NOX3	0	0.03893793448805804	0.10812192502515602	10
NOX4	0	0.04242846369743342	0.03346995784432873	10
NOX5	0	0.03544029928743833	0.30969240614508947	10
NOXA1	0	0.05871234722435468	0.03564927345342285	10
NOXO1	0	0.04209161922335619	0.01121583555049441	10
NOXRED1	0	0.03537599910050626	2.9375742274047622e-05	10
NPAP1	0	0.05758819393813604	0.5304207189370882	10
NPAS1	0	0.2469240538775921	0.12610075440919147	10
NPAS2	0	0.6945386707782746	0.22663154657896883	10
NPAS3	0	0.791432124376297	0.9913807090107563	10
NPAS4	0	0.5456552922725677	0.03329250495467863	10
NPAT	0	0.1315185092389583	0.8267341422295793	10
NPB	0	0.06042474582791324	0.06944454395513174	10
NPBWR1	0	0.04421557076275344	0.40698973630196206	10
NPBWR2	0	0.039539390057325305	0.04534444799809278	10
NPC1	0	0.14998857602477073	0.41427615727223904	10
NPC1L1	0	0.04087458923459049	0.07183489074544373	10
NPC2	0	0.05485462397336956	0.0006533228283660968	10
NPDC1	0	0.13720551356673238	0.10834822731517393	10
NPEPL1	0	0.05600604712963099	0.005239212055995339	10
NPEPPS	0	0.8261209845542907	0.47941525831795173	10
NPFF	0	0.044134374335408164	0.06625788678625982	10
NPFFR1	0	0.058244686201214736	0.00433704365426087	10
NPFFR2	0	0.0324462573975324	5.780180096083532e-05	10
NPHP1	0	0.04498738460242742	0.042368085174257254	10
NPHP3	0	0.10556117668747897	0.1742588336431358	10
NPHP4	0	0.05516660995781416	0.26628805408293754	10
NPHS1	0	0.05243831090629096	0.38059647877258185	10
NPHS2	0	0.0331244016066193	5.046370433822229e-05	10
NPIPA1	0	0.10826048254966732	0.026813444112089753	10
NPIPA5	0	0.06083037480711932	0.0023662727057188	10
NPIPB15	0	0.048713894560933065	0.0073279805582579976	10
NPIPB3	0	0.0689419079571962	0.006885281196070854	10
NPIPB6	0	0.05426920279860491	0.1003140729964516	10
NPIPB7	0	0.05625636130571361	0.01196009365221046	10
NPIPB8	0	0.05279528237879272	0.04680162490855589	10
NPL	0	0.03931214287877079	0.003695547355091635	10
NPLOC4	0	0.7274845749139786	0.096893836779299	10
NPM1	0	0.6158829540014267	0.8161128213762702	10
NPM2	0	0.04246282503008838	0.0006081528700813299	10
NPM3	0	0.045742513611912686	0.30771664178721353	10
NPNT	0	0.04892820604145523	0.0893707155260972	10
NPPA	0	0.04031534250825639	0.022522468705414623	10
NPPB	0	0.0366207923740148	2.130400690033583e-05	10
NPPC	0	0.03736118525266643	0.06799627976737661	10
NPR1	0	0.10000841207802291	0.32848214456064523	10
NPR2	0	0.47611985057592393	0.7263374323949144	10
NPR3	0	0.051571076363325086	0.7511737984859415	10
NPRL2	0	0.14050808995962139	0.10488148508975666	10
NPRL3	0	0.1752291195094585	0.17855448442607977	10
NPS	0	0.037153208628296804	0.0001509425414742178	10
NPSR1	0	0.034893171116709656	0.011677805797986648	10
NPTN	0	0.7543267786502839	0.5709080457646777	10
NPTX1	0	0.24323609769344326	0.10860578454194232	10
NPTX2	0	0.0496282491832971	0.16019526834778758	10
NPTXR	0	0.08843155615031714	0.015217811142540519	10
NPVF	0	0.0375266499817371	6.195606888803898e-05	10
NPY	0	0.05963594540953633	0.00015135407729288517	10
NPY1R	0	0.10360666327178474	0.12189782411137558	10
NPY2R	0	0.04151940569281572	0.06943745416972633	10
NPY4R	0	0.06347907260060304	3.155847853566532e-05	10
NPY5R	0	0.05977552495896811	2.145960601798588e-05	10
NQO1	0	0.0399180151522159	4.627495979779083e-05	10
NQO2	0	0.048082918673753694	0.013030548839418205	10
NR0B1	0	0.3461218312382698	0.023517813563624403	10
NR0B2	0	0.06439992561936372	0.07520680754203554	10
NR1D1	0	0.24810922294855114	0.5086718100698032	10
NR1D2	0	0.08396640866994852	0.24829959140914606	10
NR1H2	0	0.12290382198989387	0.17556512039636746	10
NR1H3	0	0.1915620610117912	0.00031929246640064504	10
NR1H4	0	0.08906589038670058	0.0029143223006215207	10
NR1I2	0	0.07489641867578026	0.0164071925687434	10
NR1I3	0	0.0474417090415954	0.0003062296057815465	10
NR2C1	0	0.2213776737451553	0.20232963968288825	10
NR2C2	0	0.8802734792232514	0.20419218112169943	10
NR2C2AP	0	0.042126023769378615	0.02447203729097304	10
NR2E1	0	0.6827538251876831	0.2638982627132085	10
NR2F1	0	0.6771422415971756	0.8323858812739735	10
NR2F2	0	0.7005560904741287	0.8587177735110606	10
NR2F6	0	0.13681791126728055	0.40374745848920607	10
NR3C1	0	0.5623583480715751	0.3288437695165767	10
NR3C2	1	0.3868626364441805	0.4410585152731071	645
NR4A1	0	0.211086206138134	0.08250721726407322	10
NR4A2	1	0.714788502483051	0.8320729198541968	632
NR4A3	0	0.29929257929325104	0.7023469224104393	10
NR5A1	0	0.5861710190773011	0.17956767196868556	10
NR5A2	0	0.1096889596432447	0.16858998685940457	10
NR6A1	0	0.6070510894060135	0.30126410832498546	10
NRAP	0	0.04598744884133335	0.2048307945127648	10
NRARP	0	0.11080840416252609	0.16760133711586864	10
NRAS	0	0.07829764746129508	0.06710835506129306	10
NRBF2	0	0.035131954774260496	3.2940496556137117e-05	10
NRBP1	0	0.7461473047733307	0.057921037112384346	10
NRBP2	0	0.27878399193286896	0.05028574641957534	10
NRCAM	0	0.6216931194067001	0.9693206790420581	10
NRD1	0	0.674814122915268	0.14625906633462818	10
NRDE2	0	0.13364128470420833	0.3470237377146722	10
NREP	0	0.15324133858084676	0.004705023009862549	10
NRF1	0	0.7275415182113647	0.8780604441979982	10
NRG1	0	0.28390033245086665	0.4849865723520258	10
NRG2	0	0.4047476679086685	0.6381026280151404	10
NRG3	0	0.12349616885185237	0.6983718024792892	10
NRG4	0	0.03420921824872488	0.363146508862357	10
NRGN	0	0.10036426633596415	0.6212203318895445	10
NRIP1	0	0.34473557919263836	0.7268466898375061	10
NRIP2	0	0.05091707594692703	0.00038174381727088604	10
NRIP3	0	0.052833345159888224	0.0005284713453655147	10
NRK	0	0.21976951435208317	0.8420708178333186	10
NRL	0	0.05248115658760068	0.003163336789032723	10
NRM	0	0.04000026993453498	0.002919731016250772	10
NRN1	0	0.17691943421959871	0.32810344013385834	10
NRN1L	0	0.04093582257628437	0.03777643302960709	10
NRP1	0	0.6888916611671447	0.9115216694033329	10
NRP2	0	0.11147966533899305	0.6893786701543805	10
NRROS	0	0.06526209041476247	0.001196042963503919	10
NRSN1	0	0.05215432532131668	0.000733620389748006	10
NRSN2	0	0.05308352671563621	0.014862242353326472	10
NRTN	0	0.06532952599227423	0.002981502476545493	10
NRXN1	1	0.9207702910423279	0.7630200559524745	625
NRXN2	1	0.9041648906392928	0.9386690285729714	624
NRXN3	1	0.8988401962999713	0.9677825435919383	627
NSA2	0	0.12485219873487947	0.38675718361926176	10
NSD1	1	0.9150213865503188	0.8669491407426366	620
NSDHL	0	0.14643275365233416	0.037645912409560243	10
NSF	0	0.32015384733676905	0.36016158405625587	10
NSFL1C	0	0.0904168881475925	0.04703136961891781	10
NSG1	0	0.15355402082204814	0.02516322209974366	10
NSG2	0	0.4010789722204208	0.02603013969675543	10
NSL1	0	0.07616870254278177	0.20665981993069965	10
NSMAF	0	0.12125085592269894	0.08939534602525476	10
NSMCE1	0	0.0393973365426063	0.0021999608336470207	10
NSMCE2	0	0.0707941215485334	0.13131585467661794	10
NSMCE4A	0	0.04112532883882518	0.002092694521707469	10
NSMF	0	0.546349036693573	0.3053087346697588	10
NSRP1	0	0.09494069814682002	0.22564600547028862	10
NSUN2	0	0.1600612014532089	0.18613252677499137	10
NSUN3	0	0.03669623620808121	0.06886223553400157	10
NSUN4	0	0.03291761483997102	0.002423749486698475	10
NSUN5	0	0.0376413401216268	0.0023932703058416847	10
NSUN6	0	0.07342107109725471	0.04874852647027163	10
NSUN7	0	0.035454038903117144	0.01982408365597372	10
NT5C	0	0.06787270270287986	0.11655005968756442	10
NT5C1A	0	0.03725051991641516	0.22557027156642748	10
NT5C1B	0	0.03644051961600775	0.31448134593617627	10
NT5C1B-RDH14	0	0.035839248262345746	0.03736482835433519	10
NT5C2	0	0.1384136505424976	0.07079193801467082	10
NT5C3A	0	0.14474254623055455	0.00018386157980859025	10
NT5C3B	0	0.17230030596256252	0.11270163321776741	10
NT5DC1	0	0.05802249833941455	0.04426861806809568	10
NT5DC2	0	0.22383385300636288	0.36327407109631593	10
NT5DC3	0	0.06557231545448299	0.39321379421868746	10
NT5E	0	0.04793826378881928	0.020862788356059193	10
NT5M	0	0.03596139550209039	0.00014863051233098993	10
NTAN1	0	0.05480822809040542	0.17444213512978274	10
NTF3	0	0.2883789114654064	0.37062346772061844	10
NTF4	0	0.04741040989756579	0.0001845389499867481	10
NTHL1	0	0.04327558651566501	0.23060951915725125	10
NTM	0	0.27368248999118805	0.9897289811355126	10
NTMT1	0	0.044293195754289576	0.277664897302588	10
NTN1	0	0.37974807173013686	0.248769579938174	10
NTN3	0	0.03974330164492125	0.047728699844933	10
NTN4	0	0.3935212314128876	0.02600179954723466	10
NTN5	0	0.042251897603273345	0.03532617794383459	10
NTNG1	0	0.48761427849531175	0.5152697982528662	10
NTNG2	0	0.7191867828369141	0.008120098181391694	10
NTPCR	0	0.04372236244380469	0.06679779884761836	10
NTRK1	0	0.07020878195762631	0.024206109696399258	10
NTRK2	0	0.9264481663703918	0.8432151342696599	10
NTRK3	0	0.9126644551753997	0.6549876669974257	10
NTS	0	0.048764530569314915	1.1114599653022901e-07	10
NTSR1	0	0.04602216854691502	0.28055683190377356	10
NTSR2	0	0.05622670948505397	0.002705095867058997	10
NUAK1	0	0.2520675301551819	0.36129863788675637	10
NUAK2	0	0.042482108622789325	0.002105736507413725	10
NUB1	0	0.08022733032703394	0.19783330959952675	10
NUBP1	0	0.043931415304541546	0.030025703635649898	10
NUBP2	0	0.05347732789814467	0.015080931492319044	10
NUBPL	0	0.0430212195962667	0.17224477923253007	10
NUCB1	0	0.09263987988233562	0.18278736014145755	10
NUCB2	0	0.11115603148937221	1.957767808401057e-05	10
NUCKS1	0	0.4876083046197891	0.7796921824137202	10
NUDC	0	0.30060951262712476	0.00456891717106387	10
NUDCD1	0	0.040230739489197684	0.0032704152770298527	10
NUDCD2	0	0.045420424640178654	0.3165562304430603	10
NUDCD3	0	0.08789999522268767	0.09042633822241661	10
NUDT1	0	0.057234690338373126	0.001687675394170416	10
NUDT11	0	0.05509620532393452	0.18068513104487283	10
NUDT12	0	0.03791285827755924	0.000435581063596088	10
NUDT13	0	0.03150276262313122	0.0001972311537765666	10
NUDT14	0	0.04453378729522224	0.004839540874483272	10
NUDT15	0	0.034152523614466156	2.7777006829390103e-05	10
NUDT16	0	0.06102736294269558	0.018453754310652902	10
NUDT16L1	0	0.07251425087451929	0.050630028358453004	10
NUDT17	0	0.03466402646154162	0.0042421488357779	10
NUDT18	0	0.049701440706849044	0.012197770697142956	10
NUDT19	0	0.0361118838191032	0.03586333916378786	10
NUDT2	0	0.03609753176569933	0.0048047980714427665	10
NUDT21	0	0.4550276905298233	0.2999691022621293	10
NUDT22	0	0.03717217743396753	0.12246113421462874	10
NUDT3	0	0.16071022301912305	0.3167082872081265	10
NUDT4	0	0.2466024085879326	0.5512859423013139	10
NUDT5	0	0.05766113512217994	0.35418343503868266	10
NUDT6	0	0.03056850023567672	0.00019224733490456485	10
NUDT7	0	0.033610793389379924	0.041666375664017416	10
NUDT8	0	0.038014180958270985	0.006875509699234762	10
NUDT9	0	0.03978890851140017	0.0002487828182111911	10
NUF2	0	0.04425128251314159	9.829753595471228e-06	10
NUFIP1	0	0.056130671873688656	0.06155439070863018	10
NUFIP2	0	0.7347308993339539	0.9111524827224045	10
NUGGC	0	0.03817389383912083	0.0009376994748946363	10
NUMA1	0	0.43407720476388933	0.17671692830674016	10
NUMB	0	0.264167295396328	0.051047048434895534	10
NUMBL	0	0.8401605308055877	0.24025266662558745	10
NUP107	0	0.1624376624822616	0.3674446073825133	10
NUP133	0	0.1334902673959732	0.13584417392784964	10
NUP153	0	0.699159049987793	0.9946616821696617	10
NUP155	1	0.3949336254725251	0.5316953719592115	626
NUP160	0	0.46966771632432935	0.3596908248826477	10
NUP188	0	0.4522681087255478	0.39353011767952595	10
NUP205	0	0.7073642194271088	0.05330359385199732	10
NUP210	0	0.09145915955305096	0.7203361520878053	10
NUP210L	0	0.23663572072982783	0.3689772856034614	10
NUP214	0	0.2806773528456688	0.8818424595534113	10
NUP35	0	0.06132941469550128	0.2276107281832255	10
NUP37	0	0.04501911140978332	0.008959489714057172	10
NUP43	0	0.04639432244002814	0.06292700363816667	10
NUP50	0	0.09368932135403152	0.7444149228915038	10
NUP54	0	0.1782733894884586	0.31144477610890603	10
NUP62	0	0.23191458135843274	0.06981591880595517	10
NUP62CL	0	0.03268044926226135	7.854298186637032e-05	10
NUP85	0	0.4439827620983124	0.20297826172602043	10
NUP88	0	0.10466994047164913	0.3110892916261121	10
NUP93	0	0.2799010097980499	0.1835092991217115	10
NUP98	0	0.5553083568811417	0.5969102480871713	10
NUPL1	0	0.4562932088971138	0.1922698083461095	10
NUPL2	0	0.04961243718862529	0.00017783771574293565	10
NUPR1	0	0.07725363969802854	0.01251413095162002	10
NUS1	0	0.36826944500207903	0.00643656592444788	10
NUSAP1	0	0.04937223568558689	0.002367877435234182	10
NUTF2	0	0.22542183324694628	0.007672814241538889	10
NUTM1	0	0.08998921476304525	0.4479529580938971	10
NUTM2A	0	0.05776160992681976	0.017724040785210678	10
NUTM2B	0	0.05871646292507645	0.009419957337806588	10
NUTM2D	0	0.06034951284527775	0.055350920450068085	10
NVL	0	0.05467983968555923	0.18092443409433523	10
NWD1	0	0.04646666087210173	0.13957545123484055	10
NXF1	0	0.7151318401098251	0.27234898115347633	10
NXF2B	0	0.08196893148124211	0.00884484123873889	10
NXF3	0	0.038905392214655846	6.032805313892826e-05	10
NXF5	0	0.03565493263304228	0.001992736875043112	10
NXN	0	0.6331595212221146	0.0519503807981075	10
NXNL1	0	0.04158055894076821	0.09101365259175184	10
NXNL2	0	0.04210390038788315	0.1657792494266132	10
NXPE1	0	0.03363523297011849	0.3879973405421392	10
NXPE2	0	0.04983310624957079	0.007538422592041773	10
NXPE3	0	0.11483042240142818	0.060895652106653334	10
NXPE4	0	0.03338724561035629	0.0039141291530250255	10
NXPH1	0	0.05683891102671616	0.002787612833906014	10
NXPH2	0	0.19904587939381596	0.0012270805807202685	10
NXPH3	0	0.07393999807536597	0.06517236108529174	10
NXPH4	0	0.04274651966989037	0.3173880663898644	10
NXT1	0	0.05345879346132272	0.0028893699489996793	10
NXT2	0	0.11976134702563283	0.0011531611516798677	10
NYAP1	0	0.4608831241726875	0.39545508746937086	10
NYAP2	0	0.08594022020697589	0.3180916800199126	10
NYNRIN	0	0.12131149657070632	0.25535262778364254	10
NYX	0	0.06278858520090577	0.0009913217036182146	10
OAF	0	0.04294489584863182	0.004636640858706802	10
OARD1	0	0.09164008907973764	0.046068378515802914	10
OAS1	0	0.033298850059509236	0.005289488406548854	10
OAS2	0	0.040695486217737144	0.13794460468466957	10
OAS3	0	0.03662414364516731	0.19662542193932017	10
OASL	0	0.03898344486951823	0.002818563231644425	10
OAT	0	0.10827248841524122	0.0924977409708439	10
OAZ1	0	0.18787401542067522	0.15610469705852703	10
OAZ2	0	0.1885988242924213	0.0004030081291948601	10
OAZ3	0	0.03840537481009955	0.004284146818369028	10
OBFC1	0	0.045920801535248704	0.03204637323223471	10
OBP2A	0	0.0334178021177649	0.00031893433511344073	10
OBP2B	0	0.03563275188207623	0.012212093042316997	10
OBSCN	0	0.09062247723340984	0.6025904929480733	10
OBSL1	0	0.10837675519287582	0.6259358795767835	10
OC90	0	0.04562204703688618	0.0014929372291607667	10
OCA2	0	0.05118714943528172	0.0010220955240608084	10
OCEL1	0	0.0361493112519383	0.0007285050798502455	10
OCIAD1	0	0.1570773273706436	0.0006820811282026617	10
OCIAD2	0	0.06391224898397917	0.00013229019668429257	10
OCLN	0	0.05344823412597174	0.007705114512496119	10
OCM	0	0.03711950629949567	0.00730259906129913	10
OCM2	0	0.04006467089056965	0.016883458739042803	10
OCRL	0	0.8106480896472931	0.00929134198434189	10
ODAM	0	0.032888722606003215	0.000354695141308698	10
ODC1	0	0.18446375504136084	0.39388332895479083	10
ODF1	0	0.0889390047639608	0.07785590214117695	10
ODF2	0	0.15869463384151455	0.46257512036949944	10
ODF2L	0	0.10914685949683185	0.05294095396083938	10
ODF3	0	0.03787325136363502	0.25956368278621555	10
ODF3B	0	0.04079153686761851	0.40368505349323314	10
ODF3L1	0	0.03764573577791449	0.0020775710720182896	10
ODF3L2	0	0.0572029668837785	0.1420458209318825	10
ODF4	0	0.03270021062344307	0.0007337282500310893	10
OFD1	0	0.2975174233317375	0.09165560726782612	10
OGDH	0	0.8286602735519409	0.8915615790983071	10
OGDHL	0	0.06714787296950812	0.11032306993059766	10
OGFOD1	0	0.045001903548836666	0.09883795604322493	10
OGFOD2	0	0.037461463734507525	0.05590054923445573	10
OGFOD3	0	0.05724001526832576	0.0013303276786233898	10
OGFR	0	0.07799235433340067	0.29500392412863063	10
OGFRL1	0	0.054041448980569805	0.3333810104061115	10
OGG1	0	0.05744391009211536	0.15612025680981764	10
OGN	0	0.0471646256744861	0.004845559083027229	10
OGT	0	0.9078673601150513	0.3086494823190405	10
OIP5	0	0.03812376391142603	7.673057188820051e-06	10
OIT3	0	0.043554428219795174	0.05465559320261789	10
OLA1	0	0.17975528910756106	0.2564712910865034	10
OLAH	0	0.03476983904838557	1.5529377586255997e-05	10
OLFM1	0	0.920386815071106	0.996466289273499	10
OLFM2	0	0.3395546376705169	0.3951640596646269	10
OLFM3	0	0.13571259006857866	0.1950096081851473	10
OLFM4	0	0.03331475611776109	0.06761171795585318	10
OLFML1	0	0.03305207639932628	0.009347425824937786	10
OLFML2A	0	0.041500632092356646	0.4001868600891064	10
OLFML2B	0	0.04072344601154322	0.821790557787042	10
OLFML3	0	0.03939266540110106	0.07418805494530287	10
OLIG1	0	0.13655442893505093	0.05861890627799201	10
OLIG2	0	0.1574456192553043	0.2618774557865581	10
OLIG3	0	0.1263554602861404	0.12487627501426471	10
OLR1	0	0.03355358429253098	0.00507031157756768	10
OMA1	0	0.04362059123814101	0.00012935046095466664	10
OMD	0	0.043181036785244896	0.3875747253189387	10
OMG	0	0.34709164798259734	0.0008154269992409013	10
OMP	0	0.04188212901353831	0.10425017549259377	10
ONECUT1	0	0.04194174036383624	0.05938351942256476	10
ONECUT2	0	0.27108200341463085	0.8531012587254423	10
OOEP	0	0.03275493774563068	4.0031988117833174e-07	10
OPA1	0	0.8533676624298095	0.483031632830924	10
OPA3	0	0.05209453813731666	0.0049151206502382905	10
OPALIN	0	0.03796496689319606	0.00041165691872523043	10
OPCML	0	0.1093845352530479	0.786574353089521	10
OPHN1	0	0.6661046028137207	0.24646596485932734	10
OPLAH	0	0.05809903666377063	0.3958857311417746	10
OPN1LW	0	0.09334320090711112	0.3563850597188062	10
OPN1MW	0	0.05867790654301639	0.011941473943756437	10
OPN1MW2	0	0.056822069734334915	0.04771622720897468	10
OPN1SW	0	0.040991561487317044	0.20933501127023502	10
OPN3	0	0.03407414779067035	0.12237742663888929	10
OPN4	0	0.04001868031918998	0.006183947376390582	10
OPN5	0	0.21810131520032877	0.09080915552518118	10
OPRD1	0	0.06031975261867041	0.08727764981379946	10
OPRK1	0	0.044373761489987326	0.061702918580953045	10
OPRL1	0	0.046512174233794154	0.005126084973718202	10
OPRM1	0	0.052425732836127226	0.3843157031543399	10
OPTC	0	0.03355199322104448	0.007925920017967155	10
OPTN	0	0.17536328136920926	0.016400577651654282	10
OR10A2	0	0.03848320264369244	0.002866970534346075	10
OR10A3	0	0.03227626923471684	0.00020863269742267036	10
OR10A4	0	0.03975471891462799	0.13514767447131062	10
OR10A5	0	0.04349752552807327	0.010795338092662869	10
OR10A6	0	0.0382180087268352	0.30788382097977196	10
OR10A7	0	0.03355608042329545	0.073527137800495	10
OR10AD1	0	0.03233388829976315	0.10324168582450992	10
OR10AG1	0	0.0330509070307016	0.00012039429739479096	10
OR10C1	0	0.05222137980163092	2.1646999455545627e-05	10
OR10G2	0	0.03872585259377951	0.00643621446327374	10
OR10G3	0	0.03178958315402265	3.5779643509536765e-05	10
OR10G4	0	0.03306004647165531	0.07239228259956118	10
OR10G7	0	0.03309625238180156	0.005120089795438177	10
OR10G8	0	0.03524787388741964	0.17515335442069357	10
OR10G9	0	0.033822092786431265	0.25748006350754643	10
OR10H1	0	0.03715863488614554	0.02376342780283315	10
OR10H2	0	0.0343048628419637	0.0005603096612417603	10
OR10H3	0	0.03354646563529963	0.0018082275434829053	10
OR10H4	0	0.03362591173499818	0.0033365216285674926	10
OR10H5	0	0.0355917805805802	0.041108876011459	10
OR10J1	0	0.03473854269832368	0.00022694669254328436	10
OR10J3	0	0.033194662071764414	0.03864329834006165	10
OR10J5	0	0.03603066522628065	0.007277524945670337	10
OR10K1	0	0.034582698531448804	6.372825215108306e-05	10
OR10K2	0	0.03438912648707624	0.00017517482730118394	10
OR10P1	0	0.03324266169220203	0.1382048837875412	10
OR10Q1	0	0.03302288204431531	0.7684146888306628	10
OR10R2	0	0.03405663147568697	0.08433968725094688	10
OR10S1	0	0.03301583305001254	0.008768624020564544	10
OR10T2	0	0.033311142958700614	0.10274428833053313	10
OR10V1	0	0.03323911651968952	0.0012420174988721755	10
OR10W1	0	0.03468480408191676	2.5406627117885335e-06	10
OR10X1	0	0.04117062464356419	0.002319733762053426	10
OR10Z1	0	0.03691556900739664	0.25546581729495516	10
OR11A1	0	0.030844883993267968	0.00013115419704148312	10
OR11G2	0	0.03271505422890183	0.01902401993318283	10
OR11H1	0	0.06354286484420295	0.0002594624644641582	10
OR11H12	0	0.1223298668861389	0.019623411934249435	10
OR11H4	0	0.03223505169153207	4.0305515239252455e-05	10
OR11H6	0	0.032252459414303256	4.293495769459805e-05	10
OR11L1	0	0.032790367677807755	0.08306877037807793	10
OR12D2	0	0.048416296765208214	0.0007400504589834511	10
OR12D3	0	0.03255221433937546	2.5813106402632878e-05	10
OR13A1	0	0.03258029166609046	0.09457926833271739	10
OR13C2	0	0.033561473712325054	0.002378131247534481	10
OR13C3	0	0.03257275819778436	1.4354612140708547e-05	10
OR13C4	0	0.03225210458040233	5.754978946603062e-05	10
OR13C5	0	0.06323120519518849	0.03989452520169955	10
OR13C8	0	0.03172590564936395	2.9887556762550116e-05	10
OR13C9	0	0.03393425159156317	0.009045174858424928	10
OR13D1	0	0.03367148190736766	0.004106633793944882	10
OR13F1	0	0.03433100357651704	0.01166223002500101	10
OR13G1	0	0.03408195562660688	0.0011401027133602917	10
OR13H1	0	0.03377545773982998	0.11801746196876106	10
OR13J1	0	0.03424902241677041	0.002140056927392519	10
OR14A16	0	0.05517090186476703	8.924237721723843e-05	10
OR14C36	0	0.06668590605258938	0.08638256511470639	10
OR14I1	0	0.05375756472349162	0.024903121572583713	10
OR14J1	0	0.03204409126192327	0.06574286059979784	10
OR14K1	0	0.12972548380494114	0.0019647495467577593	10
OR1A1	0	0.036192254349589295	0.009773854296518922	10
OR1A2	0	0.033459094725549185	0.0038038090713769764	10
OR1B1	0	0.04172631017863746	0.00578716566112141	10
OR1C1	0	0.03258869834244247	0.029298540214877267	10
OR1D2	0	0.032875419780611946	0.08152312593731734	10
OR1D5	0	0.03660953845828767	0.13640603347671926	10
OR1E1	0	0.0326087929308414	5.878881114727503e-06	10
OR1E2	0	0.03309659082442518	0.00644037727118406	10
OR1F1	0	0.03488736189901825	0.012506092036567138	10
OR1G1	0	0.033192656934261267	0.07604121565066693	10
OR1I1	0	0.03205970786511894	0.11523620424725638	10
OR1J1	0	0.03252525199204679	0.026281202518262287	10
OR1J2	0	0.03392807003110642	0.0015813756072173494	10
OR1J4	0	0.03354155551642174	0.021928336729673623	10
OR1K1	0	0.03269187137484546	0.012392614918378805	10
OR1L1	0	0.04462451115250583	1.359405631369575e-06	10
OR1L3	0	0.03376594055443999	0.00029787529765431517	10
OR1L4	0	0.04126289114356036	0.0041453929547324644	10
OR1L6	0	0.03358955122530456	0.01748884764514079	10
OR1L8	0	0.032895195484161324	0.0013883414280240131	10
OR1M1	0	0.06177175417542452	0.00036247872254539787	10
OR1N1	0	0.05975859463214871	0.04997219196468681	10
OR1N2	0	0.03392706811428067	0.00231149112948614	10
OR1Q1	0	0.03500026948750014	0.1652744794317108	10
OR1S1	0	0.04339996390044685	0.0017457783418956398	10
OR1S2	0	0.0344136299565434	0.11539389965224496	10
OR2A1	0	0.05717538371682161	0.079772708729847	10
OR2A12	0	0.034146353788673825	0.0233302776824772	10
OR2A14	0	0.0335963642224669	0.0011517767064627362	10
OR2A2	0	0.037085646018385834	0.09717669309709202	10
OR2A25	0	0.033842897601425594	0.0008377900950785396	10
OR2A4	0	0.03851432055234905	0.0005337851231568523	10
OR2A42	0	0.054435883089899974	0.02411380474104808	10
OR2A5	0	0.03478012420237059	0.21046347781894498	10
OR2AE1	0	0.031680097989737935	0.015412435812473507	10
OR2AG1	0	0.0346022449433803	0.152099890378662	10
OR2AG2	0	0.03563197199255223	0.010838451357606747	10
OR2AJ1	0	0.05306822359561915	0.0027723281875143935	10
OR2AK2	0	0.05378043539822097	2.8551022609233375e-05	10
OR2AP1	0	0.062363699078559834	0.0001925081417882085	10
OR2AT4	0	0.032765334844589176	0.2858556584940263	10
OR2B11	0	0.03145357109606262	0.007070936502104037	10
OR2B2	0	0.0343366431072354	2.362687518585689e-06	10
OR2B3	0	0.0332747749984264	0.003538632757007195	10
OR2B6	0	0.03155638389289374	0.00014704982740729224	10
OR2C1	0	0.03267175685614343	0.0005190565375125123	10
OR2C3	0	0.03292806539684529	0.05654782400625654	10
OR2D2	0	0.033370233513414824	0.009236773844393273	10
OR2D3	0	0.03265452757477756	9.069123525872448e-05	10
OR2F1	0	0.03833715021610254	0.06564086479050081	10
OR2F2	0	0.03329124059528108	0.0060171614793272385	10
OR2G2	0	0.03179336525499818	0.0010939710049130702	10
OR2G3	0	0.033212821558117826	0.07157028399278652	10
OR2G6	0	0.03241333346813912	0.15529489470929536	10
OR2H1	0	0.03600647300481792	0.0022187903048018686	10
OR2H2	0	0.031747226230800105	0.04135955820468863	10
OR2J1	0	0.05984750352799889	0.0019948161031278383	10
OR2J2	0	0.033611642755568	0.015930532171536692	10
OR2J3	0	0.035130798071622796	0.00575561559689978	10
OR2K2	0	0.0334761314094066	0.00036432540094788886	10
OR2L13	0	0.037922723218798596	0.001976766646980403	10
OR2L2	0	0.05623756535351272	0.08431489078516352	10
OR2L3	0	0.06329165101051326	0.0021189271292171023	10
OR2L5	0	0.07309081219136711	0.000663875420826638	10
OR2L8	0	0.05097167640924449	0.024318427601762768	10
OR2M2	0	0.07323927544057365	0.007713727200155779	10
OR2M3	0	0.056587838381528796	0.10553807526835343	10
OR2M4	0	0.03331834748387333	0.33949021344311986	10
OR2M5	0	0.06301036067306989	0.00032667448972385326	10
OR2M7	0	0.06445466689765447	6.769959928131438e-05	10
OR2S2	0	0.03387708626687521	0.09969625546776203	10
OR2T1	0	0.0341418161988258	0.0005855783301783162	10
OR2T10	0	0.032172096148133225	0.06692004535100807	10
OR2T11	0	0.03949267268180841	0.057758008571252316	10
OR2T12	0	0.07968181334435935	0.07803082346287916	10
OR2T2	0	0.03320305049419398	0.0025440694529960685	10
OR2T27	0	0.03234460521489376	0.011990327049374768	10
OR2T29	0	0.05700966715812679	0.00021040570538488653	10
OR2T3	0	0.0583190325647592	0.13483225272618432	10
OR2T33	0	0.042773719877004554	0.0012780808012635974	10
OR2T34	0	0.07207556888461109	0.04391419476416451	10
OR2T35	0	0.07663900516927238	0.011253283591344232	10
OR2T4	0	0.03301470037549728	0.013441463517192439	10
OR2T5	0	0.0634683936834335	0.02967671988075939	10
OR2T6	0	0.0324733423069119	0.03628402820711091	10
OR2T7	0	0.05801548250019546	0.00011001488986946636	10
OR2T8	0	0.08034881949424741	0.03802119908969544	10
OR2V1	0	0.03792644552886482	0.009133297179217877	10
OR2V2	0	0.03523639291524883	0.00010957364936175433	10
OR2W1	0	0.03334210645407435	0.003421446042170433	10
OR2W3	0	0.0331058848649263	0.1470083534210063	10
OR2Y1	0	0.05604894421994679	0.04215828126475942	10
OR2Z1	0	0.034344076365232415	0.0002881980607634822	10
OR3A1	0	0.032352744042873326	0.06610308506545896	10
OR3A2	0	0.032850522175431204	0.001369234337880694	10
OR3A3	0	0.03311168178915973	0.00119059942880761	10
OR4A16	0	0.03304516989737745	0.1276603657562269	10
OR4A47	0	0.03320241943001741	0.008036988922148212	10
OR4A5	0	0.04035282209515567	0.009127737079404282	10
OR4B1	0	0.032255196943879086	0.08392546429747923	10
OR4C11	0	0.03461896870285268	0.00016290319188380517	10
OR4C12	0	0.03312879744917148	0.07799946015285267	10
OR4C13	0	0.03772325571626421	2.576173084924437e-05	10
OR4C15	0	0.03561818078160282	6.484165680282492e-05	10
OR4C3	0	0.034216813184320884	0.0014937171242475399	10
OR4C46	0	0.03529107309877868	0.0008005658052860189	10
OR4C5	0	0.05189909189939492	0.026711030403610465	10
OR4C6	0	0.033470512926578475	0.0011214437781145114	10
OR4D1	0	0.03275043107569215	0.0193444090313824	10
OR4D10	0	0.032299675233662076	0.00010675587397800737	10
OR4D11	0	0.037211523763835394	0.0772302635667548	10
OR4D2	0	0.03368468694388863	0.08251405445938484	10
OR4D5	0	0.032047821581363635	0.011022940158639494	10
OR4D6	0	0.03273747898638243	0.005135269343728509	10
OR4D9	0	0.03411099947988983	0.0020432278280336363	10
OR4E2	0	0.03372684419155117	0.0034835207941648913	10
OR4F15	0	0.03279657959938045	0.0033658131192754958	10
OR4F17	0	0.06157329156994815	5.398189293077828e-05	10
OR4F4	0	0.06116928830742831	3.0442503477950775e-05	10
OR4F5	0	0.051532423123717266	0.0006230597365068296	10
OR4F6	0	0.03286967333406205	8.268576937551437e-06	10
OR4K1	0	0.03388929255306717	0.0037623153372006017	10
OR4K13	0	0.03334074541926379	0.06371625482340242	10
OR4K14	0	0.03259268086403605	4.172431100366218e-06	10
OR4K15	0	0.03339488413184876	0.05177810753617708	10
OR4K17	0	0.03248123899102205	0.04387679213879132	10
OR4K2	0	0.03376736901700493	0.38361675355742103	10
OR4K5	0	0.032623420096933795	0.006687227615663624	10
OR4L1	0	0.03314451389014718	0.0013344997369113768	10
OR4M1	0	0.03291268218308681	7.229657457216015e-06	10
OR4N2	0	0.032095615006983234	0.0034028236193664983	10
OR4N4	0	0.033174708113074255	0.0012172717852829782	10
OR4N5	0	0.03366889525204893	0.00014694892634536068	10
OR4P4	0	0.03356622196733946	0.034767070264204454	10
OR4S1	0	0.03412950038909908	0.09203493515375336	10
OR4S2	0	0.034197218343615485	0.00015790798395421676	10
OR4X1	0	0.03347759228199716	0.00035263219089233923	10
OR4X2	0	0.03783141747117038	0.005290857677957855	10
OR51A2	0	0.0740747027099132	0.0004823611371542265	10
OR51A4	0	0.03332290016114707	0.04733403681626758	10
OR51A7	0	0.032954453490674426	1.1976069110652575e-05	10
OR51B2	0	0.03867782652378077	0.0007244625297220767	10
OR51B4	0	0.03165047056972976	0.003976583066157742	10
OR51B5	0	0.03397616744041438	3.0489652571875442e-05	10
OR51B6	0	0.03241993412375446	0.0007254818567757757	10
OR51D1	0	0.031964508816599804	0.007629083725367071	10
OR51E1	0	0.03265284709632393	0.001125830427407932	10
OR51E2	0	0.03477523103356357	0.0014993727395225308	10
OR51F1	0	0.037233361974358496	0.1560737888671574	10
OR51F2	0	0.03814617656171318	0.0005809977221916957	10
OR51G1	0	0.04011704213917253	0.008325954967474774	10
OR51G2	0	0.03269796874374148	0.009737614608699806	10
OR51I1	0	0.03341217432171101	0.08801539513279372	10
OR51I2	0	0.03299206625670191	0.0004936928133375331	10
OR51L1	0	0.03289730381220576	0.17114810483819637	10
OR51M1	0	0.032510287500917855	0.00160240324681973	10
OR51Q1	0	0.03311668243259186	3.1021333261137314e-05	10
OR51S1	0	0.03293040692806238	0.15602384094050353	10
OR51T1	0	0.03275106530636545	0.08721419551136474	10
OR51V1	0	0.03293097615242	0.0014184898546647287	10
OR52A1	0	0.03298200909048314	0.2815909473921857	10
OR52A5	0	0.03392452970147129	0.0008130830764403832	10
OR52B2	0	0.033077366836368985	0.29669360540409206	10
OR52B4	0	0.0388445178046822	0.0331247068352731	10
OR52B6	0	0.03266217429190868	0.004811998311127147	10
OR52D1	0	0.032186487503349744	0.014068910702738644	10
OR52E2	0	0.03348254375159735	0.159031985366116	10
OR52E4	0	0.03343214876949782	0.05390251065889794	10
OR52E6	0	0.033964114263653714	0.0014755854424164398	10
OR52E8	0	0.034212338924407906	0.008894515831990597	10
OR52H1	0	0.03310533538460727	0.027737179891963067	10
OR52I1	0	0.03540013059973713	0.0009495690898833167	10
OR52I2	0	0.03400799203664058	0.10228664162271764	10
OR52J3	0	0.03228306137025351	0.05283962044446503	10
OR52K1	0	0.0319576576352119	0.025245276732311916	10
OR52K2	0	0.03423968199640508	0.06937556288885799	10
OR52L1	0	0.0324711956083774	0.07915184968260054	10
OR52M1	0	0.032702133432030635	0.3696407412954596	10
OR52N1	0	0.032177338004112196	0.004841098312591626	10
OR52N2	0	0.034222599864006	0.00046571166572716746	10
OR52N4	0	0.03482644334435459	0.0009134130661261465	10
OR52N5	0	0.03311354555189606	3.0368059245501555e-05	10
OR52R1	0	0.0361565455794334	0.04704418576573479	10
OR52W1	0	0.03437956161797044	0.3936935762257487	10
OR56A1	0	0.03473686929792162	0.11464789993159097	10
OR56A3	0	0.03462479375302787	0.0005816152922727129	10
OR56A4	0	0.03332459442317481	0.0010988976710797939	10
OR56B1	0	0.03249976579099889	8.976873015556787e-05	10
OR56B3P	0	0.05594291277229781	0.0022624834010910783	10
OR56B4	0	0.03235295135527845	0.004484971814478137	10
OR5A1	0	0.03402046356350178	0.031434981680379045	10
OR5A2	0	0.05144984833896157	0.008104926477394981	10
OR5AC2	0	0.03359341286122794	0.006966762057230814	10
OR5AK2	0	0.035281097888946476	0.1012576562482009	10
OR5AN1	0	0.03334983307868237	0.21939989125007142	10
OR5AP2	0	0.03238931335508819	0.0002462483205422559	10
OR5AR1	0	0.03888775482773777	0.05928562679521725	10
OR5AS1	0	0.033347943425178474	0.07664247704154217	10
OR5AU1	0	0.03251658137887713	0.0027071459535476248	10
OR5B12	0	0.03287127707153556	0.000427278200981654	10
OR5B17	0	0.0377382986247539	0.0037743700957814674	10
OR5B2	0	0.032960380986332846	0.0005835791602165532	10
OR5B21	0	0.03235556967556472	0.06968639829721998	10
OR5B3	0	0.032534108497202355	0.0006367136295637088	10
OR5C1	0	0.03372426591813561	0.006067145892441254	10
OR5D13	0	0.10201800353825088	0.061128673978350145	10
OR5D14	0	0.03374008033424613	0.004654149861610721	10
OR5D16	0	0.0674133446067571	0.08173399972534526	10
OR5D18	0	0.03783840797841543	0.23556222118254305	10
OR5F1	0	0.0340640481561422	1.6334606864870486e-06	10
OR5H1	0	0.03372823987156149	0.3495128710278278	10
OR5H14	0	0.03399347253143784	0.07333852370125386	10
OR5H15	0	0.03396553620696063	0.00041931432753143313	10
OR5H2	0	0.03487036842852826	7.55538079746404e-05	10
OR5H6	0	0.03473999220877881	5.71187957686074e-06	10
OR5I1	0	0.0325083971023559	1.8240191915459485e-05	10
OR5J2	0	0.03194078058004375	0.00074861537672901	10
OR5K1	0	0.03468327056616541	0.0019554628599147365	10
OR5K2	0	0.03438148722052568	7.502655389750975e-05	10
OR5K3	0	0.03312094137072559	3.871482356190108e-05	10
OR5K4	0	0.03544414639472957	3.9027684162149233e-05	10
OR5L1	0	0.06562375947833056	0.001093023377084479	10
OR5L2	0	0.03346872143447393	2.8033980299830176e-05	10
OR5M1	0	0.03317787982523437	0.03447146880783762	10
OR5M10	0	0.03368434887379404	0.02775905146012784	10
OR5M11	0	0.03285089861601586	0.115692815920725	10
OR5M3	0	0.03341448288410898	0.024379415365355112	10
OR5M8	0	0.03314871545881028	0.0006048024621275293	10
OR5M9	0	0.03248703163117167	0.003950915957987527	10
OR5P2	0	0.03289568647742268	0.06372746425780626	10
OR5P3	0	0.03351212553679938	0.0018827505662694637	10
OR5R1	0	0.03904323205351824	0.01610960419964263	10
OR5T1	0	0.05820446833968159	0.00503479522572839	10
OR5T2	0	0.03378379363566633	0.02965597039886029	10
OR5T3	0	0.034309210069477514	8.813720754848705e-06	10
OR5V1	0	0.03281230069696897	0.0007784471353814164	10
OR5W2	0	0.03223598003387445	1.7715681510802544e-06	10
OR6A2	0	0.0321414321660995	0.00707742737602019	10
OR6B1	0	0.033015088550746405	0.015956452930114266	10
OR6B2	0	0.03306313008069988	0.0028370804496266316	10
OR6B3	0	0.03397005777806039	0.09691451546726625	10
OR6C1	0	0.0346066232770681	0.005686356976096754	10
OR6C2	0	0.032209103927016196	1.0296023420855454e-05	10
OR6C3	0	0.03337953947484488	0.0010690617121537963	10
OR6C4	0	0.03321516290307041	0.0033649240047233797	10
OR6C6	0	0.03177291490137573	0.00047150296676021843	10
OR6C65	0	0.03174142800271507	0.0001817804616599097	10
OR6C68	0	0.032736712321639015	0.0003133182741716159	10
OR6C70	0	0.03238269239664073	1.3236161004264712e-06	10
OR6C74	0	0.03289052583277222	0.11849966570373527	10
OR6C75	0	0.032069702446460666	0.012721496414272695	10
OR6C76	0	0.03240547813475126	0.00012118764495175531	10
OR6F1	0	0.032934314943850004	0.006693712888703162	10
OR6J1	0	0.05144230760633943	0.00020991912273660043	10
OR6K2	0	0.03295438606292006	0.018375705792470744	10
OR6K3	0	0.03362578842788929	0.00017762646271495718	10
OR6K6	0	0.03236529398709531	1.8100518992057314e-05	10
OR6M1	0	0.03162797223776575	0.08786780929633847	10
OR6N1	0	0.033193607255816424	1.152384841583766e-06	10
OR6N2	0	0.03203988187015052	0.1743043225472121	10
OR6Q1	0	0.03654852192848917	0.00046794556527730586	10
OR6S1	0	0.03405253477394576	0.003848232239143741	10
OR6T1	0	0.03290299512445921	0.016143292576065685	10
OR6V1	0	0.03240756522864098	0.09549091825232046	10
OR6X1	0	0.033097333461046166	0.10217026739975758	10
OR6Y1	0	0.03321843426674599	0.12013803079180693	10
OR7A10	0	0.03293603099882597	0.0002436122926428216	10
OR7A17	0	0.03921481594443317	0.0013212137514515073	10
OR7A5	0	0.05128916017711159	0.005930797799215526	10
OR7C1	0	0.06388651877641674	0.004127540389888984	10
OR7C2	0	0.033367135375738086	0.13548236105910713	10
OR7D2	0	0.05255273245275015	0.1904299140284343	10
OR7D4	0	0.03410813137888904	0.01751173666514587	10
OR7E24	0	0.06117534190416333	0.0002898561296989198	10
OR7G1	0	0.07687290236353869	0.0002541105966578502	10
OR7G2	0	0.06041662804782385	0.0028468073959708228	10
OR7G3	0	0.048888102918863266	0.0369241731766503	10
OR8A1	0	0.03996413163840765	0.0006490156224472307	10
OR8B12	0	0.03308023475110527	0.1808929273498955	10
OR8B2	0	0.03149869404733176	0.04271037499151637	10
OR8B3	0	0.03178371917456384	0.009963679730445752	10
OR8B4	0	0.03342388290911907	0.21124239115405072	10
OR8B8	0	0.033296465314924674	0.005284560828539895	10
OR8D1	0	0.06245597302913662	0.6033625468561248	10
OR8D2	0	0.03969357274472709	0.010530170672769621	10
OR8D4	0	0.03608634434640402	4.06139223838023e-05	10
OR8G1	0	0.05240528769791122	0.07895557813630596	10
OR8G5	0	0.04271654300391668	0.0015957358406848965	10
OR8H1	0	0.033054179139435244	0.0007983617306847529	10
OR8H2	0	0.033458619937300635	0.014714415675431209	10
OR8H3	0	0.03493199422955509	0.0008608482896353603	10
OR8I2	0	0.03368233945220703	0.0006699591247966046	10
OR8J1	0	0.0332564484328031	0.09183762893096034	10
OR8J3	0	0.032748117111623246	0.0021000041918564742	10
OR8K1	0	0.03281471319496626	7.52022160485514e-05	10
OR8K3	0	0.03852553144097322	0.02178642598343512	10
OR8K5	0	0.0336420681327581	0.0014605664821570885	10
OR8S1	0	0.03581446148455139	1.6014703794189275e-05	10
OR8U1	0	0.03657902795821424	0.0003346581064513134	10
OR9A2	0	0.03299800846725698	0.000990581121151002	10
OR9A4	0	0.0396799815818667	7.04860446039281e-05	10
OR9G1	0	0.03363663721829649	0.010625236654598129	10
OR9G4	0	0.03310161847621198	0.04023639919185078	10
OR9I1	0	0.03300245366990562	0.0007716502550006662	10
OR9K2	0	0.03344845138490196	0.0006382268668228627	10
OR9Q1	0	0.03391876872628922	0.0038932772818179757	10
OR9Q2	0	0.03385191336274141	0.0017457882158582426	10
ORAI1	0	0.050532664731144886	0.7642160207097695	10
ORAI2	0	0.08855637498199936	0.00449515495954092	10
ORAI3	0	0.03422436825931069	0.0046977643462630505	10
ORAOV1	0	0.03313965704292053	0.0058092188890326805	10
ORC1	0	0.04842385537922378	0.15013464031866966	10
ORC2	0	0.1789776667952537	0.07857556114559514	10
ORC3	0	0.05956560075283048	0.009329294174016983	10
ORC4	0	0.1050247028470039	0.019280830429340583	10
ORC5	0	0.04080876074731345	0.0007489945780386699	10
ORC6	0	0.04352913834154603	0.0002467525460511248	10
ORM1	0	0.03255932498723263	0.0013300327619513899	10
ORM2	0	0.03269763328135009	0.004448657938771995	10
ORMDL1	0	0.0971029587090015	0.000509641566558934	10
ORMDL2	0	0.037499551475048035	0.0013518497054406582	10
ORMDL3	0	0.060995802655816035	0.03641777818346658	10
OS9	0	0.14521014243364333	0.05678265429064826	10
OSBP	0	0.713138285279274	0.1378422207192768	10
OSBP2	0	0.10640198141336436	0.742871074550788	10
OSBPL10	0	0.09275401495397084	0.1259176482267779	10
OSBPL11	0	0.48288424015045167	0.24921322023318754	10
OSBPL1A	0	0.15708386823534964	0.7071346700455459	10
OSBPL2	0	0.12362084835767742	0.05577197452689699	10
OSBPL3	0	0.1378848113119602	0.1865118768419833	10
OSBPL5	0	0.07633104659616943	0.25997122116261967	10
OSBPL6	0	0.8696574747562409	0.7761928572675425	10
OSBPL7	0	0.12829211279749866	0.38642799827557106	10
OSBPL8	0	0.5644380062818527	0.42480850922445246	10
OSBPL9	0	0.45613179802894593	0.6621728254971446	10
OSCAR	0	0.045950796827673855	1.6244786022237985e-05	10
OSCP1	0	0.03329720683395858	0.07153564146823913	10
OSER1	0	0.08432945311069483	0.01618455006156808	10
OSGEP	0	0.0571072276681661	0.07110353973801292	10
OSGEPL1	0	0.03449577372521157	0.0007126880791042335	10
OSGIN1	0	0.04190937355160708	0.21023174371322226	10
OSGIN2	0	0.11027816794812675	0.17073248725864199	10
OSM	0	0.049919668957591014	0.001953696368591249	10
OSMR	0	0.04546365626156326	0.1671257716671643	10
OSR1	0	0.2179237067699432	0.0035412896091793155	10
OSR2	0	0.053210432082414584	0.001073632036662725	10
OSTC	0	0.05421137325465673	0.0002641450846188828	10
OSTF1	0	0.04938784576952453	0.003585867729166058	10
OSTM1	0	0.10143962725996969	0.00343216144361026	10
OSTN	0	0.03462238833308215	0.0009252055752158421	10
OTC	0	0.19569620862603182	0.0002436874454510121	10
OTOA	0	0.055149680748581856	0.13109288378227063	10
OTOF	0	0.05546546839177605	0.8440496822618411	10
OTOGL	0	0.08433794900774952	0.5913110716388199	10
OTOL1	0	0.034074642136692965	0.2905520205148891	10
OTOP1	0	0.04107456095516678	0.2944935227675825	10
OTOP2	0	0.0346686271950602	0.08442858206156362	10
OTOP3	0	0.03659736216068264	0.004589856976753595	10
OTOR	0	0.03270377609878774	0.00011863505368660649	10
OTOS	0	0.04157535508275028	0.000287913491434943	10
OTP	0	0.21774994283914562	0.7792795030619282	10
OTUB1	0	0.42786942720413207	0.3613931311653379	10
OTUB2	0	0.0316273650154471	0.05196165556369359	10
OTUD3	0	0.049031532555818505	0.4395808544072427	10
OTUD4	0	0.5084997788071632	0.4107690096560792	10
OTUD5	0	0.6203403502702713	0.9799019851904441	10
OTUD6A	0	0.0482696212828159	0.0002746984631401075	10
OTUD6B	0	0.03675337061285968	0.0004956239340749566	10
OTUD7A	0	0.6394984930753708	0.5314250216357606	10
OTUD7B	0	0.2368617787957191	0.36047324756928356	10
OTX1	0	0.33272268325090404	0.49203208102047336	10
OTX2	0	0.4050195261836052	0.008129490135905795	10
OVCA2	0	0.04099577311426396	0.000947669065152728	10
OVCH1	0	0.06512872874736782	0.006654569495534622	10
OVCH1-AS1	0	0.05893945805728432	0.0001236059617825679	10
OVCH2	0	0.053967973217368057	6.927181942364521e-05	10
OVGP1	0	0.03372668791562314	0.10282526297677426	10
OVOL1	0	0.16719514578580855	0.0010079648364018966	10
OVOL2	0	0.06575436592102046	0.26893497354604906	10
OXA1L	0	0.05396574251353735	0.002085394602609294	10
OXCT1	0	0.3106146976351738	0.3260596218630544	10
OXER1	0	0.03664366677403444	0.02451888796452365	10
OXGR1	0	0.03218833897262806	0.00044878671257199626	10
OXLD1	0	0.035558725148439364	0.05448455658473704	10
OXNAD1	0	0.03799606710672373	0.007773942436376985	10
OXR1	0	0.5282720103859901	0.21237298668641552	10
OXSM	0	0.03735132664442057	0.00020947658484054725	10
OXSR1	0	0.5955815017223358	0.42068842615389385	10
OXT	0	0.06741917096078391	0.0008235667588494817	10
OXTR	0	0.03974364660680289	0.009702433849001008	10
P2RX1	0	0.036784866452217055	0.050407651666065756	10
P2RX2	0	0.04715465009212489	0.0032671003813210843	10
P2RX3	0	0.05014817789196964	0.1699149330886157	10
P2RX4	0	0.05651045106351371	0.0019480855991441779	10
P2RX5	0	0.03780945930629962	0.0013596161623061328	10
P2RX5-TAX1BP3	0	0.18336314782500263	0.023424893011362087	10
P2RX6	0	0.04310086965560908	0.005832378604771768	10
P2RX7	0	0.06118045747280117	0.01650060717362245	10
P2RY1	0	0.06663720309734339	0.548298907303305	10
P2RY10	0	0.03767258934676642	0.11436170255473296	10
P2RY11	0	0.03431253209710117	0.001956057335882958	10
P2RY12	0	0.04124304186552759	0.08696986457467093	10
P2RY13	0	0.03616363815963264	0.5410495736194576	10
P2RY14	0	0.03833895660936827	0.0009986819056458773	10
P2RY2	0	0.04216866903007026	0.0074903825831461	10
P2RY4	0	0.03446213286370036	0.03134233189509959	10
P2RY6	0	0.037897034361958445	0.0001704887550238877	10
P2RY8	0	0.04317812658846374	0.06968250519207603	10
P4HA1	0	0.3447508305311203	0.3056008153706983	10
P4HA2	0	0.05398655533790583	0.23469327807472945	10
P4HA3	0	0.03504940271377559	0.01877174845024746	10
P4HB	0	0.45414226651191714	0.6215017363738888	10
P4HTM	0	0.07817851379513738	0.22108421442055676	10
PA2G4	0	0.5561009496450424	0.14581295785329831	10
PAAF1	0	0.05547472573816771	0.0055878093156289475	10
PABPC1	0	0.7680370211601257	0.595997043576274	10
PABPC1L	0	0.04856841266155239	0.06623246125127838	10
PABPC1L2A	0	0.07086003310978409	0.9574345148506789	10
PABPC3	0	0.03507835362106555	0.8431841982837671	10
PABPC4	0	0.8426317870616913	0.3045043160813763	10
PABPC4L	0	0.07451732978224748	0.03680016004571301	10
PABPC5	0	0.1700233533978462	0.01521170492279433	10
PABPN1	0	0.3832890748977661	0.9869354982532969	10
PABPN1L	0	0.05016024373471732	0.11884695169729971	10
PACRG	0	0.04383582137525077	0.0003452416178746188	10
PACRGL	0	0.03787893354892726	0.3842360411448429	10
PACS1	1	0.8809927800970693	0.7173143364109257	620
PACS2	0	0.5229804307222367	0.24283141982845796	10
PACSIN1	0	0.5220796972513199	0.9469151116643871	10
PACSIN2	0	0.07226594835519785	0.3238808627967452	10
PACSIN3	0	0.051764600723981834	0.019982994635791278	10
PADI1	0	0.03508679829537864	0.28440147752706346	10
PADI2	0	0.04591127149760718	0.02311683519988042	10
PADI3	0	0.03574307709932323	0.4653204585212311	10
PADI4	0	0.03785206638276573	0.1026915978834461	10
PAEP	0	0.0331084985285997	0.01563764637685089	10
PAF1	0	0.18169190287590023	0.5969114476930863	10
PAFAH1B1	0	0.7612581014633178	0.6252162268404217	10
PAFAH1B2	0	0.3077622771263122	0.41485291075334246	10
PAFAH1B3	0	0.13458977490663523	0.26724463601839865	10
PAFAH2	0	0.03642213083803649	0.00047768054758077816	10
PAG1	0	0.08592440523207183	0.12876944347216457	10
PAGE1	0	0.04459315761923785	0.0331483501668	10
PAGE2	0	0.03389338720589872	0.0007959294133122243	10
PAGE2B	0	0.032802796922624076	8.603137035617352e-05	10
PAGE3	0	0.04294253699481482	2.8291344678830495e-05	10
PAGE4	0	0.04356481209397312	0.0002415487108049262	10
PAGE5	0	0.03290674723684784	0.007013454602491713	10
PAGR1	0	0.1417236968874931	0.01075090752986062	10
PAH	0	0.05304079279303546	0.049775597777649325	10
PAICS	0	0.0551317781209945	0.2034443488376969	10
PAIP1	0	0.5072301924228668	0.08969371802495361	10
PAIP2	0	0.2172270596027374	0.08631740452654584	10
PAIP2B	0	0.039038588106632174	0.3022533109316111	10
PAK1	0	0.4859859824180603	0.11152407409079564	10
PAK1IP1	0	0.10583345964550968	0.0026037860086287772	10
PAK2	0	0.8213891625404358	0.4249613822061743	10
PAK3	0	0.8046546936035156	0.718367285240187	10
PAK4	0	0.04641412347555154	0.8574177059460503	10
PAK6	0	0.04812120087444779	0.15622368626725963	10
PAK7	0	0.5815372377634048	0.4631483458694562	10
PALB2	0	0.05101302340626711	0.15919853171072146	10
PALD1	0	0.048528701066970784	0.1647990344837303	10
PALLD	0	0.08855488039553162	0.7390060572915272	10
PALM	0	0.16760815903544427	0.8142063486849832	10
PALM2-AKAP2	0	0.05543374046683307	0.8733243547262586	10
PALMD	0	0.08515880703926082	0.029527042220711848	10
PAM	0	0.15827836394309994	0.07880167875804303	10
PAM16	0	0.03599997591227289	3.381278522887613e-05	10
PAMR1	0	0.04247664995491499	0.0033987190925023466	10
PAN2	0	0.5884231775999069	0.07403669819051724	10
PAN3	0	0.806903088092804	0.6521435154956425	10
PANK1	0	0.06338671632111068	0.141702477701126	10
PANK2	0	0.07415142506361003	0.13032468062899824	10
PANK3	0	0.14526381567120547	0.5713223228781205	10
PANK4	0	0.5976507097482682	0.7235884983171275	10
PANX1	0	0.04065826125442977	0.002776549219650318	10
PANX2	0	0.11827063038945192	0.10882685095495696	10
PANX3	0	0.0356603372842073	0.00017734806930267113	10
PAOX	0	0.03242465257644648	0.010684808462488793	10
PAPD4	0	0.05215933993458742	0.7987391386704551	10
PAPD5	0	0.4943214237689972	0.5686891053902077	10
PAPD7	0	0.7817760437726975	0.9053493131807269	10
PAPL	0	0.0394446343183517	4.430941983657892e-05	10
PAPLN	0	0.04987801723182197	0.15282488044806924	10
PAPOLA	0	0.7966923117637634	0.7822201432083172	10
PAPOLB	0	0.04965273104608056	0.31063564657225384	10
PAPOLG	0	0.8609225332736969	0.5364197230136349	10
PAPPA	0	0.2048019669950008	0.7793501005456167	10
PAPPA2	0	0.1360738575458526	0.4779288118612285	10
PAPSS1	0	0.13091934174299236	0.37435570985429634	10
PAPSS2	0	0.0395991619676351	0.01858967759583772	10
PAQR3	0	0.04775636233389372	0.12969815815775315	10
PAQR4	0	0.03781676404178138	0.0015021599649734235	10
PAQR5	0	0.03751818686723703	0.0532119352005863	10
PAQR6	0	0.05665284879505629	0.016901404699817463	10
PAQR7	0	0.03744135126471515	0.0073380691672542036	10
PAQR8	0	0.05725667625665661	0.022899523026962458	10
PAQR9	0	0.05856723077595229	0.1826570415113185	10
PARD3	0	0.3300690859556198	0.8778439743149059	10
PARD3B	0	0.06287459507584567	0.7099639951673942	10
PARD6A	0	0.05677843652665611	0.04297666116928949	10
PARD6B	0	0.11950280256569383	0.0846514516632381	10
PARD6G	0	0.04625019803643223	0.06284277183220785	10
PARK2	0	0.06285397224128242	0.03616590361602927	10
PARK7	0	0.24017072170972825	0.02872561947948842	10
PARL	0	0.06369318366050716	0.0011204201844436262	10
PARM1	0	0.03639694936573499	0.42875514393238534	10
PARN	0	0.07506175674498078	0.12681291014296095	10
PARP1	0	0.38584377169609063	0.8869340828683272	10
PARP10	0	0.04966817349195476	0.6680387552609689	10
PARP11	0	0.05765479207038876	0.33206045205986645	10
PARP12	0	0.03533500470221039	0.18132050700906793	10
PARP14	0	0.1453257225453853	0.2599761071288788	10
PARP15	0	0.03303370401263233	0.01868289186075658	10
PARP16	0	0.03618448078632349	0.0015738300615207826	10
PARP2	0	0.08112054243683811	0.014256825714783261	10
PARP3	0	0.037966293469071336	0.12262281978099324	10
PARP4	0	0.04043847471475595	0.06594087827883796	10
PARP6	0	0.8349669337272644	0.15215395635675866	10
PARP8	0	0.4280155062675476	0.8304512666728081	10
PARP9	0	0.03475366719067091	0.0027459085917882443	10
PARPBP	0	0.03602685034275051	0.15740823181024238	10
PARS2	0	0.032241790555417496	0.00611377196747243	10
PARVA	0	0.07944879010319707	0.5348152446230119	10
PARVB	0	0.03798202276229854	0.04531352115581162	10
PARVG	0	0.0329892491921782	0.00107892017506902	10
PASD1	0	0.13757309727370734	0.16131891167939333	10
PASK	0	0.04624277204275126	0.16898833422196155	10
PATE1	0	0.04308618251234288	7.28490187074513e-05	10
PATE2	0	0.03352279104292389	0.00031379347158280485	10
PATL1	0	0.3025606215000153	0.2893477462466372	10
PATL2	0	0.06365082822740073	0.22655228070027186	10
PATZ1	0	0.8827007412910461	0.26103688813555853	10
PAWR	0	0.06916521973907944	0.347994488457015	10
PAX1	0	0.06974669508635993	0.5976014381307528	10
PAX2	0	0.2728573754429817	0.8023701374423476	10
PAX3	0	0.18617501184344287	0.2482509644487764	10
PAX4	0	0.04639374800026412	3.094362456488106e-05	10
PAX5	1	0.3863705412823096	0.23525382903310305	622
PAX6	0	0.776494637131691	0.1901506289327443	10
PAX7	0	0.06970151290297502	0.6797115208320014	10
PAX8	0	0.4236906677484512	0.017082483259911553	10
PAX9	0	0.07207204736769193	0.11778555133425084	10
PAXBP1	0	0.9008152842521667	0.8266333625121529	10
PAXIP1	0	0.6758082419633865	0.21815231275445432	10
PAXIP1-AS2	0	0.049598253145813884	0.029688462866756672	10
PBDC1	0	0.12445915564894672	0.0007942683686777598	10
PBK	0	0.03979618679732079	0.01341399034807087	10
PBLD	0	0.04207218475639816	0.00284675261833269	10
PBOV1	0	0.05853735171258445	0.008621763338577	10
PBRM1	0	0.9159700453281403	0.9897888130947969	10
PBX1	0	0.8389687538146973	0.5787827908121705	10
PBX2	0	0.38779887259006496	0.7426225945189252	10
PBX3	0	0.32468198686838146	0.6958523111924055	10
PBX4	0	0.04142124913632867	0.00043263604516962365	10
PBXIP1	0	0.07155761420726772	0.15520724829635144	10
PC	0	0.31063445359468456	0.8789538324758202	10
PCBD1	0	0.0727111846208572	0.0001332246467377032	10
PCBD2	0	0.03408978208899493	0.003703336025954934	10
PCBP1	0	0.5888613283634185	0.024107918770610245	10
PCBP2	0	0.6950091898441315	0.18836420830085482	10
PCBP3	0	0.26044631153345105	0.08530765142055687	10
PCBP4	0	0.12145919278264042	0.0419572358345928	10
PCCA	0	0.09153311811387535	0.34162211505365175	10
PCCB	0	0.04683571569621559	0.21686247133598197	10
PCDH1	0	0.734476524591446	0.7975846633082789	10
PCDH10	0	0.753914350271225	0.794182391212255	10
PCDH11X	0	0.15938637927174565	0.9897090913466942	10
PCDH11Y	0	0.08101134449243542	0.8141148278599528	10
PCDH12	0	0.04024321660399433	0.28349979691013943	10
PCDH15	0	0.06369325704872603	0.9397521379309547	10
PCDH17	0	0.7228925347328186	0.7595843843366061	10
PCDH18	0	0.14877365380525587	0.31165968031333585	10
PCDH19	1	0.8563381308823629	0.7774129284233278	612
PCDH20	0	0.3546315491199493	0.21256798691418308	10
PCDH7	0	0.2529022306203842	0.994246909934384	10
PCDH8	0	0.10028153881430621	0.5798155334446593	10
PCDH9	0	0.7974619150161744	0.9911015915224798	10
PCDHA1	0	0.0384389173239469	0.5720327334249465	10
PCDHA10	0	0.04538124650716777	0.7007849900525368	10
PCDHA11	0	0.03642250150442119	0.5394115937107214	10
PCDHA12	0	0.03670128062367433	0.16041950581544764	10
PCDHA13	0	0.03723689988255496	0.782221284400314	10
PCDHA2	0	0.03619522601366039	0.8992662035179336	10
PCDHA3	0	0.04541149064898488	0.8155998584621381	10
PCDHA4	0	0.0368623454123735	0.845745948638239	10
PCDHA5	0	0.03614084683358665	0.4956846104554131	10
PCDHA6	0	0.04784339666366573	0.47182436149526347	10
PCDHA7	0	0.043181265145540174	0.9450112387243225	10
PCDHA8	0	0.03494175449013706	0.7626375650949397	10
PCDHA9	0	0.034346722066402394	0.6207658221970881	10
PCDHAC1	0	0.036490135267376864	0.8973767814254107	10
PCDHAC2	0	0.2056023016571998	0.6217670190436599	10
PCDHB1	0	0.03522708304226394	0.19402020451902052	10
PCDHB10	0	0.04216621965169901	0.2721811286592934	10
PCDHB11	0	0.03495713453739878	0.26127027718439566	10
PCDHB12	0	0.03268239721655841	0.13569306726474845	10
PCDHB13	0	0.040921379998326256	0.7611827417250939	10
PCDHB14	0	0.07035509459674354	0.5619307050246031	10
PCDHB15	0	0.04481698907911773	0.2702261148846698	10
PCDHB16	0	0.04019529670476908	0.06566404434482341	10
PCDHB17	0	0.05793797895312304	0.5288324410830759	10
PCDHB2	0	0.04053665921092028	0.09921236316055326	10
PCDHB3	0	0.03940486237406727	0.1772839776040311	10
PCDHB4	0	0.0422558076679706	0.5118774049143399	10
PCDHB5	0	0.03910402059555048	0.9749841092167871	10
PCDHB6	0	0.03990109786391255	0.8259101964706167	10
PCDHB7	0	0.03827629163861272	0.30487419544473243	10
PCDHB8	0	0.03896123766899105	0.24971278512136547	10
PCDHGA1	0	0.03866734281182286	0.7633510339388978	10
PCDHGA10	0	0.07018414288759227	0.40511003028947956	10
PCDHGA11	0	0.03652951084077352	0.8704239836172558	10
PCDHGA12	0	0.03794378899037833	0.9407731439370137	10
PCDHGA2	0	0.03906736522912974	0.8932676775751917	10
PCDHGA3	0	0.03749520555138583	0.8402635448053131	10
PCDHGA4	0	0.05076657868921752	0.7727398580355608	10
PCDHGA5	0	0.045030454173684085	0.9899058674208906	10
PCDHGA6	0	0.03886143434792752	0.8559581167300727	10
PCDHGA7	0	0.03730366043746467	0.6907929730887421	10
PCDHGA8	0	0.034892654418945256	0.74745656489771	10
PCDHGA9	0	0.042789592593908236	0.5933174223210749	10
PCDHGB1	0	0.04594438411295411	0.8177010978632021	10
PCDHGB2	0	0.03682346157729621	0.9508310408202323	10
PCDHGB3	0	0.04114991985261436	0.7704018452547604	10
PCDHGB4	0	0.03817736916244024	0.825800958304167	10
PCDHGB6	0	0.03630399256944652	0.7773870988800619	10
PCDHGB7	0	0.04069226086139675	0.8355306905958317	10
PCDHGC3	0	0.10559799149632451	0.9653654057178513	10
PCDHGC4	0	0.3784991025924683	0.3112831664900493	10
PCDHGC5	0	0.06279206089675424	0.7730311545610793	10
PCDP1	0	0.04030871987342831	0.18013111065038706	10
PCED1A	0	0.04953022897243496	0.15558407440547278	10
PCED1B	0	0.07686630934476849	0.035104437717366745	10
PCF11	0	0.8442165672779083	0.8870132579714779	10
PCGF1	0	0.40512254536151887	0.018020852178440912	10
PCGF2	0	0.15958918109536166	0.9533745794477937	10
PCGF3	0	0.5091529279947281	0.47469588576933947	10
PCGF5	0	0.3940347984433174	0.13788744217826496	10
PCGF6	0	0.05287540368735786	0.04818679143393225	10
PCID2	0	0.12459788285195823	0.024208356162788616	10
PCIF1	0	0.7056470155715943	0.06821927397402801	10
PCK1	0	0.052724814042448956	0.2892055256382412	10
PCK2	0	0.04351028501987453	0.03468667166186063	10
PCLO	0	0.8169932842254639	0.9888240157389129	10
PCM1	0	0.22135446593165392	0.7444101747210676	10
PCMT1	0	0.4473285585641861	0.27705438034735425	10
PCMTD1	0	0.33447418510913846	0.00584250926748038	10
PCMTD2	0	0.09785315170884128	0.2914175013969967	10
PCNA	0	0.2950016885995865	0.015215928508459809	10
PCNP	0	0.20430819839239117	0.019154519351784895	10
PCNT	0	0.09466764256358143	0.15469962984892655	10
PCNX	0	0.8257188498973846	0.9023274852394925	10
PCNXL2	0	0.10309572443366047	0.9518888267258874	10
PCNXL3	0	0.6182737708091736	0.1788267452956819	10
PCNXL4	0	0.16386117115616794	0.5356145625976396	10
PCOLCE	0	0.04343504160642618	0.00027934009553736474	10
PCOLCE2	0	0.040619570761919	0.07247070243062828	10
PCP2	0	0.056988069415092414	0.03108511489692726	10
PCP4	0	0.09650251343846317	0.01585689006526434	10
PCP4L1	0	0.0362432394176721	0.00010988265895364868	10
PCSK1	0	0.06727499365806575	0.13832225609761056	10
PCSK1N	0	0.3546338260173797	0.11922170121490898	10
PCSK2	0	0.8459657371044159	0.1611276724660609	10
PCSK4	0	0.038281372934579797	0.2361846465905942	10
PCSK5	0	0.2663040444254875	0.28559501251516417	10
PCSK6	0	0.11588891744613643	0.33018078167956866	10
PCSK7	0	0.20525060221552843	0.10940723832341837	10
PCSK9	0	0.04787272028625008	0.018873432734542554	10
PCTP	0	0.03422890584915874	0.00030564710315807327	10
PCYOX1	0	0.08330524414777751	0.027500320633808157	10
PCYOX1L	0	0.04004307035356755	0.02367868110735051	10
PCYT1A	0	0.059613133594393686	0.11563861226490384	10
PCYT1B	0	0.29344177544116967	0.059607166649756384	10
PCYT2	0	0.06504238881170746	0.01065513982482112	10
PDAP1	0	0.14890639074146744	0.13121592174552182	10
PDC	0	0.04272168427705761	0.08672363622031033	10
PDCD1	0	0.049243109673261586	0.0006632217009260588	10
PDCD10	0	0.35462297350168226	0.03842624470169892	10
PDCD11	0	0.10352008491754527	0.8227210648650416	10
PDCD1LG2	0	0.036533126235008206	0.04103331395201966	10
PDCD2	0	0.04537463709712025	0.015860594467610612	10
PDCD2L	0	0.0330873873084783	0.002979101163779367	10
PDCD4	0	0.092596211284399	0.02904073366695909	10
PDCD5	0	0.08618486486375328	0.010106639936519921	10
PDCD6	0	0.0872555166482925	0.0013533001427765206	10
PDCD6IP	0	0.28027270287275313	0.44858659108485466	10
PDCD7	0	0.1354117944836616	0.0018267985121398875	10
PDCL	0	0.08531806208193297	0.232842828974049	10
PDCL2	0	0.03375956360250707	0.00010385372050206541	10
PDCL3	0	0.03855335712432855	8.874104773263138e-06	10
PDDC1	0	0.12033405415713783	0.02422009674682427	10
PDE10A	0	0.8439686119556427	0.8326370086995727	10
PDE11A	0	0.04472132213413711	0.5064521845826737	10
PDE12	0	0.08158128857612605	0.27241648299397414	10
PDE1A	0	0.16393214911222453	0.06050171661924869	10
PDE1B	0	0.20077112838625905	0.33814194915227475	10
PDE1C	0	0.06504433192312714	0.6666508884335317	10
PDE2A	0	0.680798077583313	0.09502254802327517	10
PDE3A	0	0.18041863441467282	0.5216564925749474	10
PDE3B	0	0.12926870211958882	0.06224301744647116	10
PDE4A	0	0.6004832684993744	0.9562585939843811	10
PDE4B	0	0.6041766107082367	0.6757747652798025	10
PDE4C	0	0.04287185482680793	0.03145610594472499	10
PDE4D	0	0.9226601362228394	0.7000094787085377	10
PDE5A	0	0.09793121665716169	0.6126187065124908	10
PDE6A	0	0.041621306166052766	0.389153010952087	10
PDE6B	0	0.045282099023461295	0.22549532066041378	10
PDE6C	0	0.042815794050693454	0.18355410692967758	10
PDE6D	0	0.05973191745579239	0.00182060659941707	10
PDE6G	0	0.04191729240119454	0.005853422701841888	10
PDE6H	0	0.03519745934754605	4.443900207302202e-08	10
PDE7A	0	0.13250140137970443	0.09644805990548055	10
PDE7B	0	0.14106965288519854	0.20897194107971284	10
PDE8A	0	0.06510020755231377	0.4605200718298411	10
PDE8B	0	0.7176637828350068	0.6716556897653116	10
PDE9A	0	0.08456815034151074	0.0854184625702207	10
PDF	0	0.05599957369267935	0.02899000389698751	10
PDGFA	0	0.09676868468523021	0.5709447738583754	10
PDGFB	0	0.08055029623210425	0.1819099659279285	10
PDGFC	0	0.4194123074412346	0.21438429299473957	10
PDGFD	0	0.03930137678980823	0.05144871085716009	10
PDGFRA	0	0.6566071212291718	0.9044931325890027	10
PDGFRB	0	0.30072921812534326	0.08751972439997385	10
PDGFRL	0	0.038362168148159945	0.14063068114777214	10
PDHA1	0	0.6278192609548569	0.004319691055409123	10
PDHA2	0	0.042047753930091795	0.02144229612461112	10
PDHB	0	0.15031128302216526	4.5386920457669776e-05	10
PDHX	0	0.06821748092770571	0.13393225132918163	10
PDIA2	0	0.06942294053733344	0.14233240503474437	10
PDIA3	0	0.46967424750328063	0.21238023138994605	10
PDIA4	0	0.06458985246717924	0.925682253255483	10
PDIA5	0	0.044145630300044945	0.1975614559674914	10
PDIA6	0	0.23081805557012552	0.20590503423270717	10
PDIK1L	0	0.24117245152592653	0.027207096932037173	10
PDILT	0	0.03292844407260414	0.04733315226535386	10
PDK1	0	0.04691878147423261	0.3012593510799608	10
PDK2	0	0.07324211336672304	0.24842313720410286	10
PDK3	0	0.058425087854266124	0.0003954069038559463	10
PDK4	0	0.04445086419582362	0.0032099909767652874	10
PDLIM1	0	0.04992328323423857	0.06998263312528578	10
PDLIM2	0	0.06395524553954599	0.0005809140743895862	10
PDLIM3	0	0.05020952932536597	0.40529249820072477	10
PDLIM4	0	0.11520686633884902	0.002910740385499982	10
PDLIM5	0	0.09180702343583101	0.01581757658132103	10
PDLIM7	0	0.07908359467983242	0.01821286573963123	10
PDP1	0	0.26226640641689297	0.061648046207468145	10
PDP2	0	0.04224295280873771	0.09323645402264144	10
PDPK1	0	0.8055492579936981	0.46375737297065783	10
PDPN	0	0.04151532724499696	0.024058818141451752	10
PDPR	0	0.07362814955413335	0.5280283146642617	10
PDRG1	0	0.04199700243771072	0.03642105886120443	10
PDS5A	0	0.906118756532669	0.8664377892019404	10
PDS5B	0	0.9379335105419159	0.8967949267407251	10
PDSS1	0	0.03601661995053288	0.027388955584271107	10
PDSS2	0	0.0492094781249761	0.009063598061132518	10
PDX1	0	0.06808279752731318	0.0716823558114865	10
PDXDC1	0	0.07746446877717968	0.48008934252746194	10
PDXK	0	0.1339474648237228	0.03906336877345919	10
PDXP	0	0.044103743880987124	0.23074880758690428	10
PDYN	0	0.04335540421307082	0.00840286780778628	10
PDZD11	0	0.07430134713649747	2.327049757754537e-06	10
PDZD2	0	0.23790855854749676	0.9273718429164128	10
PDZD3	0	0.03460619356483216	0.00406538891366043	10
PDZD4	0	0.43124443143606184	0.6294096790557544	10
PDZD7	0	0.05094429403543468	0.7117598975091399	10
PDZD8	0	0.8075530171394348	0.8143762612589607	10
PDZD9	0	0.03289642799645657	0.00040976196468815485	10
PDZK1	0	0.06169186085462565	8.16598257688629e-05	10
PDZK1IP1	0	0.032640070654451805	0.0014331367826636928	10
PDZRN3	0	0.40674350708723067	0.2559230407651413	10
PDZRN4	0	0.06547607183456416	0.31721638213963604	10
PEA15	0	0.21215267628431317	0.26265149600161036	10
PEAK1	0	0.1866877563297748	0.7532887979438354	10
PEAR1	0	0.04202938340604301	0.04350178958064304	10
PEBP1	0	0.15067488700151438	0.022390559690841114	10
PEBP4	0	0.03345362227410072	0.0007247581843368544	10
PECR	0	0.03379267454147335	0.0002198032834542113	10
PEF1	0	0.057742001488804776	0.025974426904619635	10
PEG10	0	0.35032433792948725	0.0853320660390304	10
PEG3	0	0.18160671293735503	0.689174784550158	10
PELI1	0	0.2779370531439781	0.24926350619124538	10
PELI2	0	0.22896577641367907	0.5503125744563006	10
PELI3	0	0.06864004544913763	0.07911518191165351	10
PELO	0	0.048323550075292536	0.2115775658568247	10
PELP1	0	0.7580935001373291	0.39274377819997486	10
PEMT	0	0.04796809330582616	0.0003873414696107424	10
PENK	0	0.04042076170444483	0.0011027050371272265	10
PEPD	0	0.06306916698813433	0.005703297223277401	10
PER1	0	0.2126993648707866	0.5326235390822178	10
PER2	0	0.19031236469745633	0.5157736308038132	10
PER3	0	0.10171729698777195	0.5502997885606791	10
PERP	0	0.04515654332935805	0.01026111605053693	10
PES1	0	0.09880123399198051	0.10020431912037	10
PET112	0	0.0432614747434854	0.009815436668827534	10
PEX1	0	0.15157009512186048	0.05942496893312097	10
PEX10	0	0.04197297841310496	0.0010233784136791837	10
PEX11A	0	0.03498040400445458	1.1819984416139889e-05	10
PEX11B	0	0.053615905344486195	3.407622849386229e-05	10
PEX11G	0	0.045769101381301844	0.016570473681791018	10
PEX12	0	0.03638532646000381	0.0038141505526459152	10
PEX13	0	0.053245116397738414	0.028655605669722077	10
PEX14	0	0.0789004366844892	0.10621269647590001	10
PEX16	0	0.04600048996508116	0.00010783346826359922	10
PEX19	0	0.03606858737766737	0.14375909705872675	10
PEX2	0	0.0678462773561477	0.0004342612352735989	10
PEX26	0	0.09687126129865643	0.21973441723976156	10
PEX3	0	0.06435448005795476	0.04988709873753917	10
PEX5	0	0.08458908088505265	0.0016879967606182901	10
PEX5L	0	0.375886395573616	0.6839807047264316	10
PEX6	0	0.059091237187385515	0.01644317449434761	10
PEX7	0	0.053251923993229824	2.6139917516850357e-07	10
PF4	0	0.03375617954879994	0.0020321945321303647	10
PF4V1	0	0.033359927497804136	5.129951479470733e-07	10
PFAS	0	0.04875095114111897	0.12289759072942089	10
PFDN1	0	0.2112250462174415	0.010587684354104695	10
PFDN2	0	0.13425462320446965	0.0020870568449102623	10
PFDN4	0	0.0996929600834846	0.05310003499315012	10
PFDN5	0	0.14804877713322637	1.1213966887643463e-05	10
PFDN6	0	0.26853922158479687	0.03249673619380944	10
PFKFB1	0	0.03672045916318889	0.04624614382012532	10
PFKFB2	0	0.08120117709040636	0.11407078381736488	10
PFKFB3	0	0.16311414092779156	0.6204624359926114	10
PFKFB4	0	0.050183841213583914	0.14660276615523465	10
PFKL	0	0.16157485544681546	0.17701277130824294	10
PFKM	0	0.2509340271353721	0.6854151686930475	10
PFKP	0	0.19493662565946576	0.48337872058059944	10
PFN1	0	0.2664551302790642	0.04814204308235763	10
PFN2	0	0.23680744916200633	0.10903875117357972	10
PFN3	0	0.04633000269532197	0.3316769817952169	10
PFN4	0	0.033547289855778165	0.001088316103608646	10
PGA3	0	0.06927173919975753	0.40592095188576033	10
PGA5	0	0.05093517974019045	0.5639704286871465	10
PGAM1	0	0.09501494914293286	0.0008514801374211744	10
PGAM2	0	0.03810660280287261	0.28068515609557015	10
PGAM4	0	0.06381613686680791	0.0007391586863852745	10
PGAM5	0	0.04121063165366645	0.01416812409061346	10
PGAP1	0	0.3314408421516418	0.48297845017509894	10
PGAP2	0	0.11148795261979098	0.030514970004216036	10
PGAP3	0	0.03782061599194999	0.0005759921129238038	10
PGBD1	0	0.03595057688653465	0.032603249150390964	10
PGBD2	0	0.035493046790361374	0.38592784167418615	10
PGBD4	0	0.046903284266591024	0.28846732383165263	10
PGBD5	0	0.11563666313886638	0.48621205210091595	10
PGC	0	0.033480436354875506	0.3774180063660603	10
PGD	0	0.2031325884163379	0.2849939979551203	10
PGF	0	0.03722467944025989	0.00017277729583062707	10
PGGT1B	0	0.06996796801686282	0.4871698632468361	10
PGK1	0	0.275146946310997	0.2810058604279305	10
PGK2	0	0.03367235548794265	0.0737757472655972	10
PGLS	0	0.11437176689505572	0.00012075506929782169	10
PGLYRP1	0	0.03584700003266331	0.00401023532399911	10
PGLYRP2	0	0.03872692920267576	0.007653883462782229	10
PGLYRP3	0	0.03423063829541202	0.1657680643722786	10
PGLYRP4	0	0.03625914379954333	0.018273005558901958	10
PGM1	0	0.04852351881563658	0.2964532414880091	10
PGM2	0	0.044460265710949846	0.13449511983453327	10
PGM2L1	0	0.3821866407990455	0.28333779801491665	10
PGM3	0	0.08318796381354328	0.5131806930488151	10
PGM5	0	0.04045128468424078	0.4908937254876708	10
PGP	0	0.18577518835663792	0.030038414902018234	10
PGPEP1	0	0.03319953996688122	0.12885982491826414	10
PGPEP1L	0	0.03472058624029156	0.008404382312860545	10
PGR	0	0.23851654231548305	0.5411055413686165	10
PGRMC1	0	0.21581932008266444	0.04428728406568111	10
PGRMC2	0	0.0696671891957521	0.03209673638706046	10
PGS1	0	0.039256612583994835	0.05491868564960535	10
PHACTR1	0	0.22260440960526462	0.017864176416411824	10
PHACTR2	0	0.08459974937140938	0.683924260810055	10
PHACTR3	0	0.3204057082533836	0.13421810642289475	10
PHACTR4	0	0.13310880511999126	0.2577067465091889	10
PHAX	0	0.08090668059885497	0.2134615491904619	10
PHB	0	0.32306807637214663	0.17542442747616777	10
PHB2	0	0.2528067454695701	0.1571818819486684	10
PHC1	0	0.6840243637561798	0.6998233979682655	10
PHC2	0	0.5304555624723435	0.3899873659123051	10
PHC3	0	0.767810195684433	0.9646038473523324	10
PHEX	0	0.624597230553627	0.7583000309210084	10
PHF1	0	0.5406765967607499	0.0201750903698298	10
PHF10	0	0.1207378819584846	0.02243941617027769	10
PHF11	0	0.03553299680352207	0.0016144550440632996	10
PHF12	1	0.8162841614364653	0.946726729083952	645
PHF13	0	0.34237213134765626	0.3017987703310966	10
PHF14	0	0.4566215753555298	0.12058140986012963	10
PHF15	0	0.1674775313585996	0.44652223167535554	10
PHF16	0	0.12291134595870967	0.08936675090920639	10
PHF17	0	0.1268870554864406	0.17012502829112947	10
PHF19	0	0.5685420304536819	0.300664929995774	10
PHF2	1	0.7658822060097009	0.8312973801099502	640
PHF20	0	0.8255511462688446	0.42482011441544165	10
PHF20L1	0	0.8665029346942902	0.6895796161318445	10
PHF21A	1	0.85475374036615	0.5957832875009926	636
PHF21B	0	0.19263338521122927	0.7847167389788563	10
PHF23	0	0.5219884246587754	0.17414079827008994	10
PHF3	1	0.8076767971273512	0.8101674613374635	640
PHF5A	0	0.28917831405997274	0.00591929389187232	10
PHF6	0	0.7834266066551209	0.4738529807613142	10
PHF7	0	0.04268398545682426	0.009953462470620796	10
PHF8	0	0.7489014565944672	0.9102899601578732	10
PHGDH	0	0.07758207060396667	0.002729584229864013	10
PHIP	1	0.9128490276926187	0.896447497623306	639
PHKA1	0	0.11112385019659991	0.7975894021196182	10
PHKA2	0	0.17622889131307598	0.4953127309296053	10
PHKB	0	0.13099189326167102	0.38116622790935356	10
PHKG1	0	0.05501432716846462	0.007682062195031876	10
PHKG2	0	0.05517493672668929	0.14859913473144087	10
PHLDA1	0	0.1490472145378589	0.2275494277764679	10
PHLDA2	0	0.03624280206859107	0.00028665979120549726	10
PHLDA3	0	0.056154912710189776	0.0012309229982461404	10
PHLDB1	0	0.22636574655771252	0.04182293173722938	10
PHLDB2	0	0.07502832189202303	0.44742193442379696	10
PHLDB3	0	0.03597708567976947	0.03806232073376901	10
PHLPP1	0	0.5434303104877471	0.8174783545307488	10
PHLPP2	0	0.13185977488756176	0.5919255046649239	10
PHOSPHO1	0	0.07543747723102565	0.22270276463826755	10
PHOSPHO2	0	0.03304822053760286	0.01789586012822204	10
PHOX2A	0	0.21557050645351405	0.006912692460037418	10
PHOX2B	0	0.2906196519732475	0.9818750077597918	10
PHPT1	0	0.1308902040123939	0.004006891006754299	10
PHRF1	0	0.12768428698182102	0.2874993774747914	10
PHTF1	0	0.06948651894927023	0.24081876192888574	10
PHTF2	0	0.2907002352178097	0.15947456281022956	10
PHYH	0	0.05049979873001571	0.0012760239246173252	10
PHYHD1	0	0.04007400497794146	0.007292938587293722	10
PHYHIP	0	0.4999940276145935	0.07764728474374563	10
PHYHIPL	0	0.3537201970815659	0.0038968938561914713	10
PHYKPL	0	0.07616049423813817	0.40397501572854166	10
PI15	0	0.03559886440634724	0.2924052530103546	10
PI16	0	0.03573909923434253	0.2697001897677679	10
PI3	0	0.03331790957599875	0.0005813565632772804	10
PI4K2A	0	0.06867749802768226	0.04126912763409587	10
PI4K2B	0	0.03673620317131276	0.0622029743067967	10
PI4KA	0	0.5910813003778458	0.7006336236337081	10
PI4KB	0	0.5255745589733124	0.49298750680286696	10
PIANP	0	0.11470291838049884	0.00919699252734961	10
PIAS1	0	0.8912828505039215	0.8970158225179754	10
PIAS2	0	0.75160511136055	0.697750623907538	10
PIAS3	0	0.5057303696870804	0.02882037872493167	10
PIAS4	0	0.7172302544116974	0.8701128675956337	10
PIBF1	0	0.0994996931403875	0.22034265543348322	10
PICALM	0	0.7510301291942596	0.2638161564860774	10
PICK1	0	0.19463015198707578	0.1499832203607155	10
PID1	0	0.06041624732315535	0.004767180996295025	10
PIDD	0	0.05757992006838316	0.07777653833710865	10
PIEZO1	0	0.14757295101881024	0.24991833623248744	10
PIEZO2	0	0.26576274558901786	0.6804552100557941	10
PIF1	0	0.038610729202628105	0.0009601436955422561	10
PIFO	0	0.05344241037964816	8.707900546754376e-05	10
PIGA	0	0.3655244156718254	0.4468058349156993	10
PIGB	0	0.03823111392557616	0.00011910297526424417	10
PIGC	0	0.03779097013175484	0.004934026828336324	10
PIGF	0	0.0433221865445375	9.011214169947543e-07	10
PIGG	0	0.037205908447503974	0.19537242305817396	10
PIGH	0	0.04500862509012218	0.005293061937895523	10
PIGK	0	0.044607481732964485	0.024442043563966	10
PIGL	0	0.060616145655512786	5.0050170931848405e-05	10
PIGM	0	0.03970884680747981	0.11602076827463755	10
PIGN	0	0.06290976889431472	0.42234955537547253	10
PIGO	0	0.05670903734862799	0.022698970717899853	10
PIGP	0	0.04165717139840121	9.95478192718722e-05	10
PIGQ	0	0.05366776622831817	0.006292549881041998	10
PIGR	0	0.09078102707862849	0.18183585479678438	10
PIGS	0	0.05731046423315998	0.02335381364166247	10
PIGT	0	0.06102349795401092	0.12533259753910275	10
PIGU	0	0.05350776873528954	0.08508638709798566	10
PIGV	0	0.03416817635297771	0.005074942091661329	10
PIGW	0	0.031873043999075854	0.00704185416913929	10
PIGX	0	0.07094525359570976	0.0010287564631119585	10
PIGY	0	0.03303069677203889	1.4476947308594547e-05	10
PIGZ	0	0.03961792103946204	0.01509718912482864	10
PIH1D1	0	0.06781684421002862	0.018168035073832335	10
PIH1D2	0	0.04134067222476001	3.745100026106762e-05	10
PIH1D3	0	0.08019007742404932	6.137195174026557e-05	10
PIK3AP1	0	0.42253442108631134	0.3174925202273276	10
PIK3C2A	0	0.49543587267398836	0.8779542132412905	10
PIK3C2B	0	0.5312733262777328	0.5639558455299022	10
PIK3C2G	0	0.039587559178471524	0.006300052204294085	10
PIK3C3	0	0.4032536193728447	0.246260285724983	10
PIK3CA	0	0.933952271938324	0.4778557405532692	10
PIK3CB	0	0.8194299340248108	0.09661871004936116	10
PIK3CD	0	0.8044096767902374	0.06803463975787145	10
PIK3CG	0	0.08724004104733463	0.36883822323934834	10
PIK3IP1	0	0.04603490941226479	0.009860271262243784	10
PIK3R1	0	0.870607727766037	0.9428907711880585	10
PIK3R2	0	0.18966136574745174	0.0683120049323928	10
PIK3R3	0	0.0513740755617618	0.3322160158734209	10
PIK3R4	0	0.28482653647661205	0.6658608547201352	10
PIK3R5	0	0.19788673818111419	0.005655075575737654	10
PIK3R6	0	0.05533247664570803	0.005997755709860371	10
PIKFYVE	0	0.48438058644533155	0.6890393568564316	10
PILRA	0	0.04366071112453933	0.0030087870252928995	10
PILRB	0	0.08405818976461883	0.00042997809051770224	10
PIM1	0	0.20190036743879314	0.6307194221554772	10
PIM2	0	0.11558039933443065	0.03999437249293335	10
PIM3	0	0.19149428158998488	0.036405588528287916	10
PIN1	0	0.2298543184995651	0.0016943421195281534	10
PIN4	0	0.06592312492430205	2.4461621721318e-05	10
PINK1	0	0.14000490754842754	0.00699868893088067	10
PINX1	0	0.033696017041802376	0.01557496718048913	10
PIP	0	0.03528213612735267	0.0002462570435363862	10
PIP4K2A	0	0.08793645612895486	0.7542982741698927	10
PIP4K2B	0	0.541072428226471	0.2008623123261152	10
PIP4K2C	0	0.05060811080038541	0.058516485950085614	10
PIP5K1A	0	0.18276950940489767	0.33390935670811633	10
PIP5K1B	0	0.06234253309667106	0.0009078268729483922	10
PIP5K1C	0	0.7515313625335693	0.7138008231786943	10
PIP5KL1	0	0.03920070677995679	0.00015678291090280919	10
PIPOX	0	0.03745652157813306	0.011209154742698062	10
PIR	0	0.03461922183632845	0.002156573220037648	10
PIRT	0	0.0540734842419624	0.025419793565865333	10
PISD	0	0.05899955555796619	0.004204525090635639	10
PITHD1	0	0.12062550261616703	0.03529344117981009	10
PITPNA	0	0.3745984062552452	0.1504530478736262	10
PITPNB	0	0.45093884170055387	0.2649302184452063	10
PITPNC1	0	0.5158437758684158	0.13173672774803125	10
PITPNM1	0	0.2741971462965011	0.4382434102807536	10
PITPNM2	0	0.7911000430583954	0.8740166796331751	10
PITPNM3	0	0.6192444324493408	0.5598158074632128	10
PITRM1	0	0.05199661515653129	0.11929917787181829	10
PITX1	0	0.1482031367719173	0.7587543247762072	10
PITX2	0	0.3862134605646133	0.5845882396451726	10
PITX3	0	0.13817276209592816	0.23454364675156958	10
PIWIL1	0	0.08813876137137408	0.00685071616390065	10
PIWIL2	0	0.06293790601193901	0.65203047871659	10
PIWIL3	0	0.04285441190004344	0.006772167284272812	10
PIWIL4	0	0.05663596279919144	0.0013388707972285898	10
PJA1	0	0.1840013869106769	0.34135387474548406	10
PJA2	0	0.2475061140954494	0.4524425450860646	10
PKD1	0	0.5715870976448059	0.46841363830917004	10
PKD1L1	0	0.06374867521226402	0.028779358185247173	10
PKD1L2	0	0.0341275822371244	4.382522036870615e-06	10
PKD2	0	0.19572089537978168	0.31313872218273703	10
PKD2L1	0	0.041141565516591025	0.0038667348408044843	10
PKD2L2	0	0.042382260039448685	0.001058645882289932	10
PKDCC	0	0.05149111412465568	0.007397305323488883	10
PKDREJ	0	0.03885826542973515	0.4638566330364953	10
PKHD1	0	0.08086208775639529	0.4404469843971355	10
PKHD1L1	0	0.04578026272356505	0.5656731861400939	10
PKIA	0	0.1875542379915714	0.00034278950668796413	10
PKIB	0	0.043959839269518804	0.01334738977758503	10
PKIG	0	0.08079503253102298	7.57742759673535e-05	10
PKLR	0	0.03844257257878775	0.2417207392784971	10
PKM	0	0.3292927995324134	0.02035608589715017	10
PKMYT1	0	0.043923126906156504	0.002272261410076844	10
PKN1	0	0.20277494937181467	0.24794304859026237	10
PKN2	0	0.8837426543235779	0.7916140737308951	10
PKN3	0	0.04658040776848789	0.29766701093056436	10
PKNOX1	0	0.3953486904501915	0.34444880114313153	10
PKNOX2	0	0.6049073278903961	0.4491107174549647	10
PKP1	0	0.055109996721148434	0.07423632107941983	10
PKP2	0	0.05380299724638458	0.02456753527829823	10
PKP3	0	0.04513699598610396	0.07951642028177	10
PKP4	0	0.16671265661716456	0.7221337245835638	10
PLA1A	0	0.03430757280439134	0.0012395008358219188	10
PLA2G10	0	0.07672506757080551	0.016313797742665306	10
PLA2G12A	0	0.050975984334945636	0.15296534555263683	10
PLA2G12B	0	0.033584082312881895	1.389130439142096e-06	10
PLA2G15	0	0.04482126608490938	0.07193175233990678	10
PLA2G16	0	0.03546421993523831	0.11348229450363556	10
PLA2G1B	0	0.03468863554298873	0.004910854555194742	10
PLA2G2A	0	0.03147994410246605	0.004089062415389441	10
PLA2G2C	0	0.05567115321755407	0.001683636350771846	10
PLA2G2D	0	0.03077636584639546	0.00015279093574369258	10
PLA2G2E	0	0.035557761043310133	0.01109909833153967	10
PLA2G2F	0	0.032851525023579554	0.07178026507338728	10
PLA2G3	0	0.03708123527467244	0.0010573561737908183	10
PLA2G4A	0	0.18564675971865652	0.0017795216466729418	10
PLA2G4B	0	0.06292675547301763	0.003988621158536229	10
PLA2G4C	0	0.04362999536097044	0.039394476161857886	10
PLA2G4D	0	0.0362009165808558	0.09719115956059579	10
PLA2G4E	0	0.03811670728027816	0.03698470642794329	10
PLA2G4F	0	0.03750543557107444	0.041303212035452494	10
PLA2G5	0	0.03933073394000525	0.0003221246926113219	10
PLA2G6	0	0.058245325461029965	0.13100851011032214	10
PLA2G7	0	0.03856619000434872	3.468294667767155e-05	10
PLA2R1	0	0.04262387044727796	0.40164201833498103	10
PLAA	0	0.3406298756599426	0.2534236926736876	10
PLAC1	0	0.06741923689842219	0.0013648770380239954	10
PLAC1L	0	0.11178088337182994	3.08291643476241e-07	10
PLAC8	0	0.03829313479363914	1.4203947538385436e-05	10
PLAC8L1	0	0.0352465476840734	0.00028906920540819326	10
PLAC9	0	0.038827477023005444	0.0004544952387015691	10
PLAG1	0	0.43337351977825167	0.8672179566304841	10
PLAGL1	0	0.3959889143705368	0.00045176309306119297	10
PLAGL2	0	0.39813092947006223	0.32647876939930404	10
PLAT	0	0.054794384911656335	0.0029493437641638243	10
PLAU	0	0.04241904430091377	0.0010622048696927522	10
PLAUR	0	0.04322216287255283	0.00799641085093249	10
PLB1	0	0.03656465448439116	0.08440832756218694	10
PLBD1	0	0.03659138958901164	0.008529297747062233	10
PLBD2	0	0.036796924471855105	0.03547097478215896	10
PLCB1	0	0.9126761436462403	0.5314590911206352	10
PLCB2	0	0.04965021982789036	0.4681220000655599	10
PLCB3	0	0.46975872218608855	0.35206230487721474	10
PLCB4	0	0.5049121230840683	0.5073453182396264	10
PLCD1	0	0.053246967867016735	0.27413422900826856	10
PLCD3	0	0.06131915338337418	0.03160646017030692	10
PLCD4	0	0.04402267895638938	0.08313200277650241	10
PLCE1	0	0.29255224019289017	0.9037329665771929	10
PLCG1	0	0.5522380262613297	0.7368040346005869	10
PLCG2	0	0.3400587499141693	0.8125262859802895	10
PLCH1	0	0.2683501705527306	0.7027752256589306	10
PLCH2	0	0.07985051423311229	0.7007572196340943	10
PLCL1	0	0.1927823707461357	0.19751645166567572	10
PLCL2	0	0.8242731690406799	0.09965576696679049	10
PLCXD1	0	0.03558665253221985	0.22110417901232277	10
PLCXD2	0	0.037680450826883274	0.4723433540954932	10
PLCXD3	0	0.043848594278097106	0.4016939410447263	10
PLCZ1	0	0.04081258662044997	0.01924824848810385	10
PLD1	0	0.0459770198911428	0.09845361143794515	10
PLD2	0	0.0674910400062799	0.43866240803499057	10
PLD3	0	0.1492461711168289	0.0404855606178024	10
PLD4	0	0.03486209399998183	0.03231700876296954	10
PLD5	0	0.06417677141726012	0.5904001204028154	10
PLD6	0	0.052915371209382965	0.0016826449693795203	10
PLEC	0	0.2615795999765396	0.39326658223930216	10
PLEK	0	0.037230991199612574	0.0008348479445949807	10
PLEK2	0	0.03323083240538832	0.0028236102012268944	10
PLEKHA1	0	0.08782850503921504	0.06663372302929275	10
PLEKHA2	0	0.3496944099664688	0.03517069963235099	10
PLEKHA3	0	0.1126186646521091	0.36781951590576567	10
PLEKHA4	0	0.03731699064373964	0.004896629933719436	10
PLEKHA5	0	0.891856598854065	0.558796839164444	10
PLEKHA6	0	0.2097791284322738	0.23404529740517277	10
PLEKHA7	0	0.15084720924496647	0.4788839734333674	10
PLEKHA8	0	0.05303319655358786	0.2922092591210822	10
PLEKHB1	0	0.06597496829926962	0.0008809406768068238	10
PLEKHB2	0	0.0817260198295116	0.014103127050356037	10
PLEKHF1	0	0.033264407329261246	0.011258819771033724	10
PLEKHF2	0	0.1339473225176334	0.002137803710859573	10
PLEKHG1	0	0.07230295464396472	0.4692207443150941	10
PLEKHG2	0	0.056731983274221374	0.03573218482453615	10
PLEKHG3	0	0.05205776877701279	0.4178082016001718	10
PLEKHG4	0	0.039640505611896484	0.05075432951875454	10
PLEKHG4B	0	0.04147190824151035	0.5175260812671751	10
PLEKHG5	0	0.08564515523612495	0.17913520810408895	10
PLEKHG6	0	0.03706796951591965	0.4399471251272091	10
PLEKHG7	0	0.035290827602148016	0.03501561054073763	10
PLEKHH1	0	0.10779171213507648	0.3762236882648842	10
PLEKHH2	0	0.0659504875540733	0.04762726761970346	10
PLEKHH3	0	0.058050294965505546	0.04259546917947086	10
PLEKHJ1	0	0.08028693795204159	0.0013440947904071027	10
PLEKHM1	0	0.1165120135992765	0.10248326636204035	10
PLEKHM2	0	0.13097624294459814	0.746744618541621	10
PLEKHM3	0	0.10286846496164792	0.7766999489905413	10
PLEKHN1	0	0.04124544970691199	0.00518012879494677	10
PLEKHO1	0	0.17641773074865336	0.19317850320128607	10
PLEKHO2	0	0.039892056956887204	0.04522548292316718	10
PLEKHS1	0	0.03416217975318428	0.002965381834622538	10
PLG	0	0.07562462687492366	0.3956510368884646	10
PLGRKT	0	0.041781018301844566	5.648995166055461e-07	10
PLIN1	0	0.040958626940846385	0.2590780992298429	10
PLIN2	0	0.04307864010334011	0.00793228301921382	10
PLIN3	0	0.04269747398793692	0.04459298791008043	10
PLIN4	0	0.03848018981516355	0.13327073436155581	10
PLIN5	0	0.05082555338740345	0.002232855086639768	10
PLK1	0	0.30002944916486735	0.35169749458898064	10
PLK2	0	0.7566574811935425	0.38789582325178223	10
PLK3	0	0.07322481311857695	0.00689214205111313	10
PLK4	0	0.07215620204806324	0.5356948402916797	10
PLK5	0	0.06237968392670149	0.01647063329132507	10
PLLP	0	0.04527610838413235	0.04171869558884843	10
PLN	0	0.06749794371426102	1.7042072013840868e-05	10
PLOD1	0	0.05831847786903379	0.8102578470547149	10
PLOD2	0	0.06691864803433414	0.29965983133093815	10
PLOD3	0	0.06747860759496685	0.08700886715042325	10
PLP1	0	0.3349784985184669	0.00823391326690936	10
PLP2	0	0.03869080208241936	0.0044207188577383896	10
PLRG1	0	0.6220031827688217	0.13503709670977032	10
PLS1	0	0.058889187499880744	0.0684088255235932	10
PLS3	0	0.7254196763038635	0.0074242017318965695	10
PLSCR1	0	0.04385540559887883	0.00046545517322168367	10
PLSCR2	0	0.041054436936974484	0.000299005155038678	10
PLSCR4	0	0.0348962571471929	0.01730046792842157	10
PLSCR5	0	0.03236487936228509	1.2298272318939462e-05	10
PLTP	0	0.05405055843293662	0.03426331692574397	10
PLVAP	0	0.03556720279157157	0.33186542693935606	10
PLXDC1	0	0.04098254106938834	0.07975605171971586	10
PLXDC2	0	0.08200066834688183	0.8539100367683361	10
PLXNA1	0	0.8235572040081024	0.7801303557441035	10
PLXNA2	0	0.7456542432308197	0.9392997861371126	10
PLXNA3	0	0.30467610657215116	0.6338886325925205	10
PLXNA4	0	0.8044390559196473	0.943728151291312	10
PLXNB1	0	0.337831425666809	0.29455931611740566	10
PLXNB2	0	0.6622650563716889	0.46269280575893285	10
PLXNB3	0	0.11752198785543437	0.5761339748571215	10
PLXNC1	0	0.6879285156726838	0.6352098581438237	10
PLXND1	0	0.5594349563121795	0.2796470387252501	10
PM20D1	0	0.04026754721999165	0.23691513644015072	10
PM20D2	0	0.054635431617498356	0.013561487918265261	10
PMAIP1	0	0.04191904477775092	0.04100766313577944	10
PMCH	0	0.04198907241225238	1.0176775633652713e-07	10
PMEL	0	0.03610363956540818	0.028882759325329015	10
PMEPA1	0	0.1291904047131538	0.5452811311393948	10
PMF1	0	0.04730703495442863	5.32251750709126e-05	10
PMF1-BGLAP	0	0.03345827199518675	0.00460906835942807	10
PMFBP1	0	0.037068582326173716	0.013454471954896213	10
PML	0	0.08492907509207721	0.014915395595325143	10
PMM1	0	0.06630733124911782	0.08857612969594561	10
PMM2	0	0.040940676629543246	0.002939147773731672	10
PMP2	0	0.05062873661518093	0.5843686700213312	10
PMP22	0	0.1733902715146541	0.019470311448730297	10
PMPCA	0	0.05463266186416145	0.11262397770450468	10
PMPCB	0	0.06580495312809939	0.2434343678506541	10
PMS1	0	0.07113896273076532	0.05184897616020907	10
PMS2	0	0.04481802023947235	0.39408772990972696	10
PMVK	0	0.0662793662399053	0.04111130876225684	10
PNCK	0	0.057574464753270105	0.17235273664813586	10
PNISR	0	0.6004044860601425	0.9101834126727961	10
PNKD	0	0.07820583209395404	0.00283386487182585	10
PNKP	0	0.052912636846303894	0.23637984502096088	10
PNLDC1	0	0.04087864495813843	0.041366243153287796	10
PNLIP	0	0.03915817216038698	0.0001493203145482356	10
PNLIPRP1	0	0.033271690458059264	0.13068194565788985	10
PNLIPRP2	0	0.0552779227495193	0.1009566372938802	10
PNLIPRP3	0	0.03958011902868745	0.019311183741457832	10
PNMA1	0	0.13652592152357096	0.043873857239173246	10
PNMA2	0	0.10008826330304141	0.20158748949788835	10
PNMA3	0	0.07890946231782432	0.5886192603707048	10
PNMA5	0	0.073948248848319	0.14942689385934263	10
PNMAL1	0	0.07263111360371108	0.14979538454114985	10
PNMT	0	0.039261256903409904	0.00827468845758434	10
PNN	0	0.27431246712803836	0.3825295454626314	10
PNO1	0	0.0391435340046882	0.00015489463161612267	10
PNOC	0	0.04124068785458799	0.0002199065510097425	10
PNP	0	0.03547165803611273	0.001438113750891115	10
PNPLA1	0	0.04006612002849574	0.09460511326388055	10
PNPLA2	0	0.07515872232615943	0.006812496363526675	10
PNPLA3	0	0.036023461446166	0.007044288911923903	10
PNPLA4	0	0.03407788053154941	0.3958919007120617	10
PNPLA5	0	0.0370305728167295	0.08111695350531826	10
PNPLA6	0	0.2291601628065109	0.5616600575057811	10
PNPLA7	0	0.043552572280168476	0.5076381281975634	10
PNPLA8	0	0.15772263109683987	0.07978111505615522	10
PNPO	0	0.03419496715068813	0.005453134062429597	10
PNPT1	0	0.12390017136931415	0.22214510129869405	10
PNRC1	0	0.2339566946029663	0.004111174857222603	10
POC1A	0	0.04151652492582793	0.000402028418873016	10
POC1B	0	0.04820836372673508	7.649932288108908e-05	10
POC1B-GALNT4	0	0.04094418790191409	0.04609683647294041	10
POC5	0	0.04203881546854969	0.0011255565696829174	10
PODN	0	0.0415079034864902	0.3120996426239817	10
PODNL1	0	0.04937932454049583	0.18682910509464953	10
PODXL	0	0.04993867203593249	0.6225585946734579	10
PODXL2	0	0.4731485664844513	0.37142026108134096	10
POF1B	0	0.03320495449006551	0.2321494145437129	10
POFUT1	0	0.15413503870368	0.00427026202653875	10
POFUT2	0	0.039068846404552424	0.06969952992366339	10
POGK	0	0.41918211579322817	0.5542644236360798	10
POGLUT1	0	0.0507003247737884	0.05851376461721249	10
POGZ	1	0.9246548976898193	0.8615985987650118	625
POLA1	0	0.7726926028728485	0.9137130857810082	10
POLA2	0	0.04845201596617693	0.019200877863334218	10
POLB	0	0.08232830315828318	0.018732930630624988	10
POLD1	0	0.1102337099611759	0.13853088569175345	10
POLD2	0	0.15659691393375394	0.08756950537398912	10
POLD3	0	0.2197086304426193	0.08233483000463204	10
POLD4	0	0.03819554634392258	4.8177327284083704e-06	10
POLDIP2	0	0.2300350576639175	0.003243722894973476	10
POLDIP3	0	0.07738174758851525	0.05156876724207691	10
POLE	0	0.2025534443557262	0.4605666789754591	10
POLE2	0	0.04462225027382368	0.014752951891391256	10
POLE3	0	0.05059432759881015	0.00473102593375917	10
POLE4	0	0.1482849784195423	0.00023068688734281958	10
POLG	0	0.08498069196939464	0.24027257814700986	10
POLG2	0	0.04226361885666842	0.0031097847727303675	10
POLH	0	0.03568785600364202	0.1910520618048009	10
POLI	0	0.04475371502339837	0.43434371543860023	10
POLK	0	0.10069867558777328	0.43520675176401147	10
POLL	0	0.03824985139071938	0.004737820336390209	10
POLM	0	0.03631200864911077	0.019300890250159696	10
POLN	0	0.04528339505195614	0.028561022843228596	10
POLQ	0	0.04764281138777731	0.5556594852916166	10
POLR1A	0	0.73111013174057	0.5262145697333945	10
POLR1B	0	0.5513268232345581	0.7547435860896171	10
POLR1C	0	0.04440501555800433	0.023511467915172217	10
POLR1D	0	0.09554610401391979	8.75134071073299e-05	10
POLR1E	0	0.04435549750924106	0.025897846642770374	10
POLR2A	0	0.882277375459671	0.904489873364087	10
POLR2B	0	0.7767276585102081	0.5344799920071217	10
POLR2C	0	0.11001217328011985	0.1400563132930855	10
POLR2D	0	0.06382385194301601	0.03855759912367605	10
POLR2E	0	0.11079426258802409	0.03266376989848366	10
POLR2F	0	0.08573253192007536	0.001592695780388391	10
POLR2G	0	0.09710432514548295	0.022576527555719032	10
POLR2H	0	0.1655439175665378	0.3276776771152679	10
POLR2I	0	0.14901649057865138	0.09773543347582762	10
POLR2J	0	0.1276958368718624	0.01919843204237367	10
POLR2J2	0	0.0697611983865499	0.002684719646947762	10
POLR2K	0	0.07316116802394386	0.16344364204365627	10
POLR2L	0	0.12002787366509433	4.228299095911378e-06	10
POLR2M	0	0.042570572718977885	0.18364774854179453	10
POLR3A	0	0.17914367914199827	0.49854530170525146	10
POLR3B	0	0.1435004740953445	0.12631694127040566	10
POLR3C	0	0.03503057956695553	0.18228079882611675	10
POLR3D	0	0.03831655830144876	0.08795920866196882	10
POLR3E	0	0.26946429312229153	0.5866725150063443	10
POLR3F	0	0.0440382663160562	0.04741356527580771	10
POLR3G	0	0.034071463719010306	0.10241445797106241	10
POLR3GL	0	0.05043648518621916	3.5689139736797867e-06	10
POLR3H	0	0.04167823158204552	0.8042610054896271	10
POLR3K	0	0.036226105690002404	4.169204491562924e-06	10
POLRMT	0	0.049035421386361064	0.16515270743694693	10
POM121L12	0	0.06488929353654382	0.009492746089184972	10
POMC	0	0.04519110582768912	0.09451486615183928	10
POMGNT1	0	0.11349763423204418	0.06170313884540901	10
POMGNT2	0	0.09988375008106229	0.2068952347760728	10
POMK	0	0.05469279736280436	0.0004897571500980618	10
POMP	0	0.24202563464641566	0.007637314747867559	10
POMT1	0	0.07453411817550655	0.2657668807662906	10
POMT2	0	0.05966002009809014	0.051945169661839465	10
POMZP3	0	0.030968287959694817	0.028002463386704413	10
PON1	0	0.034032846242189364	0.004054883316787601	10
PON2	0	0.06943096853792662	2.8645888738644108e-05	10
PON3	0	0.03433655630797141	0.02786996423151864	10
POP1	0	0.049637906253337784	0.009689413141005248	10
POP4	0	0.03547646179795261	0.0038302890216766992	10
POP5	0	0.04174033813178535	6.086102304990577e-06	10
POP7	0	0.09512630477547641	0.00033107311248007704	10
POPDC2	0	0.03637941107153887	3.277307021913618e-05	10
POPDC3	0	0.03398046493530268	0.0033155845880812893	10
POR	0	0.11907543838024134	0.3985649449171889	10
PORCN	0	0.7892603516578675	0.2752742582499536	10
POSTN	0	0.061496255546808196	0.12800820218846462	10
POT1	0	0.3194464638829231	0.14838033402751552	10
POTEB2	0	0.06394592225551601	0.001209749332664429	10
POTEC	0	0.038517090678214974	0.4157871443855581	10
POTED	0	0.05083739198744293	0.2033406088538186	10
POTEM	0	0.05413426756858821	0.350993447248875	10
POU1F1	0	0.06525400988757604	0.0033810763052624245	10
POU2AF1	0	0.06461184695363041	0.031138983927547197	10
POU2F1	0	0.6582892566919327	0.8098203532010796	10
POU2F2	0	0.7626108407974244	0.9782747254586566	10
POU2F3	0	0.07017123177647586	0.03325781729794803	10
POU3F2	0	0.5098684310913086	0.7587371487041739	10
POU3F4	0	0.1282583631575107	0.9142721358739824	10
POU4F1	0	0.247721853852272	0.8333295598273749	10
POU4F2	0	0.06356032080948348	0.7783133174533384	10
POU4F3	0	0.1758109927177429	0.022310353241873998	10
POU5F1	0	0.36419615447521203	0.10610853190093703	10
POU5F1B	0	0.039567429572343785	0.3044692857453979	10
POU5F2	0	0.04542570859193796	0.5257346129077508	10
POU6F1	0	0.12798981107771393	0.17468918470576006	10
POU6F2	0	0.08573639504611488	0.7806935349718154	10
PPA1	0	0.135813458263874	0.0002352928553655112	10
PPA2	0	0.054027283564209896	0.004191022448005309	10
PPAN	0	0.04287997037172313	0.08504572641875757	10
PPAN-P2RY11	0	0.03836138863116499	0.09209863552769604	10
PPAP2A	0	0.04840190596878524	0.003600141771617671	10
PPAP2B	0	0.24815689772367472	0.3970737163648014	10
PPAP2C	0	0.04218030422925944	0.3008537482340999	10
PPAPDC1A	0	0.04817913509905332	0.0009312817779044764	10
PPAPDC1B	0	0.08451360575854773	4.696876572736744e-05	10
PPAPDC2	0	0.044997534900903656	0.011330508462243215	10
PPAPDC3	0	0.04360356628894801	0.00046427539591645885	10
PPARA	0	0.09645236581563946	0.5841618776973254	10
PPARD	0	0.65525221824646	0.06383169677504227	10
PPARG	0	0.22448785156011578	0.03019897921589724	10
PPARGC1A	0	0.7098388314247132	0.968585850496828	10
PPARGC1B	0	0.1297669120132923	0.8638229322784122	10
PPAT	0	0.5577300965785981	0.43208995415505835	10
PPBP	0	0.03475844655185933	3.614802925458682e-05	10
PPCDC	0	0.035808709077537	0.001615917633129231	10
PPCS	0	0.0428398989140987	0.0006666413583863286	10
PPDPF	0	0.1149646874517202	0.507450197739699	10
PPEF1	0	0.19965227171778677	0.12389829664846211	10
PPEF2	0	0.038742191344499535	0.02092388031386359	10
PPFIA1	0	0.7872966170310974	0.7313973811594886	10
PPFIA2	0	0.9327923476696014	0.5567023812195839	10
PPFIA3	0	0.9009197413921356	0.4688810198663863	10
PPFIA4	0	0.11622686237096783	0.20835005218110725	10
PPFIBP1	0	0.16269989311695093	0.28760704465855014	10
PPFIBP2	0	0.04076506532728668	0.18011626261434363	10
PPHLN1	0	0.09897033348679539	0.04771821495680293	10
PPIA	0	0.2403405830264091	0.0011797917954623806	10
PPIAL4A	0	0.1107601702213287	0.05931603295667369	10
PPIAL4G	0	0.09647641554474827	0.002235929084870701	10
PPIB	0	0.16462797448039052	0.10956213533035553	10
PPIC	0	0.036106784082949116	0.5560036638521064	10
PPID	0	0.064472022652626	0.01040122200135816	10
PPIE	0	0.07087565325200554	0.008912261502544382	10
PPIF	0	0.058724251762032484	0.003485531538001271	10
PPIG	0	0.6482012808322907	0.7262006737044138	10
PPIH	0	0.05803456529974932	0.020350936988627933	10
PPIL1	0	0.04319488592445845	0.0020627320808744476	10
PPIL2	0	0.14408729970455164	0.2135525694834509	10
PPIL3	0	0.12335953228175638	0.011421558340907538	10
PPIL4	0	0.06400016620755192	0.12964350389245144	10
PPIL6	0	0.037543389946222284	0.018587912758366472	10
PPIP5K1	0	0.10406231693923469	0.4289123878559974	10
PPIP5K2	0	0.34473839849233623	0.717144151311226	10
PPL	0	0.045584562420845	0.2818993169023555	10
PPM1A	0	0.7591992676258087	0.5780736873476295	10
PPM1B	0	0.1137693420052528	0.2135792772031028	10
PPM1D	0	0.08285246044397349	0.06165280003686139	10
PPM1E	0	0.7163598775863648	0.7216713601781293	10
PPM1F	0	0.057648595049977255	0.0189698297486059	10
PPM1G	0	0.613347390294075	0.7474231372869464	10
PPM1H	0	0.16555534899234767	0.2043870272048013	10
PPM1J	0	0.03746983185410495	0.0005696608478063957	10
PPM1K	0	0.12968485429882998	0.1629951591183233	10
PPM1L	0	0.13782309144735333	0.12201827996470538	10
PPM1M	0	0.03318846188485618	0.012754813153956207	10
PPM1N	0	0.045828725770115805	0.10944707340537074	10
PPME1	0	0.5914384067058563	0.38449500027248035	10
PPOX	0	0.04872845038771626	0.008239301959195821	10
PPP1CA	0	0.680776834487915	0.09100412616786319	10
PPP1CB	0	0.5975449234247208	0.14446446232787866	10
PPP1CC	0	0.5134980648756027	0.5575578622697099	10
PPP1R10	0	0.8198484182357788	0.9508170752597674	10
PPP1R11	0	0.06135018281638617	0.22802321677054768	10
PPP1R12A	0	0.8169786751270294	0.9490737640761925	10
PPP1R12B	0	0.22219884097576142	0.1988933054313689	10
PPP1R12C	0	0.18051070272922515	0.23316524037480643	10
PPP1R13B	0	0.5949457734823227	0.4036990971607482	10
PPP1R13L	0	0.13483769968152043	0.298468777733301	10
PPP1R14A	0	0.04456959888339039	0.002205372085389638	10
PPP1R14B	0	0.09202622734010214	0.16545287459587962	10
PPP1R14C	0	0.06404887959361073	0.1413898042907274	10
PPP1R14D	0	0.03270884957164521	0.08591748451985168	10
PPP1R15A	0	0.09706449136137958	3.130311683721035e-05	10
PPP1R15B	0	0.061298800632357556	0.06956991731891964	10
PPP1R16A	0	0.08685821518301962	0.12651031209628222	10
PPP1R16B	0	0.5800848782062531	0.06819494517428948	10
PPP1R17	0	0.034207341820001555	0.011068428137140013	10
PPP1R18	0	0.05753911994397635	0.2223188974816772	10
PPP1R1A	0	0.04971577040851113	0.0006768569417410564	10
PPP1R1B	0	0.0880755919963121	0.0002643792489836742	10
PPP1R1C	0	0.03453854620456693	5.634743908755946e-05	10
PPP1R2	0	0.12411928921937936	0.1864818588561245	10
PPP1R21	0	0.08454871661961075	0.22441763260635458	10
PPP1R26	0	0.0796609908342361	0.7837201442028533	10
PPP1R27	0	0.03529948201030489	0.12400915748993616	10
PPP1R32	0	0.0392208635807037	0.012644264284250587	10
PPP1R35	0	0.06345862373709675	0.0010072268191667591	10
PPP1R36	0	0.031901217438280526	0.11711529345030998	10
PPP1R3A	0	0.04250789172947402	0.6138034667161302	10
PPP1R3B	0	0.03613579161465163	0.12553762534732457	10
PPP1R3C	0	0.04958816096186633	0.01520786443300703	10
PPP1R3D	0	0.03762810640037056	0.013707140338130128	10
PPP1R3F	0	0.05527937598526472	0.14157467719360947	10
PPP1R42	0	0.03191359564661976	8.782718608482017e-05	10
PPP1R7	0	0.46192181557416917	0.21719515266622097	10
PPP1R8	0	0.3974051088094711	0.30930390273377306	10
PPP1R9A	0	0.2189130030572414	0.7079947690205887	10
PPP1R9B	1	0.765844786453247	0.7340003532140317	625
PPP2CA	0	0.5265657186508179	0.12754629143981763	10
PPP2CB	0	0.3753622025251388	0.002881559312957962	10
PPP2R1A	0	0.745998603105545	0.6110761589588938	10
PPP2R1B	0	0.045777196064591366	0.22469486762187513	10
PPP2R2A	0	0.6890095889568328	0.6669138223141411	10
PPP2R2B	0	0.7787931799888611	0.3557519985079138	10
PPP2R2C	0	0.5932623594999313	0.6927554562299046	10
PPP2R2D	0	0.3756764620542526	0.5091022910834804	10
PPP2R3A	0	0.20922807902097698	0.041608058943641814	10
PPP2R3B	0	0.040006471052765794	0.12418893100466524	10
PPP2R3C	0	0.09823632538318632	0.1112379868232805	10
PPP2R4	0	0.36812740117311477	0.14275602197597256	10
PPP2R5A	0	0.47744779884815214	0.03341997516512952	10
PPP2R5B	0	0.6796719551086425	0.0636423617691285	10
PPP2R5C	0	0.6757151365280152	0.4748211429606009	10
PPP2R5D	1	0.7769808510876306	0.3062837928689359	631
PPP2R5E	0	0.8457705855369568	0.5822260375200049	10
PPP3CA	0	0.884437906742096	0.6178359625362461	10
PPP3CB	0	0.7909878134727478	0.13391225193420822	10
PPP3CC	0	0.07019133605062958	0.0022928418987960427	10
PPP3R1	0	0.2656145110726356	0.05004888410345767	10
PPP3R2	0	0.03327918816357845	0.154861824712552	10
PPP4C	0	0.42422804087400434	0.22688495259564406	10
PPP4R1	0	0.42626427114009857	0.613825764357711	10
PPP4R2	0	0.35520524382591245	0.16406322599528983	10
PPP4R4	0	0.07261140421032901	0.009453057342945114	10
PPP5C	1	0.7445890381466598	0.5657717414876995	640
PPP5D1	0	0.06063763275742525	0.11718957453513154	10
PPP6C	0	0.3312646299600601	0.32234418077547694	10
PPP6R1	0	0.15055759921669956	0.5992771905149042	10
PPP6R2	0	0.1605342902243137	0.526102549411745	10
PPP6R3	0	0.653357309103012	0.6552071594123923	10
PPRC1	0	0.6384925246238708	0.8835498921849844	10
PPT1	0	0.10536277852952476	0.0002541605731475499	10
PPT2	0	0.06827096790075299	0.12481410838609479	10
PPTC7	0	0.31849282085895536	0.4719014236189172	10
PPWD1	0	0.09195573106408114	0.19340139133160905	10
PPY	0	0.04153822809457774	2.5192624044385698e-05	10
PQBP1	0	0.35840035825967786	0.6775929657629383	10
PQLC1	0	0.04635404795408244	0.0015815155158556	10
PQLC2	0	0.04111378751695151	0.012989978988769848	10
PQLC3	0	0.03362862542271608	0.010421851221370803	10
PRAC1	0	0.05777370557188986	5.7989255863398946e-05	10
PRADC1	0	0.03758136965334411	0.00021652752801082814	10
PRAF2	0	0.07680502496659754	0.2111962041066254	10
PRAM1	0	0.036355950310826265	0.03590306719725114	10
PRAME	0	0.04537789337337012	0.002834683834643244	10
PRAMEF1	0	0.04155185930430884	1.8411370989843024e-06	10
PRAMEF10	0	0.06016672812402246	0.010418769625799464	10
PRAMEF11	0	0.045276508107781374	0.000490474706555116	10
PRAMEF12	0	0.04275731444358821	0.0003984972341121343	10
PRAMEF13	0	0.06468660496175285	3.3466041674082437e-07	10
PRAMEF14	0	0.07685247883200641	3.021528090135758e-07	10
PRAMEF17	0	0.07090095803141591	2.8339212401933228e-05	10
PRAMEF19	0	0.0725227307528257	0.000550017871857222	10
PRAMEF2	0	0.04204656258225437	4.6984772414306365e-06	10
PRAMEF4	0	0.04135671779513355	0.003494529066188605	10
PRAMEF6	0	0.06408386677503582	0.00022844964656056058	10
PRAMEF7	0	0.08146076947450634	4.28968059519636e-05	10
PRAP1	0	0.03430518358945843	0.0014020212882286313	10
PRB1	0	0.033387270197272265	0.00037838336319368805	10
PRB2	0	0.03374039940536018	0.17224690753220098	10
PRB3	0	0.05142463631927961	0.0721544579948624	10
PRB4	0	0.0338377188891172	0.002287803293733419	10
PRC1	0	0.058945100754499394	0.5020667236117614	10
PRCC	0	0.31595516949892044	0.14151572786248065	10
PRCD	0	0.038981090486049606	0.00018256250143471308	10
PRCP	0	0.06245862245559689	0.07017079177445404	10
PRDM1	0	0.38386705219745637	0.9189445346869662	10
PRDM10	0	0.16255032196640964	0.8881703755870655	10
PRDM11	0	0.29076843857765194	0.5505214073176875	10
PRDM12	0	0.12418190166354175	0.04768211314145705	10
PRDM13	0	0.06732589006423945	0.6050799829383596	10
PRDM14	0	0.10097638480365272	0.042253627693903575	10
PRDM15	0	0.13600894734263416	0.8010522072981624	10
PRDM16	0	0.645788562297821	0.862246237896944	10
PRDM2	0	0.7430438578128815	0.975948452450982	10
PRDM4	0	0.10591860413551327	0.010543273110411259	10
PRDM5	0	0.08277332000434395	0.01800479970466856	10
PRDM7	0	0.035196606628596735	0.014160436928766637	10
PRDM8	0	0.1835546150803566	0.8467599707094063	10
PRDM9	0	0.03660716544836755	0.00366952837683169	10
PRDX1	0	0.2131126835942268	0.0257850639557708	10
PRDX2	0	0.18309453725814814	0.02431936458456812	10
PRDX3	0	0.07058888897299762	0.0006362080954268317	10
PRDX4	0	0.0673154022544622	0.002570668534992029	10
PRDX5	0	0.1605065152049064	0.03929754412161745	10
PRDX6	0	0.07680962756276125	0.05832734810475572	10
PREB	0	0.05575032457709308	0.02231010574575086	10
PRELID1	0	0.0643947638571262	0.058277308612311264	10
PRELID2	0	0.043242072314023924	0.00483648436870768	10
PRELP	0	0.04054861329495902	0.03697832600170941	10
PREP	0	0.336440347135067	0.5012057544376318	10
PREPL	0	0.1877485960721969	0.4533806897012962	10
PREX1	0	0.7724090337753295	0.669356819591672	10
PREX2	0	0.22666292712092395	0.5626114996651375	10
PRF1	0	0.0415581405162811	0.0037478951098785045	10
PRG2	0	0.03872666023671621	0.0015548962599640174	10
PRG3	0	0.04200378432869906	0.0016707239203935238	10
PRG4	0	0.04963248148560519	0.4673139817756458	10
PRH1	0	0.12697740495204923	0.016388979004473947	10
PRH2	0	0.034491859190165966	0.005892367018494558	10
PRICKLE1	0	0.7371587157249451	0.41839415122928686	10
PRICKLE2	0	0.8556658506393433	0.8881802425219251	10
PRICKLE3	0	0.03894877098500723	0.0014054198731449298	10
PRICKLE4	0	0.03499679751694199	0.010737493176079381	10
PRIM1	0	0.0545377645641565	0.0004806163333539146	10
PRIM2	0	0.06077396348118776	0.008288926200805635	10
PRIMA1	0	0.037115136906504594	0.011905997480807931	10
PRIMPOL	0	0.055091374740004494	0.0004228297561561763	10
PRKAA1	0	0.467419758439064	0.08096321037240342	10
PRKAA2	0	0.18948146775364874	0.19756225426038418	10
PRKAB1	0	0.040114700049161865	0.033780596753546735	10
PRKAB2	0	0.3386473447084427	0.08254483069726395	10
PRKACA	0	0.6790936529636383	0.41737489870102473	10
PRKACB	0	0.6661171197891236	0.06278364051259956	10
PRKACG	0	0.05872791931033129	0.5514187546012049	10
PRKAG1	0	0.07189916968345636	0.00040249805064478323	10
PRKAG2	0	0.6378287017345429	0.6928052785280239	10
PRKAG3	0	0.03734813705086704	0.00016211759407865843	10
PRKAR1A	0	0.6912720620632171	0.14651929672135294	10
PRKAR1B	0	0.4604456126689911	0.5568609408397691	10
PRKAR2A	0	0.0908510144799947	0.15904504646318174	10
PRKAR2B	0	0.737880140542984	0.11062000178622791	10
PRKCA	0	0.6600492089986801	0.6138086925362807	10
PRKCB	0	0.903393006324768	0.6152373766062775	10
PRKCD	0	0.6081831753253937	0.6562179871205422	10
PRKCDBP	0	0.04072628691792484	0.2713309560047904	10
PRKCE	0	0.8684175968170166	0.8706926393498918	10
PRKCG	0	0.7461553037166595	0.30561628871388435	10
PRKCH	0	0.1892962161451578	0.08726586401332416	10
PRKCI	0	0.6059968411922455	0.3434929132840418	10
PRKCQ	0	0.30139575749635694	0.5098866071012097	10
PRKCSH	0	0.09393176138401028	0.9698442552034313	10
PRKCZ	0	0.341970220208168	0.27094477816975904	10
PRKD1	0	0.0925878547132015	0.5862820613608573	10
PRKD2	0	0.6272927254438401	0.2772410192765553	10
PRKD3	0	0.14673791006207462	0.4910615521391678	10
PRKDC	0	0.860343587398529	0.47577670113458614	10
PRKG1	0	0.8654154598712921	0.3321886234702628	10
PRKG2	0	0.4589919835329056	0.07295814775975133	10
PRKRA	0	0.2759842038154602	3.16868375259166e-05	10
PRKRIP1	0	0.07335375174880025	0.10702910423519196	10
PRKRIR	0	0.5237621396780014	0.08990630828337237	10
PRKX	0	0.05032545216381547	0.7039759830145904	10
PRL	0	0.03991159871220584	0.003070822176722399	10
PRLH	0	0.041255737468600215	0.10286122039212256	10
PRLHR	0	0.04058052673935885	0.02827282435060789	10
PRLR	0	0.1794950112700462	0.4732061934956532	10
PRM1	0	0.034822344034910156	4.724056438058993e-05	10
PRM2	0	0.03442185036838048	0.0018126060817778042	10
PRMT1	0	0.6429484277963639	0.4493919508212952	10
PRMT10	0	0.050362721830606416	0.017904588926483174	10
PRMT2	0	0.21388010829687115	0.33370839697814103	10
PRMT3	0	0.04828818924725049	0.03727531557181338	10
PRMT5	0	0.8484751403331756	0.009029960545274131	10
PRMT6	0	0.06667544245719906	0.011675753700359733	10
PRMT7	0	0.08633898720145221	0.07809823729060653	10
PRMT8	0	0.6272301733493805	0.8063679811677389	10
PRND	0	0.03534348271787163	0.002665884132630165	10
PRNP	0	0.18932746872305867	0.046946346926506545	10
PRNT	0	0.1383224997669458	5.0556476725923455e-05	10
PROC	0	0.04485518969595427	0.026981773745791193	10
PROCA1	0	0.03261700905859464	0.007282341703841728	10
PROCR	0	0.03521526399999854	0.0007560459593387709	10
PRODH	0	0.06430792100727553	0.2773212030009726	10
PRODH2	0	0.03528477698564525	4.54570568671473e-05	10
PROK1	0	0.03480623736977573	1.0814862673643256e-05	10
PROK2	0	0.035705403238534876	0.015874417400047174	10
PROKR1	0	0.040708341076970064	0.25049478225653776	10
PROKR2	0	0.03699270114302629	0.15379760075325338	10
PROL1	0	0.05182612836360927	0.0013297588529139147	10
PROM1	0	0.090715766698122	0.520833147895126	10
PROM2	0	0.040982848405837956	0.011864794567035894	10
PROP1	0	0.06460041664540762	0.06785792783673353	10
PROS1	0	0.056000825762748674	0.04159008675661274	10
PROSC	0	0.04195992164313788	0.001013531267366474	10
PROSER1	0	0.06329211406409736	0.870383348921945	10
PROSER2	0	0.05724840275943276	0.04314161471324784	10
PROX1	0	0.8095374822616577	0.95365634174708	10
PROX2	0	0.04740588553249831	0.04094192623353254	10
PROZ	0	0.034731951914727645	0.02723371952416347	10
PRPF18	0	0.08909577615559096	0.01028979351826563	10
PRPF19	0	0.5847933858633041	0.04774443605032193	10
PRPF3	0	0.8716883659362793	0.498522145654319	10
PRPF31	0	0.626694193482399	0.1951137882239504	10
PRPF38A	0	0.4125796541571617	0.07702909626942722	10
PRPF38B	0	0.6337055444717408	0.9221654998722008	10
PRPF39	0	0.7170996010303498	0.7759819874436963	10
PRPF4	0	0.6043277442455292	0.053709861395207684	10
PRPF40A	0	0.44682576656341555	0.5200516923410488	10
PRPF40B	0	0.6608911871910095	0.14011805353644893	10
PRPF4B	0	0.7667359709739685	0.7750890881458098	10
PRPF6	0	0.7324488222599029	0.6566466491326074	10
PRPF8	0	0.8925116121768951	0.8746269716450413	10
PRPH	0	0.055723088979721024	0.0949851789148438	10
PRPH2	0	0.04135358408093448	0.0036608257697957705	10
PRPS1	0	0.36539517939090727	0.0027506108872726955	10
PRPS1L1	0	0.05551859512925143	0.08306728539355727	10
PRPS2	0	0.399456524848938	0.006725688873463682	10
PRPSAP1	0	0.11045436002314088	0.00811684576595413	10
PRPSAP2	0	0.1265884399414062	0.19551408607235707	10
PRR11	0	0.035594317875802486	0.0013032687702747747	10
PRR12	1	0.8057211325105575	0.96264129223513	643
PRR13	0	0.04440630525350566	0.10783253855046174	10
PRR14	0	0.1326917644590139	0.3239457586142743	10
PRR14L	0	0.5667216539382934	0.8463002495284819	10
PRR15	0	0.042156871408224064	0.008210032849986943	10
PRR15L	0	0.04179879315197464	0.00012217594933607075	10
PRR16	0	0.039790096879005386	0.19379276324049582	10
PRR18	0	0.06977312043309206	0.014999564202441732	10
PRR19	0	0.06377970539033409	0.0064879686305873594	10
PRR22	0	0.03540491908788679	0.18636130389176125	10
PRR23A	0	0.0561219051480293	0.008817257433871831	10
PRR23B	0	0.05486414618790146	0.21625195529700858	10
PRR23C	0	0.06546014882624145	0.2395386296779174	10
PRR3	0	0.051490972936153366	0.01477402883527206	10
PRR4	0	0.03227205835282798	2.263151796453473e-06	10
PRR5	0	0.04098157286643976	0.1154156790293571	10
PRR5-ARHGAP8	0	0.04426095560193058	0.24908428576965824	10
PRR5L	0	0.03762528728693718	0.02761224933632937	10
PRR7	0	0.21081247627735133	0.015923073237012662	10
PRRC1	0	0.07784932740032668	0.41564555922639856	10
PRRC2A	0	0.5498219490051269	0.9518683449326352	10
PRRC2B	0	0.663282823562622	0.9440983632547392	10
PRRC2C	0	0.846041613817215	0.9316355000650682	10
PRRG1	0	0.03504053503274912	0.07930229289059405	10
PRRG2	0	0.034869493916630676	0.010203575936317683	10
PRRG3	0	0.033614943176507914	0.6054219560949068	10
PRRG4	0	0.03334779031574723	0.061019439961961054	10
PRRT1	0	0.17977796420454978	0.6625572540588651	10
PRRT2	0	0.13521827012300489	0.1920478121317329	10
PRRT3	0	0.04494424648582931	0.06271330804781969	10
PRRX1	0	0.08053993768990036	0.0050655882442036376	10
PRRX2	0	0.04898409731686109	0.08238723743684292	10
PRSS1	0	0.03313431739807125	0.019058193771436374	10
PRSS12	0	0.0827761352062225	0.718981727119508	10
PRSS16	0	0.037196623533964114	0.0032483031210114944	10
PRSS21	0	0.03396840598434206	0.002820398781426022	10
PRSS22	0	0.03638560026884076	0.007706878049876469	10
PRSS23	0	0.05460665412247177	0.027030275766975382	10
PRSS27	0	0.03395175226032729	0.25581723931632483	10
PRSS3	0	0.03852326534688468	0.21640172490736367	10
PRSS33	0	0.04965605102479453	0.0639733066328699	10
PRSS35	0	0.0334958061575889	0.002531212295334483	10
PRSS36	0	0.03706227727234359	0.0009434057406621807	10
PRSS37	0	0.033582281321287114	1.9729318586882985e-06	10
PRSS38	0	0.03453257754445073	0.0003337124911757113	10
PRSS42	0	0.03210619427263732	0.00010528775821486657	10
PRSS45	0	0.03373425453901286	0.01692135780596573	10
PRSS48	0	0.032947411015629716	0.022501274292805202	10
PRSS50	0	0.042738905176520306	0.23065490455178095	10
PRSS53	0	0.04185435548424715	0.0008570156831331478	10
PRSS54	0	0.03248390927910799	3.4073013437792515e-05	10
PRSS55	0	0.03354427479207512	0.006622594752187802	10
PRSS57	0	0.03358286079019304	0.21544871729191603	10
PRSS58	0	0.03219886552542443	0.0002808828261511072	10
PRSS8	0	0.04256089255213733	0.01224580291510657	10
PRTFDC1	0	0.0576528143137693	0.0039910315954846	10
PRTG	0	0.06212113536894317	0.6432336609705231	10
PRTN3	0	0.03549875505268568	0.14667058578814846	10
PRUNE	0	0.044103999063372555	0.029533220997953857	10
PRUNE2	0	0.08589920103549953	0.8736734622615516	10
PRX	0	0.04211056828498837	0.8842269283258076	10
PSAP	0	0.4850560873746872	0.1313203072462842	10
PSAPL1	0	0.06079043485224241	0.0273357795477083	10
PSAT1	0	0.06905297972261903	0.27618355361286456	10
PSCA	0	0.03644851855933662	0.0002090265524165319	10
PSD	0	0.3887648910284042	0.13960065445284192	10
PSD2	0	0.12496655508875842	0.23622688791534321	10
PSD3	0	0.2517792485654354	0.8582673285967489	10
PSD4	0	0.07946478500962253	0.02414531402554871	10
PSEN1	0	0.48757595717906954	0.19828117980789584	10
PSEN2	0	0.07164330966770645	3.256146664383068e-05	10
PSENEN	0	0.06528559699654574	0.010978589475067016	10
PSG1	0	0.04088288210332389	0.025493044916120443	10
PSG11	0	0.03319076932966704	0.00015702946807034896	10
PSG2	0	0.03294732253998512	0.005075601193770358	10
PSG3	0	0.032947310991585196	0.009581539366331151	10
PSG4	0	0.033009908534586394	0.0007135118119973349	10
PSG5	0	0.03365603573620315	6.531266112291834e-06	10
PSG6	0	0.03395705223083493	0.009758409247255318	10
PSG8	0	0.03328104466199869	6.498947206494963e-05	10
PSG9	0	0.03329454883933064	0.0005547408885659959	10
PSIP1	0	0.7516622304916382	0.79136464296813	10
PSKH1	0	0.05552558414638037	0.10841391179842357	10
PSKH2	0	0.03335793334990734	0.0005218861016566817	10
PSMA1	0	0.24512054324150082	0.0029203317271936204	10
PSMA2	0	0.18694611191749572	0.09665110758160778	10
PSMA3	0	0.4681518256664276	0.00018497947894977968	10
PSMA4	0	0.30212473124265665	0.16985159638108766	10
PSMA5	0	0.3989468395709991	0.00457221557141122	10
PSMA6	0	0.4160494729876518	0.008181102420883022	10
PSMA7	0	0.4410501286387444	0.05203463823491185	10
PSMA8	0	0.03470162823796266	0.02266014768926734	10
PSMB1	0	0.28823445439338685	0.3626773718842127	10
PSMB10	0	0.04750766828656192	0.2446823977895854	10
PSMB11	0	0.03528544120490546	0.00027726713228143856	10
PSMB2	0	0.16459460631012912	0.051236437190795826	10
PSMB3	0	0.13960936442017552	0.2118139000470581	10
PSMB4	0	0.11633473634719844	0.0627318248887623	10
PSMB5	0	0.30398254990577694	0.008619186909336008	10
PSMB6	0	0.09884684905409809	0.0011794497591068101	10
PSMB7	0	0.278907273709774	0.26895046435324804	10
PSMB8	0	0.03983199410140511	0.0004944915011839855	10
PSMB9	0	0.04282891787588594	1.1056314342557376e-05	10
PSMC1	0	0.7406478524208069	0.15366462940783301	10
PSMC2	0	0.6870034605264663	0.4059437078072035	10
PSMC3	0	0.6359484642744064	0.1552608956500098	10
PSMC3IP	0	0.03721425682306284	0.007140069989401743	10
PSMC4	0	0.38879252821207044	0.10838256371618629	10
PSMC5	0	0.5808062821626663	0.2753194605924799	10
PSMC6	0	0.6273180365562439	0.08072796735026426	10
PSMD1	0	0.883618700504303	0.23398506946006106	10
PSMD10	0	0.07385011948645111	0.16673379607927194	10
PSMD11	0	0.6229677855968475	0.5079238155071192	10
PSMD12	1	0.5215372425694782	0.3955840861713825	664
PSMD13	0	0.2987398490309715	0.04821776840226537	10
PSMD14	0	0.5732336550951004	0.11032631714075054	10
PSMD2	0	0.8383511543273926	0.6893950155533057	10
PSMD3	0	0.591064102947712	0.624456871374476	10
PSMD4	0	0.7202311217784881	0.018073766024414413	10
PSMD5	0	0.043273032829165434	0.053770437602264035	10
PSMD6	0	0.3112394757568836	3.2279104831114073e-06	10
PSMD7	0	0.18696571364998812	0.19365581909389093	10
PSMD8	0	0.1422301828861236	0.362164179101311	10
PSMD9	0	0.03624456524848934	0.00438882338134507	10
PSME1	0	0.06958147175610062	0.00011665703841741972	10
PSME2	0	0.055859297513961736	0.00043674179923653664	10
PSME3	0	0.4293725028634071	0.07881790199331766	10
PSME4	0	0.842690896987915	0.6974527970287119	10
PSMF1	0	0.06693947762250894	0.14941535175590787	10
PSMG1	0	0.03834816683083768	0.0001705811646391132	10
PSMG2	0	0.08719292432069774	0.0022286817996252373	10
PSMG3	0	0.04018702469766135	0.02180013269282475	10
PSORS1C1	0	0.0318500183522701	0.00289316889532796	10
PSORS1C2	0	0.0350243110209703	0.03700420945056294	10
PSPC1	0	0.7676225066184997	0.452441757454046	10
PSPH	0	0.04307995922863478	0.0006362546902089165	10
PSPN	0	0.04970237314701077	0.10797674085521254	10
PSRC1	0	0.04159297905862326	9.359027053493518e-05	10
PSTK	0	0.03230888526886698	0.0039776418757826925	10
PSTPIP1	0	0.04440853297710415	0.35897281515919166	10
PSTPIP2	0	0.06483725197613235	0.015150677627916918	10
PTAFR	0	0.04222929812967773	0.0008848317102461499	10
PTAR1	0	0.11161179244518275	0.22060248014026262	10
PTBP1	0	0.7386736094951629	0.7808234884723217	10
PTBP2	0	0.9181383430957795	0.724785071809259	10
PTBP3	0	0.4149707153439522	0.212397422554647	10
PTCD1	0	0.03556024394929405	0.37099283434185304	10
PTCD2	0	0.03692944161593909	0.250602371824152	10
PTCD3	0	0.11691330224275587	0.059851639366906614	10
PTCH1	0	0.7085049003362656	0.8998015389613794	10
PTCH2	0	0.05394942872226234	0.0014759196682326485	10
PTCHD1	0	0.6819784343242645	0.8873369097652694	10
PTCHD2	0	0.10915243625640865	0.04536479194552128	10
PTCHD3	0	0.035152365267276706	0.5126063829172269	10
PTCHD4	0	0.07367088757455344	0.44746501063893973	10
PTCRA	0	0.045413666218519166	0.0012948262534942462	10
PTDSS1	0	0.22631493210792536	0.1386882634748813	10
PTDSS2	0	0.05886215828359122	0.09320042508498368	10
PTEN	1	0.5488130585585214	0.5306942762085255	632
PTER	0	0.033557604439556535	0.010832749718086981	10
PTF1A	0	0.058527755737304635	0.0036060671204275695	10
PTGDR	0	0.03789802771061654	0.2875558125863712	10
PTGDR2	0	0.0651710037142038	0.004430801911856045	10
PTGDS	0	0.0784199815243482	0.07798023009488474	10
PTGER1	0	0.049889131262898415	0.0007283450393015633	10
PTGER2	0	0.03683643005788323	0.012737957910601571	10
PTGER3	0	0.09364277124404903	0.003935047077348307	10
PTGER4	0	0.3426006242632866	0.06315576664925678	10
PTGES	0	0.07380165904760357	0.0001846872977330426	10
PTGES2	0	0.06042704284191125	0.10019538336751692	10
PTGES3	0	0.4426747798919678	0.0031606556693322997	10
PTGES3L	0	0.03535978868603702	0.0017177363446950352	10
PTGES3L-AARSD1	0	0.03941375799477096	0.004683041867572519	10
PTGFR	0	0.03702431544661516	0.01687148393964007	10
PTGFRN	0	0.06429031006991859	0.8275314538971591	10
PTGIR	0	0.0452196836471557	0.0006216758560936058	10
PTGIS	0	0.05784673579037186	0.02561406996739894	10
PTGR1	0	0.037638371624052466	0.006856688231779007	10
PTGR2	0	0.03745215386152263	0.05356988337368453	10
PTGS1	0	0.04557930678129192	0.05937837721105741	10
PTGS2	0	0.535205528140068	0.403613041769494	10
PTH	0	0.03927499987184997	0.0006902107741845984	10
PTH1R	0	0.21454243212938304	0.038973289977098	10
PTH2	0	0.036248617991805045	0.10122511640730772	10
PTH2R	0	0.037703058496117534	0.00044166959759232795	10
PTHLH	0	0.17632853016257283	0.000388906372989666	10
PTK2	0	0.8908994019031524	0.6171333199476421	10
PTK2B	0	0.5988018035888671	0.3902988701124858	10
PTK6	0	0.04211439490318295	0.0011545390215072612	10
PTK7	1	0.7186018577791539	0.31742670053522937	634
PTMA	0	0.15617562010884278	0.780887492561629	10
PTMS	0	0.1741488546133041	0.6443070905047273	10
PTN	0	0.17898632809519763	0.5375823032866874	10
PTOV1	0	0.31032305508852004	0.1811582796842537	10
PTP4A1	0	0.11121423207223409	0.1099400941604872	10
PTP4A2	0	0.41625143885612487	0.7556942089151637	10
PTP4A3	0	0.0436146736145019	0.23397114078886422	10
PTPDC1	0	0.04424608014523978	0.03384880474371141	10
PTPLA	0	0.04140487723052497	0.013509150039143793	10
PTPLAD1	0	0.14441462084650988	0.0009916191009963276	10
PTPLAD2	0	0.03980508893728252	0.1731927148555667	10
PTPLB	0	0.07527472935616966	0.05912015717355211	10
PTPMT1	0	0.04577518552541728	0.020856014367467084	10
PTPN1	0	0.42652359753847124	0.0611563243761087	10
PTPN11	1	0.8362831168715058	0.6255400282120271	631
PTPN12	0	0.7868605822324752	0.08144204128424623	10
PTPN13	0	0.12642676755785937	0.6827801501452412	10
PTPN14	0	0.1435206577181816	0.8070804952518971	10
PTPN18	0	0.0470380179584026	0.02760805584930427	10
PTPN2	0	0.45618463307619095	0.07363773778303959	10
PTPN21	0	0.09198654666543002	0.7277314857788106	10
PTPN22	0	0.04809085913002486	0.0020596477014145622	10
PTPN23	0	0.2459856010973453	0.32565337209521383	10
PTPN3	0	0.09393000900745388	0.5403222974626749	10
PTPN4	0	0.7261645019054412	0.5639522628874074	10
PTPN5	0	0.10118568167090411	0.1403134045479279	10
PTPN6	0	0.6498095095157623	0.5204249098906778	10
PTPN7	0	0.037147842347621876	0.00405494426367453	10
PTPN9	0	0.1989683955907821	0.03377630264307501	10
PTPRA	0	0.9063656330108643	0.5222856839089877	10
PTPRB	0	0.19328457266092297	0.87947851399583	10
PTPRC	0	0.3184564970433712	0.6679212863012933	10
PTPRCAP	0	0.048770622909069	0.0692694195651126	10
PTPRD	0	0.9188937842845917	0.9799924273567415	10
PTPRE	0	0.20063486248254772	0.986550453944863	10
PTPRF	0	0.8332266092300415	0.9792382730475039	10
PTPRG	0	0.4632728651165962	0.9812486556239532	10
PTPRH	0	0.03875971138477322	0.03962297068694049	10
PTPRJ	0	0.08856272995471949	0.9800420288060521	10
PTPRK	0	0.7432896852493286	0.941114054205937	10
PTPRM	0	0.7972072482109069	0.4518655262530874	10
PTPRN	0	0.15131320208311078	0.00595207662314449	10
PTPRN2	0	0.15529206618666644	0.41325969713856897	10
PTPRO	0	0.46876053512096405	0.6308059802357936	10
PTPRR	0	0.060570780932903245	0.012211322755624684	10
PTPRS	0	0.7056952357292176	0.9830214648551531	10
PTPRT	0	0.8162316083908081	0.5082882009063678	10
PTPRU	0	0.2804196208715439	0.3963969336505942	10
PTPRZ1	0	0.7549517035484314	0.8298811078348836	10
PTRF	0	0.047656756266951525	0.24603309199361986	10
PTRH1	0	0.04531991034746165	0.0440355142631207	10
PTRH2	0	0.04300904609262938	1.1463266779457487e-05	10
PTRHD1	0	0.04298607222735878	3.2304471681297185e-05	10
PTS	0	0.05543385185301299	0.09612815651438825	10
PTTG1	0	0.043786548450589144	2.9486969550092557e-05	10
PTTG1IP	0	0.071959825605154	0.09643719034600318	10
PTTG2	0	0.058570990711450534	0.00023399283216791328	10
PTX3	0	0.036914812028408	0.014177630284868967	10
PTX4	0	0.03695886097848412	0.2411454434070181	10
PUF60	0	0.7855807185173035	0.4224894217707244	10
PUM1	0	0.9177875757217407	0.9911834234828323	10
PUM2	0	0.8740897297859191	0.90333331973161	10
PURA	0	0.5929261788725853	0.621765952633371	10
PURB	0	0.11859337761998172	0.3935802947964448	10
PURG	0	0.408323672413826	0.2659064584728182	10
PUS1	0	0.0452984772622585	0.3068258291541012	10
PUS10	0	0.05302363410592074	0.006501254394592711	10
PUS3	0	0.03429139684885736	0.00634777480236972	10
PUS7	0	0.07117219418287271	0.7226135608134989	10
PUS7L	0	0.10573618859052651	0.43315242228124723	10
PUSL1	0	0.042718958109617185	0.006782375999994278	10
PVALB	0	0.06460679061710829	0.0024534481465852734	10
PVR	0	0.03258555606007571	0.07147028996466231	10
PVRIG	0	0.03489492312073703	0.045647630684222534	10
PVRL1	0	0.07494265399873253	0.22035920561091774	10
PVRL2	0	0.17240686714649195	0.22023374953779787	10
PVRL3	0	0.23263167217373842	0.2771108355501419	10
PVRL4	0	0.11561909280717368	0.03995017715426351	10
PWP1	0	0.08186333365738388	0.22403604656199105	10
PWP2	0	0.07997827455401416	0.4682180909397057	10
PWWP2A	0	0.7208022534847259	0.21901802494174122	10
PWWP2B	0	0.09251164309680457	0.04237201536265051	10
PXDC1	0	0.03531763032078738	0.00019431850436277167	10
PXDN	0	0.27195034325122835	0.856676229567267	10
PXDNL	0	0.05078481957316393	0.02429557840543768	10
PXK	0	0.12504991181194777	0.0071233826370705996	10
PXMP2	0	0.0385834619402885	0.000799503247056284	10
PXMP4	0	0.03467915877699846	0.0036039582552092747	10
PXN	0	0.0643489725887775	0.21949979417560952	10
PXT1	0	0.03245309554040426	0.0017011669366401052	10
PYCARD	0	0.056497771665453854	0.0018820235966100294	10
PYCR1	0	0.04293767251074311	0.15422437101556752	10
PYCR2	0	0.0709837224334478	0.0005089610963779009	10
PYCRL	0	0.04680114611983294	0.0018812026210050362	10
PYDC1	0	0.07523984611034389	0.00047199143890112167	10
PYDC2	0	0.1162887334823608	2.3024009511247555e-05	10
PYGB	0	0.10218630395829673	0.5001076570060112	10
PYGL	0	0.04580510780215261	0.06117621857042438	10
PYGM	0	0.05052003711462018	0.3046981129617231	10
PYGO1	0	0.26552311107516285	0.4096188958554497	10
PYGO2	0	0.24709329083561893	0.20337729028518522	10
PYHIN1	0	0.04276189394295209	0.005789007015763286	10
PYROXD1	0	0.03589796796441075	0.013891939314335461	10
PYROXD2	0	0.03516790550202127	0.003270836146335289	10
PYY	0	0.04608268216252321	0.09729064768483657	10
PZP	0	0.03558558970689771	0.017195265615088336	10
QDPR	0	0.09806022197008131	0.010196143816492002	10
QKI	0	0.6114004552364349	0.7921002033262651	10
QPCT	0	0.041550131514668395	0.000808050976652566	10
QPCTL	0	0.03895817324519153	0.08315284043710477	10
QPRT	0	0.041459737345576245	0.03771849930798561	10
QRFP	0	0.06696476265788075	0.011994851825329132	10
QRFPR	0	0.04237884320318694	0.010538643533934576	10
QRICH1	0	0.6729691386222839	0.4685976925216586	10
QRICH2	0	0.037635337933897915	0.44956327115900374	10
QRSL1	0	0.04450471997261043	0.004760637390571001	10
QSER1	0	0.5778283447027206	0.9578395159556775	10
QSOX1	0	0.05031431429088111	0.06601634371843729	10
QSOX2	0	0.0461713526397943	0.7901235402361022	10
QTRT1	0	0.1483159020543098	0.025683878216036272	10
QTRTD1	0	0.04090666696429248	0.003786864265835326	10
R3HCC1L	0	0.04370073340833183	0.14025781366072568	10
R3HDM1	0	0.6998831897974014	0.3140623805109034	10
R3HDM2	0	0.839354008436203	0.38115996231761157	10
R3HDM4	0	0.03822362348437304	0.02032438790349852	10
R3HDML	0	0.03589738011360165	0.0003655022920024221	10
RAB10	0	0.4561037331819534	0.26433893165709405	10
RAB11A	0	0.5621656090021133	0.00451113440372903	10
RAB11B	0	0.20676982402801508	0.7051119807088223	10
RAB11FIP1	0	0.03885787837207312	0.4230835920372661	10
RAB11FIP2	0	0.40560145378112794	0.03198642758868987	10
RAB11FIP3	0	0.378778925538063	0.40511742358286573	10
RAB11FIP4	0	0.6474151492118836	0.24685577454363913	10
RAB11FIP5	0	0.05308731980621809	0.13301356698989877	10
RAB12	0	0.06441238448023792	0.1376800870843387	10
RAB13	0	0.044148356467485377	0.001159528629770189	10
RAB14	0	0.4622965931892395	0.7278329912239906	10
RAB15	0	0.06775039471685881	0.0033015661354972303	10
RAB17	0	0.037026321887969935	0.0011101718042510107	10
RAB18	0	0.31660682708024973	0.32703996913610855	10
RAB19	0	0.033367501944303456	0.031300393340264424	10
RAB1A	0	0.27026052027940745	0.04888118160874438	10
RAB1B	0	0.17911974787712093	0.004819992569362138	10
RAB20	0	0.0355683628469705	0.13463044533365714	10
RAB21	0	0.05445263832807538	0.4161759539026059	10
RAB22A	0	0.0571108445525169	0.4753909179681507	10
RAB23	0	0.03924431130290027	0.34567565549365364	10
RAB24	0	0.08938904032111164	0.0030319420817286067	10
RAB25	0	0.04757458418607706	0.10237299873481201	10
RAB26	0	0.06161699034273621	0.31557533876322513	10
RAB27A	0	0.04177625440061088	0.05227841650791145	10
RAB27B	0	0.04051052108407016	0.14941504650118115	10
RAB28	0	0.04728145748376842	0.0003682516405668337	10
RAB2A	0	0.584275272488594	0.1739433733625399	10
RAB2B	0	0.050415106490254366	0.09720822228184088	10
RAB30	0	0.272995887696743	0.2971415708860168	10
RAB31	0	0.05964389629662031	0.027401673668624532	10
RAB32	0	0.03884164206683631	0.00398926168856387	10
RAB33A	0	0.09687325842678543	0.0680150333558078	10
RAB33B	0	0.04321665260940785	0.06346535672890034	10
RAB34	0	0.050669519230723326	0.10774585024115864	10
RAB35	0	0.3608506545424461	0.3728439118372263	10
RAB36	0	0.03653087131679053	0.05966139056008328	10
RAB37	0	0.06452065967023368	0.002404811314502581	10
RAB38	0	0.03381212241947644	0.0011505957168556377	10
RAB39A	0	0.03644074760377402	0.01985724112136214	10
RAB39B	0	0.28676116168498994	0.01806068050853445	10
RAB3A	0	0.6250608175992965	0.5299231226433327	10
RAB3B	0	0.06209115311503406	0.1818311116071607	10
RAB3C	0	0.07565768435597416	0.30936442093275357	10
RAB3D	0	0.0491752244532108	0.16474486427822715	10
RAB3GAP1	0	0.16988953351974484	0.12499754807719214	10
RAB3GAP2	0	0.6279873847961426	0.21652099472605632	10
RAB3IL1	0	0.03472026083618399	0.034124155443664754	10
RAB3IP	0	0.08782073445618148	0.44073700973308316	10
RAB40A	0	0.053897869586944536	0.002424439310955495	10
RAB40AL	0	0.03584318868815895	0.002443292835923637	10
RAB40B	0	0.04821466691792007	0.13291247010008847	10
RAB40C	0	0.07988918237388129	0.29482735059777276	10
RAB41	0	0.03782714121043678	0.34663858533491554	10
RAB42	0	0.03235738761723038	0.000126615313617845	10
RAB43	0	0.04168101251125332	0.1402198872023663	10
RAB4A	0	0.07800295911729331	0.02767759856531991	10
RAB4B	0	0.10795346796512599	0.002723245077272671	10
RAB5A	0	0.11270911768078802	0.017505451463457323	10
RAB5B	0	0.07580155692994589	0.14109692058347878	10
RAB5C	0	0.2593361929059028	0.6021144466146526	10
RAB6A	0	0.4550518274307251	0.03428935890283427	10
RAB6B	0	0.5273987382650376	0.2522010396995787	10
RAB6C	0	0.07102867141366001	0.2649862761399773	10
RAB7A	0	0.46563986539840696	0.30523318651356884	10
RAB7L1	0	0.047698579356074286	0.009780483566882079	10
RAB8A	0	0.2977545857429504	0.02988370616361181	10
RAB8B	0	0.07657991535961625	0.1979147762434149	10
RAB9A	0	0.14857542738318438	0.06318994265884588	10
RAB9B	0	0.07671930082142348	0.038436508811482514	10
RABAC1	0	0.21792654693126673	0.003514484463619457	10
RABEP1	0	0.7933233797550201	0.5121890557105144	10
RABEP2	0	0.07447502985596652	0.0025955020939292606	10
RABEPK	0	0.036355333030223806	6.118263812487893e-05	10
RABGAP1	0	0.9096567809581757	0.7852012956430217	10
RABGAP1L	0	0.440922836959362	0.4438310663141657	10
RABGEF1	0	0.2045057542622089	0.0221044388612896	10
RABGGTA	0	0.04436723850667472	0.00010346275687534478	10
RABGGTB	0	0.10165701434016224	2.9562567701856992e-05	10
RABIF	0	0.04428728446364398	0.0006639761454025176	10
RABL2A	0	0.03263439927250142	0.006997563326938206	10
RABL2B	0	0.045165630057454054	0.04133061678375857	10
RABL3	0	0.033321430534124306	0.00551515743810683	10
RABL5	0	0.05959194041788572	0.08204872975475098	10
RABL6	0	0.3303193688392639	0.6413037134801796	10
RAC1	0	0.44874573349952696	0.07154907040644963	10
RAC2	0	0.3092501476407051	0.00034676499428401824	10
RAC3	0	0.2194648407399654	0.4186093421660698	10
RACGAP1	0	0.07368614040315148	0.24204894193144172	10
RAD1	0	0.04536841288208956	0.16317072802324012	10
RAD17	0	0.10602097995579238	0.012022842161492828	10
RAD18	0	0.047449752688407856	0.26070903613610646	10
RAD21	0	0.8273597717285156	0.779468204983657	10
RAD23A	0	0.16140703409910195	0.2851340806415001	10
RAD23B	0	0.5689174652099609	0.05284852004716121	10
RAD50	0	0.09593335501849647	0.361686745597948	10
RAD51	0	0.11123646199703212	0.04467658204942392	10
RAD51AP1	0	0.032048578001558733	0.0018747477461905058	10
RAD51AP2	0	0.035335452854633284	0.002380464929474476	10
RAD51B	0	0.03977826870977873	0.00020093907256664556	10
RAD51C	0	0.051948007941245974	0.0010788580074071782	10
RAD51D	0	0.042459198459982826	0.10031203264531323	10
RAD52	0	0.04788357168436047	0.037243709540037376	10
RAD54B	0	0.04945236705243583	0.002054559055960069	10
RAD54L	0	0.03975485265254968	0.025074485285616795	10
RAD54L2	0	0.8978845655918122	0.9016665582120863	10
RAD9A	0	0.05440300777554506	0.013910041802595096	10
RAD9B	0	0.03554851002991194	0.10213922832859816	10
RADIL	0	0.0458724461495876	0.013033049904858096	10
RAE1	0	0.5391280770301818	0.046108867133254634	10
RAET1E	0	0.032457127608358796	0.02785866727289122	10
RAET1G	0	0.03407650478184218	0.007574577678451608	10
RAET1L	0	0.03550963178277011	0.0004213506556678733	10
RAF1	0	0.8174700558185577	0.2899649410741454	10
RAG1	0	0.053128269314765886	0.15932107803037188	10
RAG2	0	0.04420629478991027	0.041626600726771185	10
RAI1	1	0.6662210427850257	0.9638225608651391	655
RAI14	0	0.3900242105126381	0.25059561798963287	10
RAI2	0	0.10114623755216594	0.14520567383480273	10
RALA	0	0.6637912333011627	0.021649293619001277	10
RALB	0	0.05057393498718733	0.03753632966723971	10
RALBP1	0	0.39855355471372605	0.04184300807734029	10
RALGAPA1	0	0.8887367367744445	0.9302794421038337	10
RALGAPA2	0	0.19468683004379267	0.6273122402888628	10
RALGAPB	0	0.8372727751731872	0.5215090703345486	10
RALGDS	0	0.7511354565620423	0.2844559509822989	10
RALGPS1	0	0.6924411296844483	0.07119157576577681	10
RALGPS2	0	0.38711506426334374	0.7205143299749095	10
RALY	0	0.08880441747605797	0.1943271182465509	10
RALYL	0	0.14381844177842135	0.08206920993464192	10
RAMP1	0	0.060171183943748416	0.0445930145311733	10
RAMP2	0	0.04899704009294505	0.04739053269446958	10
RAMP3	0	0.03969552740454669	7.544129010871714e-06	10
RAN	0	0.529488492012024	0.1437011185641611	10
RANBP1	0	0.25904631763696667	0.018555964605170568	10
RANBP10	0	0.328281170129776	0.1235256620554491	10
RANBP17	0	0.07315604425966735	0.38783261901827343	10
RANBP2	0	0.8573506534099579	0.8812249292065724	10
RANBP3	0	0.7229611098766326	0.7348361501014247	10
RANBP3L	0	0.04899296984076495	0.09435333331071669	10
RANBP6	0	0.15302283912897105	0.35516747689774336	10
RANBP9	0	0.8232101380825043	0.7867485024097727	10
RANGAP1	0	0.1022164437919855	0.3825821492985472	10
RANGRF	0	0.03683202788233753	0.1363799507139932	10
RAP1A	0	0.27722634226083753	0.036260580686504	10
RAP1B	0	0.4811810731887817	0.4269637586592999	10
RAP1GAP	0	0.49339768588542937	0.5091732072226745	10
RAP1GAP2	0	0.4972423642873764	0.6625532411874744	10
RAP1GDS1	0	0.40831948518753053	0.20169600423438344	10
RAP2A	0	0.3196383476257324	0.12163574119319201	10
RAP2B	0	0.12902697771787638	0.4026305529745697	10
RAP2C	0	0.05071331523358817	0.062653022341409	10
RAPGEF1	0	0.8824150323867798	0.6087189423902277	10
RAPGEF2	0	0.9243326306343078	0.7551258003369019	10
RAPGEF3	0	0.055658058822154945	0.14360828473424286	10
RAPGEF4	0	0.5948673456907272	0.3210046777056561	10
RAPGEF5	0	0.514331167936325	0.6143863282737743	10
RAPGEF6	0	0.7840193986892701	0.5718838351622142	10
RAPGEFL1	0	0.09046644382178778	0.11799295213497034	10
RAPH1	0	0.8201007664203643	0.9511508074008596	10
RAPSN	0	0.04320711381733413	0.001591376961842589	10
RARA	0	0.7482681512832642	0.5327278019042538	10
RARB	0	0.7479761958122253	0.008966872569788844	10
RARG	0	0.593188214302063	0.019565795368538162	10
RARRES1	0	0.0368236325681209	0.0003854447359406644	10
RARRES2	0	0.04008064083755012	6.046661311119211e-05	10
RARRES3	0	0.03530943617224689	0.004237899430522098	10
RARS	0	0.05694340318441386	0.23359147869929703	10
RARS2	0	0.0807449977844953	0.00035118691416566626	10
RASA1	0	0.9120369493961334	0.8823811377137641	10
RASA2	0	0.22494838386774058	0.2558190096673822	10
RASA3	0	0.12398618310689921	0.372748885986881	10
RASA4	0	0.09562747105956071	0.3880052045559196	10
RASA4B	0	0.07087190933525557	0.2738137798620013	10
RASAL1	0	0.03887824118137354	0.04587197893251484	10
RASAL2	0	0.6595656752586365	0.7736040336716428	10
RASAL3	0	0.040860714763402875	0.01781895403109688	10
RASD1	0	0.0878092840313911	0.3344170609774563	10
RASD2	0	0.05257286503911015	0.45025016919016403	10
RASEF	0	0.03739633820950981	0.1252234776021075	10
RASGEF1A	0	0.39713082909584047	0.01681715838974055	10
RASGEF1B	0	0.23524758815765376	0.21040516823687722	10
RASGEF1C	0	0.06440711170434947	0.21395594792331404	10
RASGRF1	0	0.7981267094612121	0.7843115338124719	10
RASGRF2	0	0.3198677860200405	0.7949170861599596	10
RASGRP1	0	0.5662142395973205	0.6814673969338264	10
RASGRP2	0	0.15239858925342556	0.017599499863818507	10
RASGRP3	0	0.06635919772088524	0.2618038563703068	10
RASGRP4	0	0.08100145235657688	0.0032986242676184088	10
RASIP1	0	0.33680917173624036	0.020855669083730433	10
RASL10A	0	0.09501900523900982	0.24990273479577524	10
RASL10B	0	0.043532136455178214	0.12170642372594606	10
RASL11A	0	0.03767109550535675	0.05638195139869175	10
RASL11B	0	0.03397637642920013	0.008078311861749982	10
RASL12	0	0.0416101142764091	0.034392685345132915	10
RASSF1	0	0.04401432052254673	0.0026154642692070434	10
RASSF2	0	0.07575307860970493	0.3290172910224629	10
RASSF3	0	0.03339310530573124	0.36086304202294633	10
RASSF4	0	0.054748586192727045	0.001298654090421708	10
RASSF5	0	0.05254600718617436	0.07054618676544878	10
RASSF6	0	0.034216914698481524	0.0350869707238903	10
RASSF7	0	0.0556226305663585	0.3094557419699945	10
RASSF8	0	0.18911997005343434	0.3078057729785476	10
RASSF9	0	0.03370712697505947	0.037172719070536805	10
RAVER1	0	0.131798180937767	0.279964508508002	10
RAVER2	0	0.05891865417361254	0.35127821529541714	10
RAX	0	0.06311586759984489	0.3441916104711343	10
RAX2	0	0.05187642872333524	0.0003464510016683296	10
RB1	0	0.8151961624622345	0.40446320382396983	10
RB1CC1	0	0.8967611432075501	0.4169435744240447	10
RBAK	0	0.04846287220716472	0.04656366788096023	10
RBAK-RBAKDN	0	0.050633000209927524	0.00016955834687351753	10
RBBP4	0	0.5734214872121811	0.5328818753552335	10
RBBP5	0	0.7413957953453064	0.3155634815291085	10
RBBP6	0	0.8985284924507141	0.828055308884314	10
RBBP7	0	0.6960436075925827	0.09723818230204695	10
RBBP8	0	0.10166758000850676	0.30310456419197357	10
RBBP8NL	0	0.0852325480431318	0.1217366663885217	10
RBBP9	0	0.03151269555091854	0.0046724296209650195	10
RBCK1	0	0.2351030588150024	0.2550548135042713	10
RBFA	0	0.05766251310706135	0.1814766144374352	10
RBFOX1	0	0.6598423898220063	0.7002122801017421	10
RBFOX2	0	0.685216075181961	0.6353858262164721	10
RBKS	0	0.03259317968040701	3.4168942876064804e-05	10
RBL1	0	0.16706090196967122	0.04647708885184142	10
RBL2	0	0.593433928489685	0.3439505400690248	10
RBM10	0	0.8833298563957215	0.6703214810142188	10
RBM11	0	0.03159836176782842	0.000904006351593864	10
RBM12	0	0.16868117526173587	0.6678000770668446	10
RBM12B	0	0.24219226315617556	0.11935745878504908	10
RBM14	0	0.8504793226718903	0.08677279370107456	10
RBM14-RBM4	0	0.4492838978767395	0.09988058113172826	10
RBM15	0	0.6486984521150589	0.5700404030051845	10
RBM15B	0	0.7294315814971923	0.7486465955361031	10
RBM17	0	0.771108764410019	0.34057126876934934	10
RBM18	0	0.04510734863579269	0.0254474080399478	10
RBM19	0	0.04860804900526994	0.6074262900129177	10
RBM22	0	0.7561883985996246	0.009782501097491033	10
RBM23	0	0.058303619921207396	0.2174455311763301	10
RBM24	0	0.03690893836319442	0.1855394679147181	10
RBM25	0	0.8840963661670684	0.49228726337120216	10
RBM26	0	0.9133900105953217	0.8326353914984306	10
RBM27	0	0.7128564894199372	0.9171798991179063	10
RBM28	0	0.09800557345151897	0.3501974949953914	10
RBM3	0	0.36759560406208036	0.010564330673597942	10
RBM33	0	0.9095483839511871	0.843400330478793	10
RBM34	0	0.05009039938449854	0.044316578403219294	10
RBM38	0	0.057028298079967454	0.19130041666846329	10
RBM39	0	0.7608430445194244	0.5579891374150473	10
RBM4	0	0.630100530385971	0.4733507972878864	10
RBM41	0	0.3619326204061508	0.09840187253199376	10
RBM42	0	0.13480004817247387	0.4624524428258763	10
RBM43	0	0.03316026795655484	0.03630138367643723	10
RBM44	0	0.04934886060655112	0.07779241245149747	10
RBM45	0	0.039835238456726055	0.012468710283252828	10
RBM46	0	0.2108413495123386	0.06474693001352326	10
RBM47	0	0.43532004952430725	0.6209540914829549	10
RBM48	0	0.03206180129200215	0.22119223955146702	10
RBM4B	0	0.1349965099245309	0.7481416505510365	10
RBM5	0	0.9122402846813202	0.9190356494102545	10
RBM6	0	0.8623264253139495	0.648883887115414	10
RBM7	0	0.07006185241043564	0.09518680855627391	10
RBM8A	0	0.1277884431183338	0.17509424887301195	10
RBMS1	0	0.140314507484436	0.880510049527115	10
RBMS2	0	0.07348257564008233	0.3574063920480711	10
RBMS3	0	0.1330523811280727	0.9397992676159366	10
RBMX	0	0.6317227095365524	0.3579108696681517	10
RBMX2	0	0.11482276692986484	0.117635309537007	10
RBMXL1	0	0.035689030960202164	0.7380544653734199	10
RBMXL2	0	0.045324026048183405	0.5390175942751059	10
RBP1	0	0.046736734732985466	0.024054775554228004	10
RBP2	0	0.03415683507919307	8.461384062853312e-05	10
RBP3	0	0.058525856956839525	0.36902702754202416	10
RBP4	0	0.041358492895960754	0.0016195238080094674	10
RBP5	0	0.03394661657512184	0.05610609277869307	10
RBP7	0	0.04286427497863765	1.1627397160591609e-05	10
RBPJ	0	0.755338978767395	0.7958303958315622	10
RBPJL	0	0.04329687990248198	0.26781450492150666	10
RBPMS	0	0.22901164442300792	0.05868739275708179	10
RBPMS2	0	0.08986647054553028	0.14409810345531987	10
RBX1	0	0.4043396383523941	0.0018064273219460605	10
RC3H1	0	0.7694505393505097	0.8305284573002132	10
RC3H2	0	0.865898871421814	0.9660147325821524	10
RCAN1	0	0.067137661576271	0.19930443910312426	10
RCAN2	0	0.11163144037127488	0.0982663926275591	10
RCAN3	0	0.03676585033535953	0.19576791255868348	10
RCBTB1	0	0.05723635442554945	0.302545914970994	10
RCBTB2	0	0.07412975877523419	0.028647856275762263	10
RCC1	0	0.2876510828733444	0.0413628427829212	10
RCC2	0	0.64630106985569	0.8306109968682129	10
RCCD1	0	0.043111514300107914	0.007166650228742816	10
RCE1	0	0.06433261744678018	0.0933923903347754	10
RCHY1	0	0.05317151919007297	0.13895466842147025	10
RCL1	0	0.03901797123253342	0.0004231941916979269	10
RCN1	0	0.0448187537491321	0.38460356628878734	10
RCN2	0	0.1729915380477905	0.21940632816426917	10
RCN3	0	0.0388098675757646	0.1893580322710843	10
RCOR1	0	0.6250749230384827	0.9592190123071103	10
RCOR2	0	0.11230408698320382	0.8464376683179408	10
RCOR3	0	0.7396654546260834	0.7535787353060364	10
RCSD1	0	0.03783861473202701	0.0756517346091854	10
RCVRN	0	0.03972943574190134	0.05493004388939817	10
RD3	0	0.0500817790627479	0.003609387075449321	10
RDH10	0	0.29198659956455225	0.003144569186022296	10
RDH11	0	0.10107700340449806	0.012112034261228881	10
RDH12	0	0.04635281227529043	9.915810219204746e-05	10
RDH13	0	0.04347664676606649	0.11719115400705135	10
RDH14	0	0.042406453192233975	0.0008924231630064248	10
RDH16	0	0.03136787116527552	0.00019342708375877127	10
RDH5	0	0.03748029656708236	0.00014415333155099502	10
RDH8	0	0.037434152886271437	0.03802279285331582	10
RDM1	0	0.037318435311317386	0.11887804391322046	10
RDX	0	0.5341500997543335	0.33557168679566984	10
REC8	0	0.09629336595535273	0.0931508483186271	10
RECK	0	0.12800480574369427	0.22693395946303055	10
RECQL	0	0.052763352915644615	0.17045850491758852	10
RECQL4	0	0.06383572444319721	0.07842486087361425	10
RECQL5	0	0.04181006364524361	0.2599491850804543	10
REEP1	0	0.5603067219257355	0.31961005797083564	10
REEP2	0	0.13637251853942867	0.003835920433956788	10
REEP3	0	0.044940361008048005	0.05979889309519322	10
REEP4	0	0.0338169008493423	0.012205306391205631	10
REEP5	0	0.14599771872162817	0.023847631055165	10
REEP6	0	0.042325824126601165	0.11224257692524005	10
REG1A	0	0.03792506530880924	0.0014019342617034906	10
REG1B	0	0.03629694432020182	2.5039193553537874e-05	10
REG3A	0	0.03320352062582965	1.4655280082631152e-07	10
REG3G	0	0.03392402231693263	2.1760788134558036e-06	10
REG4	0	0.0318606467917561	0.021618537615240418	10
REL	0	0.577864745259285	0.2109148991287094	10
RELA	0	0.6691923081874848	0.0444711063728704	10
RELB	0	0.684745654463768	0.22488673479641652	10
RELL1	0	0.08971225246787068	0.36659978218297157	10
RELL2	0	0.0426624562591314	0.03327300453427034	10
RELN	1	0.6692278198437926	0.49676168352626	648
RELT	0	0.03660713881254192	0.007313527631357555	10
REM1	0	0.03555520493537184	0.002404153190413232	10
REM2	0	0.041942796856164886	0.4311561240538996	10
REN	0	0.038688088580965965	0.32845034695726316	10
RENBP	0	0.050158638134598685	0.06674204219205468	10
REP15	0	0.03566779606044287	0.0006373488159939049	10
REPIN1	0	0.1808299548923969	0.00968502984323296	10
REPS1	0	0.3847302392125129	0.3049062598395798	10
REPS2	0	0.08071188181638714	0.7374196668610774	10
RER1	0	0.1128181047737598	0.006606266080949945	10
RERE	1	0.9282319854563615	0.8539398217681158	635
RERG	0	0.043727371469140006	0.0070363258380099795	10
RERGL	0	0.03775708526372906	4.249218530537385e-07	10
REST	0	0.4755308508872986	0.495617332493966	10
RET	0	0.5857296347618103	0.7326963248449342	10
RETN	0	0.03833711519837374	2.5845275941010052e-06	10
RETNLB	0	0.03251248486340043	2.4359825826958604e-05	10
RETSAT	0	0.0315964432433247	0.09646179297791088	10
REV1	0	0.7035034894943237	0.2882179352945183	10
REV3L	0	0.9325016140937805	0.9563917383368296	10
REXO1	0	0.2210499137639999	0.8333079136106868	10
REXO2	0	0.04997216500341886	0.008336617600894328	10
REXO4	0	0.04459577053785319	0.47149897589459905	10
RFC1	0	0.3766550272703171	0.29846238783069534	10
RFC2	0	0.0627046041190624	0.007150290913222323	10
RFC3	0	0.04847816787660117	0.0002212077899444706	10
RFC4	0	0.04151202887296672	0.018538442371065108	10
RFC5	0	0.064253332093358	0.014875130248655517	10
RFESD	0	0.03131020981818434	0.016709505551411097	10
RFFL	0	0.04861261993646619	0.09235486650212667	10
RFK	0	0.06289192475378508	0.04598766828688088	10
RFNG	0	0.14758725687861438	0.016609397886139344	10
RFPL1	0	0.03261468484997744	0.0002754181679693186	10
RFPL2	0	0.04665640592575068	3.2665871363505533e-05	10
RFPL3	0	0.044380331784486735	0.004768920877483559	10
RFPL3S	0	0.05237282812595362	0.00010099992694490743	10
RFPL4A	0	0.053425892069935754	9.262602733389564e-05	10
RFPL4AL1	0	0.062273364886641445	0.00037423347261563014	10
RFPL4B	0	0.07376058325171467	8.365255655889764e-06	10
RFT1	0	0.03744485266506667	0.01103334159702791	10
RFTN1	0	0.03913448341190809	0.06345650089114363	10
RFTN2	0	0.05034587644040579	0.003161351649694509	10
RFWD2	0	0.4914509117603302	0.7187151370762177	10
RFWD3	0	0.04570383913815017	0.056083764275439284	10
RFX1	0	0.38626217246055605	0.9728331634643382	10
RFX2	0	0.5090573847293853	0.22999363683787472	10
RFX3	1	0.9332166779098694	0.9520471581591244	623
RFX4	0	0.584749361872673	0.1742566231088954	10
RFX5	0	0.06293820515274996	0.14347408984901977	10
RFX6	0	0.10292098447680469	0.08963180652775272	10
RFX7	0	0.8848996520042419	0.955501305935794	10
RFX8	0	0.04598715901374814	0.02170469383078873	10
RFXANK	0	0.05150359682738777	0.06007242006713422	10
RFXAP	0	0.07112806923687454	0.13374782097075605	10
RGAG1	0	0.1520239502191543	0.004287896393208604	10
RGAG4	0	0.054642814025282815	0.4764793951547592	10
RGCC	0	0.09114368185400959	4.243742042174453e-05	10
RGL1	0	0.7355721086263657	0.4985370851478967	10
RGL2	0	0.35102618932723995	0.07461175066273179	10
RGL3	0	0.053012404590845066	0.3766307423093535	10
RGL4	0	0.03985894173383709	0.00023505718610516854	10
RGMA	0	0.0806347787380218	0.019558558995046847	10
RGMB	0	0.03993163928389544	0.5204012179290411	10
RGN	0	0.047233997285366015	0.02307504896725566	10
RGP1	0	0.04716123491525645	0.08059541469060172	10
RGPD6	0	0.08457162715494629	0.7509895927471517	10
RGR	0	0.037210174277424755	0.05607963231455228	10
RGS1	0	0.08229460939764974	3.404193445108804e-07	10
RGS10	0	0.07358325496315953	1.2910094344950436e-05	10
RGS11	0	0.08755550868809217	0.07132398736568504	10
RGS12	0	0.24501181468367578	0.7861064478708952	10
RGS13	0	0.0366897718980908	0.010753257395647052	10
RGS14	0	0.0978075489401817	0.00612181373474623	10
RGS16	0	0.059759711101651146	0.005883602557537145	10
RGS17	0	0.11047748140990729	0.2111867198131431	10
RGS18	0	0.04254299364984031	0.0028775648481638924	10
RGS19	0	0.10634439140558241	0.003962974327774553	10
RGS2	0	0.047846592217683746	8.642917988353267e-06	10
RGS20	0	0.04258481748402114	0.00021138216988319841	10
RGS21	0	0.03408195599913591	6.299102816919378e-05	10
RGS22	0	0.03700982332229609	0.03047169569233358	10
RGS3	0	0.05924823656678195	0.08128353928897908	10
RGS4	0	0.06480381153523918	0.0014436449955919075	10
RGS5	0	0.05493201911449427	0.023994335041483426	10
RGS6	0	0.1663766041398048	0.03280759384960541	10
RGS7	0	0.7297724425792694	0.008474074797574007	10
RGS7BP	0	0.19718220010399817	0.062177439161545486	10
RGS8	0	0.06010870747268195	0.11077619072843778	10
RGS9	0	0.05693167708814138	0.0167783967340286	10
RGS9BP	0	0.0520590908825397	0.004594109650584375	10
RHAG	0	0.03990041688084597	0.011847455782982777	10
RHBDD1	0	0.0397277802228927	0.10488333149722492	10
RHBDD2	0	0.07332622632384296	0.0004960686818001163	10
RHBDD3	0	0.03939052633941168	0.0486991144188546	10
RHBDF1	0	0.044856948032975144	0.02249481856283137	10
RHBDF2	0	0.08065625838935372	0.0031093935523302313	10
RHBDL1	0	0.06633479297161099	0.27687936087088416	10
RHBDL2	0	0.035519772954285114	9.136240213682313e-06	10
RHBDL3	0	0.05222813226282591	0.08065726609821429	10
RHBG	0	0.06360628046095365	0.008956583485393809	10
RHCE	0	0.03297202140092845	0.03945699300305951	10
RHCG	0	0.03563449345529074	0.009530283842485983	10
RHD	0	0.03277479205280538	0.03991124775065367	10
RHEB	0	0.5128202438354492	0.030605132318976137	10
RHEBL1	0	0.044869637116789776	0.02362376210969967	10
RHNO1	0	0.05626399070024486	0.00020102513777275639	10
RHO	0	0.05184735022485252	0.0003836510716333119	10
RHOA	0	0.35398829877376553	0.005399573025173096	10
RHOB	0	0.16704919487237926	0.16893070063284765	10
RHOBTB1	0	0.08506437800824637	0.3154282496387424	10
RHOBTB2	0	0.4007889121770859	0.5228064166548088	10
RHOBTB3	0	0.20681388080120083	0.05185112847305504	10
RHOC	0	0.13690905272960657	0.0012249303427646924	10
RHOD	0	0.035376511327922286	0.043536825577680086	10
RHOF	0	0.039237121865153254	0.02363196156004682	10
RHOG	0	0.06934100612998007	0.337779013067281	10
RHOH	0	0.04948880523443218	0.0797818107241691	10
RHOJ	0	0.03840366862714287	0.0004574458158374879	10
RHOQ	0	0.13880076780915257	0.04591103467700729	10
RHOT1	0	0.4937434047460556	0.0148471995915265	10
RHOT2	0	0.13740531578660006	0.48181019627454214	10
RHOU	0	0.0451321072876453	0.5813851067895875	10
RHOV	0	0.0697136759757995	0.034223531128165306	10
RHOXF1	0	0.062226352840661955	0.001254475460415951	10
RHOXF2	0	0.062128641456365555	0.24116819269453313	10
RHOXF2B	0	0.057145592570304826	0.16109280469610232	10
RHPN1	0	0.04242468960583207	0.04101197540576007	10
RHPN2	0	0.04035754278302187	0.5014504576161503	10
RIBC1	0	0.13385577797889706	0.11115854459646837	10
RIBC2	0	0.05184906758368012	0.00012927513172050723	10
RIC3	0	0.07483114227652546	0.08676745782661972	10
RIC8A	0	0.0826124984771013	0.3067956176282053	10
RIC8B	0	0.5618615508079529	0.22827813337492914	10
RICTOR	0	0.8926624119281769	0.770741037431422	10
RIF1	0	0.8775591135025025	0.6135371998455692	10
RILP	0	0.054575109481811476	0.014521790782629346	10
RILPL1	0	0.06851691678166386	0.02735051922849323	10
RILPL2	0	0.04183989353477951	0.00300634975082718	10
RIMBP2	0	0.2892236918210983	0.9533467802364959	10
RIMKLA	0	0.038849442079663246	0.411981996428469	10
RIMKLB	0	0.3337872624397278	0.7615895073802484	10
RIMS1	1	0.8463045098235674	0.9944430715273591	642
RIMS2	0	0.6427961170673371	0.9747804183886132	10
RIMS3	0	0.07271812520921227	0.014295567722834959	10
RIMS4	0	0.13141659125685687	0.12425230295683434	10
RIN1	0	0.060644571483135165	0.0070653633050277885	10
RIN2	0	0.09727654866874214	0.6505452827024631	10
RIN3	0	0.04138328470289704	0.4935802796249722	10
RING1	0	0.2315665446221828	0.47611864617667693	10
RINL	0	0.03411774747073646	0.05043667593193716	10
RINT1	0	0.03574473410844798	0.0004595227991500998	10
RIOK1	0	0.04186488948762413	0.1502832481356157	10
RIOK2	0	0.04717256017029281	0.1987616579621298	10
RIOK3	0	0.06548202447593207	0.030802977946300818	10
RIPK1	0	0.06795274131000037	0.5221875446640809	10
RIPK2	0	0.16468036100268363	8.516808465412175e-05	10
RIPK3	0	0.04525404274463648	0.1733048112774564	10
RIPK4	0	0.0773186463862657	0.03896491712637721	10
RIPPLY1	0	0.04260515384376043	0.00018194858015558265	10
RIPPLY2	0	0.042877313494682254	1.590884612804151e-05	10
RIPPLY3	0	0.04343473426997657	0.015493486314828395	10
RIT1	0	0.07712554223835463	0.18138856680495657	10
RIT2	0	0.051813051849603595	0.0011298663595970644	10
RLBP1	0	0.0377825021743774	0.006151221851313286	10
RLF	0	0.8283392310142517	0.7046477457079741	10
RLIM	0	0.48505053818225863	0.7630146555677022	10
RLN1	0	0.037446952611207916	0.00035698979134043263	10
RLN2	0	0.03970684111118311	2.9578584022161995e-05	10
RLN3	0	0.04198460504412645	0.007952139243101538	10
RLTPR	0	0.11023359522223468	0.4915365078677742	10
RMDN1	0	0.07439862973988051	0.08553798612022182	10
RMDN2	0	0.06483333893120284	0.00019631192903805535	10
RMDN3	0	0.07709239609539505	0.0006257839095355031	10
RMI1	0	0.04615121372044081	0.1013839241943344	10
RMI2	0	0.06118601523339744	0.0006360669009391358	10
RMND1	0	0.0379318375140428	0.00014153444812079431	10
RMND5A	0	0.4642959117889404	0.14851661430818333	10
RMND5B	0	0.05580134876072403	0.025576727687491967	10
RNASE1	0	0.045250873640179566	0.0004281157859352725	10
RNASE10	0	0.036143406480550734	0.00210142147779667	10
RNASE11	0	0.062282535061240166	0.00017454004607330735	10
RNASE12	0	0.03222157265990968	0.007856330071592683	10
RNASE13	0	0.03948642630130049	8.08005005910702e-06	10
RNASE2	0	0.06761179417371746	0.000897789786474689	10
RNASE3	0	0.0943860840052366	0.02870550960246414	10
RNASE4	0	0.032842005044221814	3.947858925326736e-05	10
RNASE6	0	0.03556984364986415	9.212679354237685e-05	10
RNASE7	0	0.032225786708295304	0.0001169486139088294	10
RNASE8	0	0.06308736763894554	0.05309665116223901	10
RNASE9	0	0.04728359617292878	0.010178476867114034	10
RNASEH1	0	0.052208252996206225	0.17633888529928743	10
RNASEH2A	0	0.0349546138197183	0.08325332888226858	10
RNASEH2B	0	0.09517370648682114	0.08124005190911357	10
RNASEH2C	0	0.06448783427476877	0.009010798562573209	10
RNASEK	0	0.04195142015814777	0.01765249343629959	10
RNASEK-C17orf49	0	0.08404303863644595	9.335262709740442e-05	10
RNASEL	0	0.041162465512752475	0.0082756801760532	10
RNASET2	0	0.03949976712465281	0.20919715851586634	10
RND1	0	0.062258167564868884	0.0055658247333807585	10
RND2	0	0.054398874565958946	0.0008514325599066539	10
RND3	0	0.3983393445611	0.25740385467798477	10
RNF10	0	0.3764255717396736	0.5724386492626378	10
RNF103	0	0.22334692031145095	0.1488710199940427	10
RNF103-CHMP3	0	0.037065756693482346	0.009900972459432958	10
RNF11	0	0.1762043751776218	0.01376443040089242	10
RNF111	0	0.7283707857131958	0.6128966536507423	10
RNF112	0	0.16448527500033375	0.01255892361286019	10
RNF113A	0	0.19978528469800944	0.07725842316807663	10
RNF113B	0	0.05264804065227504	0.0005668907285195596	10
RNF114	0	0.059816035628318755	0.0063868115933234494	10
RNF115	0	0.0595721028745174	0.1899153553765163	10
RNF121	0	0.05094108991324895	0.3997611338214259	10
RNF122	0	0.03370307125151154	0.03544261652525568	10
RNF123	0	0.11531623750925057	0.01666869174787719	10
RNF125	0	0.034271497465670084	0.053598966588663255	10
RNF126	0	0.22400700002908708	0.003159844763838815	10
RNF128	0	0.04082645252346987	0.1764855178795555	10
RNF13	0	0.06418946459889407	0.0045433931574075884	10
RNF130	0	0.13813006803393363	0.1030516300536328	10
RNF133	0	0.03349105138331648	0.004390342005565221	10
RNF135	0	0.039463377371430367	2.9391866298459773e-05	10
RNF138	0	0.12460040077567096	0.004856165332643056	10
RNF139	0	0.17674747109413144	0.029786870724674765	10
RNF14	0	0.05917149074375626	0.055494399585999596	10
RNF141	0	0.04475051537156099	0.012040840340383377	10
RNF144A	0	0.27082293331623075	0.03953904017359283	10
RNF144B	0	0.04413253255188461	0.01126841761288438	10
RNF145	0	0.6739974200725556	0.007784331556571931	10
RNF146	0	0.3008295506238937	0.000257791246617721	10
RNF148	0	0.0365707997232675	0.0006391561800900992	10
RNF149	0	0.05386533066630358	0.04555619186294306	10
RNF150	0	0.07081069983541961	0.7860968692718168	10
RNF151	0	0.03616279177367683	0.17563505913048091	10
RNF152	0	0.039549594745039905	0.3361842464678266	10
RNF157	0	0.08589655160903927	0.05903538695545324	10
RNF165	0	0.49302702248096464	0.09224408456686195	10
RNF166	0	0.04000395461916919	0.0020901766560279074	10
RNF167	0	0.07048057354986666	0.008440098487225423	10
RNF168	0	0.06363727897405619	0.03896967190417397	10
RNF169	0	0.14852354526519773	0.36228413560196543	10
RNF17	0	0.3571581795811653	0.3951307761065053	10
RNF170	0	0.10608193948864934	0.013539726991099241	10
RNF175	0	0.04056672826409335	0.20924058026010228	10
RNF180	0	0.10571889951825138	0.013859347859374746	10
RNF181	0	0.055100218206644	0.007897472139047176	10
RNF182	0	0.041980437561869574	0.306008993281062	10
RNF183	0	0.03293358143419023	0.004287349824242801	10
RNF185	0	0.041400467976927716	0.0009042202323055456	10
RNF186	0	0.035322201438248116	0.005800584565757913	10
RNF19A	0	0.5596064388751983	0.7278881751749855	10
RNF19B	0	0.34900926500558854	0.2044324103893999	10
RNF2	0	0.5047731965780258	0.1782467826552809	10
RNF20	0	0.3867878973484039	0.17145968874459422	10
RNF207	0	0.03881869912147517	0.0911730037144448	10
RNF208	0	0.13942139521241184	0.013162581597202998	10
RNF212	0	0.03766931593418117	0.2222280426628831	10
RNF213	0	0.19980492591857907	0.7446368264304304	10
RNF214	0	0.549847275018692	0.13968554549914325	10
RNF215	0	0.04078044369816776	0.0019095259400256901	10
RNF216	0	0.2872473463416099	0.15749734968268725	10
RNF217	0	0.0433156173676252	0.5406748275792188	10
RNF219	0	0.08807176761329169	0.41052653812679596	10
RNF220	0	0.699773108959198	0.31819328842888	10
RNF24	0	0.07570886649191375	0.02707662911486079	10
RNF25	0	0.060650863870978323	0.01227877890485251	10
RNF26	0	0.04211283810436721	0.04218443064583842	10
RNF31	0	0.4545353978872299	0.22578758523097403	10
RNF32	0	0.039318758621811827	0.03991801699539405	10
RNF34	0	0.0701660647988319	0.00044501218737651014	10
RNF38	0	0.8463615477085114	0.5847210598587497	10
RNF39	0	0.05953226722776885	0.0011624360614100146	10
RNF4	0	0.10031261555850501	0.18589258050530238	10
RNF40	0	0.8120762944221497	0.5921699083410876	10
RNF41	0	0.4449763745069504	0.020424101336034256	10
RNF43	0	0.16650097444653508	0.07806031824560508	10
RNF44	0	0.08237493820488448	0.3834758233745015	10
RNF5	0	0.08079316243529314	0.0006859986076187044	10
RNF6	0	0.07469542697072025	0.7290014703412384	10
RNF7	0	0.11751918196678154	0.0006877546031682668	10
RNF8	0	0.5723962426185608	0.1311870470349366	10
RNFT1	0	0.0346696719527244	3.4098243955379333e-06	10
RNFT2	0	0.04908346720039841	0.00913028221035867	10
RNGTT	0	0.6721444755792618	0.2200296921368064	10
RNH1	0	0.07766978740692135	0.0003103911417282834	10
RNLS	0	0.04246944859623904	7.851923230646399e-06	10
RNMT	0	0.14222622662782664	0.07207883350322661	10
RNMTL1	0	0.040080060809850646	0.0018663419380144917	10
RNPC3	0	0.20134007781743998	0.014132520371121731	10
RNPEP	0	0.04045580662786955	0.0004299711224926805	10
RNPEPL1	0	0.09995369911193844	0.09868331563905738	10
RNPS1	0	0.5290059983730316	0.12621704063165293	10
ROBO1	0	0.40496030151844026	0.9422287443173596	10
ROBO2	0	0.937826681137085	0.998835479524323	10
ROBO3	0	0.07488048635423179	0.0448041955233447	10
ROBO4	0	0.04269797056913372	0.012361173708356788	10
ROCK1	0	0.8871074736118316	0.40341239412253377	10
ROCK2	0	0.8112103044986725	0.3162830766370785	10
ROGDI	0	0.09434277378022664	0.004092239090426679	10
ROM1	0	0.04628252871334549	0.19227253620429946	10
ROMO1	0	0.07403636202216143	0.0013400523558445882	10
ROPN1	0	0.03229084443300957	0.00015527220626560984	10
ROPN1B	0	0.03240830842405553	0.021622924141967877	10
ROPN1L	0	0.03118367474526163	0.0850896673488463	10
ROR1	0	0.6005132421851158	0.08780719984025023	10
ROR2	0	0.0797627933323383	0.69793477950419	10
RORA	0	0.5998771339654922	0.9316732053534087	10
RORB	1	0.7960874739988351	0.7062472699260479	648
RORC	0	0.35922807157039643	0.016552020940836645	10
ROS1	0	0.05141013227403159	0.47636564707212126	10
RP1	0	0.060372658818960145	0.4933015430777359	10
RP1L1	0	0.04116705246269699	0.436064846850379	10
RP2	0	0.1698715433478355	0.0012713137889206172	10
RP9	0	0.05273617394268506	0.000776515574828941	10
RPA1	0	0.10283969491720195	0.9202141297993783	10
RPA2	0	0.06017722226679321	0.0013019216179574404	10
RPA3	0	0.053940149769186915	0.030292639782914122	10
RPA3-AS1	0	0.05750846639275546	0.15879474770255025	10
RPA4	0	0.05777105614542958	0.16596774922183483	10
RPAIN	0	0.097293110191822	0.03983442127455591	10
RPAP1	0	0.04278362244367594	0.02256530060182116	10
RPAP2	0	0.1280435979366302	0.043424025302856814	10
RPAP3	0	0.0673306535929441	0.10430999353339612	10
RPE	0	0.04984871894121165	0.18652212167513477	10
RPE65	0	0.05144121162593361	0.0020727938126637873	10
RPF1	0	0.034624560177326166	0.012073525493390788	10
RPF2	0	0.03802899159491058	0.02387889657673069	10
RPGR	0	0.28940928727388376	0.6002830262143733	10
RPGRIP1	0	0.04590570442378518	0.37459218924357496	10
RPGRIP1L	0	0.07511883489787571	0.47012232054146547	10
RPH3A	0	0.17378334552049635	0.28224767567928954	10
RPH3AL	0	0.03752286285161966	0.0003695074400427647	10
RPIA	0	0.04136614650487896	0.014672030045808004	10
RPL10	0	0.49527921080589293	0.08687459956603688	10
RPL10A	0	0.31949013471603394	0.04920602170805447	10
RPL10L	0	0.0339949326589703	0.02498304289445167	10
RPL11	0	0.37812831103801725	0.08381003494390962	10
RPL12	0	0.18428711146116256	0.06404466316413573	10
RPL13	0	0.2672223120927811	0.004813725406246788	10
RPL13A	0	0.28556499183177947	0.0066880132164184565	10
RPL14	0	0.21678932979702945	0.3159291400231971	10
RPL15	0	0.3804809480905532	0.0020793917226282843	10
RPL17	0	0.1962592408061027	0.009684139049179594	10
RPL17-C18orf32	0	0.05766827762126918	0.001643903427814973	10
RPL18	0	0.40526270493865013	0.21693500350884118	10
RPL18A	0	0.31308443993330004	0.10459927807328928	10
RPL19	0	0.41928220838308333	0.014859406916074675	10
RPL21	0	0.4020959049463272	0.16548593690314542	10
RPL22	0	0.17462211102247233	0.0034730235804685387	10
RPL22L1	0	0.051607694476842825	3.492430751579868e-05	10
RPL23	0	0.22502418756484982	0.058243879934164966	10
RPL23A	0	0.26895952671766277	0.06945849211652762	10
RPL24	0	0.3028990730643272	0.0036454901781285986	10
RPL26	0	0.2588533028960228	0.00024406029426794458	10
RPL26L1	0	0.056019043549895245	8.362203408851415e-06	10
RPL27	0	0.2997840285301208	0.007291821145737091	10
RPL27A	0	0.35870209485292437	0.1320944738202689	10
RPL28	0	0.1884713634848594	0.00016002957674918697	10
RPL29	0	0.18445147648453708	0.030217906642133863	10
RPL3	0	0.6341928571462632	0.2816286992880831	10
RPL30	0	0.27445334494113915	0.002097618219138529	10
RPL31	0	0.31346746236085893	0.040710838281095105	10
RPL32	0	0.20311755239963528	0.0038980797013194353	10
RPL34	0	0.274068608880043	0.12513440221716252	10
RPL35	0	0.177150260657072	0.006141188495758041	10
RPL35A	0	0.31937006264925	0.00024413664245433495	10
RPL36	0	0.2357004232704639	0.0025736174397633614	10
RPL36A	0	0.11999007314443584	1.3810753818349159e-05	10
RPL36AL	0	0.16874115243554114	0.0004068046842694087	10
RPL37	0	0.15357355996966357	0.06501772972558331	10
RPL37A	0	0.16071347296237942	0.0006988017431335629	10
RPL38	0	0.33009627014398574	1.910852772720952e-05	10
RPL39	0	0.10575752556324	8.682887095013057e-09	10
RPL39L	0	0.07150467745959754	3.534512146146675e-06	10
RPL3L	0	0.03585011586546894	0.20872687508164395	10
RPL4	0	0.5050531685352325	0.0025088110183623105	10
RPL41	0	0.21598005592823025	0.0005966715498469811	10
RPL5	0	0.3870968073606491	0.09264999802988177	10
RPL6	0	0.2862084031105041	0.07789814819907302	10
RPL7	0	0.6505879163742065	0.03549509036286992	10
RPL7A	0	0.4915597319602966	0.5557232435064934	10
RPL7L1	0	0.17384042590856547	0.02813805233005528	10
RPL8	0	0.31559411585330965	0.0627110426471569	10
RPL9	0	0.30697886347770686	0.0007007435497593666	10
RPLP0	0	0.3575927063822746	0.26612897940025054	10
RPLP1	0	0.1232205785810947	0.015194515979432046	10
RPLP2	0	0.15472742617130275	0.05566911232471803	10
RPN1	0	0.08558920025825498	0.36308011094063825	10
RPN2	0	0.22865365445613856	0.0671028717831725	10
RPP14	0	0.0553258746862411	0.12778826327540252	10
RPP21	0	0.03831834644079203	0.0003986767720647439	10
RPP25	0	0.04321290291845793	0.01134032240125173	10
RPP25L	0	0.052016520872712114	0.009932605587254076	10
RPP30	0	0.05671625770628448	0.0004896748528386014	10
RPP38	0	0.039144660905003494	0.002836003347744355	10
RPP40	0	0.03237030301243063	0.0020793054264509115	10
RPRD1A	0	0.1715488217771053	0.2542770042487831	10
RPRD1B	0	0.1430953279137611	0.5670185182853222	10
RPRD2	0	0.9357428669929504	0.9856487880864403	10
RPRM	0	0.06703433953225608	0.014886133421030378	10
RPRML	0	0.05009908080101009	0.07575399630859556	10
RPS10	0	0.2913242891430855	0.0018826644524868	10
RPS10-NUDT3	0	0.22815588414669033	0.10077281915861305	10
RPS11	0	0.2547526210546493	0.03085564352245218	10
RPS12	0	0.2629437267780304	0.078099136868768	10
RPS13	0	0.32369672209024425	2.0258371052240472e-05	10
RPS14	0	0.45454843789339067	0.003128741382456779	10
RPS15	0	0.3128062978386879	0.000161238671931339	10
RPS15A	0	0.3032833531498909	0.0003045715195620932	10
RPS16	0	0.2171241424977779	0.010689775891990832	10
RPS18	0	0.4283096954226494	0.005458710847417945	10
RPS19	0	0.23793848007917404	3.3109283681498876e-05	10
RPS19BP1	0	0.11597592458128925	0.000995397010499012	10
RPS2	0	0.3344541773200035	0.06352135097777453	10
RPS20	0	0.18036780208349223	0.05373349129284425	10
RPS21	0	0.1695620238780975	0.0018868192214800696	10
RPS23	0	0.37205025255680085	0.08586695195930202	10
RPS24	0	0.3332777708768845	0.00012247046407333752	10
RPS25	0	0.3677277117967605	0.02661330745771902	10
RPS26	0	0.4429738998413086	0.0001103805850173379	10
RPS27	0	0.20773208960890766	0.00023413772828514713	10
RPS27A	0	0.3852591797709465	0.00858595346526021	10
RPS27L	0	0.07587689459323879	0.036329759521320025	10
RPS28	0	0.1964962393045425	0.0006209257110275884	10
RPS29	0	0.15918490737676616	0.0002923158669639369	10
RPS3	0	0.4575933516025543	0.0019828022165065194	10
RPS3A	0	0.3385926932096481	0.031041473600792395	10
RPS4X	0	0.4624027520418167	0.10698261957564174	10
RPS4Y1	0	0.1398613907396793	0.016611999739321426	10
RPS4Y2	0	0.05477053858339781	0.15050937302330908	10
RPS5	0	0.5406999915838242	0.006677863646522816	10
RPS6	0	0.5227100223302841	0.012941021878713696	10
RPS6KA1	0	0.2521363914012909	0.07869158310926982	10
RPS6KA2	0	0.3078520283102989	0.19140029637311878	10
RPS6KA3	0	0.6613762676715851	0.6353325224536517	10
RPS6KA4	0	0.2645834594964981	0.09263747375127782	10
RPS6KA5	0	0.6938169300556183	0.4356609437610519	10
RPS6KA6	0	0.39265981912612913	0.5340516021060442	10
RPS6KB1	0	0.7068340539932251	0.650638298973794	10
RPS6KB2	0	0.06389491409063335	0.2030019598833857	10
RPS6KC1	0	0.08318201228976246	0.5459987295476905	10
RPS6KL1	0	0.0722261548042297	0.01850553149735344	10
RPS7	0	0.4064056992530823	0.0065769329933405025	10
RPS8	0	0.45546581149101256	0.00964499353432167	10
RPS9	0	0.4468013197183609	0.004783305738637939	10
RPSA	0	0.3723146066069603	0.0020225441079999074	10
RPSAP58	0	0.06388299912214274	0.00011772650792859201	10
RPTN	0	0.034268364869058085	0.09973907976608522	10
RPTOR	0	0.8661247372627259	0.894767321097461	10
RPUSD1	0	0.038381379097700064	0.006209673299914719	10
RPUSD2	0	0.044488694891333544	0.15539892535743424	10
RPUSD3	0	0.04075875282287591	0.05531880673772769	10
RPUSD4	0	0.03254605941474434	0.016941533929141026	10
RQCD1	0	0.5515101671218872	0.033342835848944694	10
RRAD	0	0.042077134922146764	0.29029952391529357	10
RRAGA	0	0.31055149286985395	0.01616446009882664	10
RRAGB	0	0.21478900536894793	0.017239156882897542	10
RRAGC	0	0.3522279769182205	0.05696450002925648	10
RRAGD	0	0.3728592857718468	0.02040111800365747	10
RRAS	0	0.04193805828690525	0.2926635326624054	10
RRAS2	0	0.2734319135546684	0.002220437782723953	10
RRBP1	0	0.07104804106056686	0.5439728577338372	10
RREB1	0	0.21136776506900784	0.9791200920889411	10
RRH	0	0.03360452130436892	0.049089833013387	10
RRM1	0	0.8104417800903321	0.09311388350059537	10
RRM2	0	0.18738103583455082	0.0014067397854974199	10
RRM2B	0	0.05680830031633373	0.023022741664018558	10
RRN3	0	0.0764511667191982	0.6248203923444544	10
RRNAD1	0	0.0369024340063333	0.0019871984575933555	10
RRP1	0	0.03898455426096912	0.04139740981598482	10
RRP12	0	0.08183017671108242	0.1781663007072118	10
RRP15	0	0.04430793039500708	0.15769868180974983	10
RRP1B	0	0.06059612557291979	0.6532284932999479	10
RRP36	0	0.03901455402374263	0.006716955112760209	10
RRP7A	0	0.04316577389836308	0.005547998036601121	10
RRP8	0	0.052665036916732744	0.0034860504795494337	10
RRP9	0	0.04500590786337848	0.3212275835699917	10
RRS1	0	0.051691836491227106	0.22828638805165263	10
RS1	0	0.09380295276641842	0.1427636040669247	10
RSAD1	0	0.06280229240655895	0.0008604769816245378	10
RSAD2	0	0.0349784422665834	0.12149932728363659	10
RSBN1	0	0.6018633931875229	0.570073690457116	10
RSBN1L	0	0.44900804609060285	0.4977371419076836	10
RSC1A1	0	0.040614091604948	0.040981308810382616	10
RSF1	0	0.8449627041816712	0.9173346140390679	10
RSG1	0	0.035823706910014116	0.00036071882855699986	10
RSL1D1	0	0.07928501106798644	0.02581495191251912	10
RSL24D1	0	0.1840161263942718	0.009110039811520435	10
RSPH1	0	0.03314412124454969	0.0050798677403122985	10
RSPH3	0	0.03629896529018874	0.04833123009085048	10
RSPH4A	0	0.03622245192527767	0.43093822858538006	10
RSPH6A	0	0.04291515201330181	0.2479981986070175	10
RSPH9	0	0.03628725241869684	0.07877845412787823	10
RSPO1	0	0.0469776481389999	0.024135311825417956	10
RSPO2	0	0.05040034949779506	0.05447750763260092	10
RSPO3	0	0.06132422760128971	0.01631936286737288	10
RSPO4	0	0.03564251586794849	0.0003287563393739025	10
RSPRY1	0	0.7031933665275574	0.27534717990970303	10
RSRC1	0	0.06496621742844577	0.4128163384970442	10
RSRC2	0	0.7346289813518524	0.05625327720934191	10
RSU1	0	0.04618810079991813	0.017226364660123138	10
RTBDN	0	0.03681611865758891	0.0030047800830513144	10
RTCA	0	0.04355063624680037	0.0038325719079197636	10
RTCB	0	0.18317705541849133	0.013873019450583435	10
RTDR1	0	0.04384155720472332	0.11642157031827423	10
RTEL1	0	0.15303831025958056	0.5058021850314961	10
RTEL1-TNFRSF6B	0	0.18964647501707074	0.26928111733825094	10
RTF1	0	0.7505128085613251	0.6605196417703825	10
RTFDC1	0	0.12135546207427976	0.003898051376248029	10
RTKN	0	0.049251957982778496	0.023440295257572623	10
RTKN2	0	0.03659530840814109	0.150055637838528	10
RTL1	0	0.0844839725643396	0.7683280075024752	10
RTN1	0	0.5619126096367836	0.3281581409027272	10
RTN2	0	0.08968796059489245	0.2995478462288427	10
RTN3	0	0.2377781353890896	0.3209088671731964	10
RTN4	0	0.35916635543107983	0.7246946110971058	10
RTN4IP1	0	0.03363730199635023	0.007921191026369566	10
RTN4R	0	0.21866490244865414	0.012677250662812809	10
RTN4RL1	0	0.4081179350614548	0.23817650207854751	10
RTN4RL2	0	0.41578866392374036	0.00175765059714116	10
RTP1	0	0.03977465778589243	0.025405655359851138	10
RTP2	0	0.03601202052086587	0.00030713367464777733	10
RTP3	0	0.03290449287742372	5.778538543726285e-05	10
RTP4	0	0.03802439756691452	7.830303319554235e-06	10
RTTN	0	0.13592358306050295	0.23265301636274766	10
RUFY1	0	0.11840368211269374	0.010263571816281233	10
RUFY2	0	0.25109923034906384	0.0120338175512326	10
RUFY3	0	0.5798724234104157	0.08616973623770796	10
RUFY4	0	0.05104249715805048	0.0010493577946620134	10
RUNDC1	0	0.05029329024255271	0.07011710894724967	10
RUNDC3A	0	0.43589773774147034	0.11572064229270566	10
RUNDC3B	0	0.08236472308635708	0.1598151063355549	10
RUNX1	0	0.2662362948060035	0.6386368561047301	10
RUNX1T1	0	0.9033435046672821	0.8707721995209022	10
RUNX2	0	0.4708336591720581	0.6776745113773694	10
RUNX3	0	0.6204825460910797	0.4984148159887939	10
RUSC1	0	0.41221403479576113	0.07744212928647373	10
RUSC2	0	0.7381340682506561	0.20922132432127327	10
RUVBL1	0	0.8069071352481842	0.0026096791109718014	10
RUVBL2	0	0.6657445192337036	0.4608961912299523	10
RWDD1	0	0.14412786215543744	0.03460110326325892	10
RWDD2A	0	0.03665930256247515	0.00013988402428705645	10
RWDD2B	0	0.030248074047267388	0.002159867002995185	10
RWDD3	0	0.04676850698888297	3.188278067010871e-05	10
RWDD4	0	0.04008592665195459	0.003500218045747041	10
RXFP1	0	0.04409101270139212	0.018152080012115372	10
RXFP2	0	0.03995022252202029	0.06916711545482843	10
RXFP3	0	0.0375941820442676	0.11478636044630006	10
RXFP4	0	0.04186722226440903	0.015461908522659237	10
RXRA	0	0.8348172724246978	0.3465986642066218	10
RXRB	0	0.7660264194011688	0.2670409444956761	10
RXRG	0	0.0949930917471647	0.007368364621812409	10
RYBP	0	0.17128477320075033	0.5248664737540061	10
RYK	0	0.4358848690986633	0.5143577890187121	10
RYR1	0	0.2344334557652473	0.9464489177894315	10
RYR2	0	0.8608879685401917	0.9244430385880749	10
RYR3	0	0.5221952274441719	0.9183792708840433	10
S100A1	0	0.062475822120904856	0.1001175489634429	10
S100A10	0	0.05950800701975817	0.019468851128204116	10
S100A11	0	0.03870088718831534	0.0012593154634759868	10
S100A12	0	0.03578946106135839	0.0018458775886411826	10
S100A13	0	0.056439601629972413	6.125074265662969e-05	10
S100A14	0	0.033481135964393574	0.00350921901586232	10
S100A16	0	0.03996740169823167	0.0004845379631202971	10
S100A2	0	0.03435281161218877	3.8838779782412195e-06	10
S100A3	0	0.03817085288465017	0.007103579493451077	10
S100A4	0	0.05181009359657761	6.44860665205245e-06	10
S100A5	0	0.038189003244042355	0.02386433777954559	10
S100A6	0	0.09379683695733543	0.005561446205846572	10
S100A7	0	0.03965659197419877	1.3301223213215896e-05	10
S100A7A	0	0.0333929061889648	0.002082553130650805	10
S100A7L2	0	0.07082627639174457	0.001720121106239436	10
S100A8	0	0.045728571712970664	0.019955886119071033	10
S100A9	0	0.04657729491591447	0.0018791821390549631	10
S100B	0	0.08332660533487793	0.00149609267106215	10
S100G	0	0.03334764502942558	4.959701991728771e-05	10
S100P	0	0.032130696810781914	0.007131566111640624	10
S100PBP	0	0.1751691974699497	0.4399092474675273	10
S100Z	0	0.0323932863771915	9.607571113616195e-05	10
S1PR1	0	0.20657458081841465	0.11979606803039833	10
S1PR2	0	0.04444674551486964	0.001047205712526135	10
S1PR3	0	0.0465760767459869	0.025431422708839642	10
S1PR4	0	0.04054175689816469	0.022533142889296247	10
S1PR5	0	0.050014850124716716	4.383726196604782e-06	10
SAA1	0	0.03527732789516444	0.0002784849560675799	10
SAA2	0	0.0350026853382587	1.5007664359915014e-05	10
SAA4	0	0.03454892709851261	0.0005607575213687556	10
SAAL1	0	0.03326631709933276	0.04453623922377495	10
SAC3D1	0	0.06677728593349454	0.10313148053209678	10
SACM1L	0	0.22792843133211133	0.06850812178791979	10
SACS	0	0.45758254528045655	0.6873647514629024	10
SAE1	0	0.20295639410614963	0.22965038054362136	10
SAFB	0	0.8207858920097351	0.18485884923465798	10
SAFB2	0	0.5696153700351715	0.5323669186366699	10
SAG	0	0.04285450987517829	0.06401964757595124	10
SAGE1	0	0.03359693940728897	0.02742675933968214	10
SALL1	0	0.8102160096168518	0.9980752414613587	10
SALL2	0	0.09466897435486313	0.22022801192666225	10
SALL3	0	0.09841379523277279	0.9257334482494762	10
SALL4	0	0.6193998724222183	0.9640939591964219	10
SAMD1	0	0.2327744260430336	0.49338437288406983	10
SAMD10	0	0.04505106955766673	0.018041473306893003	10
SAMD11	0	0.04405225925147529	0.09857349044306771	10
SAMD12	0	0.03766335248947138	0.0029398340955380056	10
SAMD13	0	0.036274252086877776	0.0023901348062887067	10
SAMD14	0	0.0714836828410625	0.15970749362142278	10
SAMD15	0	0.03227430395781989	0.12919569820444493	10
SAMD3	0	0.03346240967512127	0.004334896722519577	10
SAMD4A	0	0.508787727355957	0.5563442053621864	10
SAMD4B	0	0.9042186737060547	0.23968638094200728	10
SAMD5	0	0.050829828530549945	0.05118314447715485	10
SAMD7	0	0.04052453693002458	0.008679112762491278	10
SAMD8	0	0.16575962081551548	0.11173089641287189	10
SAMD9	0	0.03625592850148672	0.763451064865693	10
SAMD9L	0	0.06874330453574654	0.6244169612625048	10
SAMHD1	0	0.06191604137420651	0.20438078176472976	10
SAMM50	0	0.05177282206714149	0.04853818676718511	10
SAMSN1	0	0.03644239082932469	0.009347741940232595	10
SAP130	0	0.7913063168525696	0.5434396697403426	10
SAP18	0	0.16153190508484838	0.07133422396331723	10
SAP30	0	0.09830888397991652	0.013683814608221215	10
SAP30BP	0	0.06476646102964874	0.27689741863461387	10
SAP30L	0	0.05058049373328681	0.20769219265450092	10
SAPCD1	0	0.04121864438056943	0.0017515289066087243	10
SAPCD2	0	0.059174946695566145	0.04448682587719024	10
SAR1A	0	0.11653734445571895	0.0704233097389344	10
SAR1B	0	0.07071179375052448	0.0338232292170781	10
SARDH	0	0.039830161631107294	0.2633531014121767	10
SARM1	0	0.09790358170866961	0.10573566789712027	10
SARNP	0	0.36391005516052244	1.2863008748065688e-05	10
SARS	0	0.6455148905515671	0.027438579772913363	10
SARS2	0	0.05497147701680657	0.15375140954723326	10
SART1	0	0.5966132670640946	0.18243041988139255	10
SART3	0	0.39709348082542417	0.9259234337743631	10
SASH1	0	0.12644271850585934	0.6942590002070077	10
SASH3	0	0.046295836195349646	0.02597475363123264	10
SASS6	0	0.04782827831804749	0.06999827207181833	10
SAT1	0	0.3713178277015686	0.003897044116321559	10
SAT2	0	0.1511361941695213	0.05728385824944826	10
SATB1	1	0.884310602271978	0.9861044132560541	651
SATB2	0	0.8972898304462433	0.9810248714944485	10
SATL1	0	0.035790508240461275	0.23655142085314398	10
SAV1	0	0.0553006779402494	0.0015049874672781194	10
SAYSD1	0	0.034322972968220636	0.08674025460147307	10
SBDS	0	0.11771649867296215	0.00805849847498314	10
SBF1	0	0.5301147282123566	0.8808583789289444	10
SBF2	0	0.5818816423416138	0.7606632145377057	10
SBK1	0	0.2672409892082214	0.6454397012277542	10
SBK2	0	0.038151738792657805	0.0028616071625908587	10
SBNO1	0	0.8695579051971436	0.9878132650484392	10
SBNO2	0	0.1836119838058948	0.7074536838968631	10
SBSN	0	0.03427764438092703	0.06530561990480503	10
SBSPON	0	0.03487484287470574	0.03492435142958558	10
SC5D	0	0.16182548105716704	0.18806544241028447	10
SCAF1	0	0.28848751932382577	0.8561515583932975	10
SCAF11	0	0.5829635798931122	0.5362482148302243	10
SCAF4	0	0.8363409847021103	0.7190650261899201	10
SCAF8	0	0.8734236657619476	0.9153038484255072	10
SCAI	0	0.8373834669589997	0.17632035574459592	10
SCAMP1	0	0.716466200351715	0.29983402098106093	10
SCAMP2	0	0.04877931512892241	0.022987311820945388	10
SCAMP3	0	0.06271470040082924	0.07606208835713468	10
SCAMP4	0	0.04631845839321608	0.00699350096766508	10
SCAMP5	0	0.29901590496301644	0.040487364883248014	10
SCAND1	0	0.14905883669853207	0.07054014359612712	10
SCAND3	0	0.08270548284053798	0.0032392895880706736	10
SCAP	0	0.41079411953687667	0.01647328789057965	10
SCAPER	0	0.6544803738594055	0.25999661568538557	10
SCARA3	0	0.05909159407019612	0.12374169574812763	10
SCARA5	0	0.036653856001794285	0.03646233811713071	10
SCARB1	0	0.06801391877233977	0.08014510021626967	10
SCARB2	0	0.1823423162102699	0.00953386038808547	10
SCARF1	0	0.04697360061109062	0.020762321586787376	10
SCARF2	0	0.562426072359085	0.7610254077659867	10
SCCPDH	0	0.08075378052890296	0.0014526132287811609	10
SCD	0	0.4699027627706528	0.12775082340009522	10
SCD5	0	0.15692150369286534	0.04999450814620799	10
SCEL	0	0.03449010774493212	0.22938009208690158	10
SCFD1	0	0.588762766122818	0.1078541081299399	10
SCFD2	0	0.037892035394906945	0.27482624699672414	10
SCG2	0	0.08649376742541785	0.0029678920439070817	10
SCG3	0	0.2127949714660644	0.22677846997913992	10
SCG5	0	0.14296401590108868	0.15224478415058867	10
SCGB1A1	0	0.0396795697510242	8.116110717669973e-05	10
SCGB1C1	0	0.03488452285528177	0.09650218730836249	10
SCGB1D1	0	0.033485493808984704	0.0013121408618713714	10
SCGB1D2	0	0.03336892928928132	1.692494058752177e-05	10
SCGB1D4	0	0.033567670546472014	7.879432874887284e-06	10
SCGB2A1	0	0.03321856148540969	0.008903435355333406	10
SCGB2A2	0	0.033460977673530526	0.008299820122501841	10
SCGB2B2	0	0.040846011042594846	0.00406641308572281	10
SCGB3A1	0	0.04460634328424927	0.029143619965810302	10
SCGB3A2	0	0.03307265676558012	7.141845049063808e-06	10
SCGN	0	0.05109613835811612	0.027457571365243565	10
SCHIP1	0	0.3203073367476463	0.22050368712680374	10
SCIMP	0	0.03257397636771198	0.00016095834727293285	10
SCIN	0	0.03669084906578059	0.319410606067645	10
SCLT1	0	0.05870467126369474	0.01559504963589604	10
SCLY	0	0.03496430907398457	0.00127280479308901	10
SCMH1	0	0.0966609545052051	0.5855801338529891	10
SCML1	0	0.18049937635660168	0.02855778288054773	10
SCML2	0	0.5831945061683654	0.13426896505476738	10
SCML4	0	0.044027205184102004	0.08379942940090544	10
SCN10A	0	0.04980771355330939	0.27199479353641254	10
SCN11A	0	0.08004688136279578	0.030146057765525387	10
SCN1A	1	0.8635515910451328	0.8965428935726653	649
SCN1B	0	0.10181592702865597	0.06920997036425872	10
SCN2A	1	0.9246732874156592	0.8381336035272671	616
SCN2B	0	0.06491399630904193	0.002112244251663213	10
SCN3A	0	0.9142203807830811	0.8556798484687184	10
SCN3B	0	0.1024587012827396	0.032287542413076444	10
SCN4A	0	0.0957984652370214	0.03026507094322441	10
SCN4B	0	0.05484830588102337	0.04090194986297765	10
SCN5A	0	0.41382605731487276	0.38498912800103513	10
SCN7A	0	0.04415521994233126	0.34070008811046826	10
SCN8A	1	0.9073535320167423	0.9177209404753619	641
SCN9A	0	0.11991897448897357	0.8749762929269338	10
SCNM1	0	0.041948718950152356	3.850046372854295e-05	10
SCNN1A	0	0.03928962722420687	0.06583373449363746	10
SCNN1B	0	0.03747780695557591	0.2983756842031867	10
SCNN1D	0	0.04371280856430526	0.021438088185861643	10
SCNN1G	0	0.07950205616652962	0.04339969924862092	10
SCO1	0	0.035803045704960776	0.11554044356876333	10
SCO2	0	0.05313705727457997	0.07723769314509076	10
SCOC	0	0.09760086312890047	0.07755581669194077	10
SCP2	0	0.1593943119049072	0.024680208816002813	10
SCP2D1	0	0.0500900890678167	6.804664326119905e-05	10
SCPEP1	0	0.05433655008673662	0.004915594962077972	10
SCRG1	0	0.04696679078042504	0.0002352626132264635	10
SCRIB	0	0.3435974523425102	0.28265297453840416	10
SCRN1	0	0.131301749497652	0.1243746017545582	10
SCRN2	0	0.045766734331846186	0.09304119648825773	10
SCRN3	0	0.03494347482919688	0.03139845606462216	10
SCRT1	0	0.09440106302499769	0.7670021531481273	10
SCRT2	0	0.6212272226810456	0.021496536101427842	10
SCT	0	0.06355996951460832	0.00017271496504700918	10
SCTR	0	0.040574342012405354	0.004212580762095732	10
SCUBE1	0	0.5145473152399063	0.6450268228745941	10
SCUBE2	0	0.04266111254692074	0.14678510966500036	10
SCUBE3	0	0.5115741938352585	0.35735249808541897	10
SCYL1	0	0.08261937052011484	0.4060190249456924	10
SCYL2	0	0.3391098231077194	0.5565464270962628	10
SCYL3	0	0.06813132837414738	0.00477232162568369	10
SDAD1	0	0.055601428449153854	0.15449921467118238	10
SDC1	0	0.04275194406509396	0.02045833828580873	10
SDC2	0	0.05783711522817607	0.005639997916067559	10
SDC3	0	0.14792445749044417	0.5636760843696218	10
SDC4	0	0.0582035522907972	0.5307484788412199	10
SDCBP	0	0.13642592579126353	0.0007599334494836224	10
SDCBP2	0	0.035689094103872734	0.01188788368982079	10
SDCCAG3	0	0.04780228585004802	0.0369143868919877	10
SDCCAG8	0	0.1606762774288654	0.0011603982024913626	10
SDE2	0	0.034426933899521776	0.06192733032362108	10
SDF2	0	0.055335661396384184	0.0575228373459864	10
SDF2L1	0	0.07092740759253498	0.07254978660182577	10
SDF4	0	0.11174741797149176	0.0013016611346951736	10
SDHA	0	0.14655865281820293	0.17719692238488163	10
SDHAF1	0	0.07374661825597283	0.007720321011340963	10
SDHAF2	0	0.03579988479614255	0.0002475570524391595	10
SDHB	0	0.05835854336619373	0.0013601424032020472	10
SDHC	0	0.06141035221517081	0.00030970417852612466	10
SDHD	0	0.05979759097099298	3.738139682712296e-05	10
SDK1	0	0.24616658389568324	0.8209841555857512	10
SDK2	0	0.140409317612648	0.9842745183361128	10
SDPR	0	0.03489160444587465	0.2902863006768753	10
SDR16C5	0	0.03770986869931217	0.046614650644329896	10
SDR39U1	0	0.05695774070918556	0.0017647186970883126	10
SDR42E1	0	0.03206764012575145	0.12333033766142834	10
SDR9C7	0	0.03379331529140467	0.007337634317204326	10
SDS	0	0.034074794501066166	0.0765002949014355	10
SDSL	0	0.03574363142251964	0.002769526570645315	10
SEC11A	0	0.09982828870415682	0.031477905290017795	10
SEC11C	0	0.20679962784051892	2.0656419042672747e-05	10
SEC13	0	0.07664235159754748	0.002995252943216261	10
SEC14L1	0	0.5758376181125641	0.9432505855926541	10
SEC14L2	0	0.04819138422608371	0.00406649435939901	10
SEC14L3	0	0.03602771833539005	0.1765077666077793	10
SEC14L4	0	0.03853888977318999	0.05595353041424432	10
SEC14L5	0	0.057703896611928894	0.0216371633558071	10
SEC14L6	0	0.05157438255846495	0.0013857158777930984	10
SEC16A	0	0.20185915455222125	0.3177857150066195	10
SEC16B	0	0.04115548878908152	0.06645158894803067	10
SEC22A	0	0.04061185382306571	0.02349867536242676	10
SEC22C	0	0.05546208284795279	0.01916938971514128	10
SEC23A	0	0.20778055489063257	0.42134049271306717	10
SEC23B	0	0.05382831580936905	0.2825250763334759	10
SEC23IP	0	0.09993669241666789	0.6949596552417513	10
SEC24A	0	0.10345433838665481	0.26036620091880786	10
SEC24B	0	0.6931614130735397	0.38619591630988	10
SEC24C	0	0.6573251873254776	0.14706181176713035	10
SEC24D	0	0.050972626358270615	0.4906896153781909	10
SEC31A	0	0.510694020986557	0.9043665627420584	10
SEC31B	0	0.06045669615268702	0.044366729279491875	10
SEC61A1	0	0.695076635479927	0.005220690587797236	10
SEC61A2	0	0.36720188409090043	0.48793683660877896	10
SEC61B	0	0.10994779467582698	0.0004820519422588894	10
SEC61G	0	0.12941339239478106	0.07998112923360398	10
SEC62	0	0.518079386651516	0.19537298917442641	10
SEC63	0	0.5081564605236053	0.8082643990699816	10
SECISBP2	0	0.21396151781082148	0.16778781333257856	10
SECISBP2L	0	0.6453467011451721	0.7624686238554113	10
SECTM1	0	0.03409501910209651	0.01534957147243388	10
SEH1L	0	0.10230182036757465	0.005121976982772586	10
SEL1L	0	0.7998506784439087	0.6883010342218289	10
SEL1L2	0	0.03398197665810581	0.0007614579014835704	10
SEL1L3	0	0.18393815308809275	0.1435028601685607	10
SELE	0	0.04708965718746182	0.014391234796133467	10
SELENBP1	0	0.051345327869057586	0.048627548381923846	10
SELK	0	0.09370808377861972	0.00013662335571349853	10
SELL	0	0.03462265878915781	0.00010189027797506327	10
SELM	0	0.06824981458485121	0.0006880306423696817	10
SELO	0	0.05566464401781555	0.005637765639997792	10
SELP	0	0.04366320483386511	0.01822167516047018	10
SELPLG	0	0.03665566127747291	0.1439099301074157	10
SELRC1	0	0.11146812699735158	0.01195446791137517	10
SELT	0	0.06499908752739425	0.21414678817739183	10
SELV	0	0.051652777194976775	0.5710946746489519	10
SEMA3A	0	0.5239510387182236	0.2691573179298227	10
SEMA3C	0	0.17435009926557538	0.011483019588721681	10
SEMA3D	0	0.051051393896341266	0.07260610124472494	10
SEMA3E	0	0.11979306712746615	0.11505505719910732	10
SEMA3F	0	0.5911464929580689	0.09866383471614039	10
SEMA3G	0	0.05971594005823131	0.2693710085392052	10
SEMA4A	0	0.06074852347373957	0.03901415798437828	10
SEMA4B	0	0.08097005896270268	0.6388336470162885	10
SEMA4C	0	0.7285468399524688	0.24885230318439588	10
SEMA4D	0	0.22508032470941539	0.9659180989731677	10
SEMA4F	0	0.06496488228440281	0.006673489966468068	10
SEMA4G	0	0.06974568292498584	0.06563849023965676	10
SEMA5A	0	0.15473900958895678	0.6321499972626868	10
SEMA5B	0	0.09682620838284488	0.033278497859023946	10
SEMA6A	0	0.6423034995794297	0.9617526633073048	10
SEMA6B	0	0.2783181339502334	0.9767958338592233	10
SEMA6C	0	0.16039424985647197	0.059662001647405705	10
SEMA6D	0	0.548366129398346	0.9870375842111386	10
SEMA7A	0	0.11565882712602611	0.10834544029176316	10
SEMG1	0	0.03323754165321583	0.004199408550902989	10
SEMG2	0	0.03495843559503552	0.05805626523204612	10
SENP1	0	0.5424961775541306	0.8190797500660091	10
SENP2	0	0.6513087749481201	0.17613927339257246	10
SENP3	0	0.6508323967456817	0.32333630508470934	10
SENP5	0	0.5976510643959045	0.28818749053274134	10
SENP6	0	0.4654607117176056	0.9561636557697861	10
SENP7	0	0.4184965714812279	0.04574482582020143	10
SENP8	0	0.033804492838680714	0.1098605976831832	10
SEP15	0	0.12120365723967548	0.008569262624615834	10
SEPHS1	0	0.7280002295970917	0.2689303608234144	10
SEPHS2	0	0.04727355688810344	0.01707682380410965	10
SEPN1	0	0.06588338837027546	0.00478696412898793	10
SEPP1	0	0.05761512219905847	0.0011325128301264318	10
SEPSECS	0	0.03380191363394257	0.06745210276034633	10
SEPT1	0	0.05653159655630584	0.012905467754073138	10
SEPT10	0	0.05174079202115532	0.00973448181057277	10
SEPT11	0	0.3903206065297126	0.12309556936480943	10
SEPT12	0	0.0370370496064424	0.42789445713779195	10
SEPT14	0	0.035263765230774825	0.013609382667859585	10
SEPT2	0	0.18869041129946706	0.3426506296268667	10
SEPT3	0	0.2213430412113666	0.6647075195980071	10
SEPT5	0	0.37494381070137023	0.2359365228484159	10
SEPT6	0	0.4315484046936035	0.2971021552720228	10
SEPT7	0	0.7993727564811707	0.33566669460138265	10
SEPT8	0	0.14280842915177341	0.3897103482240708	10
SEPT9	0	0.6743870615959168	0.6392690920951407	10
SEPW1	0	0.18464286625385282	0.03653823988424881	10
SERAC1	0	0.06438477747142311	0.03083814571984342	10
SERBP1	0	0.5981858283281326	0.6499847609070187	10
SERF2	0	0.16547674313187594	0.001015442173939014	10
SERGEF	0	0.04702578783035275	0.0056451498376758	10
SERHL2	0	0.03689770027995106	0.00047052388603465963	10
SERINC1	0	0.22404203414916987	0.03917624686043315	10
SERINC2	0	0.03650636412203308	0.0012038749822901756	10
SERINC3	0	0.18699181154370303	0.023050255743963854	10
SERINC4	0	0.03621668666601177	0.0036706895620309834	10
SERINC5	0	0.07314299419522281	0.08371817805503631	10
SERP1	0	0.13793861865997312	0.00956218743530451	10
SERP2	0	0.06777749024331566	0.0021517978133980984	10
SERPINA1	0	0.03334151990711684	0.04281873988553965	10
SERPINA10	0	0.03907712884247297	0.015659659134010732	10
SERPINA11	0	0.03645925372838969	0.00039616828621909326	10
SERPINA12	0	0.03269410114735361	0.0060392962847416794	10
SERPINA3	0	0.03380790501832957	0.001275698422829556	10
SERPINA4	0	0.03523644469678398	0.00020428440428457692	10
SERPINA5	0	0.04529436305165287	0.001967717403430258	10
SERPINA6	0	0.03713580034673209	0.25033548762898306	10
SERPINA7	0	0.036709067225456186	0.025891596370439186	10
SERPINA9	0	0.03386819437146182	0.07226990937531054	10
SERPINB1	0	0.0405361875891685	0.11795796551635092	10
SERPINB10	0	0.03379680216312404	0.00015865008270177808	10
SERPINB11	0	0.04632154442369934	0.002266779949878308	10
SERPINB12	0	0.03591474965214725	0.024779436754194563	10
SERPINB13	0	0.035197018831968255	0.11034727957662724	10
SERPINB2	0	0.03561857137829061	0.0009847350294995198	10
SERPINB3	0	0.03956026323139663	0.09573092439184837	10
SERPINB4	0	0.03739016577601428	0.005706960943107383	10
SERPINB5	0	0.04199083335697646	0.0032974144711930635	10
SERPINB6	0	0.04751466289162632	0.0011104806210231332	10
SERPINB7	0	0.03278570044785733	0.0007214228676737137	10
SERPINB8	0	0.038512148335576014	0.07060041300438062	10
SERPINB9	0	0.04390986822545524	0.21548252171586219	10
SERPINC1	0	0.42476121336221695	0.000815953892164182	10
SERPIND1	0	0.038972640782594645	0.38649387612963926	10
SERPINE1	0	0.04136999063193794	0.06262662249815612	10
SERPINE2	0	0.2941640198230743	0.6321742307607405	10
SERPINE3	0	0.03239945285022254	0.0009299747263187632	10
SERPINF1	0	0.05916085913777347	0.018535758544394796	10
SERPINF2	0	0.06851314119994636	0.012119077898112077	10
SERPING1	0	0.2526539742946624	0.31416735335892665	10
SERPINH1	0	0.05620798878371712	0.07457354739169134	10
SERPINI1	0	0.13119363412261006	0.009171248405279326	10
SERPINI2	0	0.03723021335899826	1.003735435512987e-06	10
SERTAD1	0	0.046871526911854686	0.00031701445799159556	10
SERTAD2	0	0.10827995166182514	0.9142277559441018	10
SERTAD3	0	0.0376361552625894	0.0008304043727280373	10
SERTAD4	0	0.03665472865104673	0.012013068605893889	10
SERTM1	0	0.04952967315912242	0.0010916147151634815	10
SESN1	0	0.1432013943791389	0.2822718729573095	10
SESN2	0	0.04063253998756404	0.03493252414766833	10
SESN3	0	0.469325914978981	0.8371600966864122	10
SESTD1	0	0.8411132514476776	0.7810096851414133	10
SET	0	0.6281129628419876	0.5403259743122267	10
SETBP1	1	0.9048555763774614	0.9783703817890351	637
SETD1A	0	0.7554303228855133	0.9981119513779333	10
SETD1B	0	0.5309943288564682	0.9974038014870065	10
SETD2	1	0.9228715367855564	0.8021096198452163	620
SETD3	0	0.17261428833007808	0.2665372476124638	10
SETD4	0	0.035674129053950274	9.330233599611118e-05	10
SETD5	1	0.8870839127794802	0.7047413906179409	634
SETD6	0	0.05395385362207884	0.08162477112231432	10
SETD7	0	0.08883730247616764	0.5739388832415211	10
SETD8	0	0.4358785331249237	0.5102527770492421	10
SETD9	0	0.03103043474256989	0.0074708700139950015	10
SETDB1	0	0.8389432072639466	0.9790907184659075	10
SETDB2	0	0.09458998814225192	0.13588129205722807	10
SETMAR	0	0.03692327644675964	0.20172735131281364	10
SETX	0	0.4609038531780243	0.8131086231194009	10
SEZ6	0	0.21119614541530604	0.05162850080172192	10
SEZ6L	0	0.18331695273518558	0.8010155503918828	10
SEZ6L2	0	0.40716158747673037	0.24067463632549063	10
SF1	0	0.8354073762893677	0.9338612311054618	10
SF3A1	0	0.7110630452632904	0.4439498262632274	10
SF3A2	0	0.30685739070177076	0.4702701100408742	10
SF3A3	0	0.7755734264850617	0.003900641122075168	10
SF3B1	0	0.8170767784118652	0.5601945273602918	10
SF3B2	0	0.7549140214920044	0.49537413282194454	10
SF3B3	0	0.8698548376560211	0.5710503209345027	10
SF3B4	0	0.5021697133779526	0.2519990097949345	10
SF3B5	0	0.12902284711599346	0.006640117865513624	10
SFI1	0	0.05936485752463337	0.2197009746450375	10
SFMBT1	0	0.3849181175231934	0.33241181518555896	10
SFMBT2	0	0.2822380721569061	0.8101370946040758	10
SFN	0	0.04403537251055236	0.34785590513745573	10
SFPQ	0	0.8841524124145508	0.8336271193341535	10
SFR1	0	0.03296765498816964	0.006583950718846257	10
SFRP1	0	0.4026967719197273	0.01781293377168908	10
SFRP2	0	0.0809604078531265	0.06334783644562918	10
SFRP4	0	0.04366707764565939	0.012424032072658756	10
SFRP5	0	0.04674661792814727	0.04809127303577981	10
SFSWAP	0	0.9025590717792511	0.871965768801757	10
SFT2D1	0	0.03927444331347937	0.022574359988550348	10
SFT2D2	0	0.04229129441082474	0.24276311037365983	10
SFTA2	0	0.03387326486408706	0.002592559641626144	10
SFTA3	0	0.033487281948327965	0.0015224838740291401	10
SFTPA1	0	0.03449672088026995	0.0002795011800643315	10
SFTPA2	0	0.03365288339555258	0.000754597119424019	10
SFTPB	0	0.041234148666262585	0.000307032619211655	10
SFTPC	0	0.04529134333133692	0.0031611139904716735	10
SFTPD	0	0.03986599780619141	0.382470587083255	10
SFXN1	0	0.10699255689978596	0.04505124961517226	10
SFXN2	0	0.034335725009441334	0.06258738458805349	10
SFXN3	0	0.056829414889216355	0.005358485450735994	10
SFXN4	0	0.06821342706680295	0.02080663412102813	10
SFXN5	0	0.061879078671336116	0.002510312081458601	10
SGCA	0	0.04511809386312959	0.006706976739476858	10
SGCB	0	0.07573514617979522	0.1323278992986146	10
SGCD	0	0.044650602340698196	0.40241681870274226	10
SGCE	0	0.15659806057810782	0.0014420667540481252	10
SGCG	0	0.05944444388151164	0.0020686106506355344	10
SGCZ	0	0.045112083852291075	0.02372651530264941	10
SGIP1	0	0.8872878611087799	0.540397095115269	10
SGK1	0	0.13047813847661013	0.2346663193997735	10
SGK2	0	0.03820341080427165	0.00039800541973315464	10
SGK3	0	0.06372892484068868	0.12925022766774374	10
SGMS1	0	0.5200860053300858	0.1777716572740216	10
SGMS2	0	0.04237374626100058	0.6684173584455758	10
SGOL1	0	0.03794169202446934	0.05022240964042825	10
SGOL2	0	0.052753866836428596	0.000442522724079148	10
SGPL1	0	0.07826378308236596	0.49163070740718695	10
SGPP1	0	0.03786822557449336	0.07817305404923121	10
SGPP2	0	0.036278199031948996	0.04785194225352204	10
SGSH	0	0.04604496248066421	0.00743560322162406	10
SGSM1	0	0.21040654815733428	0.7912279011739108	10
SGSM2	0	0.2848971784114837	0.38665322701178567	10
SGSM3	0	0.0882889378815889	0.1826903099636115	10
SGTA	0	0.3420190840959549	0.48498326140116504	10
SGTB	0	0.11598917245864863	0.06807395786313519	10
SH2B1	0	0.3428919106721878	0.4877531039347248	10
SH2B2	0	0.06061882115900512	0.3835006710580086	10
SH2B3	0	0.04297138489782804	0.00367752109483547	10
SH2D1A	0	0.04422543495893474	6.450505547336877e-06	10
SH2D1B	0	0.032232348248362505	2.5448326598967066e-05	10
SH2D2A	0	0.036553853377699806	0.001234893400359737	10
SH2D3A	0	0.03482078462839121	0.0005074020255296326	10
SH2D3C	0	0.06301370412111276	0.14971370460906402	10
SH2D4A	0	0.04848136045038695	0.13123414397035485	10
SH2D4B	0	0.03649865426123137	0.01460284327907708	10
SH2D5	0	0.03390012029558415	0.0002309128754116792	10
SH2D6	0	0.041317392513155894	0.015746037790610963	10
SH2D7	0	0.036744247004389705	0.0004246245600893428	10
SH3BGR	0	0.03433996196836228	0.05633851295820667	10
SH3BGRL	0	0.09206597954034802	8.135734200247898e-05	10
SH3BGRL2	0	0.0359144557267427	0.024583246926123258	10
SH3BGRL3	0	0.09185299873352047	0.00022317977245950614	10
SH3BP1	0	0.051749877631664234	0.43227227000911156	10
SH3BP2	0	0.09244392253458497	0.13918537482901086	10
SH3BP4	0	0.056058103218674604	0.6648653014045021	10
SH3BP5	0	0.18851635083556173	0.15181198828430484	10
SH3BP5L	0	0.048251309990882826	0.11791486049124747	10
SH3D19	0	0.05589000210165973	0.13513816488419914	10
SH3D21	0	0.04498007223010057	0.5021824822101192	10
SH3GL1	0	0.16297519207000727	0.0569434056855476	10
SH3GL2	0	0.11051048338413234	0.00019321663386115894	10
SH3GL3	0	0.11229657307267185	0.0023130446132423902	10
SH3GLB1	0	0.6339184761047363	0.1646466394610822	10
SH3GLB2	0	0.12503103315830227	0.03150447893225844	10
SH3KBP1	0	0.7680162787437439	0.922581654153731	10
SH3PXD2A	0	0.5593192934989929	0.9286550729106867	10
SH3PXD2B	0	0.06451827771961685	0.8074614501403403	10
SH3RF1	0	0.08338815346360202	0.6865343829233483	10
SH3RF2	0	0.03889711350202557	0.74631586843061	10
SH3RF3	0	0.1112777039408683	0.5515923451176838	10
SH3TC1	0	0.04637516550719733	0.006620271539236007	10
SH3TC2	0	0.049490876495838124	0.16045382687402182	10
SH3YL1	0	0.0715077962726354	4.840723087905403e-07	10
SHANK1	0	0.7490575969219208	0.9688304835498778	10
SHANK2	1	0.4421749297814195	0.9939659896735019	628
SHANK3	1	0.846187679341045	0.894570892427045	626
SHARPIN	0	0.0613252907991409	0.008140262605091283	10
SHB	0	0.2590535253286361	0.7752131833268163	10
SHBG	0	0.03771406859159464	0.0038205898898726032	10
SHC1	0	0.07424274459481235	0.2134981404937794	10
SHC2	0	0.12316837310791011	0.2967581497170271	10
SHC3	0	0.1161423988640308	0.0573870365969514	10
SHC4	0	0.04153695032000537	0.26700737838770455	10
SHCBP1	0	0.03489108122885222	0.12568383267453162	10
SHCBP1L	0	0.03319195192307227	0.29842576897129613	10
SHD	0	0.0339701103046536	0.05195431092660221	10
SHE	0	0.2110070779919624	0.01029040145146325	10
SHF	0	0.11004552766680713	0.07231399325674566	10
SHFM1	0	0.16425210162997242	0.0008470656747443662	10
SHH	0	0.551199471950531	0.14941561812240522	10
SHISA2	0	0.04358137212693686	0.13317986367484425	10
SHISA3	0	0.03762674070894713	0.005748610336225702	10
SHISA4	0	0.08337929435074325	0.005151335300553558	10
SHISA5	0	0.04860808625817293	0.35217607671554557	10
SHKBP1	0	0.057781458646059006	0.11143214100783982	10
SHMT1	0	0.035515889897942486	0.21202063981148597	10
SHMT2	0	0.05762766711413857	0.5945575065360925	10
SHOC2	0	0.6729755967855453	0.3588781553270976	10
SHOX	0	0.06275805309414859	0.1187660048137504	10
SHOX2	0	0.07915684431791302	0.9376917673241565	10
SHPK	0	0.05633084103465076	0.01195476677604916	10
SHPRH	0	0.6781665682792664	0.9486922542428587	10
SHQ1	0	0.04617902971804137	0.46477517238847066	10
SHROOM1	0	0.05871658585965628	0.049356641543303686	10
SHROOM2	0	0.06799834482371803	0.7157887622221346	10
SHROOM3	0	0.09664912447333332	0.6402350896768417	10
SHROOM4	0	0.28224637508392336	0.4070107852788995	10
SI	0	0.05606521070003505	0.37063133114652624	10
SIAE	0	0.03506414741277692	0.21276031975125012	10
SIAH1	0	0.21240933686494823	0.23261097682701445	10
SIAH2	0	0.20746737048029895	0.16375827191168135	10
SIAH3	0	0.03897417709231373	0.08901762537450311	10
SIDT1	0	0.049243544787168456	0.042481101941540075	10
SIDT2	0	0.059655157849192564	0.017101214396367186	10
SIGIRR	0	0.05940241180360313	0.0005412403885313072	10
SIGLEC1	0	0.048709738254547066	0.22839702425351655	10
SIGLEC10	0	0.047252156212925875	7.175618166466391e-05	10
SIGLEC11	0	0.0441248886287212	5.064016032493141e-05	10
SIGLEC12	0	0.03740600235760208	0.04126653344526456	10
SIGLEC14	0	0.03729205355048175	0.04611048600660268	10
SIGLEC15	0	0.0557980846613645	0.0011553680771451609	10
SIGLEC5	0	0.04542468525469298	0.0003303154373093238	10
SIGLEC6	0	0.03945229202508922	0.00552666552822147	10
SIGLEC7	0	0.03686858415603633	0.0004385226540114218	10
SIGLEC8	0	0.0362103963270783	0.0021012014758111904	10
SIGLEC9	0	0.03679612018167968	6.105553695785176e-05	10
SIGLECL1	0	0.035505364835262246	0.013171529689119919	10
SIGMAR1	0	0.08138778209686273	0.00541310302385262	10
SIK1	0	0.1878268353641033	0.45400569441690725	10
SIK2	0	0.7140507519245147	0.30086079062711557	10
SIK3	0	0.8999496400356293	0.598353996969446	10
SIKE1	0	0.04699068851768967	0.05849159569225223	10
SIL1	0	0.04534181915223594	0.016400664055674696	10
SIM1	0	0.5843262404203415	0.6181244618886897	10
SIM2	0	0.18617126345634455	0.3965390332246919	10
SIMC1	0	0.06984526664018625	0.2026935971944243	10
SIN3A	1	0.8377452311106026	0.2260349759736055	640
SIN3B	0	0.9222341775894165	0.2776274260240107	10
SIPA1	0	0.09450183808803553	0.09191448616765321	10
SIPA1L1	0	0.8714828252792358	0.8885662588693937	10
SIPA1L2	0	0.43095342367887496	0.958980980125063	10
SIPA1L3	0	0.26341814100742333	0.9879100877274102	10
SIRPA	0	0.28730092421174047	0.24629064581892987	10
SIRPB1	0	0.03375510498881334	0.004428684799211441	10
SIRPB2	0	0.0337982857599854	0.0012129375815967257	10
SIRPD	0	0.032493329234421206	6.021574360652499e-08	10
SIRPG	0	0.03266721088439223	0.05091749189704394	10
SIRT1	0	0.1827192217111587	0.31885087350455177	10
SIRT2	0	0.13952175006270404	0.1085172558339959	10
SIRT3	0	0.03897662870585913	0.00472598709371572	10
SIRT4	0	0.04356472268700596	0.003572913606725489	10
SIRT5	0	0.04551805853843683	0.00990032405783655	10
SIRT6	0	0.08231668770313258	0.2002479548008238	10
SIRT7	0	0.08038048222661012	0.341371224388746	10
SIT1	0	0.04271603822708126	0.009750798440134002	10
SIVA1	0	0.057934211194515174	0.0002130067842943065	10
SIX1	0	0.129172533750534	0.08604106949853606	10
SIX2	0	0.20654043033719058	0.21117263165384123	10
SIX3	0	0.3532848834991455	0.48584835098151374	10
SIX4	0	0.09931431785225862	0.39868432759803674	10
SIX5	0	0.07712181024253364	0.2601777635676913	10
SIX6	0	0.052552504092454856	0.3295056458505499	10
SKA1	0	0.0357903035357594	0.0008726457496728501	10
SKA2	0	0.07959304787218566	1.551286934919771e-05	10
SKA3	0	0.03408490661531683	0.04086734788820316	10
SKAP1	0	0.04327552728354928	0.010095357938337086	10
SKAP2	0	0.05804424062371251	0.03137617776171368	10
SKI	1	0.8596792839750459	0.494943718375463	632
SKIDA1	0	0.4890055477619171	0.8996673716000574	10
SKIL	0	0.5460416719317436	0.27237793136400146	10
SKIV2L	0	0.07728067748248572	0.03475139299225387	10
SKIV2L2	0	0.7151151895523071	0.6114974468023396	10
SKOR1	0	0.07967876829206938	0.9938834273909742	10
SKOR2	0	0.31594408303499216	0.9678229146635744	10
SKP1	0	0.24133282527327532	0.2645656523542874	10
SKP2	0	0.5031384021043778	0.003584680906218931	10
SLA	0	0.1036295063793659	0.00036699511716640435	10
SLA2	0	0.04237993881106372	9.020825092519332e-05	10
SLAIN1	0	0.23155103772878644	0.19930688511968273	10
SLAIN2	0	0.18061077669262882	0.5620706325314415	10
SLAMF1	0	0.03701100219041105	0.0223013095002862	10
SLAMF6	0	0.04599145874381061	0.008489119288160981	10
SLAMF7	0	0.0340413056313991	0.0001053790632221829	10
SLAMF8	0	0.0359550684690475	0.006415539415097709	10
SLAMF9	0	0.03259131535887714	4.138581339985137e-05	10
SLBP	0	0.08370270095765589	0.01274025478717094	10
SLC10A1	0	0.03795723244547839	0.0008466809978183918	10
SLC10A2	0	0.0356960421428084	0.02227616185794866	10
SLC10A3	0	0.11182241626083847	0.01534180179949009	10
SLC10A4	0	0.04111452214419837	0.3549880281341924	10
SLC10A5	0	0.03163884673267598	0.09110401054418119	10
SLC10A6	0	0.0332282373681664	0.00026347036651828146	10
SLC10A7	0	0.04234331399202343	0.3863426569951171	10
SLC11A1	0	0.0360489390790462	0.016633877494713227	10
SLC11A2	0	0.255886672437191	0.00517937910165404	10
SLC12A1	0	0.04751492179930206	0.22784019078867904	10
SLC12A2	0	0.7940070390701294	0.8064756954903587	10
SLC12A3	0	0.05247158296406266	0.08858021756439374	10
SLC12A4	0	0.09757950939238066	0.7709363826551618	10
SLC12A5	0	0.8972702383995056	0.2166125557297581	10
SLC12A6	0	0.534556619822979	0.5344291695219736	10
SLC12A7	0	0.0631759043782949	0.39005676837372255	10
SLC12A8	0	0.03962879776954645	0.03723403407302233	10
SLC12A9	0	0.0792668260633945	0.18359588436401175	10
SLC13A1	0	0.0400980774313211	0.0707907298399697	10
SLC13A2	0	0.04010944440960879	0.30501961750449913	10
SLC13A3	0	0.05102052353322502	0.09020630814536355	10
SLC13A4	0	0.1840517040342092	0.20229929553843706	10
SLC13A5	0	0.07338782474398606	0.2504681840952354	10
SLC14A1	0	0.042345827817916834	0.022933645894088837	10
SLC14A2	0	0.045047581568360265	0.01634590683859878	10
SLC15A1	0	0.03544364981353279	0.07599745017371703	10
SLC15A2	0	0.04361777678132052	0.21296671219569055	10
SLC15A3	0	0.04131542071700091	0.07733663933766499	10
SLC15A4	0	0.04570168666541572	0.0016865166258271994	10
SLC16A1	0	0.08731848336756225	0.11236077780538319	10
SLC16A10	0	0.054590113833546595	0.4036179470356437	10
SLC16A11	0	0.03631378859281536	0.5351488014295983	10
SLC16A12	0	0.06136221326887602	0.01447330380955619	10
SLC16A13	0	0.03418148439377543	0.05286730746683871	10
SLC16A14	0	0.04563886374235149	0.058242160392098216	10
SLC16A2	0	0.41320536881685255	0.1358997917299444	10
SLC16A3	0	0.04218641072511668	0.19427347740797535	10
SLC16A4	0	0.03557272069156165	0.14582323849802314	10
SLC16A5	0	0.03371648527681823	9.061270569461351e-05	10
SLC16A6	0	0.04084398634731764	0.6630375031286837	10
SLC16A7	0	0.047986742481589274	0.3210058405744832	10
SLC16A8	0	0.04738122224807733	2.9876302573657017e-05	10
SLC16A9	0	0.04469983540475363	0.09965126289779716	10
SLC17A1	0	0.03352181538939471	0.03677832276134281	10
SLC17A2	0	0.03434342294931407	0.028604118388322497	10
SLC17A3	0	0.03416734077036377	0.0045866696006159335	10
SLC17A4	0	0.03318949081003661	0.0069084425182010505	10
SLC17A5	0	0.04891881756484503	0.21047272609758544	10
SLC17A6	0	0.18194198422133917	0.023243840627249115	10
SLC17A7	0	0.8016728043556214	0.24205300610304475	10
SLC17A8	0	0.06666730120778079	0.14800509673594925	10
SLC17A9	0	0.03676664754748341	0.009774420331278427	10
SLC18A1	0	0.041901865601539565	0.08641004905114016	10
SLC18A2	0	0.0730126671493053	0.06951120587226223	10
SLC18A3	0	0.047894660383462864	0.07475473221561471	10
SLC18B1	0	0.039917569234967185	0.12375887039182439	10
SLC19A1	0	0.03839003816246981	0.0039571028338379974	10
SLC19A2	0	0.03964348994195459	0.009334463653712377	10
SLC19A3	0	0.0394637860357761	0.035916343767534484	10
SLC1A1	0	0.08638198301196096	0.003450486829096328	10
SLC1A2	0	0.698220232129097	0.7725639632616534	10
SLC1A3	0	0.5809638261795044	0.45718550654598467	10
SLC1A4	0	0.054566276818513816	0.02077875977821731	10
SLC1A5	0	0.058167547732591585	0.006093856719639118	10
SLC1A6	0	0.4676423788070679	0.006519723603759091	10
SLC1A7	0	0.036218354105949355	0.0002889999496661288	10
SLC20A1	0	0.18989989981055255	0.33993543066336207	10
SLC20A2	0	0.7273575782775878	0.49698321341521445	10
SLC22A1	0	0.03784031271934505	1.6706594938218962e-05	10
SLC22A10	0	0.03428233806043859	0.0935456995213622	10
SLC22A11	0	0.0372509896755218	0.02778789203129472	10
SLC22A12	0	0.04078023023903364	0.05066201300964196	10
SLC22A13	0	0.03458782881498334	0.02439307784269633	10
SLC22A14	0	0.03316510021686549	0.004365930363703338	10
SLC22A15	0	0.04231308847665781	0.01022010369713117	10
SLC22A16	0	0.03370796963572497	0.16960979702101028	10
SLC22A17	0	0.1786823563277721	0.0007089817041286455	10
SLC22A18	0	0.03393529579043383	0.04961448320683567	10
SLC22A2	0	0.038941875845193805	0.006277118680667129	10
SLC22A23	0	0.26380932778120036	0.08780282232120876	10
SLC22A24	0	0.04856090992689127	0.0104959990164526	10
SLC22A25	0	0.033763818629085965	0.10254981738541395	10
SLC22A3	0	0.046275714039802504	0.07823132509622008	10
SLC22A4	0	0.0467135746031999	0.004522638313645658	10
SLC22A5	0	0.03852297160774465	0.030489905914339775	10
SLC22A6	0	0.03636403065174814	0.000586019238638618	10
SLC22A7	0	0.04510518647730346	0.002700413818436132	10
SLC22A8	0	0.03756979629397387	0.006494031016021705	10
SLC22A9	0	0.034192397072911204	0.0025166814076692237	10
SLC23A1	0	0.07147747725248334	0.03175614660471408	10
SLC23A2	0	0.60641508102417	0.38694517932113365	10
SLC23A3	0	0.04301465116441246	5.571802291680223e-06	10
SLC24A1	0	0.07947443462908263	0.10401367541420074	10
SLC24A2	0	0.10953831598162649	0.8377277016934791	10
SLC24A3	0	0.11143639050424095	0.1433203538567105	10
SLC24A4	0	0.044469039887189796	0.17315466503176577	10
SLC24A5	0	0.039294816181063605	0.01575408461453908	10
SLC25A1	0	0.05452221594750876	0.24398557476265434	10
SLC25A10	0	0.05645584724843498	0.0027214146647483953	10
SLC25A11	0	0.23958957344293594	0.0015807445041268197	10
SLC25A12	0	0.627606549859047	0.49043680940136125	10
SLC25A13	0	0.09741151072084897	0.11995724205065461	10
SLC25A14	0	0.5993325233459472	0.05697285888030684	10
SLC25A15	0	0.031859631836414284	0.003658168837143143	10
SLC25A16	0	0.040893287584185554	0.046950728010753895	10
SLC25A17	0	0.03475981000810857	0.06806854807729282	10
SLC25A18	0	0.040981115400791114	0.0012483696093018581	10
SLC25A19	0	0.03890535607933993	0.0001808675067105849	10
SLC25A2	0	0.03199729062616822	0.007534502802568159	10
SLC25A20	0	0.0453043524175882	9.925193430680276e-05	10
SLC25A21	0	0.0396716088056564	0.17142931561693886	10
SLC25A21-AS1	0	0.17190619930624956	0.050116118254305383	10
SLC25A22	0	0.0746879111975431	0.011367096163376462	10
SLC25A23	0	0.152963588386774	0.02073552078155385	10
SLC25A24	0	0.04317475482821459	0.08117696244544623	10
SLC25A25	0	0.1202476345002651	0.10783762317436049	10
SLC25A26	0	0.04342263303697104	0.004015610124344026	10
SLC25A27	0	0.06301438137888903	0.02631721134303953	10
SLC25A28	0	0.31281222850084306	0.04349666245342382	10
SLC25A29	0	0.12226330116391179	0.00035635213370602124	10
SLC25A3	0	0.29295227825641634	0.1217941044165779	10
SLC25A30	0	0.03245105836540456	0.23438355702519192	10
SLC25A31	0	0.035123244300484614	0.04768018796662015	10
SLC25A32	0	0.03698921501636501	0.06296541639966442	10
SLC25A33	0	0.04208197258412833	0.013722791827109771	10
SLC25A34	0	0.03361895233392711	0.00919701996121175	10
SLC25A35	0	0.03665708564221855	0.09599800132244543	10
SLC25A36	0	0.11819993630051609	0.36602148337600665	10
SLC25A37	0	0.051616869121789886	0.05825109445121347	10
SLC25A38	0	0.03712845407426352	0.007722553333490471	10
SLC25A39	0	0.09277440980076787	0.005353944817550561	10
SLC25A4	0	0.17947437241673464	0.09613399757920388	10
SLC25A40	0	0.03747508227825161	0.16368782691177713	10
SLC25A41	0	0.03809611164033408	0.04492712885067572	10
SLC25A42	0	0.14087721370160575	0.05144606852533577	10
SLC25A43	0	0.03624809235334392	0.01209505791571268	10
SLC25A44	0	0.045428530126810016	0.27739601899522526	10
SLC25A45	0	0.03527286648750301	0.0008700806333636589	10
SLC25A46	0	0.06157038882374758	0.35797946454576807	10
SLC25A47	0	0.035129720717668476	0.00943743108315149	10
SLC25A48	0	0.03517685718834396	0.00015438143109226403	10
SLC25A5	0	0.4950061306357384	0.13951154271051358	10
SLC25A51	0	0.040853814780712074	0.0013311893390205755	10
SLC25A52	0	0.03157484978437419	0.00289900110626106	10
SLC25A53	0	0.03333133924752469	0.02759779920288135	10
SLC25A6	0	0.2052143514156341	0.7858657504675233	10
SLC26A1	0	0.0379621889442205	0.0024947407885045295	10
SLC26A10	0	0.06544577404856677	0.10801676318988011	10
SLC26A11	0	0.05007114261388775	0.002025492959225629	10
SLC26A2	0	0.03590226881206031	0.3113197028661464	10
SLC26A3	0	0.04366363473236557	0.17100928261132203	10
SLC26A4	0	0.046390348672866774	0.22161255991971324	10
SLC26A5	0	0.061632741987705186	0.012982633391563672	10
SLC26A6	0	0.041291949152946414	0.026414427112709287	10
SLC26A7	0	0.035860772430896706	0.2455564931499143	10
SLC26A8	0	0.0356459559872746	0.08491707906574726	10
SLC26A9	0	0.0804659258574247	0.10625281565404048	10
SLC27A1	0	0.06722832098603244	0.09867076738111101	10
SLC27A2	0	0.04107180573046203	0.005845654061194814	10
SLC27A3	0	0.054572750255465464	0.11168219578479666	10
SLC27A4	0	0.07174665518105025	0.20853651327878858	10
SLC27A5	0	0.04655737392604347	0.09183637796238789	10
SLC27A6	0	0.04470321275293824	0.006958443714401637	10
SLC28A1	0	0.035253685712814294	0.13864761669634035	10
SLC28A2	0	0.03562509939074513	0.10938441861102058	10
SLC28A3	0	0.03710546530783171	0.4183330018328009	10
SLC29A1	0	0.1450684420764446	0.05195587008604534	10
SLC29A2	0	0.04651273190975185	0.025715616821804278	10
SLC29A3	0	0.0344136100262403	0.07563320219379879	10
SLC29A4	0	0.07308493405580516	0.06051910441822964	10
SLC2A1	0	0.6177024453878402	0.05475995730815293	10
SLC2A10	0	0.034706886485218955	0.005498632152287919	10
SLC2A11	0	0.04621182642877097	0.00014458350893477566	10
SLC2A12	0	0.05504615828394884	0.16309688977293413	10
SLC2A13	0	0.36231998801231385	0.06068688770168512	10
SLC2A14	0	0.03665101099759334	0.10535712890256796	10
SLC2A2	0	0.03908028714358802	0.055864760013863604	10
SLC2A3	0	0.08417986445128914	0.5715685518987155	10
SLC2A4	0	0.04688502289354796	0.0016870596683032772	10
SLC2A4RG	0	0.05679166875779623	0.0198005916616136	10
SLC2A5	0	0.0390488021075725	0.00488397829519672	10
SLC2A6	0	0.04206318072974677	0.0003173667761257541	10
SLC2A7	0	0.03522690534591671	0.06849094353754401	10
SLC2A8	0	0.04935761466622348	0.003206745369992469	10
SLC2A9	0	0.039035140350460976	1.3109718523585586e-05	10
SLC30A1	0	0.5064292967319488	0.1894259420563294	10
SLC30A10	0	0.13957065790891643	0.10834874985431689	10
SLC30A2	0	0.03697951361536976	0.12480409638408674	10
SLC30A3	0	0.09362926557660098	0.005401847936233458	10
SLC30A4	0	0.054487775266170456	0.3160441106156403	10
SLC30A5	0	0.10763754211366175	0.03258504848547693	10
SLC30A6	0	0.04666665941476818	0.04380732985960409	10
SLC30A7	0	0.07109527066349978	0.19912239848552693	10
SLC30A8	0	0.037360933050513224	0.05486492807895106	10
SLC30A9	0	0.12433853223919866	0.17997644927734807	10
SLC31A1	0	0.044803042709827365	0.13571574975353842	10
SLC31A2	0	0.0345017999410629	0.0007116665606583161	10
SLC32A1	0	0.48015591502189636	0.022996728703344346	10
SLC33A1	0	0.04748325087130067	0.26741425274367525	10
SLC34A1	0	0.04470849782228466	0.02075617324010967	10
SLC34A2	0	0.04073613770306106	0.13866433198311087	10
SLC34A3	0	0.03740360327064986	0.04834015540342666	10
SLC35A1	0	0.06074608787894244	0.6278451973231068	10
SLC35A2	0	0.08061504513025279	0.02739206970606235	10
SLC35A3	0	0.06805702373385424	0.30442664090804816	10
SLC35A4	0	0.03504086770117279	0.002788300342449105	10
SLC35A5	0	0.03437406569719309	0.05786446650875922	10
SLC35B1	0	0.04939196892082689	0.19424403614178978	10
SLC35B2	0	0.056709574908018055	0.012848439572366935	10
SLC35B3	0	0.03640636764466758	0.1528170710899609	10
SLC35B4	0	0.04270012527704235	0.10678759347485747	10
SLC35C1	0	0.04055485501885411	0.0026771758385861844	10
SLC35C2	0	0.05442012101411815	0.0016251570688519874	10
SLC35D1	0	0.04101978801190848	0.005938779302881897	10
SLC35D2	0	0.03322326112538572	6.060665836126509e-07	10
SLC35D3	0	0.03849489428102965	0.00011583800286004424	10
SLC35E1	0	0.05356293804943557	0.1246597885928706	10
SLC35E2	0	0.04834893010556693	0.28347267638840123	10
SLC35E2B	0	0.09852827526628967	0.2675869698015179	10
SLC35E3	0	0.07354415692389007	0.10540412396969603	10
SLC35E4	0	0.031729194521903946	0.00614969915338549	10
SLC35F1	0	0.40379021763801576	0.1867336200143068	10
SLC35F2	0	0.03178708236664529	0.007704475254015811	10
SLC35F3	0	0.08651818931102749	0.4476579661647522	10
SLC35F4	0	0.06928080879151818	0.011271085971604356	10
SLC35F5	0	0.05798624604940409	0.22087467073064432	10
SLC35F6	0	0.10182128921151157	0.005514769097948437	10
SLC35G1	0	0.04307135380804536	0.02055191373260868	10
SLC35G2	0	0.043416576832532826	0.0011545944799304078	10
SLC35G3	0	0.06278770379722112	0.006438450689432726	10
SLC35G5	0	0.0718350071460008	0.001909339227652123	10
SLC35G6	0	0.034407307952642394	0.002965789637318927	10
SLC36A1	0	0.05558338947594164	0.02347052528812454	10
SLC36A2	0	0.0330070603638887	0.05658163007510619	10
SLC36A3	0	0.0342963401228189	0.09830250783088187	10
SLC36A4	0	0.06950252018868917	0.006715949493191058	10
SLC37A1	0	0.05702988095581525	0.3706047321720621	10
SLC37A2	0	0.032206686213612515	0.03870874356455588	10
SLC37A3	0	0.045510714501142455	0.17796491107282308	10
SLC37A4	0	0.08696687668561932	0.0021460996875710403	10
SLC38A1	0	0.531309700012207	0.3079894023012837	10
SLC38A10	0	0.05330104157328602	0.13710601305996867	10
SLC38A11	0	0.03742894828319547	0.14452365572370499	10
SLC38A2	0	0.5315697968006134	0.4644321976666827	10
SLC38A4	0	0.11467300504446025	0.40001930428721655	10
SLC38A5	0	0.17093452438712115	0.01579089295775841	10
SLC38A6	0	0.04324092417955396	0.0036829780846001207	10
SLC38A7	0	0.038334186747670106	0.01321080238860185	10
SLC38A8	0	0.04574916511774058	0.00036900935588344956	10
SLC38A9	0	0.05105061382055277	0.012154808386792436	10
SLC39A1	0	0.04014858528971668	0.002585022126151952	10
SLC39A10	0	0.8574178099632264	0.5895867593980771	10
SLC39A11	0	0.04294703863561147	0.00013476737920750832	10
SLC39A12	0	0.05260438360273832	0.0010804850458827348	10
SLC39A13	0	0.08184351399540896	0.01978467064278676	10
SLC39A14	0	0.09017215967178341	0.07641343646056531	10
SLC39A2	0	0.03200257197022433	0.002643983894319974	10
SLC39A3	0	0.0493382237851619	0.10592872676343937	10
SLC39A4	0	0.046328635141253426	0.0008137907066946479	10
SLC39A5	0	0.0361963745206594	0.01969322222268288	10
SLC39A6	0	0.2599009074270725	0.27773481969725905	10
SLC39A7	0	0.058785820752382215	0.21198417816191886	10
SLC39A8	0	0.06385957337915893	0.0337394077393892	10
SLC39A9	0	0.061628679931163756	0.36934694843479515	10
SLC3A1	0	0.04139675162732597	0.031045260660793522	10
SLC3A2	0	0.11845010742545123	0.01989214819985888	10
SLC40A1	0	0.379487444460392	0.24766001436413726	10
SLC41A1	0	0.3229350477457046	0.07209341743747417	10
SLC41A2	0	0.4563291609287262	0.0910577677414167	10
SLC41A3	0	0.07673012576997276	0.06851451822102927	10
SLC43A1	0	0.03981271423399444	0.013062348330067305	10
SLC43A2	0	0.07917995527386659	0.01577649311101767	10
SLC43A3	0	0.038072845712304085	0.0013193405177490652	10
SLC44A1	0	0.4749506637454033	0.772267168323485	10
SLC44A2	0	0.18669959679245945	0.10206839801600656	10
SLC44A3	0	0.0335293468087911	0.014820084819388787	10
SLC44A4	0	0.03558183126151556	0.019073224210752394	10
SLC44A5	0	0.1599931515753269	0.34671535850042084	10
SLC45A1	0	0.05458891242742534	0.23442684879312908	10
SLC45A2	0	0.03866665549576278	0.31800447880483984	10
SLC45A3	0	0.04052890539169306	0.028646127906149187	10
SLC45A4	0	0.04205119013786311	0.13691569950242694	10
SLC46A1	0	0.054426562041044166	0.006199307963437724	10
SLC46A2	0	0.03339848630130287	9.359213401274745e-05	10
SLC46A3	0	0.034261685423552964	0.1371916392017841	10
SLC47A1	0	0.04028470553457731	0.002798906419206356	10
SLC47A2	0	0.04446715936064714	0.001837160244636905	10
SLC48A1	0	0.11194580867886542	0.0003088336008446185	10
SLC4A1	0	0.1447200126945972	0.03473517953307993	10
SLC4A10	0	0.6490829944610595	0.41556704173339315	10
SLC4A11	0	0.04356283247470851	0.11171932425541864	10
SLC4A1AP	0	0.07447466105222698	0.09421516683514822	10
SLC4A2	0	0.7230106174945832	0.07870526736899382	10
SLC4A3	0	0.25036915987730024	0.403120248140082	10
SLC4A4	0	0.6479433923959732	0.6074079805613655	10
SLC4A5	0	0.08394164256751532	0.003645823243108081	10
SLC4A7	0	0.6560203909873963	0.7857494973076131	10
SLC4A8	0	0.8088931411504745	0.35321109739092293	10
SLC4A9	0	0.039855664223432494	0.0006931460781149165	10
SLC50A1	0	0.03687647581100459	3.922797957563995e-05	10
SLC51A	0	0.052928372845053626	0.010542700066281186	10
SLC51B	0	0.04480748958885666	0.020939206475075512	10
SLC52A1	0	0.03416981082409615	0.0416879268533827	10
SLC52A2	0	0.0747774381190538	0.01138622501352686	10
SLC52A3	0	0.045268704742193175	7.165246468314138e-05	10
SLC5A1	0	0.05004371590912336	0.3354326025350331	10
SLC5A10	0	0.04561459235846991	0.00439915080952465	10
SLC5A11	0	0.03372474741190667	0.0067857260438470915	10
SLC5A12	0	0.03762027025222772	0.17101451099500709	10
SLC5A2	0	0.07063152827322479	0.07346013716846303	10
SLC5A3	0	0.4428501412272453	0.5224732892440209	10
SLC5A4	0	0.03608504179865117	0.1690172059165001	10
SLC5A5	0	0.06766381636261934	0.02823305031018093	10
SLC5A6	0	0.06265155337750908	0.027346767063576888	10
SLC5A7	0	0.13640875145792958	0.11124919057848734	10
SLC5A8	0	0.03506486341357227	0.07541537442155237	10
SLC5A9	0	0.03594205044209952	0.024259593552661496	10
SLC6A1	1	0.8590622579845566	0.04458168205459233	637
SLC6A11	0	0.1471496947109699	0.04576780830281756	10
SLC6A12	0	0.043274101614952036	0.005491933500159263	10
SLC6A13	0	0.03699875958263869	9.540665509661534e-05	10
SLC6A14	0	0.06502635478973383	0.19690891710270927	10
SLC6A15	0	0.07414167150855061	0.24966602671928695	10
SLC6A16	0	0.03968547061085695	0.10047959777721933	10
SLC6A17	0	0.30829054489731783	0.20655776577423451	10
SLC6A18	0	0.03849873207509512	0.033977659265097014	10
SLC6A19	0	0.04370853640139099	0.18466058622054912	10
SLC6A2	0	0.13637096062302584	0.04973470051903616	10
SLC6A20	0	0.037964347377419425	0.07022986615244867	10
SLC6A3	0	0.6106190919876099	0.3512213051775359	10
SLC6A4	0	0.11949862763285635	0.08320954688412459	10
SLC6A5	0	0.044969604909419966	0.15108748585255038	10
SLC6A6	0	0.5290858626365662	0.3385858572339241	10
SLC6A7	0	0.0746463324874639	0.02022305541375614	10
SLC6A8	0	0.6233911454677582	0.22338097917963812	10
SLC6A9	0	0.11275465600192543	0.00022007322215326707	10
SLC7A1	0	0.807159835100174	0.14173559812727887	10
SLC7A10	0	0.05213880911469456	0.03821762240894344	10
SLC7A11	0	0.04797954186797139	0.07935457049061043	10
SLC7A13	0	0.03399802614003416	0.0015853933786046143	10
SLC7A14	0	0.062297208234667736	0.10508848290411985	10
SLC7A2	0	0.045471665263175906	0.22074518747633887	10
SLC7A3	0	0.30657105073332785	0.11892578154239705	10
SLC7A4	0	0.03937120400369163	0.0030477534585261657	10
SLC7A5	0	0.13310808986425396	0.10584485499218636	10
SLC7A6	0	0.04733317978680129	0.3217826875279153	10
SLC7A6OS	0	0.04260926991701123	0.1464465371601396	10
SLC7A7	0	0.04235815629363056	0.003769470208702018	10
SLC7A8	0	0.050203543528914395	0.05052467513835755	10
SLC7A9	0	0.03492842614650723	0.13080423163463292	10
SLC8A1	0	0.8533197104930877	0.7277118821372379	10
SLC8A2	0	0.6673541456460953	0.8466359643372272	10
SLC8A3	0	0.10686170011758803	0.3080238748170471	10
SLC8B1	0	0.054204526916146224	0.01721488613578194	10
SLC9A1	0	0.642019635438919	0.05715688588817146	10
SLC9A2	0	0.10741423591971393	0.5054128913473716	10
SLC9A3	0	0.2328065741807222	0.6021487829802743	10
SLC9A3R1	0	0.08491518199443812	0.05235062735721181	10
SLC9A3R2	0	0.06990688107907767	0.11061287804934732	10
SLC9A4	0	0.04126844368875024	0.21363627002041685	10
SLC9A5	0	0.14635478779673572	0.6726241932852277	10
SLC9A6	1	0.8792896693926924	0.47428967456122306	662
SLC9A7	0	0.5613030850887298	0.40149978546106035	10
SLC9A8	0	0.06750390864908691	0.048853036928635726	10
SLC9A9	0	0.06216371282935137	0.010870438152155507	10
SLC9B1	0	0.03619167935103172	0.23494866027396358	10
SLC9B2	0	0.04264912419021126	0.2863616974962885	10
SLC9C1	0	0.05935553871095176	0.11451646328493355	10
SLC9C2	0	0.09650889486074445	0.0015454851949150414	10
SLCO1A2	0	0.037156419828534085	0.09203689294309905	10
SLCO1B1	0	0.03626476675271983	0.00866449970940648	10
SLCO1B3	0	0.03841920457780357	0.1556671901854785	10
SLCO1B7	0	0.04036065712571141	0.10906577577722668	10
SLCO1C1	0	0.0488543044775724	0.0012810356225194195	10
SLCO2A1	0	0.03871624991297716	0.0948827274370873	10
SLCO2B1	0	0.04029509164392943	0.004164331337252426	10
SLCO3A1	0	0.2333389520645141	0.8303117372366271	10
SLCO4A1	0	0.03856738023459907	0.047227639506257926	10
SLCO4C1	0	0.04252266772091385	0.08341279608322658	10
SLCO5A1	0	0.057143362611532154	0.4948222161014034	10
SLCO6A1	0	0.034963440522551494	0.06030705488357787	10
SLFN11	0	0.03477217033505436	0.04454925595814644	10
SLFN12	0	0.03244141526520246	8.038416192667053e-05	10
SLFN12L	0	0.03582950271666046	0.480910340016124	10
SLFN13	0	0.03327496498823161	0.29100343624467456	10
SLFN5	0	0.03373742140829558	0.21557894373083375	10
SLFNL1	0	0.03497638292610641	0.008085707121852167	10
SLIRP	0	0.0877027332782745	7.124223532961558e-05	10
SLIT1	0	0.7606679201126099	0.7409868897807913	10
SLIT2	0	0.810089036822319	0.9001146627417695	10
SLIT3	0	0.2595466241240501	0.5363014754539825	10
SLITRK1	0	0.5798047542572021	0.9754403735676279	10
SLITRK2	0	0.15936875045299526	0.677182408622341	10
SLITRK3	0	0.41665407121181486	0.823456125394902	10
SLITRK4	0	0.4876338988542557	0.5743144934439741	10
SLITRK5	0	0.6141036003828049	0.8360977317201106	10
SLITRK6	0	0.05247588716447351	0.023213437203019348	10
SLK	0	0.6646795064210892	0.5819838342312881	10
SLMAP	0	0.8026936233043671	0.2552907317465984	10
SLMO1	0	0.04083719123154873	0.0010323027858512319	10
SLMO2	0	0.04067053720355029	0.00760410057142664	10
SLN	0	0.05046428218483921	0.0003287936159291267	10
SLPI	0	0.03451774530112739	0.00012637024279251206	10
SLTM	0	0.7412509143352508	0.9272374379720079	10
SLU7	0	0.09137525931000703	0.11650791481049609	10
SLURP1	0	0.03782953731715674	0.07874979549838165	10
SLX1A	0	0.06516146361827845	0.024906470638068938	10
SLX1B	0	0.05950232036411757	0.003625170674924294	10
SLX4	0	0.04935376644134517	0.07993956571614066	10
SLX4IP	0	0.06144347190856929	0.11453418212381117	10
SMAD1	0	0.6888534545898437	0.057738051837942506	10
SMAD2	0	0.8380146861076355	0.4095955456699503	10
SMAD3	0	0.5420207142829895	0.34320031487160785	10
SMAD4	0	0.7018355995416641	0.8008730245198287	10
SMAD5	0	0.7810845732688904	0.586517312698262	10
SMAD6	0	0.06079005114734169	0.2874011916902947	10
SMAD7	0	0.14351474344730372	0.4371634192330937	10
SMAD9	0	0.08012455999851223	0.175162360512418	10
SMAGP	0	0.03346855789422984	4.707779615192993e-05	10
SMAP1	0	0.5379047870635987	0.11368520100768245	10
SMAP2	0	0.12635057419538492	0.05380298144966109	10
SMARCA1	0	0.8928249776363373	0.5589619440460192	10
SMARCA2	1	0.9081915288976153	0.8034106045278493	636
SMARCA4	1	0.9236750310234979	0.5274312187359828	646
SMARCA5	0	0.8722056150436401	0.8124279245719274	10
SMARCAD1	0	0.901397317647934	0.6621966671650105	10
SMARCAL1	0	0.04556464403867718	0.14981290052869436	10
SMARCB1	0	0.6258599609136581	0.3368194000219867	10
SMARCC1	0	0.8967186987400055	0.9402328341886668	10
SMARCC2	1	0.9051693604571586	0.9391227223782986	634
SMARCD1	0	0.8101209938526154	0.18839788866932958	10
SMARCD2	0	0.12927881628274912	0.024325594730835294	10
SMARCD3	0	0.6533253371715546	0.06902177136032873	10
SMARCE1	0	0.6848548293113709	0.24528815200622428	10
SMC1A	0	0.8936211049556733	0.2757275979829131	10
SMC1B	0	0.09192136414349075	0.3258935612600393	10
SMC2	0	0.6133946001529693	0.7775075605429568	10
SMC3	0	0.8849867761135102	0.2958802163140851	10
SMC4	0	0.19330144375562666	0.43858925925893255	10
SMC5	0	0.16392282992601392	0.0987915955590992	10
SMC6	0	0.24787192195653915	0.6718221278405421	10
SMCHD1	0	0.8865700662136078	0.7557391262891348	10
SMCO1	0	0.046208498999476384	0.0004979486983920014	10
SMCO3	0	0.04725447595119471	0.011253516077497	10
SMCO4	0	0.06821616068482396	0.004194401459067624	10
SMCP	0	0.06676766909658904	0.0010061862383306992	10
SMCR8	0	0.04358139187097544	0.19488615216703684	10
SMDT1	0	0.14861096963286397	0.00021683214089021955	10
SMEK1	0	0.8303604245185852	0.788311593239084	10
SMEK2	0	0.1286279089748859	0.31861588902719234	10
SMG1	0	0.9393577158451081	0.86093375425007	10
SMG5	0	0.31071817725896833	0.1658421982953316	10
SMG6	0	0.3419321358203888	0.8580265521133189	10
SMG7	0	0.6663586586713791	0.5925206464595026	10
SMG8	0	0.1281143613159656	0.04131498797931117	10
SMG9	0	0.06722269803285594	0.059157932926188164	10
SMIM11	0	0.07078344598412509	3.4936207950830674e-05	10
SMIM12	0	0.12996252030134198	0.06294522552192246	10
SMIM14	0	0.30111725330352784	0.2118999035689939	10
SMIM15	0	0.08171972855925554	0.006431772207989191	10
SMIM19	0	0.06419561319053169	0.0006838894698183916	10
SMIM21	0	0.05145928226411338	0.0001556761377391177	10
SMIM3	0	0.06339566484093662	7.488647420901682e-06	10
SMIM4	0	0.07021828703582284	0.0022261461218780116	10
SMIM7	0	0.11473670974373813	0.03022994426664733	10
SMIM8	0	0.10386840887367721	0.03815298011725125	10
SMN1	0	0.0891058169305324	9.09342043335645e-05	10
SMN2	0	0.07024557180702681	2.499304605649414e-05	10
SMNDC1	0	0.24016159325838085	0.47905289648874794	10
SMO	0	0.09674394056200977	0.18945129521855572	10
SMOC1	0	0.13003542050719258	0.5602358521265708	10
SMOC2	0	0.05389743447303767	0.09381188209387623	10
SMOX	0	0.27223462313413616	0.12068652951230471	10
SMPD1	0	0.04569915421307082	0.11171229940317251	10
SMPD2	0	0.04281628839671607	0.03757549246775156	10
SMPD3	0	0.15967039093375204	0.2660748911261785	10
SMPD4	0	0.07940728478133674	0.1175942504515008	10
SMPDL3A	0	0.03383522108197208	0.019400010159913047	10
SMPDL3B	0	0.03621708117425438	0.0027548001250685666	10
SMPX	0	0.04038998037576669	0.00010834134723738855	10
SMR3A	0	0.03792270198464389	0.13730773154791104	10
SMR3B	0	0.0379666186869144	0.00011359738371529732	10
SMS	0	0.6227480858564377	0.0925087470577432	10
SMTN	0	0.0735459346324205	0.42337280686708717	10
SMTNL1	0	0.05316707640886302	0.26680044289936206	10
SMTNL2	0	0.04230715781450267	0.00669481508482208	10
SMU1	0	0.7567152857780457	0.7190074048292323	10
SMUG1	0	0.03491013608872886	8.909800929612236e-05	10
SMURF1	0	0.5175713479518891	0.7968167178193934	10
SMURF2	0	0.8377053499221802	0.7090394960015078	10
SMYD1	0	0.04855539202690121	0.2044611012169239	10
SMYD2	0	0.05020962059497828	2.898673026177417e-05	10
SMYD3	0	0.06320557631552215	0.0020507899273489857	10
SMYD4	0	0.04618276916444298	0.0046100926941023395	10
SMYD5	0	0.04598683230578895	0.07097162892543654	10
SNAI1	0	0.06019566580653183	0.0013070473870158159	10
SNAI2	0	0.26950130164623254	0.05559797721743026	10
SNAI3	0	0.04722546413540836	0.02848494824035432	10
SNAP23	0	0.14737793877720828	0.27277609339723735	10
SNAP25	0	0.6880797386169434	0.15740552191984264	10
SNAP29	0	0.04202702268958085	0.29766199672581667	10
SNAP47	0	0.05267081148922438	0.04044398785701327	10
SNAP91	0	0.5865749388933181	0.7853871520346596	10
SNAPC1	0	0.03774651512503619	0.0002632792801752005	10
SNAPC2	0	0.03996260352432724	0.2250586252137275	10
SNAPC3	0	0.049844755977392144	0.0022304937849678894	10
SNAPC4	0	0.03971441425383086	0.04766605671151578	10
SNAPC5	0	0.034855967201292484	0.00012258081312827447	10
SNAPIN	0	0.06562374308705325	0.0375272548237149	10
SNCA	0	0.32840548455715174	0.038171624095903064	10
SNCAIP	0	0.07786458693444724	0.00361690726188243	10
SNCB	0	0.09038060531020162	0.22140580347214991	10
SNCG	0	0.0723250992596149	0.09036316256427465	10
SND1	0	0.7115024745464325	0.8446546438055698	10
SNED1	0	0.17458856403827663	0.5387838137395191	10
SNF8	0	0.06344331465661521	0.012827619370030362	10
SNIP1	0	0.05692001320421691	0.7421610814623498	10
SNN	0	0.11657614931464191	0.0011931561775751138	10
SNPH	0	0.24428357854485508	0.03521707536743643	10
SNRK	0	0.8797119140625	0.8241582007164385	10
SNRNP200	0	0.9130216419696808	0.6576219698049697	10
SNRNP25	0	0.049737168475985485	0.0350948078957318	10
SNRNP27	0	0.05709405988454815	0.006206225748777201	10
SNRNP35	0	0.05429831109941001	0.00836148845352606	10
SNRNP40	0	0.3968878179788589	0.06934326257207038	10
SNRNP48	0	0.03523859474807972	0.015228507928552298	10
SNRNP70	0	0.7077323794364929	0.4503833703691479	10
SNRPA	0	0.0652842871844768	0.35141556667602386	10
SNRPA1	0	0.32170932143926617	0.020144648595248525	10
SNRPB	0	0.2084605768322944	0.1369188409983281	10
SNRPB2	0	0.13514466248452658	0.0020591068161116446	10
SNRPC	0	0.3155927583575248	0.0006271149692195991	10
SNRPD1	0	0.2827874988317489	0.1171452757485842	10
SNRPD2	0	0.3617500245571136	0.02029649321280064	10
SNRPD3	0	0.35666069537401196	0.016114586256355097	10
SNRPE	0	0.31408241093158723	0.0001600992125466349	10
SNRPF	0	0.2601898677647113	4.595556527011074e-05	10
SNRPG	0	0.2338115692138672	7.906780553122315e-05	10
SNRPN	0	0.18820018023252483	0.05365948768916172	10
SNTA1	0	0.08367740102112288	0.28305967885398453	10
SNTB1	0	0.038803464174270594	0.1084892329229075	10
SNTB2	0	0.18982799425721164	0.3980744017337696	10
SNTG1	0	0.21043164432048794	0.6071375477061888	10
SNTG2	0	0.0344873439520597	0.040881496188508795	10
SNTN	0	0.03281516302376982	0.00022973472820344174	10
SNUPN	0	0.036074265465140296	0.0035386310406138764	10
SNURF	0	0.045104174688458384	0.0005650251631493105	10
SNW1	0	0.7421680271625519	0.2715940430314744	10
SNX1	0	0.17975204959511754	0.5861924008899404	10
SNX10	0	0.04271658398210998	0.001346364400224412	10
SNX11	0	0.034181389957666355	0.0009121984512275222	10
SNX12	0	0.09517805911600587	0.11303425059126068	10
SNX13	0	0.3709949001669884	0.3399712126503568	10
SNX14	0	0.17492642849683757	0.00508382276603179	10
SNX15	0	0.03644057847559448	0.000954484180636099	10
SNX16	0	0.03596105314791198	0.031097817542157742	10
SNX17	0	0.1502323225140571	0.2220962251209968	10
SNX18	0	0.32455807626247407	0.4530014865433694	10
SNX19	0	0.046954241022467556	0.5865645968967895	10
SNX2	0	0.4962828755378723	0.18316905241878234	10
SNX20	0	0.033886650577187476	0.007949427655626019	10
SNX21	0	0.03577955625951285	0.0004457496816994695	10
SNX22	0	0.04387035556137556	0.022297199910518463	10
SNX24	0	0.03692912943661208	0.00020707554169173496	10
SNX25	0	0.13757692426443097	0.0635309480344928	10
SNX27	0	0.6424436420202255	0.35112146568810887	10
SNX29	0	0.09194749891757961	0.3771721331034718	10
SNX3	0	0.2120415337383747	0.04799309558557438	10
SNX30	0	0.06087463460862632	0.41574902767880906	10
SNX31	0	0.03648027703166004	0.0046549689251320055	10
SNX32	0	0.044478749111294714	0.0016206544386161777	10
SNX33	0	0.07178151495754714	0.5542341788842721	10
SNX4	0	0.1169400185346603	0.00585563246942935	10
SNX5	0	0.05930407270789143	0.009692053537542693	10
SNX6	0	0.21963093355298038	0.3016338614779852	10
SNX7	0	0.08767696432769295	0.0016847688883036116	10
SNX8	0	0.041777867078781096	0.037491080062774004	10
SNX9	0	0.13326966837048526	0.01865681988700458	10
SOAT1	0	0.043129147961735684	0.1541830923687296	10
SOAT2	0	0.03581243008375164	0.030634030016089768	10
SOBP	0	0.7288410723209381	0.7693609896728808	10
SOCS1	0	0.07722507975995538	0.16359469388812717	10
SOCS2	0	0.06479627154767507	0.05241991555290169	10
SOCS3	0	0.08886758200824256	0.0006809073092135473	10
SOCS4	0	0.04061621204018589	0.16023233712876803	10
SOCS5	0	0.09444952160120006	0.2109320599119841	10
SOCS6	0	0.28617587313055987	0.4884086853384472	10
SOCS7	0	0.6760132759809494	0.30437417625749796	10
SOD1	0	0.21439898982644076	0.00012727000568932522	10
SOD2	0	0.061771741881966546	0.02234415943409446	10
SOD3	0	0.055387805402278854	0.5466545210248052	10
SOGA1	0	0.7849553406238556	0.3214252902501823	10
SOGA2	0	0.11729992330074306	0.8758357749191701	10
SOGA3	0	0.2838717386126518	0.49291746841105344	10
SOHLH1	0	0.03861376680433746	0.0006236431729316106	10
SOHLH2	0	0.046690992638468695	0.00012530977706748492	10
SON	1	0.8667471116846123	0.8102138847897	643
SORBS1	0	0.20762030556797978	0.3425706160790578	10
SORBS2	0	0.28316239267587656	0.7758205936244132	10
SORBS3	0	0.09141829460859295	0.1628620339312251	10
SORCS1	0	0.43594437539577485	0.9133284270405868	10
SORCS2	0	0.09969330057501788	0.38587510927323565	10
SORCS3	0	0.2526711627840995	0.7253950713169031	10
SORD	0	0.03549528382718558	0.00363868206327077	10
SORL1	0	0.36698720306158067	0.9771338331386159	10
SORT1	0	0.4510458245873451	0.7076464210784508	10
SOS1	0	0.9231774568557739	0.8042691598213704	10
SOS2	0	0.6945646852254868	0.5595029330320992	10
SOST	0	0.09561125375330444	0.0002279004775290041	10
SOSTDC1	0	0.0428810909390449	8.099661326402303e-05	10
SOWAHB	0	0.04077183119952676	0.06373520519534494	10
SOWAHD	0	0.05391160361468787	0.01061020142351351	10
SOX10	0	0.6582819044589996	0.3686398881788074	10
SOX11	0	0.6777118980884552	0.8880464460785709	10
SOX13	0	0.26717705875635145	0.1036173521288661	10
SOX14	0	0.1183031272143125	0.3727943372362607	10
SOX15	0	0.049163848534226354	0.00026144425744064606	10
SOX17	0	0.26772589087486265	0.2629001081130557	10
SOX2	0	0.3350961297750473	0.48136812213579755	10
SOX21	0	0.12487368322908873	0.5445064493127548	10
SOX30	0	0.2043649591505527	0.427525480042517	10
SOX4	0	0.3307254701852798	0.9679426374140112	10
SOX5	1	0.8988230750791244	0.9286456285084735	631
SOX6	0	0.7991959750652313	0.9151724470355056	10
SOX7	0	0.06779676452279086	0.11808663913101924	10
SOX8	0	0.09766090661287305	0.494238267205039	10
SOX9	0	0.8267395794391632	0.9955405945541844	10
SP1	0	0.7903173804283142	0.6019549627162796	10
SP100	0	0.06390176638960834	0.084188774296829	10
SP110	0	0.03634568341076368	0.059673104563195835	10
SP140	0	0.04760251455008979	0.017184439555297908	10
SP140L	0	0.04629527926445	0.07468472974342662	10
SP2	0	0.6930025935173034	0.6154488807475953	10
SP3	0	0.8177618563175202	0.8652826795293527	10
SP4	0	0.7815963327884674	0.4981018594426391	10
SP5	0	0.05046228542923925	0.2896414048946509	10
SP6	0	0.05258952341973777	0.01280474040428152	10
SP7	0	0.04578550942242142	0.10693041581211311	10
SP8	0	0.27936235964298245	0.5884794113649838	10
SP9	0	0.23065129071474072	0.4276911860060628	10
SPA17	0	0.03150104433298107	0.00942759211617519	10
SPACA1	0	0.03295513931661839	0.0003642454506855396	10
SPACA3	0	0.03383887168020004	0.01744317787401291	10
SPACA4	0	0.03938769660890098	0.07275115028818369	10
SPACA7	0	0.03344478625804181	9.272610389261906e-06	10
SPAG1	0	0.041985368356108624	0.01421116882654699	10
SPAG11A	0	0.05627954564988609	2.575909391899563e-05	10
SPAG11B	0	0.03705027811229224	5.26704955167592e-05	10
SPAG16	0	0.07417923659086224	0.059444439773746846	10
SPAG17	0	0.06604308597743508	0.7851694462433627	10
SPAG4	0	0.03634833134710785	0.30462489691853983	10
SPAG5	0	0.06501028686761852	0.10849255750471584	10
SPAG6	0	0.035546606779098475	0.09534408312022584	10
SPAG7	0	0.05816527530550954	0.01585969758300386	10
SPAG8	0	0.04049693271517748	0.058647126303282074	10
SPAG9	0	0.8793976187705994	0.5789455337940461	10
SPAM1	0	0.03284182529896494	0.0020990818365380177	10
SPANXC	0	0.052423000335693304	2.255211694770444e-05	10
SPANXD	0	0.0402161998674273	0.16461464507122917	10
SPANXN1	0	0.037435520626604504	3.293552023724073e-06	10
SPANXN2	0	0.03417994678020473	0.06460548401341115	10
SPANXN3	0	0.04073681198060507	0.007417032657553589	10
SPANXN4	0	0.06303033158183094	3.5323530538931696e-07	10
SPANXN5	0	0.03232869599014515	0.4323259615766317	10
SPARC	0	0.14698801413178442	0.06501558924186876	10
SPARCL1	0	0.10559511184692379	0.20573900429208258	10
SPAST	1	0.6894538923374658	0.12133733652124638	618
SPATA12	0	0.04994914568960662	0.00013703806149033756	10
SPATA13	0	0.08206924200057979	0.48878344393328466	10
SPATA16	0	0.03427899330854412	0.0364645919110929	10
SPATA17	0	0.03287396989762778	0.25835235974303494	10
SPATA18	0	0.03379776384681459	0.050107239642288436	10
SPATA19	0	0.03326380886137481	0.27491176747725576	10
SPATA2	0	0.19368729591369624	0.4019879105484165	10
SPATA20	0	0.08548067100346082	0.13867663505486222	10
SPATA21	0	0.03308905698359006	0.002799064929201436	10
SPATA22	0	0.03755307272076603	0.0013037558152477408	10
SPATA25	0	0.03441767245531077	6.377719075270758e-05	10
SPATA2L	0	0.03877551108598705	0.0020461368522288873	10
SPATA31A2	0	0.09148580506443973	0.08855340884520299	10
SPATA31A7	0	0.04627034142613405	0.25127435096907413	10
SPATA31D1	0	0.06237064823508259	0.35147284043728405	10
SPATA31E1	0	0.05491372384130951	0.06154015978262441	10
SPATA32	0	0.054220196604728654	0.0029374314352612796	10
SPATA33	0	0.06989447101950641	0.39928156298409634	10
SPATA4	0	0.03083410710096355	5.127542502839909e-06	10
SPATA5	0	0.04982593767344949	0.18776844359941433	10
SPATA5L1	0	0.03894959725439543	0.053132223283348365	10
SPATA6	0	0.04843283668160435	0.2406805609578882	10
SPATA6L	0	0.036051172576844634	0.039876700979521715	10
SPATA7	0	0.050181673467159224	0.09040790696620668	10
SPATA8	0	0.033648175932466926	4.6347766530675925e-07	10
SPATA9	0	0.03274967484176154	0.0001701735933638577	10
SPATC1	0	0.03659291341900821	0.14795627276308312	10
SPATC1L	0	0.06635114215314382	0.011303073994465075	10
SPATS1	0	0.03316624667495484	0.13679322715599795	10
SPATS2	0	0.3065392740070819	0.06727065050669703	10
SPATS2L	0	0.12851520404219624	0.26134113437912354	10
SPC24	0	0.044867895916104274	0.001953184607177543	10
SPC25	0	0.03461313359439367	0.015216446643363404	10
SPCS1	0	0.12592088654637335	0.0018388779960772379	10
SPCS2	0	0.1906632401049137	0.03622725594139379	10
SPCS3	0	0.23033425435423846	0.01689521631567255	10
SPDEF	0	0.15522102639079088	0.0067141846074033115	10
SPDL1	0	0.05378407575190064	0.0017793176367774173	10
SPDYA	0	0.04304492175579066	0.0002193001455240277	10
SPDYC	0	0.03379597477614875	0.03256931069392239	10
SPDYE1	0	0.03843017332255836	0.824133870695373	10
SPDYE3	0	0.05795674659311768	0.021796123277032415	10
SPDYE4	0	0.03348274156451221	0.01334600388976268	10
SPECC1	0	0.24229890853166575	0.2601960023744147	10
SPECC1L	0	0.3975443854928017	0.5149932243877663	10
SPECC1L-ADORA2A	0	0.1742327407002449	0.01781722360779571	10
SPEF1	0	0.03529165461659427	0.1791785537854597	10
SPEF2	0	0.07191226221621033	0.6873498347120088	10
SPEG	0	0.25879475623369214	0.8254056769419345	10
SPEM1	0	0.03266153335571284	0.07736898218084395	10
SPEN	0	0.9340916037559509	0.9713579115908745	10
SPERT	0	0.04073872733861203	0.0009186398593939921	10
SPESP1	0	0.03869727998971933	0.013027481312310837	10
SPG11	0	0.1772814370691776	0.42949261546375955	10
SPG20	0	0.07050903290510173	0.44348682481736185	10
SPG21	0	0.06827826797962185	0.002349398622483945	10
SPG7	0	0.18536454811692235	0.7489633513146396	10
SPHK1	0	0.07990184575319284	1.7802694836765344e-05	10
SPHK2	0	0.05146325789391991	0.008098522601632869	10
SPHKAP	0	0.31076593101024624	0.47943925178605207	10
SPI1	0	0.4031544625759125	0.03915180834145855	10
SPIB	0	0.140461079031229	0.02025568853229566	10
SPIC	0	0.04008128792047495	6.102431805902642e-05	10
SPICE1	0	0.052052034437656367	0.01514028062556295	10
SPIDR	0	0.1042018629610538	0.007529980546252193	10
SPIN1	0	0.5912186324596405	0.37153455237338306	10
SPIN2A	0	0.03648273199796672	1.6748146559611364e-05	10
SPIN2B	0	0.04665276631712907	0.0003069947184968441	10
SPIN3	0	0.04579121693968767	0.19061156903831564	10
SPIN4	0	0.05792714618146414	0.4001803301609386	10
SPINK1	0	0.039328080788254685	0.0005474237468116709	10
SPINK13	0	0.03292608596384522	1.601756770623622e-05	10
SPINK14	0	0.03594279475510117	4.0238000877266464e-05	10
SPINK2	0	0.040260191634297324	0.001061502594526645	10
SPINK4	0	0.032833731546997966	1.8902497181800524e-05	10
SPINK5	0	0.03846640437841412	0.05598107943033544	10
SPINK6	0	0.032851734757423354	6.703847066637426e-07	10
SPINK7	0	0.03468905240297312	0.00033993405672533663	10
SPINK8	0	0.03155436385422941	3.5690738567446695e-05	10
SPINK9	0	0.03345383498817678	0.0031168491935028497	10
SPINT1	0	0.03902338445186611	0.5433150542663763	10
SPINT2	0	0.13165980130434032	0.005141972407259159	10
SPINT4	0	0.032710864208638606	1.0185153492333139e-05	10
SPIRE1	0	0.45113104283809663	0.8283851435617535	10
SPIRE2	0	0.05839615873992439	0.07290520150433247	10
SPN	0	0.032777453213930094	0.014159098495566	10
SPNS1	0	0.11189516633749004	0.019067681842653922	10
SPNS2	0	0.057410873845219555	0.04844737454083883	10
SPNS3	0	0.03524629138410087	0.000308552045698285	10
SPO11	0	0.03966517858207222	0.0010438722000176202	10
SPOCD1	0	0.03694616518914694	0.24171538599760622	10
SPOCK1	0	0.294178183376789	0.5843675940219917	10
SPOCK2	0	0.11839465759694572	0.6255652776847345	10
SPOCK3	0	0.05277113690972325	0.16237452621299814	10
SPON2	0	0.03682526350021357	0.14486837866177024	10
SPOP	0	0.6886752486228943	0.8219003164723935	10
SPOPL	0	0.05114027597010131	0.08649571142393093	10
SPP1	0	0.06491085514426227	2.4691199451351395e-05	10
SPP2	0	0.03219566605985161	7.570891260399534e-05	10
SPPL2A	0	0.08228020295500751	0.10412441267739062	10
SPPL2C	0	0.040135696530342053	1.3666917120701923e-05	10
SPPL3	0	0.6693971276283264	0.00875865104033322	10
SPR	0	0.04273594506084916	0.008037218188643874	10
SPRED1	0	0.4982085257768631	0.25840327585244083	10
SPRED2	0	0.04673603959381576	0.5951370075197261	10
SPRED3	0	0.059852816164493526	0.06071215637861457	10
SPRN	0	0.0978027150034904	0.01258100348638203	10
SPRR1A	0	0.04203085638582702	0.06874750427642176	10
SPRR1B	0	0.037910284101963024	0.028830024928298996	10
SPRR2A	0	0.06500752344727515	0.0017621347853905504	10
SPRR2B	0	0.0761273138225078	0.0014708345321304411	10
SPRR2D	0	0.038434060662984805	5.318941837850834e-06	10
SPRR2E	0	0.033044342510402155	3.625250216102249e-05	10
SPRR2F	0	0.03519460540264839	2.2122410767988413e-05	10
SPRR2G	0	0.061963596194982484	1.900830784976667e-06	10
SPRR3	0	0.05388352349400516	0.2617462078182881	10
SPRR4	0	0.033469989150762505	0.016114492168686486	10
SPRTN	0	0.1844348050653934	0.07814181581797547	10
SPRY1	0	0.05116560757160184	0.02288751872279159	10
SPRY2	0	0.5517928063869476	0.40117481590658793	10
SPRY3	0	0.042637807503342576	0.04806945621311719	10
SPRY4	0	0.04926790520548816	0.7634304128462311	10
SPRYD3	0	0.2298882409930229	0.3158231511898665	10
SPRYD4	0	0.03481011353433127	0.3554883222307278	10
SPRYD7	0	0.041803715005516974	0.008977573172385931	10
SPSB1	0	0.06723982170224187	0.7805238673926792	10
SPSB2	0	0.03795594274997706	0.002063010522879733	10
SPSB3	0	0.13784763813018797	0.002190736782541168	10
SPSB4	0	0.06138631924986836	0.011436587838726728	10
SPTA1	0	0.08947949446737764	0.5450935128168243	10
SPTAN1	0	0.9155518591403962	0.5074322759390097	10
SPTB	0	0.5567147880792618	0.33110052315512023	10
SPTBN1	0	0.900961172580719	0.909408132762137	10
SPTBN2	0	0.6283888578414917	0.3446328293221581	10
SPTBN5	0	0.05196707099676127	0.203363430323864	10
SPTLC1	0	0.0867485951632261	0.42321851855948267	10
SPTLC2	0	0.35994449108839033	0.31049376881744173	10
SPTLC3	0	0.04399696290493007	0.21954962194440664	10
SPTSSA	0	0.0511073794215917	0.0009406075309544056	10
SPTSSB	0	0.04208755940198894	0.0011261876283922127	10
SPTY2D1	0	0.11199039034545417	0.06425602183212983	10
SPZ1	0	0.053844943270087195	0.04605178395248036	10
SQLE	0	0.3226367920637131	0.027005158702724137	10
SQRDL	0	0.04562203586101527	0.0859161747681719	10
SQSTM1	0	0.11575659289956089	0.005875482835669841	10
SRA1	0	0.05773740150034425	0.0005083929087949211	10
SRBD1	0	0.04626939520239825	0.1373370418561149	10
SRC	0	0.8220887362957001	0.025438467088196547	10
SRCAP	1	0.7535713478070691	0.9894484278548141	647
SRCIN1	0	0.35520168542861935	0.9716296448731441	10
SRCRB4D	0	0.04852962680160994	0.003416538647327355	10
SRD5A1	0	0.050146783143281894	0.06774076699322015	10
SRD5A3	0	0.03994404487311835	0.09404119026909133	10
SREBF1	0	0.21659620925784107	0.501649031306136	10
SREBF2	0	0.4484900027513504	0.16638467145418984	10
SREK1	0	0.726758724451065	0.5179497329072751	10
SREK1IP1	0	0.08265067636966701	0.02251536066728712	10
SRF	0	0.6239407986402512	0.4575054985486788	10
SRFBP1	0	0.05213203988969321	0.08608518777013101	10
SRGAP1	0	0.7830978035926819	0.551240079978463	10
SRGAP3	0	0.9309681236743927	0.7865470169468427	10
SRGN	0	0.05305420756340022	1.2457181129010009e-05	10
SRI	0	0.11007129177451129	1.701857103690541e-05	10
SRL	0	0.04463011510670181	0.4456712167470823	10
SRM	0	0.312220287322998	0.007490321499158223	10
SRMS	0	0.03790857382118697	0.05404664100191612	10
SRP14	0	0.2619982853531837	0.05910352729819486	10
SRP19	0	0.06758146062493318	0.007519468530387192	10
SRP54	0	0.7325526475906372	0.3185757217130517	10
SRP68	0	0.16870937868952746	0.11834348722164993	10
SRP72	0	0.24742360636591906	0.2675154512432757	10
SRP9	0	0.22926634997129436	2.440849690346769e-05	10
SRPK1	0	0.15066217184066769	0.37151790322139006	10
SRPK2	0	0.886078554391861	0.48492765484653316	10
SRPK3	0	0.05933500826358791	0.24504744010160526	10
SRPR	0	0.36312006264925	0.3095700391943873	10
SRPRB	0	0.05015533827245232	0.024743533890452713	10
SRPX	0	0.04142215102910991	0.004756462855023841	10
SRPX2	0	0.04063710123300548	0.19353879328368742	10
SRR	0	0.06839287281036374	0.11829653621891101	10
SRRD	0	0.03385599814355369	0.1531354742119489	10
SRRM1	0	0.8002953946590423	0.9853138298279778	10
SRRM2	0	0.5745675444602967	0.8431740035686456	10
SRRM3	0	0.16543450206518168	0.43470195075028906	10
SRRM4	0	0.335501280426979	0.41898684756303817	10
SRRM5	0	0.12079432718455785	0.33036565071013874	10
SRRT	0	0.4095648765563965	0.591859330427644	10
SRSF1	0	0.5184501349925995	0.5349961141874617	10
SRSF11	0	0.7126039326190948	0.7189312179672198	10
SRSF12	0	0.04528055787086482	0.14066781281620547	10
SRSF2	0	0.2313167184591293	0.4614736612206	10
SRSF3	0	0.4500540137290955	0.17199781527872668	10
SRSF4	0	0.4831027269363403	0.15100824159197782	10
SRSF5	0	0.3238127037882805	0.381279171869921	10
SRSF6	0	0.5138595670461654	0.5609302355720047	10
SRSF7	0	0.46026680171489714	0.4088878388113617	10
SRSF9	0	0.31551099121570586	0.0005522564785753466	10
SRXN1	0	0.054691414162516536	0.001967066079374143	10
SRY	0	0.1740697249770164	0.0006096300373490898	10
SS18	0	0.19807012230157847	0.4678777713690411	10
SS18L1	0	0.5949457198381424	0.5807610344729683	10
SS18L2	0	0.047992570325732196	0.000384479980482042	10
SSB	0	0.21438207328319545	0.3688477143909118	10
SSBP1	0	0.099510633200407	1.1400381612315593e-05	10
SSBP2	0	0.6995331138372421	0.28539530869442287	10
SSBP3	0	0.7630541920661926	0.7495519240662959	10
SSBP4	0	0.23738382309675213	0.2949320935987395	10
SSC5D	0	0.06326620578765864	0.35648791397204266	10
SSFA2	0	0.08597763814032074	0.37628432955873325	10
SSH1	0	0.11860352009534832	0.41041313243470495	10
SSH2	0	0.4650890067219734	0.4774883307607804	10
SSH3	0	0.05693428851664062	0.004265757965830267	10
SSMEM1	0	0.0435314647853374	0.0007450931349622281	10
SSNA1	0	0.07934209220111366	0.0011724126420185345	10
SSPN	0	0.04297680445015424	0.1871403174179878	10
SSR1	0	0.1857777394354343	0.3232143180643038	10
SSR2	0	0.15550301671028133	0.041853488060595426	10
SSR3	0	0.08335619941353795	0.04612100636545311	10
SSR4	0	0.22640072777867312	0.00025374410621427373	10
SSRP1	0	0.7328615427017212	0.7162087956906042	10
SSSCA1	0	0.03722411952912804	0.00023327912976553464	10
SST	0	0.06671511307358738	0.0002317724897036372	10
SSTR1	0	0.07037322148680683	0.3573202749461957	10
SSTR2	0	0.12252750694751735	0.08647168617118604	10
SSTR3	0	0.03661456573754544	0.002007122150918395	10
SSTR4	0	0.04742074571549888	0.11769121060412664	10
SSTR5	0	0.03572245687246319	0.06611457182955882	10
SSU72	0	0.28680635094642637	0.010631139162748045	10
SSUH2	0	0.04930295385420317	0.07402465974565667	10
SSX1	0	0.03400474935770031	0.000752073600809757	10
SSX2IP	0	0.10660479962825772	0.1101011259910151	10
SSX3	0	0.03415723927319047	0.0002066237170427897	10
SSX4	0	0.060119099169969506	0.004332344715353683	10
SSX4B	0	0.05014577172696586	0.09647275260652975	10
SSX5	0	0.0340186202898621	0.02077516223148063	10
SSX7	0	0.035902301035821385	0.06756229282049683	10
ST13	0	0.27735995352268217	0.014271813406933087	10
ST14	0	0.07237710952758783	0.4701922904847525	10
ST18	0	0.20894482359290117	0.6206993198930701	10
ST20	0	0.04009189195930952	5.12671196036289e-05	10
ST20-MTHFS	0	0.03880344033241268	0.015829153341232742	10
ST3GAL1	0	0.07888556122779841	0.03576921525243314	10
ST3GAL2	0	0.5272511273622513	0.01610005956309228	10
ST3GAL3	0	0.05904322117567058	0.17425161021032348	10
ST3GAL4	0	0.05209184624254698	0.03229410335439979	10
ST3GAL5	0	0.07584223002195353	0.2726498206299478	10
ST3GAL6	0	0.04353957884013648	0.01187391521588987	10
ST5	0	0.47047972977161406	0.12770034312560108	10
ST6GAL1	0	0.10754990503191945	0.0071114552665558104	10
ST6GAL2	0	0.06936853900551791	0.09559831382281239	10
ST6GALNAC1	0	0.033082554861903146	0.05869674607688326	10
ST6GALNAC2	0	0.03241775371134276	0.006085762007623037	10
ST6GALNAC3	0	0.048580476269125886	0.5104797261880254	10
ST6GALNAC4	0	0.03550123199820515	0.002207258244420883	10
ST6GALNAC5	0	0.047515056282281844	0.1053855382207691	10
ST6GALNAC6	0	0.07461149841547007	0.0039224656252213105	10
ST7	0	0.5872600227594376	0.04934820694657007	10
ST7L	0	0.04744632355868811	0.0011193182202084006	10
ST8SIA1	0	0.09251869097352024	0.40973684473527666	10
ST8SIA2	0	0.11243751719593997	0.17933806090021576	10
ST8SIA3	0	0.2303510345518589	0.30320159117169787	10
ST8SIA4	0	0.07268883697688575	0.40744373507383713	10
ST8SIA5	0	0.044095572829246484	0.1672346535258316	10
ST8SIA6	0	0.0334480337798595	0.16541343049171414	10
STAB1	0	0.06811680458486076	0.34563796401575664	10
STAB2	0	0.0487698726356029	0.8604527347549766	10
STAC	0	0.0329539498314261	0.0005497928912369584	10
STAC2	0	0.051561567559838276	0.0067048495079549105	10
STAC3	0	0.0464467771351337	0.2184836743244892	10
STAG1	0	0.8933537244796753	0.8479787435665088	10
STAG2	0	0.9291896402835846	0.812995397365099	10
STAG3	0	0.1128288090229034	0.2831385634742336	10
STAM	0	0.41088207364082335	0.4581054053666717	10
STAM2	0	0.060929309949278775	0.16243002816967428	10
STAMBP	0	0.05323741547763344	0.4635539079249579	10
STAMBPL1	0	0.040865637362003285	0.001572513363177417	10
STAP1	0	0.03683807551860805	0.0004248179701400115	10
STAP2	0	0.03695303313434119	0.00509287193022084	10
STAR	0	0.04151591509580607	0.004938500341747	10
STARD10	0	0.04071157015860075	0.06736288490684901	10
STARD13	0	0.07836422845721239	0.6769164729458444	10
STARD3	0	0.048898843675851775	0.004535896898158198	10
STARD3NL	0	0.07797558270394797	0.0025657491135984466	10
STARD4	0	0.04082593396306033	0.02717690379360016	10
STARD5	0	0.03926044143736357	0.09553521032761023	10
STARD6	0	0.03323900811374183	0.012357023264741624	10
STARD7	0	0.11966334432363505	0.126449678966581	10
STARD8	0	0.0432869359850883	0.2151710805053843	10
STAT1	0	0.7431382179260254	0.3036980418980771	10
STAT2	0	0.4465881586074829	0.0040599491094893015	10
STAT3	0	0.8573753237724304	0.0352352867134075	10
STAT4	0	0.3338558703660965	0.02787054047923378	10
STAT5A	0	0.561459219455719	0.5687812776114138	10
STAT5B	0	0.7891601085662842	0.5921426972246223	10
STAT6	0	0.4609445035457611	0.36317807135643365	10
STATH	0	0.03406097870320079	0.00019750998278093412	10
STAU1	0	0.7824628114700317	0.5552601888214047	10
STAU2	0	0.6443657547235488	0.32367414616129414	10
STC1	0	0.04699878580868239	0.5364931330905477	10
STC2	0	0.04993563555181022	0.01702531372466157	10
STEAP1	0	0.03225174807012078	0.00035222593174715947	10
STEAP1B	0	0.03335062172263857	0.10719048617059279	10
STEAP2	0	0.0444257095456123	0.09199717405128485	10
STEAP3	0	0.038918257504701584	0.0041704176401071765	10
STEAP4	0	0.03518665842711921	0.5210246077802385	10
STH	0	0.07082269974052904	0.01342421643863551	10
STIL	0	0.1183612115681171	0.11941558980539584	10
STIM1	0	0.560315266251564	0.16315164528337492	10
STIM2	0	0.5925807356834412	0.46215338695876884	10
STIP1	0	0.7790904939174652	0.2757961844587564	10
STK10	0	0.06047728843986984	0.2985693407748156	10
STK11	0	0.4149061724543571	0.7662443022576152	10
STK11IP	0	0.0589709442108869	0.0010839140236608275	10
STK16	0	0.044065716862678475	0.11422427709147742	10
STK17A	0	0.04424948729574676	0.02269750427203221	10
STK17B	0	0.04184232987463469	0.03834206917140946	10
STK19	0	0.05337012447416778	1.5431196487442238e-05	10
STK24	0	0.25686164647340776	0.8284174589392374	10
STK25	0	0.2620046138763427	0.23127588019101236	10
STK3	0	0.06525135897099966	0.10610677179313613	10
STK31	0	0.058642943203449205	0.20631680649932244	10
STK32A	0	0.03498188387602562	0.041894960412036594	10
STK32B	0	0.057535444572567894	0.024678978787608	10
STK32C	0	0.15533700883388518	0.23866097678343162	10
STK33	0	0.03843545913696285	0.11920002808249361	10
STK35	0	0.17916303798556324	0.5031064181868524	10
STK36	0	0.04690787270665164	0.0174013583459977	10
STK38	0	0.22296625226736064	0.1965299800500127	10
STK38L	0	0.4660198211669922	0.063307199179819	10
STK39	0	0.5350608825683594	0.27557160033229433	10
STK4	0	0.19917112737894055	0.40285920108261414	10
STK40	0	0.42362050265073775	0.0693182852352474	10
STMN1	0	0.2707753106951713	0.000757223336798749	10
STMN2	0	0.5107162535190582	0.00311264358612861	10
STMN3	0	0.11936135366559024	0.01167303876567956	10
STMN4	0	0.16074598059058184	0.01431758603778174	10
STOM	0	0.05853895954787726	0.00035667751845905023	10
STOML1	0	0.04734760187566277	0.02252774345751857	10
STOML2	0	0.09460573941469186	0.014351234136250866	10
STOML3	0	0.036518652737140625	0.0016279346997004171	10
STON1	0	0.03630247786641116	0.03661758210740016	10
STON1-GTF2A1L	0	0.03695354349911209	0.0511980827671939	10
STON2	0	0.06268585920333856	0.42230152338802746	10
STOX1	0	0.05726046636700627	0.04711454628132626	10
STOX2	0	0.6381669998168945	0.8611655301535637	10
STPG1	0	0.05135795883834358	0.19317395160347137	10
STPG2	0	0.0626218650490045	0.0005202934952351431	10
STRA6	0	0.048313609138131104	0.06399818666398321	10
STRA8	0	0.03666217494755976	0.005319408707467251	10
STRADA	0	0.044029656052589385	0.003892374849276891	10
STRADB	0	0.05089386478066439	0.00019419728272399936	10
STRAP	0	0.4725945383310318	0.061277995231573124	10
STRBP	0	0.902646803855896	0.4486985583615891	10
STRC	0	0.07735170572996136	0.00484583491474097	10
STRIP1	0	0.39270090907812116	0.9021482473129818	10
STRIP2	0	0.07730052880942816	0.2605626142154877	10
STRN	0	0.2099329717457294	0.7286716317589924	10
STRN3	0	0.6689175546169281	0.3053829364818407	10
STRN4	0	0.5822273641824722	0.243397092618372	10
STS	0	0.07454168312251565	0.4531500275968482	10
STT3A	0	0.3658128008246422	0.16723123208588833	10
STT3B	0	0.8552533566951752	0.6058385899336975	10
STUB1	0	0.15259909778833386	0.014012252063003989	10
STX10	0	0.05457231923937793	0.003184933623027361	10
STX11	0	0.043685233592987024	0.11251683822097416	10
STX12	0	0.3314292192459106	0.0007310478443792603	10
STX16	0	0.12857104390859603	0.27717356924666536	10
STX16-NPEPL1	0	0.20840628966689106	0.22108267772575618	10
STX17	0	0.04282921180129047	0.19766124845816607	10
STX18	0	0.03928536977618928	0.0008110233893815176	10
STX19	0	0.03846635632216926	0.020784464383977012	10
STX1A	0	0.6239798158407212	0.16083215606984042	10
STX1B	0	0.561504265666008	0.7494415485545151	10
STX2	0	0.06380983702838416	0.00808341236683201	10
STX3	0	0.06648558564484114	0.10013289474532532	10
STX4	0	0.049269399046897824	0.08325257882897694	10
STX5	0	0.1281174965202808	0.3650038097735949	10
STX6	0	0.07505350485444065	0.18730190216462533	10
STX7	0	0.10760428160428996	0.3009534747503731	10
STX8	0	0.05095334164798256	0.0007812610443415299	10
STXBP1	1	0.9059262039741006	0.2298043415919488	629
STXBP2	0	0.03993420936167235	0.2161668197466803	10
STXBP3	0	0.10457076393067832	0.1183404325474876	10
STXBP4	0	0.0419705513864755	0.7703623969044093	10
STXBP5	0	0.8609289348125457	0.7446509539591174	10
STXBP5L	0	0.6021752536296845	0.5162225102105474	10
STXBP6	0	0.05589288100600237	0.020490463592276482	10
STYK1	0	0.03561000339686865	0.0007480302174629351	10
STYX	0	0.08392108567059035	0.01532875156421464	10
STYXL1	0	0.035014241933822576	0.027672949471560248	10
SUB1	0	0.3743522942066192	0.12198436072022438	10
SUCLA2	0	0.10906423293054099	0.4333085626380736	10
SUCLG1	0	0.08692251518368715	0.0005199735194172528	10
SUCLG2	0	0.06260015256702896	0.0006218737713090692	10
SUCNR1	0	0.03355694338679308	0.0240312144161622	10
SUCO	0	0.6627362847328186	0.5763083353170233	10
SUDS3	0	0.3204223752021789	0.1841987171813592	10
SUFU	0	0.7322339445352555	0.027491938430274088	10
SUGP1	0	0.5631840169429779	0.31732793099795825	10
SUGP2	0	0.5002422600984573	0.3107463230988305	10
SUGT1	0	0.12673724479973308	0.5727534937455441	10
SULF1	0	0.1474008202552795	0.9894307872403104	10
SULF2	0	0.17133657485246653	0.5441908707855441	10
SULT1A1	0	0.05177521035075182	0.00022272210183598085	10
SULT1A2	0	0.034918620809912634	0.0009761650077744482	10
SULT1A3	0	0.08064518831670281	0.044976660421452555	10
SULT1A4	0	0.06784575134515758	0.11066432175530579	10
SULT1B1	0	0.034500003233551915	0.11832135775915593	10
SULT1C2	0	0.036330834031105	0.0004322181630799328	10
SULT1C3	0	0.03623109105974433	0.0007709293625635216	10
SULT1C4	0	0.03627599086612458	0.00010403664637577822	10
SULT1E1	0	0.03450738769024603	0.005869263614835351	10
SULT2A1	0	0.03207464814186091	0.0009062297921616175	10
SULT2B1	0	0.035837072879075935	0.004283066365344911	10
SULT4A1	0	0.5000137269496918	0.014509431059283578	10
SULT6B1	0	0.0336821056902408	0.0006622292760506165	10
SUMF1	0	0.04307567663490768	0.02768137473970526	10
SUMF2	0	0.07786826305091378	0.00037030578292947686	10
SUMO1	0	0.34105222672224045	0.017225964847739302	10
SUMO2	0	0.3463344439864159	0.02006865052821982	10
SUMO3	0	0.11448333673179145	0.04876610032667181	10
SUMO4	0	0.06959415636956687	0.08135091761780466	10
SUN1	0	0.2253817483782768	0.3470814630927346	10
SUN2	0	0.1456494905054569	0.10479198129966664	10
SUN3	0	0.034931078180670684	0.000759689724580681	10
SUN5	0	0.03377917371690267	0.007241400347533981	10
SUOX	0	0.034627000615000667	0.00442552141569021	10
SUPT16H	0	0.8950652062892914	0.39869658852714296	10
SUPT20H	0	0.18574039787054059	0.2212436834430236	10
SUPT3H	0	0.052869473770260744	0.028341080394164442	10
SUPT4H1	0	0.11763749122619624	4.972560628527086e-05	10
SUPT5H	0	0.8731382548809051	0.9362883719225972	10
SUPT6H	0	0.8558736681938172	0.8665592603869579	10
SUPT7L	0	0.04543397165834899	0.245709490541031	10
SUPV3L1	0	0.10717263408005233	0.11146764895954502	10
SURF1	0	0.04998949319124218	0.0008925121948494227	10
SURF2	0	0.04493604861199851	0.007212769212043391	10
SURF4	0	0.08860316462814803	0.04423709951548506	10
SURF6	0	0.04547753930091853	0.02134465208726944	10
SUSD1	0	0.03911705352365967	0.00624924073908124	10
SUSD2	0	0.04631438255310053	0.4243575080744468	10
SUSD3	0	0.03542049154639241	0.005412967524702024	10
SUSD4	0	0.04814033731818192	0.0008316069158821285	10
SUSD5	0	0.035715190693736035	0.2681860383588291	10
SUV39H1	0	0.38890762329101564	0.780017383899135	10
SUV39H2	0	0.3372094675898552	0.001957549565591383	10
SUV420H1	0	0.7613914251327515	0.9327581942554053	10
SUV420H2	0	0.1405664645135402	0.3885213252272367	10
SUZ12	0	0.8279390513896943	0.8177451114543732	10
SV2A	0	0.653375256061554	0.7995600111278445	10
SV2B	0	0.06995285861194131	0.478852300862697	10
SV2C	0	0.05513190589845177	0.7285210869177184	10
SVEP1	0	0.17682892605662343	0.3759156978225934	10
SVIL	0	0.19583102911710734	0.9858864057248035	10
SVIP	0	0.03819000795483585	0.025906138565847787	10
SVOP	0	0.4567898795008659	0.01747318063381246	10
SVOPL	0	0.03297698795795436	0.00020276047910297622	10
SWAP70	0	0.13436818830668923	0.00619065089001883	10
SWI5	0	0.04603424333035942	0.05927772569804436	10
SWSAP1	0	0.03236237410455936	0.0007001866298006156	10
SWT1	0	0.37488004118204116	0.15545453248656277	10
SYAP1	0	0.11102303229272359	0.07665424722334217	10
SYBU	0	0.0990131542086601	0.3709294769017161	10
SYCE1	0	0.04184171408414837	0.0006350526181956587	10
SYCE1L	0	0.04916298948228355	0.002241151667261948	10
SYCE2	0	0.033593375235795905	0.00019398412776057604	10
SYCN	0	0.033926082029938645	0.016332251463494003	10
SYCP1	0	0.29211124181747433	0.0020258616499338657	10
SYCP2	0	0.22975149080157276	0.3234933048813776	10
SYCP2L	0	0.04110168814659114	0.06148318152616874	10
SYCP3	0	0.03729246445000167	0.011351429752695437	10
SYDE1	0	0.0985022515058517	0.8559244079312549	10
SYDE2	0	0.03355518709868187	0.10658014630755516	10
SYF2	0	0.08792001754045481	3.67915502976018e-06	10
SYK	0	0.5647715598344802	0.00903980059881389	10
SYMPK	0	0.8628882527351379	0.4821397680293568	10
SYN1	1	0.7303551613546377	0.7135440253119467	646
SYN3	0	0.06991437003016468	0.3312136202056926	10
SYNC	0	0.16685366407036778	0.013866335894237369	10
SYNCRIP	0	0.8483231246471405	0.864947781244928	10
SYNDIG1	0	0.05990823842585082	0.022492355691631088	10
SYNDIG1L	0	0.0359225526452064	0.0007718179985355997	10
SYNE1	0	0.38896403312683103	0.7012429260516495	10
SYNE2	0	0.29152739644050596	0.4698111022392788	10
SYNE3	0	0.036062642186880066	0.2936513274442388	10
SYNE4	0	0.03679846897721286	0.012140979237461963	10
SYNGAP1	1	0.9200090221049447	0.9549742470020267	641
SYNGR1	0	0.09670907147228712	0.0030898023102027207	10
SYNGR2	0	0.045004534348845424	0.15600102594345971	10
SYNGR3	0	0.1368203088641166	0.10735739284894971	10
SYNGR4	0	0.0357286468148231	0.0022216566911060455	10
SYNJ1	0	0.3353776633739471	0.6963913173602017	10
SYNJ2	0	0.10980826243758199	0.9412580714827442	10
SYNJ2BP	0	0.06540084518492219	0.2250869317468763	10
SYNM	0	0.07619941420853132	0.7125498468679339	10
SYNPO	0	0.21455718651413913	0.4384928778474772	10
SYNPO2	0	0.09238964468240736	0.5270288851661575	10
SYNPO2L	0	0.03884017318487164	0.3029060956272203	10
SYNPR	0	0.0764225654304027	0.031458139493273175	10
SYNRG	0	0.32495723962783807	0.7145651795841546	10
SYP	0	0.5539360135793686	0.4928063260211298	10
SYPL1	0	0.06057073138654227	0.000451609467080151	10
SYPL2	0	0.03947911672294134	0.0038259463272346727	10
SYS1	0	0.042882011085748635	3.6128060379158986e-05	10
SYS1-DBNDD2	0	0.2269549094140529	0.0004915830143050104	10
SYT1	0	0.6265613049268722	0.3854710223557773	10
SYT10	0	0.04488941431045527	0.26608575575837534	10
SYT11	0	0.5095445454120636	0.14824938813048918	10
SYT12	0	0.05561478026211257	0.06957146614184787	10
SYT13	0	0.13278700858354567	0.00832070856824018	10
SYT14	0	0.6113183289766312	0.5068442146634065	10
SYT15	0	0.03490175232291217	0.27164603874908866	10
SYT16	0	0.05219803676009173	0.5008336215265841	10
SYT17	0	0.06276021637022491	0.5727337192541773	10
SYT2	0	0.5287941619753838	0.1171714880135974	10
SYT3	0	0.1971695594489574	0.28721563353687285	10
SYT4	0	0.1629013307392597	0.2071304686028253	10
SYT5	0	0.07847603894770142	0.01800988508116043	10
SYT6	0	0.052503942698240234	0.26052307584883894	10
SYT7	0	0.4824233740568161	0.6462963038115556	10
SYT8	0	0.03735877610743041	0.001972111620820793	10
SYT9	0	0.05532700978219505	0.004048416083503447	10
SYTL1	0	0.07026443034410472	0.00786748934819162	10
SYTL2	0	0.05071072950959199	0.33082485917545756	10
SYTL3	0	0.0378777805715799	0.0008047374127914158	10
SYTL4	0	0.06866679005324836	0.0193105342041517	10
SYTL5	0	0.04958244040608399	0.010592076475407263	10
SYVN1	0	0.5157359808683395	0.17989661909635074	10
SZRD1	0	0.05028307810425756	0.05156591793408216	10
SZT2	0	0.44199941754341127	0.37815031412023026	10
T	0	0.04433927051722999	0.061050688338967304	10
TAAR1	0	0.04089885763823981	0.0051475274986826506	10
TAAR2	0	0.03251110855489965	0.2542177939506721	10
TAAR5	0	0.03292677253484722	0.04446675073322608	10
TAAR6	0	0.03334168884903186	0.01652659036002775	10
TAAR8	0	0.03675890937447543	0.011011754496482503	10
TAB1	0	0.07589131519198414	0.19328310979672905	10
TAB2	0	0.785430371761322	0.12191430048640692	10
TAB3	0	0.11635708957910533	0.983433905053596	10
TAC1	0	0.08075716868042941	1.0339666057505576e-05	10
TAC3	0	0.0447704121470451	6.874112306163116e-05	10
TAC4	0	0.03236610013991591	2.660591063959503e-05	10
TACC1	0	0.11934428028762337	0.22036198313687594	10
TACC2	0	0.15381833836436268	0.9680607902302748	10
TACC3	0	0.04388812929391857	0.39608526008476114	10
TACO1	0	0.03899874016642565	0.028905626118098982	10
TACR1	0	0.0504539385437965	0.1062351472669661	10
TACR2	0	0.03653984945267434	0.007046416523949185	10
TACR3	0	0.0438598997890949	0.0268003110774577	10
TACSTD2	0	0.033548373542726	0.44733366891074916	10
TADA1	0	0.04638894312083717	0.035789595067788005	10
TADA2A	0	0.05593701452016825	0.00783059294490203	10
TADA2B	0	0.17647735178470608	0.0950568743150905	10
TADA3	0	0.13353550955653187	0.12867136066679097	10
TAF1	0	0.8646500289440155	0.6468584316864859	10
TAF10	0	0.11710948050022123	0.3868560376572502	10
TAF11	0	0.07309552095830435	0.06512664639580609	10
TAF12	0	0.2235705569386482	0.0671017519540069	10
TAF13	0	0.06365045420825476	0.011102763226590704	10
TAF15	0	0.23378066495060917	0.8119026599240566	10
TAF1A	0	0.03575594685971732	0.0004780870574017782	10
TAF1B	0	0.05692100673913951	0.03258389034982995	10
TAF1C	0	0.05708164684474463	0.0019455558880866765	10
TAF1D	0	0.10664454698562617	0.14605730261874988	10
TAF1L	0	0.13271439522504802	0.496083801897132	10
TAF2	0	0.5495846137404442	0.4499681109184067	10
TAF3	0	0.6385788828134537	0.4539256449425606	10
TAF4	0	0.7986222743988037	0.7667144251509015	10
TAF4B	0	0.0762647900730371	0.34797677989507864	10
TAF5	0	0.5167776972055436	0.1646679547930089	10
TAF5L	0	0.5406555503606796	0.3885440794072186	10
TAF6	0	0.1255853287875652	0.8525480860652289	10
TAF6L	0	0.07607651166617867	0.2414962030190026	10
TAF7	0	0.3307530894875526	0.11868817563799923	10
TAF7L	0	0.16552544757723803	0.0034411051231608364	10
TAF8	0	0.03588280566036696	0.3479291669930649	10
TAF9	0	0.05880915559828277	0.01787189782801421	10
TAF9B	0	0.04369191415607923	0.09561625766199176	10
TAGAP	0	0.09367415457963939	0.09024869425966765	10
TAGLN	0	0.04873236306011673	0.22966817186125707	10
TAGLN2	0	0.060988029465079266	0.0538762628199554	10
TAGLN3	0	0.17578307092189785	0.005010777408063426	10
TAL1	0	0.08569481112062925	0.1521743100838874	10
TAL2	0	0.05393971316516396	7.715027055519859e-06	10
TALDO1	0	0.10282679274678226	0.0003772750911641165	10
TAMM41	0	0.0410311438143253	0.00017880690575069113	10
TANC1	0	0.25854135826230046	0.18125782284521966	10
TANC2	1	0.9138723823029226	0.6005861298164491	635
TANGO2	0	0.04834748469293113	0.11193148951268281	10
TANGO6	0	0.05947716198861595	0.27062645051263695	10
TANK	0	0.21135238930582995	0.0028448900166681214	10
TAOK1	1	0.900711944885552	0.9008296985343645	640
TAOK2	0	0.865765917301178	0.4319358080626593	10
TAOK3	0	0.735378447175026	0.7977493331611315	10
TAP1	0	0.04809767603874203	0.003104941003750459	10
TAP2	0	0.04908540025353428	0.01113794245391471	10
TAPBP	0	0.06719865724444385	0.014890263071183341	10
TAPBPL	0	0.04262602180242534	0.16955604938104307	10
TAPT1	0	0.1280702836811542	0.39110735520187156	10
TARBP1	0	0.0922125201672315	0.11918885910148702	10
TARBP2	0	0.1585028268396854	0.0013110978281175322	10
TARDBP	0	0.6978494107723237	0.7845092334645808	10
TARS	0	0.0569886483252048	0.4273467127111796	10
TARS2	0	0.07185402438044544	0.0055410254041923825	10
TARSL2	0	0.11332453712821	0.058362529868451515	10
TAS1R1	0	0.0382993452250957	0.05257375328788468	10
TAS1R2	0	0.04207347817718978	0.2179068663607539	10
TAS1R3	0	0.05088883452117439	0.1981962151906598	10
TAS2R1	0	0.06734855473041532	0.00012834581276350432	10
TAS2R10	0	0.06416513137519356	8.237184902576004e-06	10
TAS2R13	0	0.08087758757174011	2.1627562539576134e-06	10
TAS2R14	0	0.08829354196786877	0.00037694930597018453	10
TAS2R16	0	0.061702865734696355	8.008026467336674e-06	10
TAS2R19	0	0.0528389979153871	0.00015037379858749816	10
TAS2R20	0	0.06252523511648174	0.0007211651980922055	10
TAS2R3	0	0.034429191984236204	0.0033826251206103613	10
TAS2R30	0	0.08930848874151702	0.0003148701766435771	10
TAS2R31	0	0.0765416115522384	0.035769251739586685	10
TAS2R38	0	0.03195960167795414	2.647939185346426e-05	10
TAS2R39	0	0.03315525315701956	0.00017801024762828331	10
TAS2R4	0	0.03379917889833448	0.11260054473011824	10
TAS2R40	0	0.0348251953721046	0.000172841610074691	10
TAS2R41	0	0.03443845696747299	0.003379879462870937	10
TAS2R42	0	0.08194087222218507	0.0025788150228480944	10
TAS2R43	0	0.060448896139860084	5.546253509215142e-05	10
TAS2R46	0	0.07162101902067658	7.679622412777942e-05	10
TAS2R5	0	0.03222363516688341	1.1587081471888138e-06	10
TAS2R50	0	0.05495538823306556	5.989378027301356e-05	10
TAS2R60	0	0.05707657150924202	3.297610484796915e-05	10
TAS2R7	0	0.033556072600185824	3.298565969631235e-07	10
TAS2R8	0	0.07822236940264699	0.00023098134305208083	10
TAS2R9	0	0.06728552468121049	8.102096652202737e-06	10
TASP1	0	0.17249520272016522	0.025093473402252025	10
TAT	0	0.05484462566673751	0.1526522345055717	10
TATDN1	0	0.0552063543349504	0.00569983030854364	10
TATDN2	0	0.04153873771429055	0.04660487986702434	10
TATDN3	0	0.04164949841797347	0.0013181788743754416	10
TAX1BP1	0	0.22727675363421435	0.06190675174564666	10
TAX1BP3	0	0.04284653849899763	0.0004091553603424327	10
TAZ	0	0.14109735935926432	0.00018257341250696766	10
TBATA	0	0.03782671242952342	0.0018408766153685976	10
TBC1D1	0	0.07632214576005933	0.16025492506235361	10
TBC1D10A	0	0.06753911636769767	0.052150803151523914	10
TBC1D10B	0	0.5955487579107285	0.16407239167339646	10
TBC1D10C	0	0.04789223298430438	0.04762716644581232	10
TBC1D12	0	0.0637376811355352	0.3473737330141224	10
TBC1D13	0	0.05134406983852382	0.012618628966185642	10
TBC1D14	0	0.16544297821819778	0.18234577258293305	10
TBC1D15	0	0.2301275566220283	0.0011958370215792602	10
TBC1D16	0	0.054826545342802936	0.2677372579614445	10
TBC1D17	0	0.0793744929134845	0.0034729817374376365	10
TBC1D19	0	0.09399382174015039	0.00012361679665219712	10
TBC1D2	0	0.03662504963576786	0.004559788046890964	10
TBC1D20	0	0.15906836614012715	0.06923839397432294	10
TBC1D21	0	0.03947861418128009	0.0012049738767569479	10
TBC1D22A	0	0.06705255396664139	0.04172555331627074	10
TBC1D22B	0	0.17655890285968776	0.2883767527636604	10
TBC1D23	0	0.14743603020906443	0.047936844219052574	10
TBC1D24	0	0.09182880967855447	0.05461067424503656	10
TBC1D25	0	0.2846479594707489	0.2694884842273512	10
TBC1D26	0	0.03288484495133158	0.01060100459885282	10
TBC1D28	0	0.03379668947309249	0.07306543151409543	10
TBC1D29	0	0.03306778166443106	3.227103427149992e-05	10
TBC1D2B	0	0.048862951248884165	0.4660204497453592	10
TBC1D3	0	0.09007590562105175	0.0917565588727867	10
TBC1D31	0	0.0641337629407644	0.011424341188824898	10
TBC1D32	0	0.10317857265472408	0.10186977396791808	10
TBC1D3B	0	0.05757293924689287	0.26623593482174035	10
TBC1D3C	0	0.06087299026548858	0.3741573854105817	10
TBC1D3F	0	0.05470925830304617	0.04055603066069359	10
TBC1D3G	0	0.11683056056499477	0.04105113096416961	10
TBC1D4	0	0.05839755162596698	0.1886548892035706	10
TBC1D5	0	0.07136748433113096	0.09923324825697555	10
TBC1D7	0	0.042431128397583916	0.005130350596625941	10
TBC1D8	0	0.06607147566974159	0.6668010258153928	10
TBC1D8B	0	0.04385730400681491	0.24547523783602393	10
TBC1D9	0	0.3779332593083381	0.8464887471259235	10
TBC1D9B	0	0.12997541874647137	0.6971818600004235	10
TBCA	0	0.11986788958311076	0.06142382954493499	10
TBCB	0	0.10923852324485776	0.002559105740913334	10
TBCC	0	0.04572749920189376	0.5425728555664308	10
TBCCD1	0	0.046144957840442605	0.006899862433873194	10
TBCD	0	0.19070911556482312	0.38669937009457234	10
TBCE	0	0.04264212585985657	0.3340728975411832	10
TBCEL	0	0.4688175082206726	0.08714487113907902	10
TBCK	0	0.09075724035501474	0.14431900049883215	10
TBK1	0	0.2892776161432266	0.18263429442328755	10
TBKBP1	0	0.0837680738419294	0.0484186291929012	10
TBL1X	0	0.6141093105077744	0.9753094404093723	10
TBL1XR1	1	0.7722105688647545	0.938531012379308	618
TBL2	0	0.05193333663046357	0.14665873655978476	10
TBL3	0	0.051153031364083244	0.31096507980603316	10
TBP	0	0.12321099787950511	0.12864401273206066	10
TBPL1	0	0.11432168148458	0.105570280714895	10
TBPL2	0	0.04965886175632473	0.0002684752820678708	10
TBR1	1	0.792298851854207	0.4665607088615624	618
TBRG1	0	0.060624790191650346	0.04484448223436271	10
TBRG4	0	0.046823802590370125	0.0012903179268780917	10
TBX1	0	0.12165695056319233	0.7012124805135681	10
TBX10	0	0.04068900607526297	0.00870213832614444	10
TBX15	0	0.16601317897439	0.20963394540078184	10
TBX18	0	0.3136133134365081	0.38413721762961095	10
TBX19	0	0.04535956084728236	0.0033014424269953192	10
TBX2	0	0.23305996805429455	0.3325912719974964	10
TBX20	0	0.3984611243009567	0.01288769624700176	10
TBX21	0	0.354062907397747	0.11764131326970242	10
TBX22	0	0.1830671057105064	0.00818872741844338	10
TBX3	0	0.4492707967758179	0.9483565251973463	10
TBX4	0	0.15305128321051592	0.4304008940042391	10
TBX5	0	0.3407057404518127	0.4424416645609825	10
TBX6	0	0.06188297085463995	0.20374019150134165	10
TBXA2R	0	0.04069780148565763	0.005570063344689373	10
TBXAS1	0	0.03862978592514987	0.13206533082735356	10
TC2N	0	0.03545872233808035	0.03596586520614063	10
TCAIM	0	0.08687702603638167	0.02606511055342638	10
TCAP	0	0.04033435024321075	0.0011121292340989261	10
TCEA1	0	0.20834400355815888	0.0008654379878950943	10
TCEA2	0	0.11869006976485248	0.0008699481948474447	10
TCEA3	0	0.035744472593069045	0.004536369207145459	10
TCEAL1	0	0.10332762748003002	0.13981696453832362	10
TCEAL2	0	0.11998740136623379	0.0003100126628713104	10
TCEAL3	0	0.09128264114260669	0.0797652544589223	10
TCEAL4	0	0.1863201297819614	0.04092929538882355	10
TCEAL5	0	0.11836904808878893	0.0011645719244126156	10
TCEAL6	0	0.05555555708706376	0.004433167558626245	10
TCEAL7	0	0.1376755498349666	0.024901662370938053	10
TCEAL8	0	0.08083487451076503	0.01534795825772301	10
TCEANC	0	0.03102851826697583	0.00801258656086699	10
TCEANC2	0	0.03094595894217486	0.029989001462758354	10
TCEB1	0	0.27808324173092835	0.00023464994616743755	10
TCEB2	0	0.11191948540508742	0.11400762962900494	10
TCEB3	0	0.5623335272073746	0.5433344665282414	10
TCEB3B	0	0.07116756625473496	0.09412019140787223	10
TCERG1	0	0.9292240679264069	0.7029650567498873	10
TCERG1L	0	0.036717456579208316	0.6508795214159728	10
TCF12	0	0.3786412879824638	0.8317612669110298	10
TCF15	0	0.07957986555993553	0.4305577696707766	10
TCF19	0	0.05135456882417196	0.0007565030112911774	10
TCF20	1	0.8593812845406994	0.9244196878564634	620
TCF21	0	0.21121058911085125	0.06214564261192827	10
TCF23	0	0.03583435676991936	0.0003864096098797842	10
TCF25	0	0.3178785562515259	0.07694449716987677	10
TCF3	0	0.12005955055356024	0.7475708084053546	10
TCF4	1	0.8708794360456903	0.9822275344190896	612
TCF7	0	0.07828729711472983	0.007017911457297764	10
TCF7L1	0	0.09603144228458402	0.3596877983264505	10
TCF7L2	1	0.6807766491637647	0.9964904979913325	618
TCFL5	0	0.3134335860610008	0.1151949390107502	10
TCHH	0	0.03497054167091842	0.24707039157285476	10
TCHHL1	0	0.04272536449134345	0.2373770348257378	10
TCHP	0	0.03984938301146026	0.07257669491684553	10
TCIRG1	0	0.05130308829247947	0.011043082186270443	10
TCL1A	0	0.04495226889848703	0.004821597455737906	10
TCL1B	0	0.040110145322978456	0.0009011429771540473	10
TCN1	0	0.03478858508169646	0.009841330022568203	10
TCN2	0	0.03323567751795049	0.03773555008441756	10
TCOF1	0	0.28017048537731165	0.8487728939240762	10
TCP1	0	0.6366034567356109	0.22741057231190293	10
TCP10	0	0.03290584739297624	0.10522561075605227	10
TCP10L	0	0.042259538918733554	0.00040259931139232974	10
TCP10L2	0	0.03735094070434565	0.0012810905624892322	10
TCP11	0	0.03458604011684652	0.3186087577873883	10
TCP11L1	0	0.03867684844881291	0.00999409111078288	10
TCP11L2	0	0.03432691190391774	0.00705180447353958	10
TCTA	0	0.03605403490364547	0.0007516035726272744	10
TCTE1	0	0.04053020812571044	0.22719522247578813	10
TCTE3	0	0.03555383458733554	7.450787163163619e-07	10
TCTEX1D1	0	0.040712440386414486	0.0006457948787173303	10
TCTEX1D2	0	0.060556544736027694	0.0006474876053488112	10
TCTEX1D4	0	0.05425102375447745	0.007341053664582167	10
TCTN1	0	0.04728204533457752	0.06482764769049287	10
TCTN2	0	0.045610112696886015	0.0013387160234621695	10
TCTN3	0	0.060372861102223355	0.00011845141307139035	10
TDG	0	0.14944423958659167	0.006054992282673981	10
TDGF1	0	0.050624827668070735	0.00010039162891822442	10
TDO2	0	0.04046192467212672	5.381303067491447e-08	10
TDP1	0	0.044555813074111876	0.010990608770623531	10
TDP2	0	0.03979861438274379	0.0003170242649845665	10
TDRD1	0	0.5951623409986496	0.6329471376484617	10
TDRD10	0	0.03419429212808604	0.005255110323881854	10
TDRD3	0	0.09080156087875364	0.6322967648302302	10
TDRD5	0	0.1380427151918411	0.053242628698594155	10
TDRD6	0	0.04000203795731063	0.2429249844389462	10
TDRD7	0	0.1268633302301168	0.13679882865727822	10
TDRD9	0	0.13118118420243258	0.9031793989561869	10
TDRKH	0	0.06627615243196483	0.051524125936617884	10
TDRP	0	0.07074373848736283	0.24089356991051764	10
TEAD1	0	0.49595253318548205	0.7865962667183919	10
TEAD2	0	0.055364702269434886	0.12390760453928489	10
TEAD3	0	0.26677178889513015	0.634203223396429	10
TEAD4	0	0.05097751617431636	0.09895514745890263	10
TEC	0	0.06403316259384151	0.04987576157749401	10
TECPR1	0	0.1644082553684711	0.16174256824004515	10
TECPR2	0	0.2842295341193676	0.3041897231931564	10
TECR	0	0.12989216484129423	0.29754136955559257	10
TECRL	0	0.033514641970396	0.0798330949666124	10
TECTA	0	0.11447568014264102	0.6074720937608447	10
TECTB	0	0.03705831021070477	0.00972532605039083	10
TEDDM1	0	0.031694712676107836	7.045970171642624e-05	10
TEF	0	0.11999128386378281	0.08319719056691136	10
TEFM	0	0.04800889641046518	1.2535671345787985e-05	10
TEK	1	0.6122367751235381	0.30706309019799866	624
TEKT1	0	0.04536904059350485	0.03691603704600816	10
TEKT2	0	0.03706969954073424	0.4268709955108899	10
TEKT3	0	0.03472586609423155	0.020938603053567744	10
TEKT4	0	0.03667468391358847	0.30129330267910814	10
TEKT5	0	0.03284792378544803	0.3128180372367439	10
TELO2	0	0.057154334336519196	0.0034408440094990263	10
TENC1	0	0.14709459170699116	0.2487965958964918	10
TENM1	0	0.8500401020050049	0.9600522217979517	10
TENM2	0	0.8902717769145966	0.9962123076545915	10
TENM3	0	0.7889303863048553	0.9405979963695881	10
TENM4	0	0.7120036125183106	0.5588583113362731	10
TEP1	0	0.04411943517625326	0.08447907288316976	10
TEPP	0	0.03442924246191975	0.009729939091887841	10
TERF1	0	0.248913013190031	0.00244723931100036	10
TERF2	0	0.6393290936946869	0.014940149544509831	10
TERF2IP	0	0.17424942106008529	0.01432328363662563	10
TERT	0	0.6733668982982636	0.03128652534990105	10
TES	0	0.039730887115001626	0.01067857316021634	10
TESC	0	0.0447378028184175	0.02291431031984732	10
TESK1	0	0.48856385946273806	0.03753684543367702	10
TESK2	0	0.03699790127575394	0.07555069053451721	10
TESPA1	0	0.04375431723892683	0.12146454774601374	10
TET1	0	0.7869344353675842	0.9975438973245272	10
TET2	0	0.15775556936860083	0.9043274775453121	10
TET3	0	0.8480017781257629	0.9940606275212354	10
TEX10	0	0.6481144785881042	0.03858655340046242	10
TEX101	0	0.03302403911948199	0.0019121264724555602	10
TEX11	0	0.19861058890819544	0.5036202840631148	10
TEX12	0	0.03493056260049339	6.305258475064015e-06	10
TEX13A	0	0.04806197062134738	0.00045991635310294054	10
TEX13B	0	0.03322631809860461	0.09782632208341985	10
TEX14	0	0.04520667642354959	0.19835063970651495	10
TEX15	0	0.04742547236382956	0.4727177841875408	10
TEX19	0	0.05735027529299256	0.009960430568677034	10
TEX2	0	0.2042919628322124	0.8606428178898915	10
TEX22	0	0.06451709605753418	0.03123517027243534	10
TEX26	0	0.03286413159221406	6.565660311946686e-06	10
TEX261	0	0.04138254895806309	0.0016309886260221999	10
TEX264	0	0.05140821598470208	2.8017271101937966e-06	10
TEX29	0	0.03733604997396464	0.0019113366964578448	10
TEX30	0	0.03431042637675996	0.00013836056550428793	10
TEX33	0	0.033998434059321854	0.001156641614010062	10
TEX35	0	0.03316384349018331	0.004571886624242334	10
TEX37	0	0.04966295585036272	0.0024421099093036593	10
TEX40	0	0.0533426590263843	0.01785638386224406	10
TEX9	0	0.03605803176760668	8.183603365990103e-05	10
TF	0	0.06867885477840896	0.543162992035857	10
TFAM	0	0.08422811515629289	0.027139515013392977	10
TFAP2A	0	0.4472187340259552	0.6663471838536097	10
TFAP2B	0	0.5965064465999603	0.7151248433559021	10
TFAP2C	0	0.36898256093263626	0.06626107921693385	10
TFAP2D	0	0.38538490831851957	0.11230925925923615	10
TFAP2E	0	0.0620993688702583	0.029927441492105487	10
TFAP4	0	0.45593993067741395	0.5876449586974155	10
TFB1M	0	0.04019224047660822	0.10297277208153299	10
TFB2M	0	0.03989479616284366	0.00017385233129622028	10
TFCP2	0	0.20618877559900278	0.31556247091037004	10
TFCP2L1	0	0.5485141456127167	0.3887183333816874	10
TFDP1	0	0.6710315585136414	0.5290191209614087	10
TFDP2	0	0.5394645392894745	0.3065150526131125	10
TFDP3	0	0.06697975881397719	0.34448586008817444	10
TFE3	0	0.3972916454076767	0.14038557497791382	10
TFEB	0	0.11760142594575877	0.09000661422460518	10
TFEC	0	0.034914393164217426	0.03684399004934484	10
TFF1	0	0.0405698679387569	3.56929507894143e-05	10
TFF2	0	0.03301958031952377	3.894639926524979e-06	10
TFF3	0	0.03612485229969021	2.7987061615211104e-05	10
TFG	0	0.13330167606472967	0.2368330444879989	10
TFIP11	0	0.07016088813543314	0.22044091183839593	10
TFPI	0	0.05196352861821647	0.0025013628907749907	10
TFPI2	0	0.033325852081179566	0.0007834446500309216	10
TFPT	0	0.04297310933470721	0.2474581360958835	10
TFR2	0	0.04269812293350693	0.10750484428145757	10
TFRC	0	0.0881758544594049	0.09072844864001027	10
TG	0	0.04801160320639606	0.09343363401465075	10
TGDS	0	0.034352734312415076	0.0032511281703250087	10
TGFA	0	0.04774853996932503	0.001409486409183655	10
TGFB1	0	0.10236010327935215	0.05302412184589043	10
TGFB1I1	0	0.06858631782233712	0.07052264383675885	10
TGFB2	0	0.651860237121582	0.8145127391533442	10
TGFB3	0	0.5234924301505088	0.16463579222767338	10
TGFBI	0	0.04587312266230578	0.8320188090216682	10
TGFBR1	0	0.5250785171985626	0.594984039734433	10
TGFBR2	0	0.1347703360021114	0.08214494988537499	10
TGFBR3	0	0.07126384526491161	0.5939131506013893	10
TGFBRAP1	0	0.13555621281266209	0.16995809956424474	10
TGIF1	0	0.0762473128736019	0.22535586144898495	10
TGIF2	0	0.06546336151659485	0.032395585309493005	10
TGIF2-C20orf24	0	0.08066047057509419	0.15045391886961793	10
TGIF2LX	0	0.053752557188272446	0.48545120438040373	10
TGIF2LY	0	0.13658497631549832	0.15076363498428128	10
TGM1	0	0.04071764685213561	0.7260940775634455	10
TGM2	0	0.05267115235328671	0.2237822927878712	10
TGM3	0	0.04202553741633888	0.5993412012993505	10
TGM4	0	0.03345993757247922	0.05821504673110878	10
TGM5	0	0.03488826211541886	0.03477767543812256	10
TGM6	0	0.03615596629679199	0.11493970694018452	10
TGM7	0	0.036024775356054264	0.049783841733784265	10
TGOLN2	0	0.11910237297415731	0.07551238526140534	10
TGS1	0	0.06440744400024409	0.10940703875754454	10
TH	0	0.054037857428193045	0.00665889419965842	10
THADA	0	0.054750739783048584	0.00893415169636069	10
THAP1	0	0.17694346904754635	0.00029581657222114207	10
THAP10	0	0.03108962588012215	0.0026867460989404854	10
THAP11	0	0.33074175417423246	0.023662873094142767	10
THAP2	0	0.04641432203352445	0.1433141530167842	10
THAP3	0	0.03296255320310587	0.0008289184813717277	10
THAP4	0	0.14144299030303953	0.013375850390039265	10
THAP5	0	0.04437689185142514	0.0060194701183333196	10
THAP6	0	0.033587954752147146	0.004605224236901021	10
THAP7	0	0.07660362273454661	0.001537207190301693	10
THAP8	0	0.03345052916556592	0.0296022127046484	10
THAP9	0	0.03536271229386325	0.01281495567603683	10
THBD	0	0.051109721511602334	0.5105622142665286	10
THBS1	0	0.5251659095287323	0.26611251967774446	10
THBS2	0	0.15137814432382582	0.8454482112889854	10
THBS3	0	0.0685657817870378	0.44804171636593015	10
THBS4	0	0.053172254189848854	0.6031518603472807	10
THEG	0	0.03512585498392579	0.5276334931064006	10
THEM4	0	0.03525499254465098	0.012825035984890359	10
THEM5	0	0.03347350992262359	0.011749644500978047	10
THEM6	0	0.061031886562704994	0.002456249802723659	10
THEMIS	0	0.04319899119436736	0.008857902759591285	10
THEMIS2	0	0.0332640035077929	0.08123978210955472	10
THG1L	0	0.03613858297467227	0.12581105620962146	10
THNSL1	0	0.03197214547544714	0.0031691761676343605	10
THNSL2	0	0.03591594025492663	0.11127980446338288	10
THOC1	0	0.7114818334579468	0.02062314271694898	10
THOC2	0	0.9119634091854095	0.6153125866333962	10
THOC5	0	0.08330391645431515	0.026952995323300734	10
THOC6	0	0.05970314592123027	0.0961880283606831	10
THOC7	0	0.09597474485635753	7.11782542987222e-05	10
THOP1	0	0.07183930762112137	0.2967484522280138	10
THPO	0	0.04549606963992114	0.00010753005752280422	10
THRA	0	0.6862170398235321	0.8790081254229147	10
THRAP3	0	0.7674384772777557	0.8119585752255727	10
THRB	0	0.7523138284683227	0.6039555861580628	10
THRSP	0	0.03583975806832308	0.00016296869840524137	10
THSD1	0	0.05006467550992962	0.011689432208305192	10
THSD4	0	0.06671191118657585	0.625393539434598	10
THSD7A	0	0.6703370600938797	0.7506644403296531	10
THSD7B	0	0.11202895082533355	0.27835360913359497	10
THTPA	0	0.03805259764194484	0.020944241577990737	10
THUMPD1	0	0.05435931161046022	0.41423917314396624	10
THUMPD2	0	0.04815485030412669	0.00018443865394070306	10
THUMPD3	0	0.03857058174908156	0.2735682325172413	10
THY1	0	0.12781035453081127	0.032741879890505275	10
THYN1	0	0.07070065215229984	0.0025092849664090076	10
TIA1	0	0.36243948340415955	0.2649594769729592	10
TIAL1	0	0.699178671836853	0.800933601314099	10
TIAM1	0	0.5726746588945388	0.9780974812383091	10
TIAM2	0	0.16750940755009647	0.6230228068031283	10
TICAM1	0	0.07438292093574997	0.1493434986771541	10
TICAM2	0	0.03337661083787674	0.01227468002206036	10
TICRR	0	0.0645867612212896	0.26556904274848847	10
TIE1	0	0.09903130680322644	0.3183120169597656	10
TIFA	0	0.032755208015441836	0.06620183483086035	10
TIFAB	0	0.035406559333205176	0.0013449857802543927	10
TIGD2	0	0.03611802011728283	0.01652396309272187	10
TIGD3	0	0.03945855498313898	0.08228707664770055	10
TIGD4	0	0.034502679668366856	0.05979103437531451	10
TIGD5	0	0.06289709359407422	0.00658700677715226	10
TIGD6	0	0.03126359041780229	0.04504176416240848	10
TIGD7	0	0.03518355526030058	0.06347450968376642	10
TIGIT	0	0.03269306719303128	0.027039106677727347	10
TIMD4	0	0.03444330468773835	0.026182908490575606	10
TIMELESS	0	0.05675367303192611	0.3780608423275741	10
TIMM10	0	0.053574214503169015	0.0248970764405752	10
TIMM10B	0	0.07829739600419994	0.014517263997781688	10
TIMM13	0	0.06680524833500381	0.0015600194851355994	10
TIMM17A	0	0.05676393732428546	0.007143549549866143	10
TIMM17B	0	0.05608621202409263	0.21335713688122251	10
TIMM21	0	0.03151472024619576	0.013672983864205651	10
TIMM22	0	0.04480857364833351	0.022776112917260487	10
TIMM23	0	0.06976650282740587	0.0003992939385940323	10
TIMM44	0	0.06720010265707967	0.714739601868643	10
TIMM50	0	0.05913335606455798	0.003935591126266118	10
TIMM8A	0	0.049443984404206234	7.67779395156163e-05	10
TIMM8B	0	0.08837141357362269	0.0003872341221494742	10
TIMM9	0	0.04513658247888084	0.017956124968618495	10
TIMMDC1	0	0.05110867507755752	0.0010334895607342427	10
TIMP1	0	0.05072467513382432	0.04595357836078524	10
TIMP2	0	0.40473100244998933	0.14824878542266615	10
TIMP3	0	0.249914513528347	0.0244710009358552	10
TIMP4	0	0.058151106536388344	1.8309988959905827e-05	10
TINAG	0	0.03388477563858027	8.989430209021241e-05	10
TINAGL1	0	0.05690810084342953	0.007220583427563765	10
TINF2	0	0.06620946601033206	0.00253042817175144	10
TIPARP	0	0.6578553020954132	0.2554587772747243	10
TIPIN	0	0.034894283488392804	0.0021556134958491376	10
TIPRL	0	0.44126262664794924	0.004569135967644208	10
TIRAP	0	0.04389709644019598	0.00014912787454367244	10
TJAP1	0	0.04288283176720139	0.4613022491410856	10
TJP1	0	0.8743176937103272	0.9754827326255822	10
TJP2	0	0.06566746421158308	0.7532527498312115	10
TJP3	0	0.040060805901884974	0.14168916048949626	10
TK1	0	0.04382957145571703	0.00017663146070794834	10
TK2	0	0.044869175553321775	0.007855862490919	10
TKT	0	0.25001323148608207	0.18815585131132817	10
TKTL1	0	0.35874560922384263	0.4790545377574153	10
TKTL2	0	0.032886203192174404	0.6335333414708779	10
TLCD1	0	0.034833513200283016	0.0072600848117022445	10
TLDC1	0	0.06346928514540191	0.01585637373024276	10
TLDC2	0	0.04644755274057384	0.003302694621244802	10
TLE1	0	0.7728130221366882	0.43636812520685975	10
TLE2	0	0.11540577150881286	0.03509378036987408	10
TLE3	0	0.8668980062007904	0.9567143221950403	10
TLE4	0	0.8924648761749268	0.9172217423230155	10
TLE6	0	0.044656910747289606	0.03873078335423338	10
TLK1	0	0.8385910451412201	0.9037110999746908	10
TLK2	1	0.877911549759662	0.4123116107484875	635
TLL1	0	0.15019310340285297	0.210344228384036	10
TLL2	0	0.040885609015822375	0.36820300432656905	10
TLN1	0	0.7896227419376374	0.668773216052135	10
TLN2	0	0.6367365747690201	0.734757807338636	10
TLR1	0	0.03583242818713183	0.011330780731403527	10
TLR10	0	0.03338683191686863	0.00413859393605531	10
TLR2	0	0.0477348525077104	0.012361677588797127	10
TLR3	0	0.0423863291740417	0.03942214802156154	10
TLR4	0	0.04421851076185699	0.36941240609997844	10
TLR5	0	0.0383777622133493	0.01609380605317502	10
TLR6	0	0.03441282100975509	0.06266256568868024	10
TLR7	0	0.48864040374755857	0.06335520452033638	10
TLR8	0	0.08443439118564124	0.21890213614426127	10
TLR9	0	0.15883511975407597	0.24309970256803176	10
TLX1	0	0.07695286981761452	0.19571255325116876	10
TLX1NB	0	0.09923310093581672	0.005337183953728605	10
TLX2	0	0.0503620151430368	0.024558737259378315	10
TLX3	0	0.05893259756267066	0.637730774843209	10
TM2D1	0	0.11411530226469038	0.00029404028954156805	10
TM2D2	0	0.03637654259800906	0.0006115537246870557	10
TM2D3	0	0.10270038992166515	7.605085993047473e-06	10
TM4SF1	0	0.0372242663055658	0.0005892554326822239	10
TM4SF18	0	0.033171340450644446	8.031211810330952e-05	10
TM4SF19	0	0.04098536334931846	1.8636825504357566e-06	10
TM4SF20	0	0.03308267183601852	0.006322663348321389	10
TM4SF4	0	0.034553367644548375	0.027284387417769347	10
TM4SF5	0	0.03590127229690547	0.027119361947045333	10
TM6SF1	0	0.03948966264724726	0.0025146236504822476	10
TM6SF2	0	0.03387573454529044	0.053834363298736046	10
TM7SF2	0	0.08736619427800173	0.0038254920125569873	10
TM7SF3	0	0.04436422623693938	0.006847826887639283	10
TM9SF1	0	0.0836347825825214	0.24818919372082796	10
TM9SF2	0	0.849349194765091	0.14313807141185883	10
TM9SF3	0	0.7614132285118103	0.8051644848722758	10
TM9SF4	1	0.6584265093310192	0.3682922961880251	626
TMA16	0	0.03436837382614608	7.681287849475865e-05	10
TMA7	0	0.1301302708685398	0.0003510754587746629	10
TMBIM1	0	0.039014644175767846	0.00025867021888619494	10
TMBIM4	0	0.05427460819482801	0.001808755697075079	10
TMBIM6	0	0.22193446606397624	0.0042870183734967674	10
TMC1	0	0.051041418313980055	0.16883749447383992	10
TMC2	0	0.046985131502151466	0.09819069087867043	10
TMC3	0	0.043674007803201645	0.03159176917879884	10
TMC4	0	0.03662305511534208	0.04066126098842857	10
TMC5	0	0.045117947086691826	0.011219213860482769	10
TMC6	0	0.04179151058197017	0.00370168132516229	10
TMC7	0	0.03440926838666196	0.061801592432859584	10
TMC8	0	0.03547333385795351	0.0005388209360948338	10
TMCC1	0	0.7498149454593659	0.9312029847161677	10
TMCC2	0	0.16025790199637407	0.2628536242658047	10
TMCC3	0	0.0377396341413259	0.08197824376314881	10
TMCO1	0	0.1251731306314468	0.019888767379199618	10
TMCO2	0	0.037369138002395594	1.9190443129763295e-06	10
TMCO3	0	0.05694528408348555	0.1475393865882481	10
TMCO4	0	0.03509594257920976	0.0399541252125317	10
TMCO5A	0	0.03421217463910576	0.0486467019497475	10
TMCO6	0	0.04221672154963012	0.06524175730122621	10
TMED1	0	0.03906856216490264	0.05038869184563445	10
TMED10	0	0.36260704398155214	0.2963345455788749	10
TMED2	0	0.3609329268336296	0.6648218098737652	10
TMED3	0	0.038066376000642735	0.06222872550667641	10
TMED4	0	0.09821260944008824	0.0015384725142564275	10
TMED5	0	0.03905524536967273	0.0477242751853574	10
TMED6	0	0.0345373028889298	0.0004998568523376155	10
TMED7	0	0.058964787423610644	0.09619762274601087	10
TMED7-TICAM2	0	0.03410060964524741	0.012056477337885818	10
TMED8	0	0.05167341716587539	0.05412934646160496	10
TMED9	0	0.0945951305329799	0.00045668102437854054	10
TMEFF1	0	0.06800318881869313	0.07988506600445047	10
TMEFF2	0	0.07214352563023561	0.013817391069082799	10
TMEM100	0	0.04497148469090456	0.0002756832329352173	10
TMEM101	0	0.04060330204665657	0.002792723713832923	10
TMEM102	0	0.0424975764006376	0.5859377323829651	10
TMEM104	0	0.03482631295919414	0.0006924170953632893	10
TMEM105	0	0.03564722612500185	0.00022324125777536266	10
TMEM106A	0	0.03156467415392394	0.0005244501620341295	10
TMEM106B	0	0.10960013531148431	0.36321838091672587	10
TMEM106C	0	0.06804466396570201	0.0002971857593761709	10
TMEM107	0	0.045659337565302785	0.10736412031883535	10
TMEM108	0	0.555739264190197	0.16345714839414452	10
TMEM109	0	0.04634108729660507	0.001428144170619059	10
TMEM11	0	0.1318838685750961	0.08502028153093506	10
TMEM110	0	0.04561756066977973	0.037712730266949254	10
TMEM110-MUSTN1	0	0.03696544971317047	0.058719021396403115	10
TMEM115	0	0.1663027212023735	0.0158316626084976	10
TMEM116	0	0.03466667532920832	0.0006782720516934294	10
TMEM117	0	0.047153288125991746	0.4452972941187996	10
TMEM119	0	0.04199890494346613	0.0004344993110714858	10
TMEM120B	0	0.06434317827224727	0.11272627032299647	10
TMEM121	0	0.1686074428260326	0.07266504057486864	10
TMEM123	0	0.05183333307504649	0.3193008513176734	10
TMEM125	0	0.032494658417999686	3.634109440249051e-05	10
TMEM126A	0	0.04475609883666034	0.0010673376569208918	10
TMEM126B	0	0.04688287414610381	2.2192059068967955e-05	10
TMEM127	0	0.04583228416740888	0.00690368864007807	10
TMEM128	0	0.03516496047377582	3.155449616834436e-05	10
TMEM129	0	0.0707419734448194	0.00496607575089706	10
TMEM130	0	0.05068425685167307	0.004066142656827074	10
TMEM131	0	0.5018550649285316	0.6828922115680414	10
TMEM132A	0	0.17506669834256167	0.03954221772445281	10
TMEM132B	0	0.5496530920267105	0.779436742860347	10
TMEM132C	0	0.12133433073759074	0.8607176688236917	10
TMEM132D	0	0.4197647631168365	0.41846786288815974	10
TMEM132E	0	0.05816563889384265	0.5795098804823621	10
TMEM133	0	0.054291243478655785	0.6775928070886048	10
TMEM134	0	0.09013659730553622	0.00046096782171932676	10
TMEM135	0	0.25262295231223103	0.5303544869334249	10
TMEM136	0	0.03463914282619948	0.013402213757545082	10
TMEM138	0	0.03606144636869425	0.006966509674066104	10
TMEM139	0	0.03331992700695987	0.14535689707598967	10
TMEM140	0	0.03411982916295524	6.185785502725673e-07	10
TMEM141	0	0.04845948144793506	0.18990279177372899	10
TMEM143	0	0.03544809315353628	0.10768209959728056	10
TMEM144	0	0.03644229993224139	0.18680116988769774	10
TMEM145	0	0.10309122428297993	0.004076592469079049	10
TMEM147	0	0.0861428707838058	0.28102533992548445	10
TMEM14A	0	0.10142863839864727	0.003647759492470392	10
TMEM14B	0	0.08236159570515152	0.0043060876198745685	10
TMEM14C	0	0.0715398341417312	3.56702658936358e-05	10
TMEM14E	0	0.06212556324899192	1.7821259040401942e-07	10
TMEM150A	0	0.04047229327261443	0.03562632137843821	10
TMEM150B	0	0.03449916038662191	0.00014989662795866155	10
TMEM150C	0	0.07739235572516913	0.010002855969608131	10
TMEM151A	0	0.09491581842303275	0.014319235177737314	10
TMEM151B	0	0.16108451113104816	0.19317703967056615	10
TMEM154	0	0.032794278487563076	0.10409808281963624	10
TMEM156	0	0.03283581770956512	2.23420933167058e-05	10
TMEM158	0	0.17133271247148513	0.0925076298122794	10
TMEM159	0	0.04602769911289211	0.13472713745494433	10
TMEM160	0	0.16660091057419774	0.12718810613039958	10
TMEM161A	0	0.05289542749524114	0.00033448834599305487	10
TMEM161B	0	0.08229828551411625	0.03396099432009772	10
TMEM163	0	0.09221425391733643	0.0815193588912735	10
TMEM164	0	0.29532848745584483	0.4584058386080215	10
TMEM165	0	0.13995089605450628	0.004216453533203631	10
TMEM167A	0	0.08104030191898343	0.17808044493001968	10
TMEM167B	0	0.06074863635003562	0.0018082591985629538	10
TMEM168	0	0.07864575311541552	0.3498753748441886	10
TMEM169	0	0.036443911120295505	0.04930962519051337	10
TMEM17	0	0.04391833990812297	5.463853308944484e-06	10
TMEM170A	0	0.04070438034832473	0.02538784773325157	10
TMEM170B	0	0.09687388092279431	0.15940093267602615	10
TMEM171	0	0.043822507932782126	0.005786733282625656	10
TMEM173	0	0.0427249569445848	0.0031893328517332725	10
TMEM174	0	0.03403708357363935	5.615145662493963e-05	10
TMEM175	0	0.05961947403848167	0.08894255594760109	10
TMEM176A	0	0.03899767436087127	0.002063777266500273	10
TMEM176B	0	0.04652988463640209	0.00014161131732646638	10
TMEM177	0	0.0339159525930881	0.18281689828267603	10
TMEM178A	0	0.10045728422701357	7.436982048100355e-05	10
TMEM179	0	0.04793620444834227	0.024412301671216354	10
TMEM179B	0	0.04033983908593649	0.0355611705332814	10
TMEM18	0	0.05290321633219715	0.00924161820519634	10
TMEM180	0	0.061582022532820656	0.013125560699970696	10
TMEM181	0	0.07938069254159924	0.09121679616625157	10
TMEM182	0	0.03590356484055514	0.00043010049841661136	10
TMEM183A	0	0.27060444876551626	0.002619469759094472	10
TMEM184A	0	0.033800781704485375	0.0014258025665502755	10
TMEM184B	0	0.15305956751108166	0.00048489671568969627	10
TMEM184C	0	0.2437723010778427	0.008741609079522306	10
TMEM185A	0	0.0820489972829818	0.20035420465184287	10
TMEM185B	0	0.3632796540856361	0.013654167640986842	10
TMEM186	0	0.030465822294354378	0.0030213654664438764	10
TMEM187	0	0.03330841213464733	0.00031775643521422163	10
TMEM189	0	0.08139353692531583	0.1024529003893618	10
TMEM189-UBE2V1	0	0.057443978264927795	0.3846246076364186	10
TMEM19	0	0.03961627259850496	0.00782494877897039	10
TMEM190	0	0.03337882775813336	0.006573768064940595	10
TMEM192	0	0.04659278132021423	0.19481505422203654	10
TMEM194A	0	0.12806416302919382	0.01279095587741797	10
TMEM196	0	0.0387201383709907	0.04405328085658704	10
TMEM198	0	0.04103249683976168	0.1316711111592286	10
TMEM199	0	0.034911578334867896	0.00013721129860190968	10
TMEM2	0	0.08951789885759351	0.7857571421544282	10
TMEM200A	0	0.08623755499720569	0.14828710531904407	10
TMEM200B	0	0.05614025406539434	0.08186585034252551	10
TMEM201	0	0.22883865982294077	0.017804375177354954	10
TMEM202	0	0.03200643118470902	1.7650832993585858e-07	10
TMEM203	0	0.12047598436474796	0.0023196656359061223	10
TMEM204	0	0.07476516254246231	8.24886682649538e-05	10
TMEM205	0	0.07824889905750745	0.00025341560229257817	10
TMEM206	0	0.048354247584938954	0.048606481871772536	10
TMEM207	0	0.03184429798275229	0.04308426574939385	10
TMEM208	0	0.058848671987652736	0.1086935205778724	10
TMEM209	0	0.04427593871951097	0.0082989996762562	10
TMEM210	0	0.06130261979997152	0.00774631369065853	10
TMEM211	0	0.03289460930973287	0.0003937699127281133	10
TMEM213	0	0.038709126785397494	0.007110474520759196	10
TMEM214	0	0.04150539021939035	0.02436710192213836	10
TMEM215	0	0.03634425252676006	0.051374691252536374	10
TMEM216	0	0.03987865112721916	9.229745408837315e-05	10
TMEM217	0	0.03169580437242979	0.00294402574987272	10
TMEM218	0	0.03463609479367728	0.004074316662527604	10
TMEM219	0	0.05910424552857872	0.0019329503271127188	10
TMEM220	0	0.0324191909283399	0.007134376164977976	10
TMEM222	0	0.05071035474538799	0.07511553598375967	10
TMEM223	0	0.03833841793239113	0.00016418374467264655	10
TMEM225	0	0.031822842173278285	2.5678359205200405e-05	10
TMEM229B	0	0.051926723495125705	0.021451411288445542	10
TMEM230	0	0.07285572141408916	0.01933656289378697	10
TMEM231	0	0.04717031493782991	0.016537442526427113	10
TMEM234	0	0.032178414799272956	3.724162418993926e-05	10
TMEM237	0	0.04205801859498018	0.21456578127250375	10
TMEM239	0	0.07140496708452698	0.08549223253277315	10
TMEM241	0	0.03338416814804071	0.0009728273165595491	10
TMEM242	0	0.04366294331848617	0.0035355859100873743	10
TMEM243	0	0.05066378042101856	6.562577465191348e-05	10
TMEM244	0	0.03248899597674603	0.018173850742440815	10
TMEM245	0	0.15206103026866907	0.02052968112572634	10
TMEM246	0	0.04146854393184181	0.00761885511946173	10
TMEM248	0	0.10181961543858047	0.1323692854193599	10
TMEM249	0	0.05845252238214012	0.0348886990237592	10
TMEM25	0	0.05248111560940738	0.055524231889047246	10
TMEM251	0	0.037723743356764275	0.00015279873760784267	10
TMEM252	0	0.03303720727562898	0.0004175142115175355	10
TMEM254	0	0.05010088682174679	0.03620675911390945	10
TMEM255A	0	0.04960544444620605	0.29291513354562826	10
TMEM255B	0	0.0530681867152452	0.0048227976767550905	10
TMEM256	0	0.07846695557236666	0.007777669728371436	10
TMEM256-PLSCR3	0	0.06224085278809066	0.23018938654249038	10
TMEM258	0	0.0945903271436691	0.00023560938263577713	10
TMEM259	0	0.6270094066858292	0.27857236874946156	10
TMEM26	0	0.04271072223782536	0.22027552888642457	10
TMEM260	0	0.10086514875292774	0.11013031078201019	10
TMEM261	0	0.07808332629501816	0.001460109013840495	10
TMEM27	0	0.035187718831002676	0.0004758021531433566	10
TMEM30A	0	0.1781593151390552	0.05831445147293311	10
TMEM30B	0	0.04781144261360164	0.09508233260702266	10
TMEM31	0	0.03218466416001316	0.16849297379800102	10
TMEM33	0	0.05119579881429668	0.21351461469023736	10
TMEM35	0	0.11426305696368214	0.019627012740501146	10
TMEM37	0	0.03270186781883236	0.12698112877093598	10
TMEM38A	0	0.04720469005405898	0.00020670099774668945	10
TMEM38B	0	0.0396116934716701	0.00821035729859789	10
TMEM39A	0	0.2744585536420345	0.272982527584243	10
TMEM39B	0	0.06366347372531886	0.05974500299728319	10
TMEM40	0	0.03202093504369253	0.036759358090154085	10
TMEM41A	0	0.03401554543524975	0.06135889750371495	10
TMEM41B	0	0.07061889581382272	0.022513861908342654	10
TMEM42	0	0.037337759509682614	0.0006955881403577264	10
TMEM43	0	0.06354079395532604	0.02727200493680489	10
TMEM44	0	0.05179097652435301	0.0003319699732215665	10
TMEM45A	0	0.03452882766723629	0.0015052944382008568	10
TMEM45B	0	0.03244819156825536	0.00016376988443967847	10
TMEM47	0	0.08058807067573066	0.13411380942235177	10
TMEM5	0	0.04184181094169611	0.0002560951406342781	10
TMEM50A	0	0.0993036955595016	0.03607979340099991	10
TMEM50B	0	0.07897382676601407	0.00014906826704390427	10
TMEM51	0	0.039995818212628306	0.009046321842841404	10
TMEM52	0	0.032822704501450015	0.3285327836459858	10
TMEM52B	0	0.05051431767642493	0.0009677218401827828	10
TMEM53	0	0.03341224379837508	0.007905803434530026	10
TMEM54	0	0.036108949594199614	0.0011866930038956216	10
TMEM55A	0	0.04761874526739116	0.00016049010122059888	10
TMEM55B	0	0.22773357667028898	0.16476194954137852	10
TMEM56	0	0.04301367439329619	0.1417333573392539	10
TMEM57	0	0.802388048171997	0.859714214067304	10
TMEM59	0	0.16784898713231083	0.0381948036641881	10
TMEM59L	0	0.13824747540056703	0.10844245358931526	10
TMEM60	0	0.04523097500205035	0.0005272749451479155	10
TMEM61	0	0.035234360396861994	0.015264561054477554	10
TMEM62	0	0.04506705701351163	0.09277701968376775	10
TMEM63A	0	0.03819916136562819	0.1898018990837887	10
TMEM63B	0	0.9084719598293305	0.2249947149720002	10
TMEM63C	0	0.12026766054332252	0.17324423628028895	10
TMEM64	0	0.05315108411014076	0.03249197626269758	10
TMEM65	0	0.05373978875577447	0.3434340458297447	10
TMEM66	0	0.1687735095620155	0.03970752010497489	10
TMEM67	0	0.10103773362934584	0.00035593714996545115	10
TMEM68	0	0.04320509545505042	0.02559432686132478	10
TMEM69	0	0.03286528363823886	0.00010723512384590663	10
TMEM70	0	0.046616905927658034	4.979482531175328e-05	10
TMEM71	0	0.045503626763820595	9.594086319586484e-05	10
TMEM72	0	0.08098947294056412	0.010230772349997301	10
TMEM74	0	0.03258633129298682	0.05180636362805665	10
TMEM74B	0	0.03506763130426402	0.15085662051048557	10
TMEM79	0	0.03768931552767749	0.027632961754664804	10
TMEM80	0	0.05502474941313262	0.008302778133320199	10
TMEM81	0	0.03204207960516209	1.5941168163573546e-05	10
TMEM82	0	0.03538972660899157	0.0037369119518634807	10
TMEM86A	0	0.03163035530596967	0.010728597072139488	10
TMEM86B	0	0.0332416975870728	0.009962645824557529	10
TMEM87A	0	0.3830259546637535	0.18715817672055404	10
TMEM87B	0	0.049150051549076965	0.060876735963473094	10
TMEM88	0	0.036127597279846616	0.0010158667961762443	10
TMEM89	0	0.057180149480700423	3.080811686776273e-05	10
TMEM8A	0	0.04153875485062595	0.20552237530386588	10
TMEM8B	0	0.038414448499679524	0.5651983745098322	10
TMEM8C	0	0.03442444391548628	0.3682602299166315	10
TMEM9	0	0.06192452795803542	0.00480591426489694	10
TMEM91	0	0.0402570385485887	0.003316393541367633	10
TMEM92	0	0.03385644666850561	0.0026960482032193206	10
TMEM95	0	0.03423070311546321	1.9241103511681832e-05	10
TMEM97	0	0.04610251672565934	0.1304009749432898	10
TMEM98	0	0.04926151446998115	0.0030887414574944	10
TMEM99	0	0.0610751379281282	0.01416228770199775	10
TMEM9B	0	0.07421049177646633	0.0033260939374811457	10
TMF1	0	0.22047982141375538	0.23517654554959871	10
TMIE	0	0.037533501908183046	0.01964638140655306	10
TMIGD1	0	0.0333688616752624	0.0006005469111328377	10
TMIGD2	0	0.033308227173984004	0.027890928427813672	10
TMLHE	0	0.03649330846965309	0.04234835510980959	10
TMOD1	0	0.08983630947768687	0.4450775168671736	10
TMOD2	0	0.2470369696617126	0.13429828068557342	10
TMOD3	0	0.059436044096946694	0.169312476228553	10
TMOD4	0	0.0355888988822698	0.16125245914546119	10
TMPO	0	0.07517523579299445	0.23560996792594008	10
TMPPE	0	0.03693218976259227	0.035043836560745535	10
TMPRSS11A	0	0.03265147078782315	0.27278496375805705	10
TMPRSS11B	0	0.03298701699823137	0.014418662531366321	10
TMPRSS11BNL	0	0.04747190438210958	0.00012465142923195617	10
TMPRSS11D	0	0.03796039186418053	0.004404721355971088	10
TMPRSS11E	0	0.03366049788892264	0.0005849691404180281	10
TMPRSS11F	0	0.035306603461503924	0.003304073999269984	10
TMPRSS12	0	0.031878870166838144	3.7182277200264427e-06	10
TMPRSS13	0	0.0336118226870894	0.00472137037583754	10
TMPRSS15	0	0.03738628588616843	0.35002148769177055	10
TMPRSS2	0	0.037825833633542014	0.01668333848424758	10
TMPRSS3	0	0.03887100517749783	0.022237707385030354	10
TMPRSS4	0	0.03346160128712648	0.16161948938496368	10
TMPRSS5	0	0.04939263537526124	0.0005691322476708325	10
TMPRSS6	0	0.05741794556379313	0.08200498608090417	10
TMPRSS7	0	0.03491245657205576	0.019464180357273687	10
TMPRSS9	0	0.03931214436888691	0.09748501422666722	10
TMSB10	0	0.15009513124823565	0.007290180839390767	10
TMSB15A	0	0.09377173483371731	7.631209566056774e-06	10
TMSB15B	0	0.049248840659856755	0.00023214312191851232	20
TMSB4X	0	0.21571317464113235	0.00018951961877084438	10
TMSB4Y	0	0.06186531595885751	0.0001390593076311439	10
TMTC1	0	0.061412016674876155	0.20650122832590928	10
TMTC2	0	0.09035476520657534	0.5704286238185052	10
TMTC3	0	0.10093220733106131	0.10034278955289308	10
TMTC4	0	0.08977736160159107	0.009081852389285609	10
TMUB1	0	0.042368947342038096	0.0005505796295691963	10
TMUB2	0	0.04664907157421107	0.0006125192670935383	10
TMX1	0	0.049183387309312765	0.046663202163282194	10
TMX2	0	0.09027633704245087	0.00011812515001008057	10
TMX3	0	0.07685128077864642	0.04396156615241844	10
TMX4	0	0.0759632337838411	0.17792294835841158	10
TNC	0	0.1254822093993425	0.8419590538452544	10
TNF	0	0.21184047386050225	0.00037073679206793526	10
TNFAIP1	0	0.05902671255171295	0.0261675554832339	10
TNFAIP2	0	0.052755859121680196	0.1421274980124587	10
TNFAIP3	0	0.4520688414573669	0.10782122263698171	10
TNFAIP6	0	0.0387214474380016	0.004921593891102481	10
TNFAIP8	0	0.03735702633857722	0.055271643174544846	10
TNFAIP8L1	0	0.07665817402303214	0.003991697859608855	10
TNFAIP8L2	0	0.035684462264180136	0.0001192328218571014	10
TNFAIP8L3	0	0.03374923933297391	7.561672039652277e-05	10
TNFRSF10A	0	0.03953662998974318	0.0012329756670375245	10
TNFRSF10B	0	0.03842174075543876	0.11997424396738413	10
TNFRSF10C	0	0.03383893556892866	0.01629897540045349	10
TNFRSF10D	0	0.03831002041697497	0.03178229517125618	10
TNFRSF11A	0	0.0539552930742502	0.4628516904779742	10
TNFRSF11B	0	0.04489792585372919	0.0024649104031283023	10
TNFRSF12A	0	0.04724113792181011	0.16994361374348857	10
TNFRSF13B	0	0.0352095171809196	0.004152303502471188	10
TNFRSF13C	0	0.038825042918324434	0.000942650392917376	10
TNFRSF14	0	0.09383538030087943	0.002213539580516127	10
TNFRSF17	0	0.03721546754240986	4.94207711122041e-05	10
TNFRSF18	0	0.04143649153411384	0.04677226725512779	10
TNFRSF19	0	0.04412372857332225	0.01107247857969712	10
TNFRSF1A	0	0.37878455370664593	0.04582239674301468	10
TNFRSF1B	0	0.09500184729695316	0.0045720174482873095	10
TNFRSF21	0	0.09655647873878474	0.09976667432495227	10
TNFRSF25	0	0.07050436921417708	0.035932358513539896	10
TNFRSF4	0	0.04409125633537764	0.6037845102349186	10
TNFRSF6B	0	0.04094964340329166	0.03578449954447063	10
TNFRSF8	0	0.08163908384740348	0.07712232464805216	10
TNFRSF9	0	0.033667292445898014	0.06742917203948348	10
TNFSF10	0	0.04714254513382908	0.0013460190052715826	10
TNFSF11	0	0.04541942253708834	0.11189381504638067	10
TNFSF12	0	0.08039475418627258	0.005389998630663731	10
TNFSF12-TNFSF13	0	0.056145829707384055	0.04566488234842133	10
TNFSF13	0	0.08229482099413868	0.161031069336516	10
TNFSF13B	0	0.23414417430758477	0.0006982478347398305	10
TNFSF14	0	0.03428177125751967	0.09176796247908055	10
TNFSF15	0	0.03816013447940346	0.00423642575967022	10
TNFSF18	0	0.03546112719923254	0.002290284382430761	10
TNFSF4	0	0.04592062495648856	0.0044992281897484245	10
TNFSF8	0	0.11457999311387534	0.0027224002782745924	10
TNFSF9	0	0.03760535791516299	0.12891825483922792	10
TNIK	0	0.9262632250785827	0.9760125364319819	10
TNIP1	0	0.07230113968253131	0.21849839604289972	10
TNIP2	0	0.04943758212029929	0.001235501528470764	10
TNIP3	0	0.03895881585776801	0.001372172206715963	10
TNK1	0	0.0452571272850036	0.006966859688844772	10
TNK2	0	0.15308811590075488	0.31999616499674066	10
TNKS	0	0.7186804473400116	0.9644366556865771	10
TNKS1BP1	0	0.07711390592157837	0.31589772357401025	10
TNKS2	0	0.671837455034256	0.2756754813046379	10
TNMD	0	0.03329818174242969	0.016224406748768988	10
TNN	0	0.04444179721176621	0.36436789601120273	10
TNNC1	0	0.2345564484596252	0.3872913051861416	10
TNNC2	0	0.03449959289282557	0.21313013526158855	10
TNNI1	0	0.038142485916614476	0.04257196971075581	10
TNNI2	0	0.038675828278064664	0.00019342268565706154	10
TNNI3	0	0.04769247286021705	0.029731173867600443	10
TNNI3K	0	0.041189726442098576	4.839535209343528e-05	10
TNNT1	0	0.03962366729974741	0.03620130476044913	10
TNNT2	0	0.06416419036686417	0.0026801094657136863	10
TNNT3	0	0.03627915270626541	0.008673247008459702	10
TNP1	0	0.04405069723725314	2.0181642244233316e-05	10
TNP2	0	0.03336913529783482	0.04087019888572975	10
TNPO1	0	0.8993331074714661	0.7220083114510809	10
TNPO2	0	0.8940621674060821	0.9224012808040868	10
TNPO3	0	0.47321329116821287	0.5742802878296313	10
TNR	0	0.42528953552246096	0.7750334303221544	10
TNRC18	0	0.7690199494361878	0.9612905009658549	10
TNRC6A	0	0.9128952503204346	0.9893607244955163	10
TNRC6B	0	0.8811022877693176	0.996853558370739	10
TNRC6C	0	0.8823002398014068	0.9917577183387252	10
TNS1	0	0.10891222171485418	0.904888305742432	10
TNS3	0	0.31291867345571517	0.4176964978309675	10
TNS4	0	0.03668298125267026	0.03046175765298484	10
TNXB	0	0.07537268586456772	0.8188666126288483	10
TOB1	0	0.4068200722336769	0.9285147742123462	10
TOB2	0	0.20832020342350002	0.7997822287016281	10
TOE1	0	0.0411280076950788	0.025526252764016828	10
TOLLIP	0	0.07992865853011605	0.07065959962788002	10
TOM1	0	0.047667405381798714	0.018853682277050324	10
TOM1L1	0	0.04053681343793865	0.001311262084673855	10
TOM1L2	0	0.221778816729784	0.009645968277465557	10
TOMM20	0	0.17654599547386166	0.013813598170825284	10
TOMM20L	0	0.03495440967380995	0.0086157030863075	10
TOMM22	0	0.06925547271966931	0.003966059540483309	10
TOMM34	0	0.045675178244709916	0.029125402578630073	10
TOMM40	0	0.4724225640296936	0.3852638124544625	10
TOMM40L	0	0.05001289881765838	0.06861753342094461	10
TOMM5	0	0.04378102608025071	2.6144403097190064e-06	10
TOMM7	0	0.11213748380541796	3.945291364004428e-06	10
TOMM70A	0	0.6553826361894608	0.17658387511795473	10
TONSL	0	0.04526936374604697	0.12875666837566535	10
TOP1	0	0.8388584911823272	0.7043719560178208	10
TOP1MT	0	0.03692652005702251	0.37551666426669755	10
TOP2A	0	0.6267939865589142	0.9394471098970429	10
TOP2B	0	0.8628101646900177	0.5842590272381534	10
TOP3A	0	0.06322352476418015	0.32317046301095786	10
TOP3B	0	0.0839610811322927	0.3572886611450166	10
TOPBP1	0	0.4799837231636047	0.9039022262622265	10
TOPORS	0	0.7471542239189148	0.6359541143367874	10
TOR1A	0	0.05421198867261405	0.00254061065556995	10
TOR1AIP1	0	0.04537650607526298	0.12559568461625195	10
TOR1AIP2	0	0.06409716606140133	0.12642618017922508	10
TOR1B	0	0.035116706416010814	0.047503883077038844	10
TOR2A	0	0.03518981561064716	0.06405889268489011	10
TOR3A	0	0.03918651863932604	0.022278833905446046	10
TOR4A	0	0.08388276621699328	0.13917781886933084	10
TOX	0	0.5789262413978576	0.12360886617801226	10
TOX2	0	0.04827115572988981	0.4711400556740347	10
TOX3	0	0.5149127602577209	0.6924704041263035	10
TOX4	0	0.5400097012519837	0.1354936312714468	10
TP53	0	0.07374565936625	0.04304425642459125	10
TP53AIP1	0	0.03778668269515034	0.00013448288128185113	10
TP53BP1	0	0.8679883360862732	0.8614270772011038	10
TP53BP2	0	0.29567071199417116	0.7000531435172639	10
TP53I11	0	0.07224277853965753	0.03438760286537526	10
TP53I13	0	0.03992834948003287	0.00031992763528320686	10
TP53I3	0	0.041157827153801875	0.004566656795780317	10
TP53INP1	0	0.037046657130122125	0.17505050167142372	10
TP53INP2	0	0.09549871534109111	0.047011167463579105	10
TP53RK	0	0.045691007375717116	0.0450905173284507	10
TP53TG3D	0	0.04961313009262079	0.0001108899649806554	10
TP53TG5	0	0.03538266327232117	0.33795937495485584	10
TP63	0	0.6001593738794326	0.6428521893534416	10
TP73	0	0.5403256952762604	0.4215430357167148	10
TPBG	0	0.04483687728643411	0.028767441228650707	10
TPCN1	0	0.2651157215237617	0.8385428872243545	10
TPCN2	0	0.0391339931637048	0.23891888632181818	10
TPD52	0	0.056393592432141246	0.054642671814628174	10
TPD52L1	0	0.03746801111847156	0.021008698795216604	10
TPD52L2	0	0.059230088815092986	0.07809732581361145	10
TPD52L3	0	0.03354539163410661	2.4944218216039502e-06	10
TPGS1	0	0.12773870080709454	0.3549234588976949	10
TPGS2	0	0.06493538245558732	0.0039730347579310064	10
TPH1	0	0.04409560374915594	0.15807943740912123	10
TPH2	0	0.05221627354621884	0.014178320952216338	10
TPI1	0	0.14082891643047327	8.982932510931903e-05	10
TPK1	0	0.04437324665486807	0.002570801320431408	10
TPM1	0	0.19934898391366002	0.03700062571575137	10
TPM2	0	0.09103146940469738	0.0012693811213555651	10
TPM3	0	0.296144887804985	0.00519711194416924	10
TPM4	0	0.14621041715145106	0.00752944152373235	10
TPMT	0	0.03774480931460853	0.005760688074545668	10
TPO	0	0.03732562810182567	0.13522178836932422	10
TPP1	0	0.06421981938183303	0.0918583257974315	10
TPP2	0	0.8606732904911041	0.5973422226937278	10
TPPP	0	0.07024075984954829	0.10323978066120117	10
TPPP2	0	0.03188249431550498	0.6555179554106825	10
TPPP3	0	0.04340581260621542	0.00906106409039136	10
TPR	0	0.8466681957244873	0.6419391352595957	10
TPRA1	0	0.03399289455264802	0.0072759407158679455	10
TPRG1	0	0.03147365711629386	0.14581983042060206	10
TPRG1L	0	0.05259601250290867	0.024512256045611865	10
TPRKB	0	0.0455768901854753	1.9413839248337035e-06	10
TPRN	0	0.07171238921582694	0.21976961189748184	10
TPRX1	0	0.03888608664274211	0.12105829227307781	10
TPRX2P	0	0.05977343432605262	0.00021721713947043023	10
TPSAB1	0	0.0361428245902061	0.0007891258300199821	10
TPSB2	0	0.05671973675489421	0.0005933381350422574	10
TPSD1	0	0.03373983111232513	0.07484751686087983	10
TPSG1	0	0.0348305623978376	0.0009484959301701276	10
TPST1	0	0.0892878990620374	0.000392667166537041	10
TPST2	0	0.0529142595827579	0.01524968737770722	10
TPT1	0	0.25843029916286464	0.09579115619674247	10
TPTE	0	0.03373573701828714	0.37714826630864245	10
TPTE2	0	0.03370863180607554	0.0047584610960648656	10
TPX2	0	0.36090137958526614	0.4664968239103369	10
TRA2A	0	0.22862586677074428	0.9104313889596997	10
TRA2B	0	0.6004873931407928	0.2255361091470785	10
TRABD	0	0.08075918443500991	0.0118798120533873	10
TRABD2A	0	0.03340498246252531	0.1380451143009098	10
TRABD2B	0	0.2741043597459793	0.014142323768239479	10
TRADD	0	0.059478189796209266	0.038566391762362366	10
TRAF1	0	0.04494247846305366	0.005831740870058491	10
TRAF2	0	0.5222273916006088	0.04868337630272127	10
TRAF3	0	0.7425696074962616	0.13762503702072482	10
TRAF3IP1	0	0.07047903090715404	0.3971135677163768	10
TRAF3IP2	0	0.048184643685817666	0.0020920763306940702	10
TRAF3IP3	0	0.03681350909173483	0.00016109132450826944	10
TRAF4	0	0.48545524179935456	0.0038797213928884735	10
TRAF5	0	0.04012365154922003	0.08200448175520647	10
TRAF6	0	0.6695645153522491	0.07785622225774692	10
TRAF7	1	0.39672361954267354	0.51416253834403	631
TRAFD1	0	0.03494482636451717	0.022691833903197588	10
TRAIP	0	0.04445893205702301	0.15300268991172822	10
TRAK1	0	0.13048065900802608	0.6762319964109822	10
TRAK2	0	0.056799223646521534	0.40041795904819305	10
TRAM1	0	0.29122533202171325	0.35296746096461573	10
TRAM1L1	0	0.03500431515276427	0.013561431582792619	10
TRAM2	0	0.1995580747723579	0.16814457208531045	10
TRANK1	0	0.17757285386323923	0.7108907249532318	10
TRAP1	0	0.05695126354694363	0.13412309678522277	10
TRAPPC1	0	0.07946953065693375	0.0004975247782102737	10
TRAPPC10	0	0.6382446318864823	0.37937754308675636	10
TRAPPC11	0	0.23004760742187497	0.17614699536077566	10
TRAPPC12	0	0.0600350853055715	0.6259927591372308	10
TRAPPC13	0	0.07229974903166289	0.0033003337089013594	10
TRAPPC2	0	0.09295373931527134	0.0005381145905849968	10
TRAPPC2L	0	0.054402623698115306	0.12313916651104255	10
TRAPPC2P1	0	0.06440045908093449	0.06521180298515968	10
TRAPPC3	0	0.05805702917277809	0.05289472717685777	10
TRAPPC4	0	0.07368602901697155	0.00015355581083951675	10
TRAPPC5	0	0.07515356503427026	0.01056798602486855	10
TRAPPC6A	0	0.03898204453289504	0.011301271530241627	10
TRAPPC6B	0	0.060161839053034724	0.15002713907667692	10
TRAPPC8	0	0.6365959733724594	0.5201599238376787	10
TRAPPC9	0	0.09615849480032918	0.07914461766702008	10
TRAT1	0	0.03437939099967474	0.004313199189653142	10
TRDMT1	0	0.03693832904100412	0.5616564150605227	10
TRDN	0	0.0517839606851339	0.6683460297409527	10
TREH	0	0.05297363065183158	0.05097414830907193	10
TREM1	0	0.03080844040960068	0.0011380046173343162	10
TREM2	0	0.04056212715804574	3.370101409298948e-05	10
TREML1	0	0.04381740465760226	0.032049331913643266	10
TREML2	0	0.03319565225392575	0.0920488822108547	10
TREML4	0	0.03593450188636775	0.00021566746825746712	10
TRERF1	0	0.6134140342473984	0.9773562327250552	10
TREX1	0	0.04701788462698455	0.24604296358802086	10
TREX2	0	0.05102313868701454	0.10307241394331987	10
TRH	0	0.03957256861031052	0.12563913870601087	10
TRHDE	0	0.23773948252201077	0.63317481797206	10
TRHR	0	0.042182840593159174	0.005075274857050644	10
TRIAP1	0	0.046110279858112294	5.1743507923050023e-05	10
TRIB1	0	0.11925726830959316	0.008693610374295979	10
TRIB2	0	0.529525688290596	0.28019459064575236	10
TRIB3	0	0.04123772308230396	0.002196901262610961	10
TRIM10	0	0.04025643654167646	0.04062710239777523	10
TRIM11	0	0.16464580893516537	0.003551416840829941	10
TRIM13	0	0.4094268575310707	0.21936610502743967	10
TRIM14	0	0.04869030602276319	0.0024079686081580664	10
TRIM15	0	0.03855412974953646	0.0050147225064679	10
TRIM16	0	0.04713658019900318	0.006306808207519032	10
TRIM16L	0	0.03309793546795838	0.003205756890178192	10
TRIM17	0	0.04385144226253028	0.02325846300571129	10
TRIM2	0	0.9330742537975312	0.7691148488638355	10
TRIM21	0	0.05352123044431204	1.1744962528674058e-05	10
TRIM22	0	0.04620511271059509	0.0008251068286284152	10
TRIM23	1	0.2189205597075566	0.09838194824179095	623
TRIM24	0	0.8393210709095001	0.7299137403717725	10
TRIM25	0	0.05577559173107144	0.4647623435194331	10
TRIM26	0	0.25358206480741496	0.01280385433375163	10
TRIM27	0	0.6081214487552643	0.001137391531983743	10
TRIM28	0	0.9175502598285675	0.6431809017432398	10
TRIM29	0	0.041919598728418286	0.1174611875924878	10
TRIM3	0	0.7752856254577637	0.6198603756162614	10
TRIM31	0	0.05231147892773148	0.059099424012669	10
TRIM32	0	0.09235049635171885	0.08491662940781969	10
TRIM33	0	0.9250264346599579	0.898728712508985	10
TRIM34	0	0.03254755456000561	2.5802798030128207e-05	10
TRIM35	0	0.03601529635488981	0.01610265489461795	10
TRIM36	0	0.08578404076397414	0.07729824000209813	10
TRIM37	0	0.29071433693170545	0.2884866359012569	10
TRIM38	0	0.04304949678480621	0.13435632684660898	10
TRIM39	0	0.5837400406599045	0.09726842025815761	10
TRIM39-RPP21	0	0.16844089031219478	0.0248201295828668	10
TRIM4	0	0.03513140361756083	0.012160858991686927	10
TRIM40	0	0.04023215807974333	7.988559991090169e-05	10
TRIM41	0	0.19909707978367802	0.0914735713037005	10
TRIM42	0	0.03998743519186969	0.10464527519068198	10
TRIM43	0	0.046137828007340405	2.1665539757915443e-05	10
TRIM44	0	0.13905281499028202	0.38872583585531784	10
TRIM45	0	0.036241231672465755	0.02928107506180815	10
TRIM46	0	0.7270414441823959	0.01823289506890739	10
TRIM47	0	0.05585171058773989	0.02163757818024275	10
TRIM48	0	0.03528554849326605	7.421058437919591e-05	10
TRIM49	0	0.038865331560373265	4.941088910470793e-07	10
TRIM49B	0	0.037843146175146045	3.3422615792227844e-05	10
TRIM49C	0	0.056385168060660316	1.5342431926604844e-06	10
TRIM5	0	0.03448154926300045	0.00031822774843322097	10
TRIM50	0	0.03280614968389267	0.005194973444863469	10
TRIM51	0	0.056303059309720925	1.9169714578087287e-05	10
TRIM52	0	0.050309885293245274	0.01076256153228825	10
TRIM54	0	0.0462395161390304	0.026452430482126567	10
TRIM55	0	0.043116453289985604	0.03826544107129855	10
TRIM56	0	0.06126809604465957	0.17782824326691776	10
TRIM58	0	0.0385769452899694	0.010361310239850801	10
TRIM59	0	0.034236005321145006	0.0017853456743063601	10
TRIM6	0	0.04425388611853116	0.02103100573635167	10
TRIM6-TRIM34	0	0.03614229857921595	0.003083277876419396	10
TRIM60	0	0.05737528614699835	1.1739017940860258e-05	10
TRIM61	0	0.041060138121247244	2.5767384431209867e-05	10
TRIM62	0	0.04608529992401597	0.019383851783613883	10
TRIM63	0	0.03673807419836517	0.0008746832098887267	10
TRIM64C	0	0.051772485673427536	0.00034950917399209804	10
TRIM65	0	0.051854196190834013	0.0039858062105555285	10
TRIM67	0	0.28898956030607226	0.5135969308232542	10
TRIM68	0	0.038558427616953814	7.80742801631081e-05	10
TRIM69	0	0.03366646058857436	9.15982732041745e-05	10
TRIM7	0	0.04478152468800542	0.0016654912455115925	10
TRIM71	0	0.6707955598831177	0.9973354265518033	10
TRIM72	0	0.06220259107649323	0.01034346116086424	10
TRIM74	0	0.04504478834569449	0.005592197634594689	10
TRIM8	0	0.7540925323963166	0.4709296117773186	10
TRIM9	0	0.8989940047264099	0.47278895693451417	10
TRIML1	0	0.03565189279615875	0.00022396170489405974	10
TRIML2	0	0.031782933138310876	7.063700580232926e-06	10
TRIO	1	0.9366163320096743	0.9485989785964745	622
TRIOBP	0	0.12205612659454342	0.28179631725722676	10
TRIP10	0	0.054032489657402004	0.4639028455670731	10
TRIP11	0	0.24803396910428996	0.11883915544592205	10
TRIP12	1	0.9031404466317564	0.937729094388654	643
TRIP13	0	0.43314732909202575	0.0004544871858490061	10
TRIP4	0	0.07429322525858875	0.18016132336616528	10
TRIP6	0	0.04982816502451891	0.045430899583543176	10
TRIT1	0	0.04453224949538702	0.05844922928225317	10
TRMT1	0	0.06718391403555866	0.07891895911568172	10
TRMT10A	0	0.03136007934808726	0.12939453672435175	10
TRMT10B	0	0.03416328374296422	4.2138300074590896e-05	10
TRMT10C	0	0.08665801286697383	0.007218513400491677	10
TRMT11	0	0.057081478834152176	0.00015358087735396243	10
TRMT112	0	0.09700659215450283	0.0009229455461906011	10
TRMT12	0	0.037957477197051	0.005899737342942439	10
TRMT13	0	0.08778106495738026	0.23285697719578408	10
TRMT1L	0	0.5444465667009354	0.3097242606195404	10
TRMT2A	0	0.046871594339609114	0.18872676075595987	10
TRMT2B	0	0.03776598833501334	0.004455619034445582	10
TRMT44	0	0.03889828696846957	0.0066567045702124504	10
TRMT5	0	0.04003176093101496	0.1258783495553852	10
TRMT6	0	0.05766934826970096	0.6004254835768722	10
TRMT61A	0	0.04314654581248756	0.05223843628355115	10
TRMT61B	0	0.03692239876836534	0.000851423345020685	10
TRMU	0	0.03537943661212917	0.08658210830022928	10
TRNAU1AP	0	0.07974403053522103	0.010026496935595135	10
TRNT1	0	0.05580733492970462	0.060889806810771864	10
TRO	0	0.037697430700063664	0.3919723727552931	10
TROAP	0	0.04491409361362453	0.07090480656763173	10
TROVE2	0	0.25770189315080644	0.34405040485433275	10
TRPA1	0	0.06022156402468678	0.11885972436391938	10
TRPC1	0	0.36719212830066683	0.3650429359718953	10
TRPC3	0	0.11526040658354755	0.2743988322533949	10
TRPC4	0	0.3967780888080597	0.62075308389767	10
TRPC4AP	0	0.410183322429657	0.26989498782068483	10
TRPC5	0	0.7106298595666886	0.8169700613795303	10
TRPC6	0	0.16409425288438792	0.10657080581975684	10
TRPC7	0	0.09083019271492955	0.38516854684724616	10
TRPM1	0	0.04618407823145384	0.3992285546774701	10
TRPM2	0	0.04884807504713532	0.06276136177587513	10
TRPM3	0	0.6235169529914856	0.9873442156591932	10
TRPM4	0	0.04856087565422052	0.23525207954806088	10
TRPM5	0	0.04469609074294561	0.05243016394727714	10
TRPM6	0	0.162818394601345	0.2353889729444066	10
TRPM7	0	0.41467533707618714	0.7758548571401251	10
TRPM8	0	0.06468209177255627	0.02184867359268808	10
TRPS1	0	0.7989448606967926	0.9578572569396719	10
TRPT1	0	0.03905183039605613	0.009209911120099404	10
TRPV1	0	0.056942238286137536	0.006910228666678964	10
TRPV2	0	0.05804650709033006	0.017459975917049543	10
TRPV3	0	0.040645934641361195	0.4608923502168684	10
TRPV4	0	0.10664462000131603	0.20190254065808294	10
TRPV5	0	0.053398633003234816	0.05051547295991384	10
TRPV6	0	0.04525902494788164	0.1072135436384389	10
TRRAP	0	0.90458043217659	0.9674911846380521	10
TRUB1	0	0.03267059549689287	0.01557293109337477	10
TRUB2	0	0.038291414082050265	0.015353957883409857	10
TSACC	0	0.05244454406201834	0.0001084342815095705	10
TSC1	1	0.9106577546885295	0.9186281960159441	644
TSC2	1	0.7138423658673119	0.922858494777085	636
TSC22D1	0	0.8191385090351104	0.8957228587554187	10
TSC22D2	0	0.26804149150848383	0.9059960645707565	10
TSC22D3	0	0.0904884677380323	0.17531277023442252	10
TSC22D4	0	0.2602962017059326	0.055366752652990334	10
TSEN15	0	0.04166635349392886	0.015673767799092797	10
TSEN2	0	0.05290651395916936	0.0017642954298677886	10
TSEN34	0	0.058017432689666706	0.006847232273172762	10
TSEN54	0	0.04501812346279616	0.000853046487167187	10
TSFM	0	0.036627983674406964	0.00035498857310179886	10
TSG101	0	0.2586922854185104	0.011805673229571715	10
TSGA10	0	0.07728524468839165	0.037659263421202155	10
TSGA13	0	0.03312732167541975	0.007470161691872224	10
TSHB	0	0.03588217832148071	0.0016436299642919288	10
TSHR	0	0.0613793063908815	0.15414835284676365	10
TSHZ1	0	0.6738863527774811	0.90726748499481	10
TSHZ2	0	0.35547387748956677	0.9895282783729982	10
TSHZ3	1	0.7691234935266085	0.9846899206269024	624
TSKS	0	0.1186745189130306	0.40578679800451106	10
TSKU	0	0.09709683842957015	0.0017813400165714248	10
TSLP	0	0.03632153570652003	0.0010449840578432938	10
TSN	0	0.31183077394962305	0.05167828836193052	10
TSNARE1	0	0.03485930524766442	0.030203419726348386	10
TSNAX	0	0.10117042586207385	0.00258664217351423	10
TSNAX-DISC1	0	0.17816589251160617	0.00094851266073655	10
TSNAXIP1	0	0.03600297719240183	0.24048329580577926	10
TSPAN1	0	0.03513948544859881	0.015080381615001276	10
TSPAN10	0	0.050131321698427156	0.00039755325797945424	10
TSPAN11	0	0.033040077053010417	0.01195978880252841	10
TSPAN12	0	0.060740181431174246	0.00024609571293699166	10
TSPAN13	0	0.1044454880058765	0.014814671059973129	10
TSPAN14	0	0.45887134224176407	0.02112857814269469	10
TSPAN15	0	0.04077172800898546	0.010167253390816419	10
TSPAN16	0	0.03299615904688831	0.026842421627543966	10
TSPAN17	0	0.0368469083681702	0.0014097346224053915	10
TSPAN18	0	0.09101190194487568	0.11447551723656471	10
TSPAN19	0	0.03321359753608699	0.0018142945809055413	10
TSPAN2	0	0.04659271501004691	0.05010266228163007	10
TSPAN3	0	0.1768721833825111	0.24824494689821908	10
TSPAN31	0	0.05227692164480683	0.055120666809930566	10
TSPAN32	0	0.03449784778058525	9.700967130724413e-05	10
TSPAN33	0	0.041709004342555964	0.02333881299945955	10
TSPAN4	0	0.04656991176307196	0.0160703907361015	10
TSPAN5	0	0.4977191358804703	0.05777207034468847	10
TSPAN6	0	0.04971844851970669	0.01337218647434974	10
TSPAN7	0	0.40153750479221345	0.021060346274673278	10
TSPAN8	0	0.03464243765920396	0.00018452263868287368	10
TSPAN9	0	0.06719093248248097	0.03845829495445317	10
TSPEAR	0	0.04352745041251179	0.23254335467600634	10
TSPO	0	0.08249758854508396	0.051456319894341615	10
TSPO2	0	0.034209169074892944	0.002053395962094704	10
TSPYL1	0	0.14389785006642336	0.08907284571225169	10
TSPYL2	0	0.2840639099478721	0.6226244641018616	10
TSPYL4	0	0.09501403719186778	0.13225587368301076	10
TSPYL5	0	0.08913140669465063	0.04811703883579318	10
TSPYL6	0	0.06659167930483814	0.1294635149563256	10
TSR1	0	0.04938829839229581	0.15623122399331935	10
TSR2	0	0.1781426079571247	0.08136338439700354	10
TSR3	0	0.05945265032351012	0.01585853443923716	10
TSSC1	0	0.06905421167612072	0.02324030816819176	10
TSSC4	0	0.04273063428699966	0.02330842528217138	10
TSSK1B	0	0.03511690832674498	0.12429698055628609	10
TSSK2	0	0.0359915034845471	0.4762600486822318	10
TSSK3	0	0.03650245480239387	0.07833868773173217	10
TSSK4	0	0.03447280451655383	0.0010887301645348326	10
TSSK6	0	0.07162783257663245	0.33245929532184915	10
TST	0	0.03695196807384485	0.0001732093240439639	10
TSTA3	0	0.05524344742298123	0.22761309792352963	10
TSTD2	0	0.035895122215151745	0.46010167421695203	10
TTBK1	0	0.5746842622756958	0.6846579041775775	10
TTBK2	0	0.7386606454849243	0.660794809258611	10
TTC1	0	0.08820973038673395	4.792538204754071e-07	10
TTC12	0	0.04151935577392572	0.2255884278055952	10
TTC13	0	0.131372158229351	0.41699704860081815	10
TTC14	0	0.13741390667855735	0.27411433349265263	10
TTC16	0	0.03635614886879916	0.24417138516273984	10
TTC17	0	0.7511011004447937	0.610217048389193	10
TTC18	0	0.09792067669332023	0.26572469790813286	10
TTC19	0	0.1595250397920608	0.01529329908964592	10
TTC21A	0	0.038649844005703884	0.23031194171705108	10
TTC21B	0	0.06647427976131434	0.15859738935017112	10
TTC22	0	0.06547421813011164	0.00933945571764755	10
TTC23	0	0.03667731881141658	0.05527589990366148	10
TTC23L	0	0.03494196310639376	0.04228529982557247	10
TTC24	0	0.04141571633517739	0.0004641455700341207	10
TTC26	0	0.05334419347345824	0.0440298293216901	10
TTC27	0	0.0411959625780582	0.021868210347875557	10
TTC29	0	0.04005558192729944	0.0005251437420055802	10
TTC3	0	0.32617558836936944	0.5794550286978574	10
TTC30A	0	0.037769602611660916	0.11649580875572388	10
TTC30B	0	0.03582222107797857	0.0224715423989711	10
TTC31	0	0.03751215077936645	0.017886985961927025	10
TTC32	0	0.03529590554535384	0.014424956527743654	10
TTC33	0	0.035372814908623665	0.02383224223837529	10
TTC36	0	0.03742159307003018	0.002490329091799573	10
TTC37	0	0.1647957637906074	0.09682656598898429	10
TTC38	0	0.033465799316763835	0.03853953167071984	10
TTC39A	0	0.09864346459507937	0.10432902469322063	10
TTC39B	0	0.03562732674181458	0.12033499743334808	10
TTC39C	0	0.06946841254830352	0.14242429934202522	10
TTC4	0	0.03327799793332809	0.0025972531726584213	10
TTC40	0	0.13711736723780626	0.4899066009378911	10
TTC5	0	0.055478560552000955	0.4168368460309221	10
TTC6	0	0.06347742117941375	0.03848241257431156	10
TTC7A	0	0.05140028819441791	0.11222885946862762	10
TTC7B	0	0.7217587172985077	0.07450115461714746	10
TTC8	0	0.05246552564203734	0.00036878833692180994	10
TTC9	0	0.053065199032425826	0.06685002399034058	10
TTC9B	0	0.17054981142282483	0.06544363209255508	10
TTC9C	0	0.03607320673763747	0.0008252076024126825	10
TTF1	0	0.07005409300327296	0.055771070564094694	10
TTF2	0	0.04093751907348627	0.2404791066599805	10
TTI1	0	0.04436954278498883	0.033911612772357866	10
TTI2	0	0.032674391753971535	0.00107309037589899	10
TTK	0	0.05997216887772078	0.16439784874834065	10
TTL	0	0.1495255000889301	0.414035444458482	10
TTLL1	0	0.050270840525627095	0.1349304266552739	10
TTLL10	0	0.04056212268769736	0.24400580397803912	10
TTLL11	0	0.08174835219979282	0.1181762192820118	10
TTLL12	0	0.04519114382565019	0.2207407351646516	10
TTLL13	0	0.05230837166309351	0.3472195572928651	10
TTLL2	0	0.03587441295385357	0.09747656539759363	10
TTLL3	0	0.038191351294517464	0.2927991947178652	10
TTLL4	0	0.052063846960663754	0.6241880980017083	10
TTLL5	0	0.06223836876451964	0.8823405638341457	10
TTLL6	0	0.0366135243326425	0.02936112662780102	10
TTLL7	0	0.6801430463790894	0.3719367061483613	10
TTLL8	0	0.08329788595438	0.78623005506319	10
TTLL9	0	0.0353105159476399	0.18160463098595042	10
TTN	0	0.14906527847051618	0.564692877566033	10
TTPA	0	0.04220940656960006	0.00041681894726861924	10
TTPAL	0	0.03285868465900417	0.08109816440164472	10
TTR	0	0.0453311640769243	3.834051634955142e-07	10
TTYH1	0	0.4208420753479004	0.09136421697914467	10
TTYH2	0	0.05540765784680838	0.036196633513931965	10
TTYH3	0	0.5631248027086257	0.00411282791434336	10
TUB	0	0.08761307671666142	0.049176079474899846	10
TUBA1A	0	0.642834198474884	0.21656044478213882	10
TUBA1B	0	0.49979560971260073	0.1633784303238461	10
TUBA1C	0	0.08126742094755167	0.37327401855546605	10
TUBA3C	0	0.042515331879258114	0.47228423631468985	10
TUBA3D	0	0.0361022070050239	0.34128693440453944	10
TUBA3E	0	0.036319293081760365	0.4268599876464476	10
TUBA4A	0	0.16619348973035808	0.2898588622553429	10
TUBA8	0	0.03939306065440173	0.2489719849017679	10
TUBAL3	0	0.03262214027345177	0.002473212694390506	10
TUBB	0	0.6514421254396439	0.02421068541391338	10
TUBB1	0	0.039377605915069544	0.1097011819061073	10
TUBB2A	0	0.5095674574375153	0.338417895335309	10
TUBB2B	0	0.6005048632621766	0.2036863677119738	10
TUBB3	0	0.15761862024664874	0.49906372816957123	10
TUBB4A	0	0.42773727178573606	0.5675567616755645	10
TUBB4B	0	0.619451642036438	0.49054997230046826	10
TUBB6	0	0.06881811842322344	0.24341565582087923	10
TUBB8	0	0.035260973498225164	0.04300856461857986	10
TUBD1	0	0.0391806866973638	0.0045522885250290235	10
TUBE1	0	0.05580130964517588	0.02359380073143969	10
TUBG1	0	0.16147364974021908	0.6680017577064745	10
TUBG2	0	0.10903616473078721	0.34108170176353947	10
TUBGCP2	0	0.15576452091336246	0.04019340263448577	10
TUBGCP3	0	0.4164584159851074	0.23878458292618548	10
TUBGCP4	0	0.13940427824854845	0.28884495520021947	10
TUBGCP5	0	0.10247401818633076	0.014140565143327729	10
TUBGCP6	0	0.07012863308191296	0.35638879706025517	10
TUFM	0	0.17987419739365576	0.08487550534668147	10
TUFT1	0	0.03661603890359398	0.11505385806871135	10
TULP1	0	0.06031683385372157	0.5505597200994445	10
TULP2	0	0.03409898802638049	0.0010289908632015235	10
TULP3	0	0.07400391958653922	0.7421950993581008	10
TULP4	0	0.9127267181873322	0.9604789936401097	10
TUSC1	0	0.08297658190131184	0.0684657167177463	10
TUSC2	0	0.09708549752831454	0.03515033598393089	10
TUSC3	0	0.13695656135678286	0.004246332384166074	10
TUSC5	0	0.03260927163064476	0.09507087275560763	10
TUT1	0	0.04512629806995388	0.07729570089690355	10
TVP23A	0	0.046618426591157856	0.00076647932154384	10
TVP23B	0	0.04857959076762194	0.1216832069855418	10
TVP23C	0	0.053346445038914635	0.07965747259740896	10
TVP23C-CDRT4	0	0.04920134656131265	0.002965356303155055	10
TWF1	0	0.04422281421720979	0.015816999460816793	10
TWF2	0	0.271192567050457	0.007852345988865767	10
TWIST1	0	0.08113620728254316	0.14559837479272034	10
TWIST2	0	0.14806196317076678	0.4107999718727323	10
TWISTNB	0	0.042510715499520256	0.3019139905598567	10
TWSG1	0	0.04954300299286837	0.0125544779913481	10
TXK	0	0.03837234154343601	0.037515749865121115	10
TXLNA	0	0.5124390900135041	0.03343434498002683	10
TXLNB	0	0.03831233419477936	0.28922378109737223	10
TXLNG	0	0.20476231500506398	0.553863012599584	10
TXN	0	0.16253087967634197	1.8262862230797998e-07	10
TXN2	0	0.08802651129662986	0.0003028795467831054	10
TXNDC11	0	0.0536867585033178	0.1581055151640322	10
TXNDC12	0	0.03461999427527185	0.0011459267672945565	10
TXNDC15	0	0.056864644587039895	0.00723532418209021	10
TXNDC16	0	0.1147608712315559	0.10530283813414558	10
TXNDC17	0	0.04389741420745844	0.00042959547720677546	10
TXNDC2	0	0.04092418812215324	0.004563626525801332	10
TXNDC5	0	0.050431533530354455	0.15422878774565354	10
TXNDC8	0	0.03474466614425177	0.0011473612955587619	10
TXNDC9	0	0.05034030824899669	0.055360974957131624	10
TXNIP	0	0.09099116921424862	0.30960305020183065	10
TXNL1	0	0.37170756161212914	0.00781956644138332	10
TXNL4A	0	0.1697351992130279	0.0024115633921360504	10
TXNL4B	0	0.03863923400640483	0.002311147398783571	10
TXNRD1	0	0.10494974479079242	0.18181241964206993	10
TXNRD2	0	0.03913471028208727	0.17158931656966145	10
TXNRD3NB	0	0.03308723196387286	0.06739678536385571	10
TYK2	0	0.09170543104410168	0.010368033830130019	10
TYMP	0	0.051901824772357885	0.10397322277572071	10
TYMS	0	0.23329253941774364	7.152195472204874e-05	10
TYR	0	0.04609104134142393	0.0005361951317284532	10
TYRO3	0	0.1322044305503368	0.10719341297876257	10
TYROBP	0	0.04597799107432361	0.005235495362494695	10
TYRP1	0	0.03674098551273342	0.0004943781553812642	10
TYSND1	0	0.06688531003892419	0.059429203871961836	10
TYW1	0	0.05753481276333326	0.6495381814533663	10
TYW1B	0	0.06335117444396013	0.07566654941007214	10
TYW3	0	0.037749423831701226	0.40898901925521935	10
TYW5	0	0.036011832207441294	0.17154880741476547	10
U2AF1	0	0.4971536219120026	0.2719601311052969	10
U2AF1L4	0	0.04928632974624631	1.3448880505882699e-05	10
U2AF2	0	0.8182186603546142	0.8531966080196842	10
U2SURP	0	0.8818478524684906	0.5065285227199475	10
UACA	0	0.10111941434442992	0.33550698152561187	10
UAP1	0	0.04873917102813716	0.4183335878870027	10
UAP1L1	0	0.03710420541465278	0.027366809646338926	10
UBA1	0	0.8293820500373841	0.7650497307332998	10
UBA2	0	0.739899879693985	0.4156325923616742	10
UBA3	0	0.49869710952043533	0.057438223156966194	10
UBA5	0	0.07034262008965012	0.08412282562521678	10
UBA52	0	0.2939566090703011	0.0038667907759199404	10
UBA6	0	0.49672324359416964	0.7714764963728495	10
UBA7	0	0.03993384726345534	0.020067945131003743	10
UBAC1	0	0.04985300861299033	0.28589452965204837	10
UBAC2	0	0.06218354478478426	0.00989561291787851	10
UBALD1	0	0.1634018681943416	0.7161216522799865	10
UBALD2	0	0.09516290947794909	0.1048939229199763	10
UBAP1	0	0.4489785969257355	0.008197294296781673	10
UBAP2	0	0.20377863869071003	0.6208282612319759	10
UBAP2L	0	0.8615703105926513	0.5910456489681585	10
UBASH3A	0	0.04064275659620757	0.0819204053966052	10
UBASH3B	0	0.07047829627990718	0.4192965109710429	10
UBB	0	0.29761049896478653	0.1985995175654776	10
UBBP4	0	0.05373550616204734	0.032501322536259564	10
UBC	0	0.4969983667135239	0.03324880609537532	10
UBD	0	0.04197116792201992	0.0005912154023786517	10
UBE2A	0	0.3140269353985786	0.012613898012494618	10
UBE2B	0	0.32791066765785215	0.035062638681114235	10
UBE2C	0	0.03966388627886769	0.07970092308052301	10
UBE2D1	0	0.127837485820055	0.001949167517082373	10
UBE2D2	0	0.4818690448999405	0.04168265681345949	10
UBE2D3	0	0.28444750308990474	0.08075731769742792	10
UBE2D4	0	0.03827146105468269	0.00933648739527009	10
UBE2E1	0	0.2077601164579391	0.22370930701709563	10
UBE2E2	0	0.3269650027155876	0.5485209227683491	10
UBE2E3	0	0.2984994150698185	0.003955252364354315	10
UBE2F	0	0.25777564495801925	0.00025423651089607823	10
UBE2F-SCLY	0	0.20904893651604647	0.022797535919427174	10
UBE2G1	0	0.41269922703504563	0.1444583128430488	10
UBE2G2	0	0.152908531576395	0.00022717452502077278	10
UBE2H	0	0.48219161480665207	0.24482503405537104	10
UBE2I	0	0.4790152430534363	0.03091059791583107	10
UBE2J1	0	0.15638994276523585	0.07043893232045143	10
UBE2J2	0	0.3102827362716198	0.17619736900003774	10
UBE2K	0	0.5450377881526947	0.21614073871601663	10
UBE2L3	0	0.4449280917644501	0.04706137688355203	10
UBE2L6	0	0.06775129437446589	3.2842715854984626e-05	10
UBE2M	0	0.5229208707809448	0.5221802486173741	10
UBE2N	0	0.4433697730302811	0.07449668232466705	10
UBE2NL	0	0.04051827676594253	0.008306953278760645	10
UBE2O	0	0.8836789906024933	0.9047483077508216	10
UBE2Q1	0	0.5372247993946075	0.058572039383052846	10
UBE2Q2	0	0.06241182573139662	0.02607754454209422	10
UBE2R2	0	0.45145776569843293	0.10263201970822802	10
UBE2S	0	0.09177514649927611	0.05048615296212715	10
UBE2T	0	0.04438839964568611	0.0023976024474231116	10
UBE2U	0	0.03940273150801653	0.00017619612768304433	10
UBE2V1	0	0.06783165000379082	0.08991202070661224	10
UBE2V2	0	0.11449969895184035	0.09289301170972927	10
UBE2W	0	0.12661244161427015	0.1148448388797855	10
UBE2Z	0	0.35766256898641585	0.07606945748402535	10
UBE3A	1	0.9068364137310093	0.8087768473847079	649
UBE3B	0	0.18015942499041554	0.6055764779521619	10
UBE3C	0	0.8700105369091033	0.08687237333912434	10
UBE3D	0	0.04208754114806647	2.9240325877198962e-05	10
UBE4A	0	0.4040253132581711	0.6021786214806438	10
UBE4B	0	0.9108907282352448	0.9743038025350235	10
UBFD1	0	0.2390344731509685	0.306011894287693	10
UBIAD1	0	0.03829310834407801	0.08485105148271718	10
UBL3	0	0.14872154891490935	0.49762687828732927	10
UBL4A	0	0.04937193915247912	0.017914559644397594	10
UBL4B	0	0.0333137825131416	0.0011397642596230272	10
UBL5	0	0.14598321020603175	0.000305189042535107	10
UBL7	0	0.052865098789334264	4.1371859026110154e-05	10
UBLCP1	0	0.10698372907936571	0.24799964983052664	10
UBN1	0	0.7237784117460251	0.149702309407092	10
UBN2	0	0.5302331298589706	0.9534101142419791	10
UBOX5	0	0.04187521673738952	0.00220980596069256	10
UBP1	0	0.6436247408390046	0.3740172547396545	10
UBQLN1	0	0.7622802138328553	0.22602313635706328	10
UBQLN2	0	0.2843659900128841	0.38384784472218725	10
UBQLN3	0	0.03461339138448235	0.0073368475118707685	10
UBQLN4	0	0.428862589597702	0.38005541920167607	10
UBQLNL	0	0.03250797614455219	0.0023383288205600468	10
UBR1	1	0.5112274069392171	0.28058269389306284	631
UBR2	0	0.8877549171447754	0.6606070258018166	10
UBR3	0	0.9463922858238221	0.9627620616070051	10
UBR4	0	0.9249301314353943	0.8076781028438725	10
UBR5	0	0.9519941985607148	0.993418431422713	10
UBR7	0	0.14207730740308758	0.5282133694611316	10
UBTD1	0	0.048169435188174195	0.00019757191590249996	10
UBTD2	0	0.05178900063037867	0.16539447602781862	10
UBTF	0	0.9054672956466675	0.7846771578351899	10
UBXN1	0	0.18624384775757785	0.00019930190932561124	10
UBXN10	0	0.035026045888662295	0.40763460509542615	10
UBXN11	0	0.03767778202891344	0.4325231680942875	10
UBXN2A	0	0.05469695441424843	0.01373040715225376	10
UBXN2B	0	0.05836731977760786	0.22921271111774022	10
UBXN4	0	0.23837099075317378	0.4311273312923949	10
UBXN6	0	0.057107866927981324	0.038307906026588776	10
UBXN7	0	0.77590591609478	0.9152390416385779	10
UCHL1	0	0.4488011360168457	0.00021380901583729588	10
UCHL3	0	0.07441349104046818	1.6559579023746076e-05	10
UCHL5	0	0.09088071696460243	0.10060811811836741	10
UCK1	0	0.05551410838961597	0.08106569262118987	10
UCK2	0	0.15690004900097843	0.10193253051753819	10
UCKL1	0	0.12499565109610555	0.6359945430327372	10
UCMA	0	0.03426715973764654	0.049883250942665776	10
UCN	0	0.10724333524703974	0.019388601227601592	10
UCN2	0	0.04397039934992785	0.09061468352231494	10
UCN3	0	0.04003576636314387	0.06553792379728063	10
UCP1	0	0.03366398997604842	0.11641798981155635	10
UCP2	0	0.043766464665532065	0.12694128567120969	10
UCP3	0	0.03416230343282217	0.00016730475539242223	10
UEVLD	0	0.03858237899839873	0.0017493235305940963	10
UFC1	0	0.09111282266676421	0.013110586262421772	10
UFD1L	0	0.6198247909545899	0.0032867490211374874	10
UFL1	0	0.08222338072955605	0.1736829266098833	10
UFM1	0	0.1282066069543361	0.13791238203292788	10
UFSP1	0	0.03787019215524192	0.2196183621462136	10
UFSP2	0	0.051516823843121486	0.001431878541126142	10
UGCG	0	0.5287846595048904	0.7422897896090251	10
UGDH	0	0.07553652264177793	0.10110655965826484	10
UGGT1	0	0.36827612221240996	0.43991670106174274	10
UGGT2	0	0.09352778717875476	0.01550146291495739	10
UGP2	0	0.24799463152885431	0.043924403015492816	10
UGT1A1	0	0.03562883399426934	0.09907900557263422	10
UGT1A10	0	0.03811749331653114	0.1137299144970412	10
UGT1A3	0	0.035293705016374535	0.02955196754376032	10
UGT1A4	0	0.03862454928457733	0.0038832562261172433	10
UGT1A5	0	0.03671503029763693	0.003224570949421031	10
UGT1A6	0	0.04033281207084651	0.0042694618691377926	10
UGT1A7	0	0.038872283697128265	0.021558992027238117	10
UGT1A8	0	0.035843619704246474	0.02215032997800469	10
UGT1A9	0	0.04076427370309825	0.016836081759718395	10
UGT2A1	0	0.05021854452788825	0.001334760305796542	10
UGT2A2	0	0.03399439994245762	0.021855521446582673	10
UGT2A3	0	0.03498105742037292	0.0007541183624956203	10
UGT2B10	0	0.04763489812612529	0.01565636854227437	10
UGT2B11	0	0.03621745444834229	0.0007120880462791082	10
UGT2B15	0	0.037310749664902644	0.0010049222837400424	10
UGT2B17	0	0.034227620624005764	0.008997272592448473	10
UGT2B28	0	0.03528262414038177	0.006914015385393023	10
UGT2B4	0	0.03338015638291831	0.00023584413255706662	10
UGT2B7	0	0.035271972045302344	0.00035484881117044955	10
UGT3A1	0	0.037741838023066486	0.2147710175404908	10
UGT3A2	0	0.03516294602304693	0.00012928083487148673	10
UGT8	0	0.05846979767084119	0.2509761848753907	10
UHMK1	0	0.12128366976976393	0.41886790935510226	10
UHRF1BP1	0	0.05415652208030218	0.6948100619837455	10
UHRF1BP1L	0	0.10945845171809192	0.0651157061208544	10
UHRF2	0	0.865177458524704	0.48149550756217235	10
UIMC1	0	0.06689127944409844	0.29717727896755014	10
ULBP1	0	0.03229624815285203	0.0026949077949441082	10
ULBP2	0	0.03421695381402965	5.685326083024727e-05	10
ULBP3	0	0.03304183259606357	0.01628378381040233	10
ULK1	0	0.48870493322610853	0.17304953773690607	10
ULK2	0	0.29423870891332626	0.3094746132850758	10
ULK3	0	0.27071054130792616	0.022978926397147586	10
ULK4	0	0.05420769564807411	0.23104507907937685	10
UMOD	0	0.04799716770648952	0.11996674667112397	10
UMODL1	0	0.04006853140890593	0.29389092924208376	10
UMPS	0	0.04701074622571463	0.11145858579119756	10
UNC119	0	0.0554880071431398	0.009253395068840087	10
UNC119B	0	0.08006511777639384	0.04467436656907754	10
UNC13A	0	0.891717129945755	0.53704492639327	10
UNC13B	0	0.25386897474527353	0.569324664823335	10
UNC13C	0	0.1546609006822109	0.7904433025631423	10
UNC13D	0	0.050351176038384404	0.013340708620236865	10
UNC45A	0	0.08318649344146248	0.3687754808897323	10
UNC45B	0	0.03726493529975409	0.4207518760754908	10
UNC50	0	0.04950261302292343	8.658264681825363e-05	10
UNC5A	0	0.7764075934886933	0.3808927899550669	10
UNC5B	0	0.08826568983495232	0.20551751740556093	10
UNC5C	0	0.1264194399118423	0.7827361308913486	10
UNC5CL	0	0.034479237720370245	0.002293730020504043	10
UNC5D	0	0.7014105141162872	0.6340490159392259	10
UNC79	0	0.8960915327072143	0.9153951148954655	10
UNC80	0	0.4189045339822769	0.7872199908908757	10
UNC93A	0	0.03362325020134444	0.00041093033246981296	10
UNC93B1	0	0.11065677702426906	0.19872593923651888	10
UNG	0	0.045045239850878674	0.011290431402122625	10
UNK	0	0.6800765275955201	0.5601447611333064	10
UNKL	0	0.1654300540685653	0.19294301352254145	10
UPB1	0	0.0331536808982491	0.06110891620273098	10
UPF1	0	0.8268149018287658	0.6903376050474584	10
UPF2	0	0.892275470495224	0.8833973510761746	10
UPF3A	0	0.138048555701971	0.4373078784412508	10
UPF3B	1	0.5613903192434222	0.19459647279575554	641
UPK1A	0	0.0341256164014339	0.13707574356792504	10
UPK1B	0	0.03448464628309006	0.0010124568605026027	10
UPK2	0	0.03510374538600438	2.541464217320501e-05	10
UPK3A	0	0.03449993543326849	0.11235759730124222	10
UPK3B	0	0.04965258166193958	0.002285221307874451	10
UPP1	0	0.04567354805767531	0.0006518913714854769	10
UPP2	0	0.03346620872616763	0.02233835628302188	10
UPRT	0	0.08001646287739272	0.00011729833457421123	10
UQCC1	0	0.07134136296808716	0.00024933996332834315	10
UQCC2	0	0.0907486010342836	0.009203677687857237	10
UQCR10	0	0.12144237235188479	0.08166200300456541	10
UQCR11	0	0.06074716299772256	1.353068996969996e-05	10
UQCRB	0	0.13369031250476832	0.18044124754773794	10
UQCRC1	0	0.12412251904606815	0.24632512098305934	10
UQCRC2	0	0.15568725243210788	0.030500435464285845	10
UQCRFS1	0	0.1505796201527118	0.07234904220503813	10
UQCRH	0	0.12667747884988784	0.0002632908454760048	10
UQCRQ	0	0.13803678750991816	0.1588468057236037	10
URAD	0	0.05371904224157329	0.0003494781369959009	10
URB2	0	0.03922596387565132	0.28244949037848555	10
URGCP	0	0.12562710195779797	0.07734916580532077	10
URGCP-MRPS24	0	0.03585162796080109	4.088515139789594e-06	10
URI1	0	0.1474269092082977	0.702373989640172	10
URM1	0	0.04394057504832738	0.00432358890709875	10
UROC1	0	0.03627236559987064	0.1861653650953044	10
UROD	0	0.0626252636313438	0.024223302667998825	10
UROS	0	0.0576692763715982	0.0007650581842438422	10
USB1	0	0.05529589578509327	0.3404007224801708	10
USE1	0	0.06113298945128912	0.00042650025735647783	10
USF1	0	0.1425389371812343	0.052830254884617754	10
USF2	0	0.6296394348144532	0.6161783242344498	10
USH1C	0	0.04994670413434499	0.19606214765133845	10
USH1G	0	0.04608741253614422	0.09508237780321953	10
USH2A	0	0.06892660856246943	0.7776553022312059	10
USHBP1	0	0.03843325842171902	0.0016108727899167932	10
USMG5	0	0.11283706240355965	1.34813090323135e-06	10
USO1	0	0.3788927987217903	0.11885984069744829	10
USP1	0	0.7629965245723724	0.2630433995629735	10
USP10	0	0.29145176708698267	0.5215676307908252	10
USP11	0	0.9200726389884949	0.9477922854748186	10
USP12	0	0.42414748668670654	0.03303571175659273	10
USP13	0	0.10967189893126483	0.9053102016515396	10
USP14	0	0.5152766019105911	0.4334110037204004	10
USP15	0	0.8509735107421875	0.7527545415570464	10
USP16	0	0.090449483692646	0.2190848954311971	10
USP17L2	0	0.0620389964431524	0.10471583488861454	10
USP18	0	0.04025421962141986	1.4361901145679104e-05	10
USP19	0	0.6829350799322128	0.2656141778505454	10
USP2	0	0.09459617584943766	0.42255103844115993	10
USP20	0	0.08806496411561962	0.3378745813492878	10
USP21	0	0.09485734887421127	0.07122160611821374	10
USP22	0	0.6871836185455322	0.04559963427881057	10
USP24	0	0.8456711947917939	0.7959322959135215	10
USP25	0	0.32788237035274503	0.7475074851299188	10
USP26	0	0.06806243211030955	0.03365274990078075	10
USP27X	0	0.4939338147640228	0.3786363535825935	10
USP28	0	0.09825921095907683	0.0628854703028393	10
USP29	0	0.07497173808515067	0.02930311199543385	10
USP3	0	0.7734137713909149	0.5193241585005725	10
USP30	0	0.0421031786128878	0.09506684267061696	10
USP31	0	0.21308482140302654	0.9552505796951458	10
USP32	0	0.8603506624698639	0.7455390733943963	10
USP33	0	0.833883273601532	0.16676523748236566	10
USP34	0	0.9154624104499817	0.9423304358633591	10
USP35	0	0.03767809718847271	0.28894480843475784	10
USP36	0	0.11356322430074213	0.6713414972481795	10
USP37	0	0.5286720126867295	0.3253079582735771	10
USP38	0	0.0878567092120647	0.40615154188182545	10
USP39	0	0.0771032281219959	0.006255413478071042	10
USP4	0	0.11249834075570105	0.5824011447447727	10
USP40	0	0.04143814519047734	0.04458900488446194	10
USP41	0	0.086778263002634	0.016409813576091007	10
USP42	0	0.5026137977838516	0.7346759807029205	10
USP43	0	0.09433966092765327	0.033316709361964944	10
USP44	0	0.03480991087853903	0.031245529809444995	10
USP45	0	0.04660219550132746	0.13836963359487708	10
USP46	0	0.6093834578990937	0.15287251083753173	10
USP47	0	0.9182688176631928	0.6248680438897067	10
USP48	0	0.8533371329307556	0.7868813337784898	10
USP49	0	0.42069725394248964	0.5011708708517596	10
USP5	0	0.6357128769159317	0.7728215166959644	10
USP50	0	0.03263292219489808	2.1854927301473365e-05	10
USP51	0	0.03889139853417868	0.44033121424845356	10
USP53	0	0.06331079751253124	0.2833870243629924	10
USP54	0	0.09549523405730721	0.16346787110090416	10
USP6	0	0.03523563686758277	0.7455056222430663	10
USP6NL	0	0.1496584095060825	0.673608970205018	10
USP7	0	0.9237080216407776	0.955393698924577	10
USP8	0	0.5767383217811585	0.2467694934847028	10
USP9X	1	0.9376099096508477	0.9211798274763637	635
USP9Y	0	0.16039454564452166	0.898693492835266	10
USPL1	0	0.05344232507050033	0.21868270289212557	10
UST	0	0.10938135907053943	0.0180513286552672	10
UTF1	0	0.06260099150240417	0.09325481446293342	10
UTP11L	0	0.05777361579239364	0.0014552453520349418	10
UTP14A	0	0.3638991050422192	0.15424073749184258	10
UTP14C	0	0.04623444415628905	0.03256014919783944	10
UTP15	0	0.3859676942229271	0.031128373081899592	10
UTP18	0	0.056261027976870506	0.020617207080082144	10
UTP20	0	0.08309613429009911	0.21399041117679446	10
UTP23	0	0.04699604511260982	0.0038303203256145634	10
UTP3	0	0.038430029153823805	0.16242427247489663	10
UTP6	0	0.07922344394028183	0.1981280496941485	10
UTRN	0	0.24453461319208145	0.8946143390886345	10
UTS2	0	0.03284715153276915	2.949550544990227e-05	10
UTS2B	0	0.04814904555678362	0.026054572103803	10
UTS2R	0	0.05311227925121779	0.0008342544333482174	10
UTY	0	0.3495557382702827	0.5650789975824083	10
UVRAG	0	0.3656295746564865	0.6898031411929617	10
UVSSA	0	0.08905569836497303	0.03899595644482053	10
UXS1	0	0.09870748668909068	0.0393192028830322	10
UXT	0	0.1317293100059032	4.2456114223282953e-05	10
VAC14	0	0.38955714702606203	0.19563146951894445	10
VAMP1	0	0.050019237399101225	0.005422525172769769	10
VAMP2	0	0.43719704300165174	0.6834098761330573	10
VAMP3	0	0.06385609358549113	0.03506550155430192	10
VAMP4	0	0.04693446271121496	0.0037100120049829697	10
VAMP5	0	0.0454681526869535	0.03179587072524956	10
VAMP7	0	0.04028733819723125	0.0002573009294609842	10
VAMP8	0	0.04039228633046147	0.0005476212443957918	10
VANGL1	0	0.051503965258598274	0.372029050583624	10
VANGL2	0	0.28043226599693294	0.7582817627726045	10
VAPA	0	0.1654332913458347	0.32960389947200064	10
VAPB	0	0.09091245271265502	0.1177024670222772	10
VARS	0	0.1529450230300426	0.16199044415344796	10
VARS2	0	0.10194652602076529	0.06885881320591772	10
VASH1	0	0.06507117561995979	0.014754611981545759	10
VASH2	0	0.059080632030963864	0.16630628472535833	10
VASN	0	0.04979682788252826	0.021859408470292597	10
VASP	0	0.18360638767480847	0.2532394180921267	10
VAT1	0	0.045051049441099125	0.03355150341974003	10
VAT1L	0	0.07387739084661002	0.27955414569001874	10
VAV1	0	0.6409392803907394	0.3560635142701562	10
VAV2	0	0.26489337384700773	0.7141716305125797	10
VAV3	0	0.05571479797363277	0.09142904368975383	10
VAX1	0	0.16131886392831798	0.28975392232621927	10
VAX2	0	0.05101548805832858	0.018377718434442948	10
VBP1	0	0.22248360291123387	0.001010197735061183	10
VCAM1	0	0.08200082853436466	1.876694313337434e-06	10
VCAN	0	0.529348686337471	0.9507487910448933	10
VCL	0	0.468932119011879	0.25856825131753003	10
VCP	0	0.8071755588054657	0.7887324828317763	10
VCPIP1	0	0.9105890035629273	0.7022419779031341	10
VCPKMT	0	0.0518997203558683	9.862531165804075e-05	10
VCX	0	0.048983626067638356	0.007291822997375706	10
VCX2	0	0.042755415290594054	0.030966544243958626	10
VCX3A	0	0.08250928781926628	0.11345697286740034	10
VCX3B	0	0.07372901998460288	0.2595085644323082	10
VDAC1	0	0.49901843070983887	0.06133320005977779	10
VDAC2	0	0.18840957358479496	0.01825105348495281	10
VDAC3	0	0.5289380818605423	0.0030447116233307116	10
VDR	0	0.08545112498104565	0.03409553479506673	10
VEGFA	0	0.1012134343385696	0.7119307324471829	10
VEGFB	0	0.10553284063935275	0.001017134542602008	10
VEGFC	0	0.04715600647032258	0.04633629834165471	10
VENTX	0	0.03632228970527645	0.004773019099934045	10
VEPH1	0	0.04004567898809904	0.19391045283157987	10
VEZF1	1	0.7868869848111096	0.48264796633201	612
VEZT	0	0.3049278184771538	0.01879452508290809	10
VGF	0	0.08225760683417317	0.2689823181188935	10
VGLL1	0	0.0682860236614942	1.0918883329478274e-05	10
VGLL2	0	0.07830020077526564	0.0021125572924100395	10
VGLL3	0	0.04466130360960957	0.26661167977185984	10
VGLL4	0	0.14284383654594418	0.28183269400657196	10
VHL	0	0.06193650066852565	0.10565679909891923	10
VHLL	0	0.1495199486613273	7.062045693877962e-05	10
VIL1	0	0.03565450739115472	0.7620501333814241	10
VILL	0	0.04106227532029148	0.27244866267387574	10
VIM	0	0.5471081465482712	0.1963863271685793	10
VIMP	0	0.10260327458381646	0.0005726065003209723	10
VIP	0	0.04604880847036833	0.0013007496040519475	10
VIPAS39	0	0.05852628201246256	0.05634941668400808	10
VIPR1	0	0.03942195139825339	0.008347783816825013	10
VIPR2	0	0.04253040179610249	0.002567758022599301	10
VIT	0	0.04061518982052801	0.7489837174669185	10
VKORC1	0	0.05989594683051105	0.05001111359375976	10
VKORC1L1	0	0.18175417482852935	0.14590940264968527	10
VLDLR	0	0.14114737883210177	0.7194483430386686	10
VMA21	0	0.06154457889497278	0.004184839652205679	10
VMAC	0	0.06101177893579002	0.00048880498493926	10
VMO1	0	0.0361819971352815	0.6102218204992347	10
VMP1	0	0.5407213240861892	0.5835182127734975	10
VN1R1	0	0.05466033406555647	0.0008987633824774124	10
VN1R2	0	0.05397292152047153	0.10226197179768866	10
VN1R4	0	0.07294533848762509	0.02897420691385651	10
VNN1	0	0.03184053897857661	0.05915270680699867	10
VNN2	0	0.03357153758406634	0.06280413013846398	10
VNN3	0	0.052135439589619595	0.0022563176009761637	10
VOPP1	0	0.08443414047360416	0.0011430699443325152	10
VPRBP	0	0.5003451734781266	0.9069128185021688	10
VPREB1	0	0.03514259010553355	0.017681896429337284	10
VPREB3	0	0.035013904422521544	0.001617807658416832	10
VPS11	0	0.2828008264303207	0.12419076885186701	10
VPS13A	0	0.29823169484734535	0.8433664375129144	10
VPS13B	0	0.18531224802136417	0.8404129677745645	10
VPS13C	0	0.4023437470197678	0.543665824688453	10
VPS13D	0	0.6378342151641846	0.8031115147650081	10
VPS16	0	0.07845698893070215	0.009545729963706335	10
VPS18	0	0.13846474587917323	0.3903754562471641	10
VPS25	0	0.04808826856315131	0.0002128572429841969	10
VPS26A	0	0.10435767844319341	0.03003378615977841	10
VPS26B	0	0.5933377712965011	0.11603955543700262	10
VPS28	0	0.14656317383050915	0.2450782606470677	10
VPS29	0	0.16387719959020614	6.11406586584613e-05	10
VPS33A	0	0.10714140608906741	0.10125292388642118	10
VPS33B	0	0.04394918419420714	0.0708457293453916	10
VPS35	0	0.8252022325992584	0.6838788819116878	10
VPS36	0	0.2640240266919136	0.08244597170692039	10
VPS37A	0	0.04506580717861648	0.0031473111143882617	10
VPS37B	0	0.0430751364678144	0.06195147300930087	10
VPS37C	0	0.03414427172392601	0.17946400567060358	10
VPS37D	0	0.1953577637672424	0.20782436138271532	10
VPS39	0	0.20809090882539744	0.180520564716852	10
VPS41	0	0.17338732853531835	0.1755284020196725	10
VPS45	0	0.09021182060241695	0.07186714143466959	10
VPS4A	0	0.5250723242759705	0.16522287850082412	10
VPS4B	0	0.2886982873082161	0.20780549642338814	10
VPS51	0	0.2748808905482292	0.14410884754089678	10
VPS52	0	0.1569942787289619	0.017416690014664837	10
VPS53	0	0.22070979401469226	0.03132751711128115	10
VPS54	0	0.8257048070430756	0.09119492555590755	10
VPS72	0	0.0902423124760389	0.08899295471891358	10
VPS8	0	0.1372465811669826	0.320827661401463	10
VPS9D1	0	0.08490109294652934	0.024500843400400422	10
VRK1	0	0.05823650844395156	0.012961702079547971	10
VRK2	0	0.03482910450547929	0.01146537998683297	10
VRK3	0	0.05435289107263084	0.0333878347992912	10
VRTN	0	0.3683728978037834	0.02282627463364604	10
VSIG1	0	0.03360050413757557	0.07946993314900659	10
VSIG10	0	0.03435768764466041	0.008542130685401014	10
VSIG2	0	0.03373396210372443	0.09032598922034743	10
VSIG4	0	0.03979094251990314	0.0016366243047378	10
VSIG8	0	0.03548557888716454	0.4106770972230625	10
VSNL1	0	0.19305723831057547	0.28464742577715096	10
VSTM1	0	0.032153845764696556	0.008274828371859682	10
VSTM2A	0	0.05210804641246791	0.001035810805994792	10
VSTM2L	0	0.08997348025441165	0.15429506999160317	10
VSTM4	0	0.03746014572679991	0.06981690949466998	10
VSX1	0	0.0677670948207378	0.00035657876655377345	10
VSX2	0	0.057097104191780025	0.02570975130239079	10
VTA1	0	0.06249793022871013	0.013288066360307185	10
VTCN1	0	0.03342318758368488	0.0008053795967401002	10
VTI1A	0	0.05612021870911118	0.337884968244052	10
VTI1B	0	0.07948000207543368	0.2186745250979231	10
VTN	0	0.03866623118519778	0.2623750352864084	10
VWA1	0	0.04744846299290653	0.062109779074192496	10
VWA2	0	0.03616702258586878	0.032539481891569286	10
VWA3A	0	0.04257938116788859	0.0013574839706612027	10
VWA3B	0	0.03628838062286373	0.45379739361983973	10
VWA5A	0	0.03443583548068995	0.05454198455149847	10
VWA5B2	0	0.14446189105510707	0.08257999886735934	10
VWA7	0	0.036983927339315346	0.019819345075647872	10
VWA8	0	0.07300814874470228	0.7212187304906803	10
VWA9	0	0.0809804636985063	0.02530177422788622	10
VWC2	0	0.5987793624401092	0.283296992998456	10
VWC2L	0	0.05129210352897641	0.5523828990352477	10
VWCE	0	0.0400858279317617	0.004437690128588094	10
VWF	0	0.08827152960002418	0.3816747155642538	10
WAC	1	0.664239782653749	0.653036219275641	640
WAPAL	0	0.8298293471336364	0.9923954538652422	10
WARS	0	0.05367714613676067	0.011522127385606856	10
WARS2	0	0.04002134650945659	0.024668738890089147	10
WAS	0	0.3155577287077903	0.4765173076796031	10
WASF1	0	0.8529602289199829	0.5186493426737615	10
WASF2	0	0.3246214985847473	0.40522437118666943	10
WASF3	0	0.11614195406436918	0.5164855256639974	10
WASH4P	0	0.05885321386158461	0.671537444199578	10
WASL	0	0.5357086598873139	0.7055811899739658	10
WBP1	0	0.04706919156014916	0.3934298574167712	10
WBP11	0	0.7067592084407807	0.4175167400513093	10
WBP1L	0	0.05625336728990071	0.2374611701928085	10
WBP2	0	0.10982782766222951	0.00014562683196446617	10
WBP2NL	0	0.04040871746838087	0.0008189037716494652	10
WBP4	0	0.07435810826718803	0.004345169683776066	10
WBP5	0	0.08829758465290065	0.05345543268144024	10
WBSCR16	0	0.05493558980524536	0.00714453659766377	10
WBSCR17	0	0.17898008376359936	0.06295038507809177	10
WBSCR22	0	0.08027547337114807	0.0012695158193559957	10
WBSCR27	0	0.03477545958012337	0.010669623841109912	10
WBSCR28	0	0.03800241574645037	0.0024166606312140643	10
WDFY1	0	0.05493790991604325	0.1479817177141399	10
WDFY2	0	0.05151135176420209	0.05331914799291169	10
WDFY3	1	0.932863415139062	0.9489928014096897	630
WDHD1	0	0.045935947820544186	0.295511937908729	10
WDPCP	0	0.05986051261425013	0.16763850939707753	10
WDR1	0	0.7117402702569962	0.7318263438218073	10
WDR11	0	0.4423462122678757	0.18339574700077704	10
WDR12	0	0.06518333218991754	0.159527091671094	10
WDR13	0	0.3526036038994789	0.21910473135033146	10
WDR16	0	0.04258826449513431	0.15168144368732822	10
WDR17	0	0.07390870526432987	0.00700246107232106	10
WDR18	0	0.2601095169782638	0.02725642984403384	10
WDR19	0	0.1380529031157493	0.132055966902839	10
WDR20	0	0.5018128156661987	0.11631413444762835	10
WDR24	0	0.09202480688691135	0.2182355071198802	10
WDR25	0	0.0397379200905561	0.0009237880280221578	10
WDR26	0	0.771265059709549	0.7920490124558917	10
WDR27	0	0.0421658098697662	0.002476031261934116	10
WDR3	0	0.08192764408886428	0.5080249191086612	10
WDR31	0	0.03319859374314542	0.0041391391564497195	10
WDR33	0	0.8749784171581269	0.7900754600712008	10
WDR34	0	0.049696670100092856	0.0103706798260064	10
WDR35	0	0.0550693210214376	0.7548581988503759	10
WDR36	0	0.10837684087455268	0.16906624351935845	10
WDR37	0	0.2322343558073044	0.45431808502420445	10
WDR38	0	0.035337446257472	0.00027981758902645285	10
WDR4	0	0.04349299222230907	0.032568899713068186	10
WDR41	0	0.05976442433893677	0.180308807262668	10
WDR43	0	0.48458955585956576	0.2870395778164009	10
WDR44	0	0.5418491899967194	0.5745264857145632	10
WDR45	0	0.32762316316366197	0.0007040089292605632	10
WDR45B	0	0.13667722046375272	0.00695153983678687	10
WDR46	0	0.04164817482233042	0.11231728202672728	10
WDR47	0	0.6964503288269043	0.04319260038439172	10
WDR48	0	0.8137570679187774	0.5990460680912314	10
WDR49	0	0.044714763388037634	0.09663146339438233	10
WDR5	0	0.6414765477180481	0.14447125802604605	10
WDR52	0	0.0688133299350738	0.8362558610000439	10
WDR53	0	0.033879856951534684	2.277699931358466e-05	10
WDR54	0	0.04751770198345179	0.012889286131524031	10
WDR55	0	0.03556296527385707	0.04360999864894112	10
WDR59	0	0.33629670888185503	0.17615006198586142	10
WDR5B	0	0.03596147652715439	0.08917005505312572	10
WDR6	0	0.25846988260745996	0.2613481252276474	10
WDR60	0	0.10243090987205501	0.5964031835027548	10
WDR61	0	0.17591819167137143	0.0001432473759932802	10
WDR62	0	0.04753203392028804	0.431005862645795	10
WDR63	0	0.044681483879685346	0.21019083149768383	10
WDR64	0	0.06414895430207249	0.10564736563063355	10
WDR65	0	0.04375893250107761	0.1465205234413414	10
WDR66	0	0.048604445904493296	0.5683960753386393	10
WDR7	0	0.8063295125961304	0.8311598557885682	10
WDR70	0	0.12941350601613516	0.16228086290182692	10
WDR72	0	0.03707971721887584	0.06614875621108299	10
WDR73	0	0.049211453273892355	0.00496221668331526	10
WDR74	0	0.04277435950934883	0.019947263720283742	10
WDR75	0	0.09247327223420138	0.03174888646149443	10
WDR76	0	0.03880516923964018	0.08834579606740177	10
WDR77	0	0.04256912544369693	0.0004385549949559909	10
WDR78	0	0.043127428740262944	0.07142540301939497	10
WDR81	0	0.1993641205132007	0.18358362642089912	10
WDR82	0	0.5396331429481507	0.2718074865258339	10
WDR83	0	0.044035025313496554	0.03049555070337498	10
WDR83OS	0	0.10226208567619319	0.00013357947267462727	10
WDR86	0	0.04660162664949889	0.09683436364293133	10
WDR88	0	0.03500830009579654	0.016707006210746847	10
WDR89	0	0.03202852774411435	0.10805947144727093	10
WDR90	0	0.04486312642693516	0.3391322661782592	10
WDR91	0	0.0957458179444074	0.09627437832612411	10
WDR92	0	0.04261178709566589	0.0028396374513694933	10
WDR93	0	0.03586004860699171	0.01007909348150168	10
WDR96	0	0.06052872017025942	0.12009555963841483	10
WDSUB1	0	0.03761845026165244	0.10750565684773487	10
WDTC1	0	0.6060611277818679	0.42626054757905435	10
WDYHV1	0	0.039255805313587126	0.0012369746318910148	10
WEE1	0	0.4651976227760315	0.07585348615785417	10
WEE2	0	0.03705576099455351	0.0002666826408855616	10
WFDC1	0	0.042303930222988076	0.0601409400881676	10
WFDC10A	0	0.03311298415064806	0.0018852389488151773	10
WFDC10B	0	0.03381250165402886	0.0008162245420680302	10
WFDC11	0	0.032796582579612675	0.0040207933433547395	10
WFDC12	0	0.03350407686084504	0.005951363468377871	10
WFDC13	0	0.0321747805923223	2.2645731018630426e-05	10
WFDC2	0	0.08488832227885719	0.011161552058243047	10
WFDC3	0	0.03217186834663147	0.004119695335179	10
WFDC5	0	0.03608925417065615	2.976712408691379e-05	10
WFDC6	0	0.03480768948793407	3.7752092036545635e-05	10
WFDC8	0	0.03498554043471808	0.0002481932937680875	10
WFDC9	0	0.03474470432847733	3.986421047238941e-06	10
WFIKKN1	0	0.03793985210359091	0.04612303287842113	10
WFIKKN2	0	0.04047871641814705	0.01284790588587845	10
WFS1	0	0.04603886306285854	0.004407831361879453	10
WHAMM	0	0.04379180334508416	0.07942453548266855	10
WHSC1	0	0.8401877343654632	0.7793061009863704	10
WHSC1L1	0	0.7979320228099823	0.7558018229918196	10
WIBG	0	0.0594027508050203	0.0036892065062928982	10
WIF1	0	0.03746693730354305	0.00021686619634776202	10
WIPF1	0	0.09885193184018132	0.0679467319021359	10
WIPF2	0	0.0716935712844133	0.5164976160405746	10
WIPF3	0	0.07387677058577533	0.03957186641928087	10
WIPI1	0	0.040138778090476925	0.0006995419991561885	10
WIPI2	0	0.1246111676096916	0.4660523100281573	10
WISP1	0	0.03517294917255635	0.0037877645637474497	10
WISP2	0	0.034311566874384816	0.0481079399027955	10
WISP3	0	0.03521362580358978	0.0020098734320144326	10
WIZ	0	0.3543323531746864	0.46478854705283695	10
WLS	0	0.07881066165864464	0.08679163065441983	10
WNK1	0	0.884364765882492	0.9837888376071042	10
WNK2	0	0.8201850473880767	0.6100064103231702	10
WNK3	0	0.8163469970226288	0.9774555476606708	10
WNK4	0	0.05108187608420843	0.20816026037582752	10
WNT1	0	0.045293569192290266	0.03783628264217012	10
WNT10A	0	0.045966136455535836	0.008697778832041609	10
WNT10B	0	0.07533025518059726	0.005539916471022034	10
WNT11	0	0.05081739723682398	5.970662368931515e-05	10
WNT16	0	0.04304433502256868	0.00548152776083492	10
WNT2	0	0.05543248169124123	0.011258433098584989	10
WNT2B	0	0.058064143359661036	0.3701859845744692	10
WNT3	0	0.33233290314674374	0.005665085222960344	10
WNT3A	0	0.2351824969053268	0.00018621605965644388	10
WNT4	0	0.12779885791242118	0.00284441265910408	10
WNT5A	0	0.2758407726883888	0.21068992850077456	10
WNT5B	0	0.06429906785488125	0.04430230173061674	10
WNT6	0	0.07739097140729423	0.02289575851910308	10
WNT7A	0	0.07177794016897673	0.18719385171029496	10
WNT7B	0	0.11063322424888604	0.015422492252221216	10
WNT8A	0	0.03941027596592899	0.00032174860042263355	10
WNT8B	0	0.04817487075924868	6.027515696096872e-05	10
WNT9A	0	0.10794815719127653	0.07419210925638958	10
WNT9B	0	0.0425492268055677	0.00023516322699039215	10
WRAP53	0	0.03882945999503132	0.007973643573858023	10
WRAP73	0	0.0491379432380199	0.021108291774667515	10
WRB	0	0.06025069952011105	0.004001200248643224	10
WRN	0	0.06842967942357059	0.6450609373320395	10
WRNIP1	0	0.09699878431856629	0.2095426473060326	10
WSB1	0	0.3641418188810348	0.20927650409419213	10
WSB2	0	0.3382377758622169	0.0033877727926330133	10
WSCD1	0	0.058285326510667756	0.03127125014965669	10
WSCD2	0	0.12969849109649653	0.1438577231567946	10
WT1	0	0.19278175532817837	0.2503784055749352	10
WTAP	0	0.6726277500391007	0.22206208482605092	10
WTIP	0	0.0710304599255323	0.02542351027191264	10
WWC1	0	0.23047668933868404	0.15494806915524134	10
WWC2	0	0.08961484953761098	0.478755650968376	10
WWC3	0	0.25821547359228136	0.4455405533573268	10
WWOX	0	0.05603753700852389	0.030737048220638042	10
WWP1	0	0.7970742166042328	0.7133574230104809	10
WWP2	0	0.16038436144590376	0.8145435817050177	10
WWTR1	0	0.18040692508220668	0.14077039396037094	10
XAB2	0	0.43165129870176316	0.5980376245775972	10
XAF1	0	0.04261429291218516	0.02712081251533171	10
XAGE3	0	0.032868154719471895	0.018574566446735517	10
XAGE5	0	0.033495126105844916	0.00044956425129129036	10
XBP1	0	0.0786516826599836	1.334315612043973e-05	10
XCL1	0	0.04080138877034182	0.00014360027376729192	10
XCL2	0	0.03186660129576916	2.9905972209139917e-05	10
XCR1	0	0.03411483988165851	0.002193617504598279	10
XDH	0	0.04520951248705382	0.3947598848460758	10
XG	0	0.033030919544398726	0.012602415580593173	10
XIAP	0	0.3126083552837372	0.2383138459259106	10
XIRP1	0	0.042633336037397364	0.7693955703142092	10
XIRP2	0	0.04386877901852126	0.6721427078444144	10
XK	0	0.39902998358011244	0.08578872197054972	10
XKR3	0	0.0339244237169623	0.003946895295682675	10
XKR4	0	0.7843051433563233	0.378111275288348	10
XKR6	0	0.7998725295066833	0.7276853405270107	10
XKR7	0	0.11017405763268466	0.24048725576775193	10
XKR8	0	0.03726078122854229	0.0018926891719216576	10
XKR9	0	0.03391854092478746	0.02018739153474066	10
XKRX	0	0.033068426512181705	0.1078390709105987	10
XPA	0	0.102612479776144	0.011510355277826985	10
XPC	0	0.06588730700314041	0.2870569527877496	10
XPNPEP1	0	0.35272374004125595	0.2356245541704613	10
XPNPEP2	0	0.03506117537617679	0.20609669730623845	10
XPNPEP3	0	0.06252655126154419	0.21873014287753584	10
XPO1	0	0.9059665381908417	0.9136137081758748	10
XPO4	0	0.7805935204029083	0.6790464298723047	10
XPO5	0	0.7038552165031433	0.38255006598211383	10
XPO6	0	0.8253262937068939	0.2937673375394354	10
XPO7	0	0.8721739590168	0.7940934230681064	10
XPOT	0	0.6587721765041351	0.36976448056249944	10
XPR1	0	0.9028471946716309	0.788411844752117	10
XRCC1	0	0.05183132812380784	0.4177855263011626	10
XRCC2	0	0.04805738814175125	0.002248701507401136	10
XRCC3	0	0.033143015392124595	0.008549464861967166	10
XRCC4	0	0.04514216035604472	0.0006382334712723982	10
XRCC5	0	0.7421909093856811	0.028162237789819862	10
XRCC6	0	0.8057610273361206	0.4138941443767886	10
XRCC6BP1	0	0.036823653802275605	0.1273922816485506	10
XRN1	0	0.7515981316566467	0.613999726826129	10
XRN2	0	0.5852014362812042	0.38771146794032946	10
XRRA1	0	0.0587591685354709	0.6049733673660928	10
XXYLT1	0	0.03722106777131553	0.0004161532869515885	10
XYLB	0	0.04097804576158518	0.03543669295031772	10
XYLT1	0	0.25215753167867655	0.8374214779152709	10
XYLT2	0	0.14961128830909726	0.37207021756896086	10
YAE1D1	0	0.041211237572133505	0.0029391434067835972	10
YAF2	0	0.17492176517844196	0.0034157919873330314	10
YAP1	0	0.4436421781778336	0.7240117741520866	10
YARS	0	0.060998926311731295	0.15107995209321248	10
YARS2	0	0.06011733338236804	3.3472665418112444e-05	10
YBEY	0	0.03373698387295003	0.00037213222138945967	10
YBX1	0	0.36685332953929894	0.3820773532239869	10
YBX2	0	0.3688758507370949	0.9908588555719259	10
YBX3	0	0.09704991877079006	0.9490883726730516	10
YDJC	0	0.06034925580024714	0.2621345767039489	10
YEATS2	0	0.5009612619876862	0.261552497212666	10
YEATS4	0	0.08210006132721898	8.673507863024498e-05	10
YES1	0	0.07927261963486668	0.05449870492862154	10
YIF1A	0	0.056742879748344376	0.013030305765482197	10
YIF1B	0	0.04877874478697772	0.05978081618649902	10
YIPF1	0	0.04259785003960127	0.0064573442832136525	10
YIPF2	0	0.04140962511301037	0.23751445276419436	10
YIPF3	0	0.13914758116006848	0.0691591460067823	10
YIPF4	0	0.08570309467613693	0.01350652769257615	10
YIPF5	0	0.2716463461518287	0.34954501651877296	10
YIPF6	0	0.13539298176765438	0.06769581799591726	10
YIPF7	0	0.03208323232829566	0.08170704499254869	10
YJEFN3	0	0.0520362544804811	0.05476432859463838	10
YKT6	0	0.08340602107346054	0.0033045474952274902	10
YLPM1	0	0.7767232984304429	0.8966969232719485	10
YME1L1	0	0.602990198135376	0.3170831324204536	10
YOD1	0	0.05135914534330364	0.053369083011319686	10
YPEL1	0	0.07415587566792961	0.0017719839763442684	10
YPEL2	0	0.29357263967394825	0.2144382658167813	10
YPEL3	0	0.20263499766588206	0.060996527778448384	10
YPEL4	0	0.053726731985807366	0.005773840260757504	10
YPEL5	0	0.12651450335979458	0.007764027873720572	10
YRDC	0	0.04608664065599435	5.118510989062598e-05	10
YTHDC1	0	0.8417176723480224	0.5762802913303077	10
YTHDC2	0	0.8492614090442657	0.8294457619120674	10
YTHDF1	0	0.4115385875105857	0.8267914152155018	10
YTHDF2	0	0.7251612186431885	0.3479842504718159	10
YTHDF3	0	0.7179467260837555	0.08638295832325446	10
YWHAB	0	0.5323830813169479	0.030597669976335302	10
YWHAE	0	0.5477577656507492	0.18691983323629519	10
YWHAG	0	0.606165087223053	0.7786063907089524	10
YWHAH	0	0.35917833149433137	0.0594861060414108	10
YWHAQ	0	0.3470040082931518	0.00357039896063404	10
YWHAZ	0	0.4683586090803146	0.021766748220901216	10
YY1	0	0.6159873902797699	0.34833609863420356	10
YY1AP1	0	0.07456651628017422	0.5422749935101682	10
YY2	0	0.06527550220489498	0.8713974159624558	10
ZACN	0	0.037107324227690655	0.19411526059330605	10
ZADH2	0	0.039251613616943334	0.559512134271835	10
ZAN	0	0.05368351042270655	0.20300838595356147	10
ZAP70	0	0.1750654064118862	0.12813770030766264	10
ZAR1	0	0.054815121367573695	0.3037495101219126	10
ZBBX	0	0.03487785868346687	0.1847208004567763	10
ZBED1	0	0.10434778630733485	0.206926588369268	10
ZBED2	0	0.033826294727623406	1.8333845223903358e-05	10
ZBED3	0	0.07160565890371795	0.015586691049259641	10
ZBED4	0	0.18670008033514018	0.4878126247658624	10
ZBED6CL	0	0.0497569471597671	5.318698681031356e-05	10
ZBP1	0	0.04286582134664055	0.004518215595848827	10
ZBTB1	0	0.5920144587755203	0.3631197925640447	10
ZBTB10	0	0.7119160115718841	0.8153084232250244	10
ZBTB11	0	0.19301353543996808	0.46491579706689745	10
ZBTB12	0	0.31051945388317104	0.3885676641369947	10
ZBTB14	0	0.3653866730630398	0.968012856484024	10
ZBTB16	0	0.7502623975276947	0.9776461947149983	10
ZBTB17	0	0.7602304220199585	0.1750379573862679	10
ZBTB18	0	0.9274904727935791	0.6609286870002172	10
ZBTB2	0	0.7086931824684143	0.25255808996923557	10
ZBTB20	1	0.8478386000364642	0.8089644459230559	632
ZBTB21	0	0.4565186381340027	0.8574226516642242	10
ZBTB22	0	0.05347372107207771	0.1560353395024386	10
ZBTB24	0	0.07358379848301407	0.099246835765435	10
ZBTB25	0	0.03720516674220557	0.12087165242458715	10
ZBTB26	0	0.10770469456911083	0.10436480489205438	10
ZBTB3	0	0.03598311841487882	0.033230095037254395	10
ZBTB32	0	0.045240766182541796	0.012898308978595119	10
ZBTB33	0	0.3539939537644386	0.34087625893346296	10
ZBTB34	0	0.6427553713321685	0.5548573657158217	10
ZBTB37	0	0.4696124106645584	0.38713855487609034	10
ZBTB38	0	0.803206992149353	0.6180007580437057	10
ZBTB39	0	0.033460116200149034	0.49037928794572566	10
ZBTB4	0	0.7811806976795197	0.8738569907522677	10
ZBTB40	0	0.08614195398986335	0.06176434954703849	10
ZBTB41	0	0.4167527765035629	0.5356134401997372	10
ZBTB43	0	0.5563721507787704	0.1511843188456536	10
ZBTB44	0	0.582055127620697	0.16580559160098823	10
ZBTB45	0	0.0363805260509252	0.29699323851642767	10
ZBTB46	0	0.26387853026390073	0.33090914207824307	10
ZBTB47	0	0.4958818852901459	0.7579048447519986	10
ZBTB48	0	0.07960662357509132	0.11354763462538002	10
ZBTB49	0	0.03926863670349118	0.03792018612043922	10
ZBTB5	0	0.12240951396524902	0.541185835066287	10
ZBTB6	0	0.05988228209316726	0.08471921293966853	10
ZBTB7A	0	0.6907129198312759	0.8899951060577405	10
ZBTB7B	0	0.14970794729888434	0.3767710735777611	10
ZBTB7C	0	0.05420756191015239	0.0719237305039265	10
ZBTB8A	0	0.07286708317697044	0.16537755872473073	10
ZBTB8B	0	0.0867643810808658	0.41831313196425157	10
ZBTB8OS	0	0.15591365769505497	0.001970973412129819	10
ZBTB9	0	0.03479910828173157	0.0033763022073738194	10
ZC2HC1A	0	0.2720682755112648	0.016378364581861767	10
ZC2HC1C	0	0.04143162518739694	0.0011075838027063357	10
ZC3H10	0	0.08144757114350791	0.18926020258683526	10
ZC3H11A	0	0.656563538312912	0.6168400663195335	10
ZC3H12A	0	0.10550873503088946	0.06331615572132943	10
ZC3H12B	0	0.762996107339859	0.4888098324334836	10
ZC3H12C	0	0.5266305357217789	0.8818407570339681	10
ZC3H12D	0	0.05767292641103263	0.013735084037066251	10
ZC3H13	0	0.811652272939682	0.7979844189651344	10
ZC3H14	0	0.7519193232059479	0.520646976338649	10
ZC3H15	0	0.31539806425571437	0.27996287275131987	10
ZC3H18	0	0.6697440296411514	0.8490953441544071	10
ZC3H3	0	0.1344764962792396	0.5248524140221607	10
ZC3H4	0	0.39961210638284683	0.9590128298294467	10
ZC3H6	0	0.35309087932109834	0.5764891370758927	10
ZC3H7A	0	0.8559174060821533	0.17956555919014972	10
ZC3H7B	0	0.6745464593172074	0.583437878729075	10
ZC3H8	0	0.14795158430933947	0.028667828191657092	10
ZC3HAV1	0	0.061814688891172365	0.09716120329724062	10
ZC3HAV1L	0	0.03594170063734051	0.00018639088877713726	10
ZC3HC1	0	0.04516619332134718	0.002222496181265022	10
ZC4H2	0	0.1095949217677116	0.0017057992986532814	10
ZCCHC10	0	0.04180062040686603	0.025088799408892117	10
ZCCHC11	0	0.8779656231403351	0.8206093350490793	10
ZCCHC12	0	0.0630261950194835	0.0003463656448969779	10
ZCCHC13	0	0.03425782956182951	0.13362249490801847	10
ZCCHC14	0	0.7885880529880523	0.973552740636712	10
ZCCHC16	0	0.03416748438030476	0.00654284382257706	10
ZCCHC17	0	0.09172715730965134	0.001542258154614995	10
ZCCHC18	0	0.0394048530608415	0.06652135595977202	10
ZCCHC2	0	0.26368405967950814	0.8172353222401938	10
ZCCHC24	0	0.19471306949853895	0.48695660633373566	10
ZCCHC3	0	0.0643568884581327	0.18131293687672784	10
ZCCHC4	0	0.03635878842324014	0.00032177441358007214	10
ZCCHC5	0	0.033862873353064024	0.0102280514101071	10
ZCCHC6	0	0.6714522004127502	0.7447619269493554	10
ZCCHC7	0	0.07334157265722747	0.5433417332944543	10
ZCCHC8	0	0.6467398971319198	0.5196311834636739	10
ZCCHC9	0	0.04018666557967656	0.01980171946221016	10
ZCRB1	0	0.06941902637481684	0.0004939048149668347	10
ZCWPW1	0	0.03321639038622374	0.0935690343341933	10
ZCWPW2	0	0.03542499821633096	0.02405162545720213	10
ZDBF2	0	0.0805360164493322	0.4748928708670673	10
ZDHHC1	0	0.040845984965562784	0.014518227413389827	10
ZDHHC11	0	0.0336921280249953	0.0006232612648210579	10
ZDHHC11B	0	0.0817242074757814	0.04101696841112103	10
ZDHHC12	0	0.03747864961624139	0.004900167851752462	10
ZDHHC13	0	0.04636553078889843	0.028528698598549628	10
ZDHHC14	0	0.42151822745800016	0.26728054631739334	10
ZDHHC15	0	0.14025347977876662	0.03343418442074314	10
ZDHHC16	0	0.0624688476324081	0.0029858605023794097	10
ZDHHC17	0	0.7807823956012726	0.44151614739065925	10
ZDHHC18	0	0.041775410622358275	0.04305663782162246	10
ZDHHC19	0	0.03514414392411705	0.20339244563282524	10
ZDHHC2	0	0.04213963560760015	0.07210655938116074	10
ZDHHC20	0	0.04510523751378054	0.232214765067694	10
ZDHHC21	0	0.1107779875397682	0.10752971873765402	10
ZDHHC22	0	0.04745258577167982	4.692973032898237e-05	10
ZDHHC23	0	0.04111033380031581	0.017159314536163865	10
ZDHHC24	0	0.05531160607933994	0.0024864616439504088	10
ZDHHC3	0	0.08169480003416535	0.45596382709291666	10
ZDHHC4	0	0.04474435932934278	2.4487729173944157e-05	10
ZDHHC5	0	0.5397567808628082	0.6943291392194978	10
ZDHHC6	0	0.04824496768414971	0.014028039123321378	10
ZDHHC7	0	0.03903534077107902	0.17555332920153427	10
ZDHHC8	0	0.2370795235037803	0.3233014138656695	10
ZDHHC9	0	0.363068038225174	0.0043067243653207	10
ZEB1	0	0.5663198441267013	0.8967830744862019	10
ZEB2	0	0.9244429707527161	0.9786871251541097	10
ZER1	0	0.8476233661174775	0.3519363037414274	10
ZFAND1	0	0.04291577190160747	0.024515201071697974	10
ZFAND2A	0	0.03867234624922271	0.05565809715520651	10
ZFAND2B	0	0.04518279358744617	0.027103669186189182	10
ZFAND3	0	0.23664465248584743	0.036404487642881476	10
ZFAND4	0	0.03469152487814422	0.17700909890508443	10
ZFAND5	0	0.2542497366666793	0.28754700705845193	10
ZFAND6	0	0.06654631756246085	0.09796573377767123	10
ZFAT	0	0.06689695194363589	0.6471339208324138	10
ZFC3H1	0	0.9023999869823456	0.8275308357514465	10
ZFHX3	0	0.8854185581207276	0.9986514793558984	10
ZFHX4	0	0.8646228075027466	0.9962194769878818	10
ZFP1	0	0.04013099484145636	0.0027377699107372267	10
ZFP14	0	0.09027890712022776	0.044023409835633624	10
ZFP2	0	0.03391713574528689	0.0004734298199498066	10
ZFP28	0	0.04595429077744481	0.02942054628594169	10
ZFP3	0	0.03709510713815684	0.002757678407382978	10
ZFP30	0	0.035187442228198	0.004542650236623597	10
ZFP36	0	0.10528513565659518	0.007293741865677825	10
ZFP36L1	0	0.17808402478694912	0.6445587847466577	10
ZFP36L2	0	0.27537635266780847	0.818445653241836	10
ZFP37	0	0.03338424824178213	0.008477889652558985	10
ZFP41	0	0.04141006730496879	0.016921152474087868	10
ZFP42	0	0.06783467382192607	0.0018990784283298122	10
ZFP57	0	0.056065611541271175	0.09958772541553859	10
ZFP62	0	0.3493446081876755	0.0032687330626960734	10
ZFP64	0	0.0377135697752237	0.547360621982981	10
ZFP69	0	0.051777947694063145	0.001137094944808998	10
ZFP69B	0	0.05729331150650972	0.002267642402000051	10
ZFP82	0	0.2778301872313022	0.0011696001245414737	10
ZFP90	0	0.16256700605154034	0.0020570242090614576	10
ZFP91	0	0.36679619252681733	0.6230161626465585	10
ZFP91-CNTF	0	0.17228983938693995	0.31144760514243197	10
ZFP92	0	0.06925833113491531	0.1078097541111764	10
ZFPL1	0	0.039964448288083036	0.03641616178873317	10
ZFPM1	0	0.21951167508959765	0.14261203995916236	10
ZFPM2	0	0.4540312647819519	0.3778396096921993	10
ZFR	0	0.9288237035274506	0.9324740582069545	10
ZFR2	0	0.0616024456918239	0.24731107596486418	10
ZFX	0	0.7793685615062713	0.9124121875417719	10
ZFY	0	0.1449938856065273	0.34590480876570695	10
ZFYVE1	0	0.35651730895042416	0.3240399136775409	10
ZFYVE16	0	0.15141382515430446	0.5741453278075559	10
ZFYVE19	0	0.033972198143601376	0.005608884887060385	10
ZFYVE20	0	0.09518501609563824	0.06904581712548644	10
ZFYVE21	0	0.08408265486359591	0.002571622831199548	10
ZFYVE26	0	0.08946116119623179	0.7005636884799848	10
ZFYVE27	0	0.0736248649656772	0.08387985834115844	10
ZFYVE28	0	0.08723160661756987	0.13479519219410788	10
ZFYVE9	0	0.452549809217453	0.21431535760265738	10
ZG16B	0	0.034686077572405286	4.512227271290844e-05	10
ZGLP1	0	0.052936156839132276	0.0010498357062842135	10
ZGPAT	0	0.07566711530089373	0.029679719784979557	10
ZHX1	0	0.6933554649353028	0.7384306598709443	10
ZHX2	0	0.12678197175264355	0.9987405956395967	10
ZHX3	0	0.17048623114824293	0.7077965945351741	10
ZIC1	0	0.504062482714653	0.8781252738405282	10
ZIC3	0	0.2683956176042556	0.3396733518350404	10
ZIC4	0	0.076043314859271	0.39955929473901375	10
ZIC5	0	0.12756274119019503	0.8250693724973555	10
ZIK1	0	0.032709121331572485	0.004060231798565442	10
ZIM2	0	0.03581256326287981	0.27415725119767137	10
ZIM3	0	0.0344750721007585	0.01892351619200563	10
ZKSCAN1	0	0.5931147933006287	0.14794312482734887	10
ZKSCAN2	0	0.053831805661320654	0.28259984378511793	10
ZKSCAN3	0	0.04663426391780372	0.028419006775549333	10
ZKSCAN4	0	0.03826034441590306	0.0048829441463026	10
ZKSCAN5	0	0.06098620034754269	0.00440348693134515	10
ZKSCAN7	0	0.05422479249536988	0.1461208676860147	10
ZKSCAN8	0	0.055768967792391724	0.11646551497718308	10
ZMAT1	0	0.05282041803002353	0.25218538926846257	10
ZMAT2	0	0.5169811636209488	0.3232661013757864	10
ZMAT3	0	0.05466418303549285	0.449391779548851	10
ZMAT4	0	0.05444544441998002	0.02365094016919407	10
ZMAT5	0	0.03793588243424887	0.000162879582239797	10
ZMIZ1	0	0.888119924068451	0.8196490647345659	10
ZMIZ2	0	0.7225768208503723	0.03869513412164422	10
ZMPSTE24	0	0.07109648324549195	0.0171896887129661	10
ZMYM1	0	0.06924581676721568	0.19636522896214753	10
ZMYM2	0	0.8874522268772125	0.48075149198059774	10
ZMYM3	0	0.916156667470932	0.7148614452027344	10
ZMYM4	0	0.9040728569030761	0.8787457107817396	10
ZMYM5	0	0.069861564412713	0.10481871035202732	10
ZMYM6	0	0.06981443054974075	0.10179858751846813	10
ZMYND10	0	0.04082121849060053	0.00229697453715952	10
ZMYND11	0	0.9283962428569794	0.532727514549695	10
ZMYND12	0	0.0335756609216332	1.2832024540707833e-05	10
ZMYND15	0	0.059092936664819684	0.08255907539311097	10
ZMYND19	0	0.23007893040776248	0.06405050558122197	10
ZMYND8	1	0.9330731960542408	0.9981983997578837	648
ZNF10	0	0.044961001724004704	0.0005004717386837161	10
ZNF100	0	0.03570269644260402	0.024071607063172164	10
ZNF101	0	0.04353444986045356	0.005962689317210891	10
ZNF106	0	0.3653757691383362	0.6468635938913299	10
ZNF107	0	0.03666065521538253	0.04884568333066062	10
ZNF112	0	0.09919314794242379	0.08958579834488076	10
ZNF114	0	0.031412984430789895	0.0008641359300866633	10
ZNF117	0	0.07731329090893263	0.004179543033850632	10
ZNF12	0	0.09915546141564842	0.0032720238431050395	10
ZNF121	0	0.05193097107112401	0.021519280484718656	10
ZNF124	0	0.06910733282566066	0.0005035301005723516	10
ZNF131	0	0.7698140621185303	0.7125158596351315	10
ZNF132	0	0.03277447316795583	0.08878964027887376	10
ZNF133	0	0.05183988101780411	0.04862705327660688	10
ZNF134	0	0.033794564940035285	0.06689013618320051	10
ZNF135	0	0.0381268765777349	0.011824090413436952	10
ZNF136	0	0.04532683268189426	0.0031641367449058563	10
ZNF138	0	0.07538184374570842	0.025468943813783607	10
ZNF14	0	0.03878709450364109	0.04221801513541992	10
ZNF140	0	0.038918284326791716	0.00011885453631819394	10
ZNF141	0	0.040824738144874514	0.02176587918945104	10
ZNF142	0	0.041888273879885654	0.13642180004241844	10
ZNF143	0	0.14545007348060604	0.7638336173867246	10
ZNF146	0	0.33682004809379573	0.03498093584697144	10
ZNF148	0	0.9355722963809967	0.6957032511855636	10
ZNF154	0	0.040405565872788374	0.00414023513873088	10
ZNF155	0	0.03363758269697423	0.1051433814319737	10
ZNF157	0	0.04375513065606352	0.0034641024991989406	10
ZNF16	0	0.03707009293138977	0.12725968584068378	10
ZNF160	0	0.04283415414392942	0.004221864396493002	10
ZNF165	0	0.03027822077274318	1.1689709667818921e-05	10
ZNF169	0	0.03330359533429143	0.002884530015865162	10
ZNF17	0	0.03657471463084218	0.020367038601613686	10
ZNF174	0	0.04137134328484529	0.00489613445762976	10
ZNF175	0	0.03927390500903123	0.009017060018714163	10
ZNF177	0	0.0428185567259788	0.0003681529374916	10
ZNF18	0	0.03355828225612635	6.652563110516084e-05	10
ZNF180	0	0.0323917809873819	0.0011328881534173906	10
ZNF181	0	0.03480119071900839	0.010899337756408294	10
ZNF182	0	0.2562537610530853	0.003275734270240884	10
ZNF184	0	0.1482271499931812	0.06284992511082801	10
ZNF185	0	0.03352826908230777	0.10422351588256488	10
ZNF189	0	0.04834953956305975	0.22032439602911585	10
ZNF19	0	0.03283745311200614	0.0011926468589166463	10
ZNF195	0	0.046538875624537415	0.0007449369675528617	10
ZNF197	0	0.05523346215486523	0.05227171097898707	10
ZNF2	0	0.03460606820881362	0.00017448485800173634	10
ZNF20	0	0.032172808609902806	0.010769283349725736	10
ZNF200	0	0.03145533278584476	5.783018051269805e-05	10
ZNF202	0	0.08471146933734412	0.2660733174331342	10
ZNF205	0	0.07182660289108747	0.11220470240887984	10
ZNF207	0	0.4616148918867111	0.48167221703183943	10
ZNF208	0	0.03583360277116293	0.0005519819121752529	10
ZNF211	0	0.032976955547928774	0.014902153339820465	10
ZNF212	0	0.03517671469599004	0.3385436896826035	10
ZNF213	0	0.035795033164322344	0.15075498327617365	10
ZNF214	0	0.032156198844313574	0.001968225734730781	10
ZNF215	0	0.032362764701247174	0.003865611012403284	10
ZNF217	0	0.7476984918117523	0.9816818932938178	10
ZNF219	0	0.49125208854675295	0.2826337581096261	10
ZNF22	0	0.055489234253764105	0.00011254160685950131	10
ZNF221	0	0.03255386799573895	0.0001598984638926329	10
ZNF222	0	0.03382647261023517	0.0008120646058049696	10
ZNF223	0	0.04530126787722106	0.020010522921368977	10
ZNF224	0	0.04767294079065319	0.002179062396267105	10
ZNF225	0	0.032965765520930265	0.004708373688552947	10
ZNF226	0	0.0543359093368053	0.2359773080515548	10
ZNF227	0	0.04061137624084947	0.001310839129420172	10
ZNF229	0	0.03264572676271194	0.179084087727063	10
ZNF23	0	0.04126403816044326	0.00029770925102677316	10
ZNF230	0	0.03175390269607301	0.036874138750438476	10
ZNF232	0	0.03596578314900392	0.06780047916938921	10
ZNF233	0	0.043105300888419115	0.00025336317982435554	10
ZNF234	0	0.032169306464493244	0.00042093789480518207	10
ZNF235	0	0.033878561668097926	0.09814461521115388	10
ZNF236	0	0.8612089455127716	0.7211773529451795	10
ZNF239	0	0.031461715698242146	1.8251556759292836e-05	10
ZNF24	0	0.6309997707605361	0.17967084898163568	10
ZNF248	0	0.1967947959899902	0.0011653223911465825	10
ZNF25	0	0.04388718642294403	0.0003564013900151499	10
ZNF250	0	0.09124387428164478	0.000514126152536576	10
ZNF251	0	0.05358259081840511	5.141168548241711e-06	10
ZNF253	0	0.04949456900358196	0.0009363613169289575	10
ZNF254	0	0.08080716803669925	0.0014769320868012869	10
ZNF256	0	0.0447302639484405	0.0007462803517746583	10
ZNF257	0	0.03307419698685402	0.00033861652034439547	10
ZNF259	0	0.06664429306983945	0.24708938650035747	10
ZNF260	0	0.04383612833917136	0.00012979473933800631	10
ZNF263	0	0.04005361236631866	0.10513575249542251	10
ZNF264	0	0.04125230200588699	0.21112618584717469	10
ZNF266	0	0.03545415624976154	0.046935955987107744	10
ZNF267	0	0.03595282621681685	0.0015081068272862711	10
ZNF268	0	0.059263011440634686	0.031906650759311775	10
ZNF273	0	0.04964880198240275	0.011118843749993373	10
ZNF274	0	0.1091158606112003	0.05766945668935743	10
ZNF275	0	0.055406668409705116	0.5183972751049528	10
ZNF276	0	0.04433602020144457	0.013107793278001031	10
ZNF277	0	0.04187310971319671	0.0041304857470670624	10
ZNF28	0	0.03431243617087597	0.029745180906630347	10
ZNF280A	0	0.055086291581392256	0.015327527060576515	10
ZNF280B	0	0.04885997660458084	0.4112315433818698	10
ZNF280C	0	0.38067483007907865	0.2664445486785324	10
ZNF280D	0	0.4036074817180634	0.19339694908199934	10
ZNF281	0	0.7399919986724853	0.644423998073842	10
ZNF282	0	0.1825864806771278	0.42187666468016616	10
ZNF283	0	0.03318694736808533	0.001548211650190904	10
ZNF284	0	0.03146194443106648	0.0182707316743117	10
ZNF285	0	0.03431768901646133	0.14005552191109175	10
ZNF286A	0	0.04113275520503516	0.04980568529072622	10
ZNF286B	0	0.03855157233774656	0.00478533833753233	10
ZNF287	0	0.2661476343870163	0.001533160968889599	10
ZNF292	1	0.9000388278007507	0.881188829871471	625
ZNF296	0	0.18779443800449366	0.20350373885629353	10
ZNF3	0	0.046330499649047806	0.00015059922767347503	10
ZNF30	0	0.032695196941494906	0.04740499888162138	10
ZNF300	0	0.057753360271453814	1.549473485806907e-05	10
ZNF302	0	0.11035840213298793	0.1814924366385861	10
ZNF304	0	0.04381703510880465	0.00307172487606871	10
ZNF311	0	0.03305175397545096	0.0014390843129349219	10
ZNF317	0	0.03648325055837626	0.21360958025673843	10
ZNF318	0	0.4108447045087814	0.7567453173220589	10
ZNF319	0	0.6171755611896514	0.36422602096377565	10
ZNF32	0	0.08697390854358669	0.0127326165360274	10
ZNF320	0	0.03244707770645615	0.021881791274045347	10
ZNF321P	0	0.05808082297444337	0.004459244756384065	10
ZNF322	0	0.10593259148299687	0.003239368156027927	10
ZNF324	0	0.04028644375503058	0.3901942307717332	10
ZNF324B	0	0.03677460849285122	0.1752351089731607	10
ZNF326	0	0.5088097214698791	0.6182799210992851	10
ZNF329	0	0.042939156293868956	0.0014586602686694895	10
ZNF330	0	0.056468664854764886	0.044767457724344276	10
ZNF331	0	0.30200312733650203	0.11135946417965989	10
ZNF333	0	0.03424126636236902	0.24255087096575956	10
ZNF334	0	0.043750144541263546	0.01866343593846237	10
ZNF335	0	0.18159847930073733	0.8686678043467818	10
ZNF337	0	0.053982160240411727	0.0056491634450918605	10
ZNF33A	0	0.0834647640585899	0.0024910870157362516	10
ZNF33B	0	0.0587236318737268	0.004185297146366284	10
ZNF34	0	0.036392570659518196	0.00013338995624294353	10
ZNF341	0	0.0546956673264503	0.317553828881788	10
ZNF343	0	0.032521302253007846	0.00874565402635799	10
ZNF345	0	0.047367384657263714	8.026174315865192e-05	10
ZNF346	0	0.050675620138645114	0.0017180048901237564	10
ZNF347	0	0.04305025637149806	0.000859830869472085	10
ZNF35	0	0.039138090237975084	0.11926804009792395	10
ZNF350	0	0.05177738741040224	0.001590388287924315	10
ZNF354A	0	0.04454870894551271	0.0029695073500395266	10
ZNF354B	0	0.04519030936062331	5.547479014023332e-05	10
ZNF354C	0	0.037368586659431394	0.05194987150761528	10
ZNF358	0	0.1681773744523525	0.07372122756141601	10
ZNF362	0	0.4170987278223038	0.7180345251147446	10
ZNF365	0	0.04515409320592875	0.10124347818742614	10
ZNF366	0	0.06339776851236816	0.05463099155223426	10
ZNF367	0	0.3196233540773391	0.05770894548988211	10
ZNF37A	0	0.13008144423365592	0.00258939181419673	10
ZNF382	0	0.09028087481856344	0.047280613747816815	10
ZNF383	0	0.03728356845676894	0.023745648740404517	10
ZNF384	0	0.7789250791072846	0.6647894080634219	10
ZNF385A	0	0.08098100833594794	0.8442389808777133	10
ZNF385B	0	0.06234540082514282	0.4712360266812576	10
ZNF385D	0	0.1027879454195499	0.6965795208199874	10
ZNF391	0	0.03312753569334741	0.06171536119066394	10
ZNF394	0	0.03377561010420318	0.21938012309249433	10
ZNF395	0	0.10613174624741073	0.050689479059220985	10
ZNF396	0	0.04234389662742611	0.0003124283227110715	10
ZNF397	0	0.1322476983070373	0.00396004815934658	10
ZNF398	0	0.07323270067572588	0.2054279227452102	10
ZNF404	0	0.03885890208184714	0.013428503309155604	10
ZNF407	0	0.5254201486706733	0.9245327041435886	10
ZNF408	0	0.05256930813193318	0.419873124510086	10
ZNF41	0	0.04372507520020004	0.0020773378246150753	10
ZNF410	0	0.23139414265751834	0.001413096549989626	10
ZNF414	0	0.07369064837694164	0.00455038648109643	10
ZNF415	0	0.03568998575210568	0.007974388788540576	10
ZNF416	0	0.03412866648286576	0.10508631474548365	10
ZNF417	0	0.03685910068452351	0.0012316833777395626	10
ZNF418	0	0.039935499802231725	0.04263923636337436	10
ZNF419	0	0.0338108886033296	0.015103386402824801	10
ZNF420	0	0.04970349185168739	0.001729966916612875	10
ZNF423	0	0.8199394106864929	0.13618495399579533	10
ZNF425	0	0.045277205854654265	0.01692935840329544	10
ZNF426	0	0.05362590365111823	0.001089626364300662	10
ZNF428	0	0.12326660752296444	0.550059789665288	10
ZNF429	0	0.03555830121040339	0.009565397631832855	10
ZNF43	0	0.04593135714530941	0.005968753907508879	10
ZNF430	0	0.05622676573693748	0.0001118402916630229	10
ZNF431	0	0.10328417420387263	0.0168897856477208	10
ZNF432	0	0.03225393071770663	0.03802838366224631	10
ZNF433	0	0.038343391194939555	0.01226334714430595	10
ZNF436	0	0.03886942714452738	0.0016538499572058482	10
ZNF438	0	0.05224222913384433	0.032587242228654875	10
ZNF439	0	0.05893132649362082	0.22348053511445037	10
ZNF44	0	0.03394225779920812	0.01207665992841116	10
ZNF440	0	0.03308437466621394	0.0016226754621029148	10
ZNF441	0	0.03847769536077972	0.0124409653210457	10
ZNF442	0	0.03516698926687235	0.18065000753066598	10
ZNF443	0	0.03398335352540013	0.09584710250430332	10
ZNF444	0	0.16544835641980166	0.0009631513498132462	10
ZNF445	0	0.675205859541893	0.05621092030622139	10
ZNF446	0	0.03805896770209069	0.013984604302940018	10
ZNF449	0	0.15100250989198682	0.0035903383545336787	10
ZNF45	0	0.033056176826357794	0.10518626142238549	10
ZNF451	0	0.32791744470596307	0.6995214597556944	10
ZNF454	0	0.04906402267515654	0.0009639397435232446	10
ZNF460	0	0.07215530127286905	0.0013889222125130763	10
ZNF461	0	0.03433432169258589	0.00035596006854031936	10
ZNF462	1	0.926935040912991	0.9962383913654569	631
ZNF467	0	0.044554897025227504	0.40304466752767015	10
ZNF468	0	0.03320980779826637	0.01135608772217439	10
ZNF470	0	0.03446919247508044	0.23848222248806583	10
ZNF471	0	0.037806900963187166	0.061330175389895325	10
ZNF473	0	0.052217633277177745	0.15483616481884988	10
ZNF474	0	0.03253953531384464	6.955496262784489e-06	10
ZNF479	0	0.03529044799506659	5.3458654891421625e-05	10
ZNF48	0	0.058534735813736874	0.1635766507745486	10
ZNF480	0	0.03338993117213246	0.0013430683540489826	10
ZNF483	0	0.6621133863925934	0.5812164843767608	10
ZNF484	0	0.035374981909990263	0.00044735417421086065	10
ZNF485	0	0.032061196304857695	3.570854744278985e-05	10
ZNF486	0	0.03199066314846273	0.0012578759903455728	10
ZNF487	0	0.06873190253973002	0.018127376596102585	10
ZNF488	0	0.04793635122478003	0.024177378818086924	10
ZNF490	0	0.03188715539872642	0.03489107754405214	10
ZNF491	0	0.05861262865364545	0.0002462489121993855	10
ZNF492	0	0.03363117016851897	0.00045650846392083724	10
ZNF493	0	0.09423924833536143	0.023059997454148252	10
ZNF496	0	0.5216984122991561	0.033293717015851446	10
ZNF497	0	0.0919044882059097	0.02599399497112349	10
ZNF500	0	0.04988538958132262	0.0013827027911974999	10
ZNF501	0	0.03098747301846737	0.0002858000038452043	10
ZNF502	0	0.03158306032419199	0.0027299524234633728	10
ZNF503	0	0.23043011575937267	0.9100840146319651	10
ZNF506	0	0.04018823131918903	0.0013921153388096366	10
ZNF507	0	0.16163090914487838	0.482716524676927	10
ZNF510	0	0.03910017795860763	0.01588463719353415	10
ZNF511	0	0.051956324651837305	0.0001641800108496579	10
ZNF512	0	0.6348019719123841	0.0029115260142840603	10
ZNF512B	0	0.5118033021688462	0.6262539938656477	10
ZNF513	0	0.17405876293778416	0.13473775655712542	10
ZNF514	0	0.03524455130100246	0.0007226700674657701	10
ZNF516	0	0.6346157848834991	0.6908997798648695	10
ZNF517	0	0.03563517630100244	0.01003331967965095	10
ZNF518B	0	0.05094801783561702	0.8092943164788846	10
ZNF519	0	0.07272406890988345	0.0018592081194969065	10
ZNF521	0	0.8482412278652192	0.4949573949799255	10
ZNF524	0	0.038739281147718366	0.06836925622692627	10
ZNF525	0	0.06039120107889171	0.001548165520192918	10
ZNF526	0	0.050858695805072726	0.1404786670812524	10
ZNF527	0	0.03306846357882019	5.678427061535381e-05	10
ZNF528	0	0.05141691006720063	0.00021571824723105792	10
ZNF529	0	0.04783554226160045	0.018101138265286695	10
ZNF530	0	0.03295158278197046	0.0010898504336702955	10
ZNF532	0	0.8948818683624268	0.990298796770754	10
ZNF534	0	0.03377631269395346	0.00587833710700828	10
ZNF536	0	0.8453881144523621	0.5831978536125793	10
ZNF540	0	0.06235484220087523	0.0029563367847118796	10
ZNF543	0	0.03253883905708786	0.0010336136541728008	10
ZNF544	0	0.03585694953799242	0.022520363555374647	10
ZNF546	0	0.03228700421750539	0.0008393006983350656	10
ZNF547	0	0.03413859028369184	0.05460113826431855	10
ZNF548	0	0.03418790437281128	0.08690424430972057	10
ZNF549	0	0.03458078950643534	0.006713046562542497	10
ZNF550	0	0.03185596819967027	0.15259945288002114	10
ZNF551	0	0.032490728795528376	0.0006983611795592901	10
ZNF552	0	0.03969336748123163	0.018061104992043057	10
ZNF554	0	0.03332576770335432	0.0006615248130171017	10
ZNF555	0	0.04279824234545226	0.053065065134642916	10
ZNF556	0	0.03263175524771209	0.005019575746727971	10
ZNF557	0	0.03178741261363025	0.015474016523546918	10
ZNF558	0	0.03679819591343399	0.0105612071084835	10
ZNF559	0	0.03660830818116661	0.0004011405514929442	10
ZNF560	0	0.03746165856719013	0.0002949078099242978	10
ZNF561	0	0.03832418024539943	0.025500960564266244	10
ZNF562	0	0.06962946504354472	0.0356475594294418	10
ZNF563	0	0.05124290324747558	7.247303995924576e-05	10
ZNF564	0	0.05288953930139537	0.005452554434615982	10
ZNF565	0	0.037429203838109944	0.001147638702596486	10
ZNF566	0	0.058681482449173886	0.02085089393847286	10
ZNF567	0	0.04957572631537911	0.0004373317361496508	10
ZNF568	0	0.051789660751819566	0.00045573975863481874	10
ZNF569	0	0.05290355384349817	0.00021972627801317282	10
ZNF57	0	0.031793177872896136	0.0005179530510208308	10
ZNF570	0	0.03427323214709753	0.0005537311611912266	10
ZNF571	0	0.03495469056069847	0.0011369473856915153	10
ZNF572	0	0.033711201883852446	0.02209898385434186	10
ZNF573	0	0.03539985995739694	0.03195463336234937	10
ZNF574	0	0.08582527525722977	0.014045297133701812	10
ZNF575	0	0.03530560526996845	0.06316978700390213	10
ZNF576	0	0.035139144957065535	0.00304767107441863	10
ZNF577	0	0.03228184469044203	0.0484230315036513	10
ZNF578	0	0.03426860049366946	0.0055764159300334395	10
ZNF580	0	0.167863205820322	0.401781439947242	10
ZNF581	0	0.04287368580698963	0.0004853890654341978	10
ZNF582	0	0.03746008351445193	4.085021535814128e-05	10
ZNF583	0	0.14876411631703373	0.0004583073897241266	10
ZNF584	0	0.031268716789782006	0.02859633966561977	10
ZNF585A	0	0.03955457918345923	0.05482237620071991	10
ZNF585B	0	0.036703220382332764	0.010875043966214738	10
ZNF586	0	0.03141962904483074	0.08884302065446592	10
ZNF587	0	0.04662806168198581	0.027444296034127992	10
ZNF587B	0	0.03674546815454956	0.005158094773984191	10
ZNF589	0	0.03541769906878467	0.0064462358019527445	10
ZNF592	0	0.7203106164932251	0.6190030784941366	10
ZNF593	0	0.0663415629416704	0.013571898355853294	10
ZNF594	0	0.0377206495031714	0.005105076602606293	10
ZNF595	0	0.06786962449550624	0.0042541950339438726	10
ZNF596	0	0.03230479154735799	1.6478744503248067e-05	10
ZNF597	0	0.031146152876317452	0.0740597223747494	10
ZNF598	0	0.16093970164656635	0.42021201019109455	10
ZNF599	0	0.03070929031819102	0.1487856604178923	10
ZNF600	0	0.0699446283280849	0.0008133094096435935	10
ZNF605	0	0.10697708986699576	0.004411786849368651	10
ZNF606	0	0.14000066034495826	0.0010061486482910993	10
ZNF607	0	0.03388584125787014	0.12867914833895072	10
ZNF608	0	0.8989679217338562	0.879142562110569	10
ZNF609	0	0.9018087208271026	0.9351963537346262	10
ZNF610	0	0.0323801681399345	0.005134650115172548	10
ZNF611	0	0.03558505736291405	0.013995482080729644	10
ZNF613	0	0.0381319440901279	0.00014074898502842648	10
ZNF614	0	0.03567023165524001	0.026400428237761942	10
ZNF615	0	0.03459040820598598	0.0005614478663795061	10
ZNF616	0	0.03492010775953526	0.0509654446253459	10
ZNF618	0	0.7563257813453674	0.9419075122540276	10
ZNF619	0	0.03316214457154271	0.006223265784575599	10
ZNF620	0	0.032872034609317716	0.00015190247056065631	10
ZNF621	0	0.03621757514774794	0.0025052466730036403	10
ZNF622	0	0.0639833834022283	0.11958364877758598	10
ZNF623	0	0.03375394195318217	0.04224511187700662	10
ZNF624	0	0.06638355739414688	0.0010758050487542899	10
ZNF625	0	0.044309575110673835	0.04389532556051941	10
ZNF625-ZNF20	0	0.17387478575110432	0.03452637010281433	10
ZNF626	0	0.04359507560729975	0.0035054671847314666	10
ZNF627	0	0.03520957864820954	0.00444133872863355	10
ZNF628	0	0.14281461201608175	0.4869760664393339	10
ZNF629	0	0.7236551433801651	0.14300532798737067	10
ZNF630	0	0.03397788051515813	1.985657488648984e-05	10
ZNF638	0	0.8751320540904999	0.41934235885323073	10
ZNF639	0	0.12126679196953769	0.2331027402959896	10
ZNF641	0	0.049197388440370526	0.01788086185017444	10
ZNF644	0	0.8233330130577088	0.8499296725295478	10
ZNF645	0	0.05821915976703161	0.00820700265914801	10
ZNF646	0	0.06051040738821027	0.3731388564359077	10
ZNF648	0	0.036258552968501986	0.058596333866771	10
ZNF649	0	0.04847239572554822	0.08690344873694276	10
ZNF652	0	0.5204101219773293	0.7093139816898313	10
ZNF653	0	0.03990615271031853	0.5355235880960472	10
ZNF654	0	0.40178006440401076	0.5383692437239218	10
ZNF655	0	0.0868777364492416	0.01965083733047139	10
ZNF66	0	0.06369776315987107	0.0001655463846804355	10
ZNF660	0	0.03671240434050556	0.0059300758212514956	10
ZNF662	0	0.032769465073943085	0.010302740367153815	10
ZNF664	0	0.07477772347629065	0.10785713090166302	10
ZNF665	0	0.03681791499257084	0.00021236230810241482	10
ZNF667	0	0.059275650978088346	0.001465705101301769	10
ZNF668	0	0.11691329851746557	0.448171179425338	10
ZNF669	0	0.03907639719545836	0.004028415720124913	10
ZNF670	0	0.03327172286808486	0.0005707195895567044	10
ZNF671	0	0.037582841143012004	0.00029554407777718634	10
ZNF672	0	0.07607507333159441	0.3052226876086449	10
ZNF674	0	0.0328158507123589	0.000247236513576097	10
ZNF675	0	0.057336792349815334	0.001975715632736256	10
ZNF676	0	0.03543223254382605	1.3953717829179801e-05	10
ZNF677	0	0.04858583286404605	2.0163032310189182e-05	10
ZNF678	0	0.09455419704318044	0.14864272476818247	10
ZNF679	0	0.03389369510114189	0.004579420281993457	10
ZNF680	0	0.05362741723656651	0.0005439125735799148	10
ZNF681	0	0.03373159058392044	0.019914587288215456	10
ZNF682	0	0.038800495862960784	5.963860135292971e-05	10
ZNF683	0	0.0324291922152042	0.014052565461395402	10
ZNF684	0	0.030634459108114187	8.437401442837455e-06	10
ZNF687	0	0.4430741101503372	0.24918314362837543	10
ZNF688	0	0.0393024746328592	0.001176484854839709	10
ZNF689	0	0.17505251318216322	0.014044185051894541	10
ZNF69	0	0.03234519362449641	0.010134239894247821	10
ZNF691	0	0.08439875729382035	0.001822904003779983	10
ZNF692	0	0.05817755833268162	0.00019134609110625116	10
ZNF695	0	0.03326683677732939	0.0004537099290856478	10
ZNF696	0	0.04047542773187157	0.013007868423248909	10
ZNF697	0	0.0496783826500177	0.3039050720320845	10
ZNF699	0	0.04566464535892004	0.17664889954115676	10
ZNF7	0	0.05736843943595882	0.0325569130561221	10
ZNF70	0	0.03888051956892008	0.011298244157436322	10
ZNF700	0	0.03295708615332837	0.11099915878380048	10
ZNF701	0	0.03351070638746019	0.012307765103606157	10
ZNF704	0	0.5872500151395798	0.6528514463389448	10
ZNF705A	0	0.03418776579201217	1.1347361360680104e-05	10
ZNF705B	0	0.059573370963334996	0.06460289227445229	10
ZNF705G	0	0.043037285655736876	0.0001690878464551448	10
ZNF706	0	0.2208131276071071	0.0007392388242609757	10
ZNF707	0	0.03488925658166403	0.004562496827628378	10
ZNF708	0	0.09441156350076194	0.05094302669397913	10
ZNF709	0	0.0537738382816314	0.0001356181157014223	10
ZNF71	0	0.0388582874089479	0.007305819411609101	10
ZNF710	0	0.4448657542467117	0.7454708202211991	10
ZNF711	0	0.8557581424713134	0.29880178050864586	10
ZNF713	0	0.04000238906592127	0.00011250486461038304	10
ZNF714	0	0.08738702721893783	0.009253626071978494	10
ZNF716	0	0.033752385713159985	0.007471225893456531	10
ZNF717	0	0.08186594955623146	0.08567285806911393	10
ZNF720	0	0.03513427954167122	0.008688233034296462	10
ZNF721	0	0.07696483507752414	0.10712758558585896	10
ZNF724P	0	0.053418914601206735	0.0007290320909367891	10
ZNF726	0	0.042098828032612765	0.0010541970127831903	10
ZNF727	0	0.043431130051612796	0.03955612183598737	10
ZNF728	0	0.036385021358728356	1.7579037685261015e-05	10
ZNF729	0	0.04442539289593692	0.09948548625096323	10
ZNF730	0	0.041485396400094	0.07571306242083349	10
ZNF732	0	0.03679214864969249	0.047936006275681606	10
ZNF736	0	0.05580261647701259	0.005362190829350134	10
ZNF737	0	0.039729304984211886	0.008513487757387559	10
ZNF738	0	0.07703441679477688	0.00011536523004000024	10
ZNF74	0	0.04645944051444526	0.00491083632786029	10
ZNF740	0	0.08046715483069415	0.4046481363393184	10
ZNF746	0	0.10715588927268978	0.3148029695805351	10
ZNF747	0	0.05715749263763422	0.0015182451150756214	10
ZNF749	0	0.03477973807603116	0.058381557588727886	10
ZNF750	0	0.0861974105238914	0.0399973120434408	10
ZNF75A	0	0.08633689731359478	0.017953660106992175	10
ZNF75D	0	0.03283208161592479	0.00838722120576743	10
ZNF76	0	0.04915091879665847	0.3504365284217858	10
ZNF763	0	0.04270472377538679	0.00718250537012257	10
ZNF764	0	0.03670354969799515	0.0006596060112001279	10
ZNF765	0	0.035466771572828244	0.01072578229888742	10
ZNF766	0	0.03526676334440703	0.02930355337897823	10
ZNF768	0	0.15552366226911543	0.19313369256539445	10
ZNF77	0	0.03271852973848577	0.008151297526179583	10
ZNF770	0	0.8282371282577514	0.43962756862812924	10
ZNF771	0	0.07851170636713502	0.01563239789219716	10
ZNF772	0	0.031508837826549965	0.047126550440424596	10
ZNF773	0	0.03103334810584779	0.0003941780144023235	10
ZNF774	0	0.03273573815822597	0.009602101428893648	10
ZNF775	0	0.039389988407492596	0.027363059675329156	10
ZNF776	0	0.04051353745162483	0.007464822024395581	10
ZNF777	0	0.7429196059703826	0.5726425830381421	10
ZNF778	0	0.03481305409222836	0.04985403245083744	10
ZNF780A	0	0.032472575642168475	0.1848876230429126	10
ZNF780B	0	0.04820501878857608	0.031560442992125896	10
ZNF781	0	0.06813961192965504	0.011560442419088983	10
ZNF782	0	0.04033193290233607	0.04585757603676137	10
ZNF783	0	0.03750300183892247	0.43148200148973537	10
ZNF784	0	0.06682620532810683	0.2758063651206397	10
ZNF785	0	0.03609463404864069	0.0034097425686363675	10
ZNF786	0	0.060816072672605484	0.023214016440635706	10
ZNF787	0	0.18419348448514936	0.19064069710641898	10
ZNF788	0	0.15420285090804095	0.00106913210533709	10
ZNF789	0	0.03306357227265829	0.06769628949989817	10
ZNF79	0	0.03244951181113714	0.0069733895294098805	10
ZNF790	0	0.03395966868847604	0.005848474603021955	10
ZNF791	0	0.10511398985981937	0.004212198299519578	10
ZNF792	0	0.03757947459816929	0.0026756430017702915	10
ZNF793	0	0.07283184975385662	0.0255988094257396	10
ZNF799	0	0.03449550233781333	0.18052574565623555	10
ZNF8	0	0.050774056091904586	0.06580057100617967	10
ZNF80	0	0.05709939338266844	0.0009337659712157735	10
ZNF800	0	0.5007655635476113	0.1386270429472505	10
ZNF804A	0	0.1117806244641542	0.091684202523578	10
ZNF804B	0	0.04165400899946685	0.26803810034624265	10
ZNF805	0	0.04800035692751403	0.13291939406109635	10
ZNF808	0	0.03515318613499398	0.21350929356554352	10
ZNF81	0	0.04379689097404475	0.3589419858281448	10
ZNF812	0	0.053387809172272635	0.0017141339636278017	10
ZNF813	0	0.03949163742363448	0.0071510577189740285	10
ZNF814	0	0.03724255766719575	0.004140537676858171	10
ZNF816	0	0.03221962656825776	0.11504132682269745	10
ZNF821	0	0.12302455529570575	0.019584810699635188	10
ZNF823	0	0.03500131964683527	0.005934151526404458	10
ZNF827	0	0.8447732329368591	0.8199457946478276	10
ZNF829	0	0.0349496332928538	0.03289255398219905	10
ZNF83	0	0.13515032231807705	0.0032506888648371492	10
ZNF830	0	0.04521266743540757	0.7408771897728735	10
ZNF831	0	0.0397827841341495	0.5405126203869011	10
ZNF835	0	0.07427650094032284	0.036487666046791385	10
ZNF836	0	0.03344023469835515	0.00011294494979206305	10
ZNF837	0	0.058013673871755544	0.3537932410727428	10
ZNF839	0	0.03550006859004493	0.007692365750389193	10
ZNF841	0	0.04259364902973169	0.00011848240083050133	10
ZNF844	0	0.03396471124142403	0.0043162376329187275	10
ZNF845	0	0.035117638856172514	0.00809378829118084	10
ZNF846	0	0.0346058094874024	5.620127374615811e-05	10
ZNF85	0	0.03353342059999701	0.01608653766376843	10
ZNF850	0	0.13472011834383008	0.00448969106104088	10
ZNF852	0	0.053769519180059414	0.007047656176621531	10
ZNF853	0	0.1611348040401935	0.7482974985412016	10
ZNF860	0	0.06087481640279289	0.0005868459097754826	10
ZNF862	0	0.05230164937674995	0.376163066538754	10
ZNF878	0	0.03279850482940671	0.007983432703613229	10
ZNF879	0	0.053090276569128	9.946031064524069e-05	10
ZNF880	0	0.03448519241064782	0.004781254807400322	10
ZNF891	0	0.1171132922172546	0.08436474645451973	10
ZNF90	0	0.03297480326145883	0.0007781577342128721	10
ZNF91	0	0.14168411642313	9.371978127984748e-06	10
ZNF92	0	0.07004241719841953	0.002433228502263186	10
ZNF93	0	0.04053209312260147	0.0004245116182645493	10
ZNF98	0	0.0387213241308927	0.0007169203344282229	10
ZNF99	0	0.040203329548239644	0.03275649988643735	10
ZNFX1	0	0.5132791191339493	0.4339766444492592	10
ZNHIT1	0	0.07747242860496041	0.07031097173370099	10
ZNHIT2	0	0.03434941209852691	0.16291482403677807	10
ZNHIT3	0	0.04288455918431278	0.0027905817417798007	10
ZNHIT6	0	0.042501717805862385	0.2767431079790558	10
ZNRD1	0	0.04862271696329114	0.006873445898253933	10
ZNRF1	0	0.3479732528328895	0.15015203879611574	10
ZNRF2	0	0.09055907949805256	0.26384340005846296	10
ZNRF3	0	0.3075247898697853	0.46191026147645625	10
ZNRF4	0	0.03964866623282428	0.20893506625939845	10
ZP1	0	0.036298845335841115	0.0562861483332639	10
ZP2	0	0.05452666878700252	0.005330005631135153	10
ZP3	0	0.04420676715672013	0.02962349611875858	10
ZP4	0	0.03456658013164993	0.0008185564470079628	10
ZPBP	0	0.0396716251969337	0.010880883233359572	10
ZPBP2	0	0.03338927179574962	0.06293807032978416	10
ZPLD1	0	0.03460895456373686	0.10070064246438251	10
ZRANB1	0	0.8544891595840454	0.4124521780567208	10
ZRANB2	0	0.7333498001098633	0.4174381551295056	10
ZRANB3	0	0.0406403854489326	0.6042424778115781	10
ZRSR1	0	0.060063560679554893	0.22471744644893876	10
ZRSR2	0	0.20531562343239784	0.4749063152976765	10
ZSCAN1	0	0.0373162511736154	0.004493613747965537	10
ZSCAN10	0	0.06107272580265995	0.02806945898640051	10
ZSCAN12	0	0.09864430353045459	0.047718736097590204	10
ZSCAN16	0	0.03247042223811146	0.0041581873779402345	10
ZSCAN18	0	0.1360751889646053	7.031764221099032e-05	10
ZSCAN2	0	0.05293059870600697	0.005376922601289579	10
ZSCAN20	0	0.07114699147641654	0.048799802391809005	10
ZSCAN21	0	0.03629209864884611	0.08655159277060709	10
ZSCAN22	0	0.0319199657067656	0.00017827869888188376	10
ZSCAN23	0	0.061799093335866875	0.007449350814053723	10
ZSCAN25	0	0.058834838867187454	0.0006572376576700572	10
ZSCAN29	0	0.03466707505285736	0.07415902065098393	10
ZSCAN30	0	0.05243387930095191	0.0010460091824294692	10
ZSCAN31	0	0.04899035319685932	0.00131825733899252	10
ZSCAN32	0	0.05290615968406195	0.011085096931260608	10
ZSCAN4	0	0.031928480416536294	0.0002584838268952646	10
ZSCAN5A	0	0.032706905715167475	0.0009075149759093426	10
ZSCAN5B	0	0.035292674601077975	0.021546738223419327	10
ZSCAN5C	0	0.05467643328011031	0.11799529504391629	10
ZSCAN9	0	0.05589840114116664	0.0010330091410816916	10
ZSWIM1	0	0.03260165769606823	0.04704657988686464	10
ZSWIM2	0	0.0336356127634644	0.00018777932821051587	10
ZSWIM3	0	0.03742747157812114	0.4007861197400403	10
ZSWIM4	0	0.09988147020339963	0.23961498039991586	10
ZSWIM5	0	0.23363976851105686	0.191048974328953	10
ZSWIM6	0	0.9105356097221374	0.9996585017615821	10
ZSWIM7	0	0.040027561783790536	0.00012080887616985902	10
ZSWIM8	0	0.9089859783649444	0.6545713079300195	10
ZUFSP	0	0.03763778712600465	0.0008061315891486322	10
ZW10	0	0.06688123606145378	0.11015868631919642	10
ZWILCH	0	0.04078777842223639	0.006143614368364981	10
ZWINT	0	0.04087298177182671	0.001703384293450664	10
ZXDA	0	0.04206859283149237	0.13142472983805858	10
ZXDB	0	0.1822197556495666	0.040635105364180725	10
ZXDC	0	0.053516880795359566	0.12188729566490028	10
ZYG11B	0	0.851233971118927	0.31858186006317724	10
ZYX	0	0.0687045887112617	0.2058048594567518	10
ZZEF1	0	0.6312207132577896	0.6723988047422195	10
ZZZ3	0	0.620163094997406	0.6300792776449573	10
