embedding_row	gencode_gene_symbol	gene_id	transcript_id	sequence_length_nt
0	A1BG	ENSG00000121410.14	ENST00000263100.8	3382
1	A1CF	ENSG00000148584.18	ENST00000373997.8	9221
2	A2M	ENSG00000175899.17	ENST00000318602.12	4610
3	A2ML1	ENSG00000166535.21	ENST00000299698.12	5127
4	A3GALT2	ENSG00000184389.9	ENST00000442999.3	1023
5	A4GALT	ENSG00000128274.19	ENST00000642412.2	2092
6	A4GNT	ENSG00000118017.6	ENST00000236709.4	1779
7	AAAS	ENSG00000094914.16	ENST00000209873.9	1815
8	AACS	ENSG00000081760.19	ENST00000316519.11	3256
9	AADAC	ENSG00000114771.16	ENST00000232892.12	1563
10	AADACL2	ENSG00000197953.6	ENST00000356517.4	5060
11	AADACL3	ENSG00000188984.13	ENST00000359318.8	4055
12	AADACL4	ENSG00000204518.3	ENST00000376221.2	2027
13	AADAT	ENSG00000109576.16	ENST00000337664.9	2250
14	PRXL2C	ENSG00000158122.14	ENST00000375234.8	2899
15	AAGAB	ENSG00000103591.15	ENST00000261880.10	3132
16	AAK1	ENSG00000115977.23	ENST00000409085.9	21157
17	AAMDC	ENSG00000087884.18	ENST00000393427.7	522
18	AAMP	ENSG00000127837.12	ENST00000248450.9	1760
19	AANAT	ENSG00000129673.12	ENST00000392492.8	971
20	AAR2	ENSG00000131043.15	ENST00000320849.9	2417
21	AARD	ENSG00000205002.5	ENST00000378279.4	2291
22	AARS1	ENSG00000090861.19	ENST00000261772.13	3437
23	AARS2	ENSG00000124608.7	ENST00000244571.5	4798
24	AARSD1	ENSG00000266967.9	ENST00000427569.7	1320
25	AASDH	ENSG00000157426.16	ENST00000205214.11	3581
26	AASDHPPT	ENSG00000149313.13	ENST00000278618.9	2767
27	AASS	ENSG00000008311.18	ENST00000417368.7	5825
28	AATF	ENSG00000275700.8	ENST00000619387.5	2062
29	AATK	ENSG00000181409.16	ENST00000326724.9	5461
30	ABAT	ENSG00000183044.14	ENST00000268251.13	4779
31	ABCA1	ENSG00000165029.18	ENST00000374736.8	10408
32	ABCA10	ENSG00000154263.19	ENST00000690296.1	6008
33	ABCA12	ENSG00000144452.15	ENST00000272895.12	9298
34	ABCA13	ENSG00000179869.16	ENST00000435803.6	17188
35	ABCA2	ENSG00000107331.20	ENST00000341511.11	8103
36	ABCA3	ENSG00000167972.16	ENST00000301732.10	6602
37	ABCA4	ENSG00000198691.15	ENST00000370225.4	7328
38	ABCA5	ENSG00000154265.18	ENST00000392676.8	8252
39	ABCA6	ENSG00000154262.15	ENST00000284425.7	5321
40	ABCA7	ENSG00000064687.13	ENST00000263094.11	6815
41	ABCA8	ENSG00000141338.17	ENST00000586539.6	6002
42	ABCA9	ENSG00000154258.18	ENST00000340001.9	6377
43	ABCB1	ENSG00000085563.17	ENST00000622132.5	5205
44	ABCB10	ENSG00000135776.7	ENST00000344517.5	3869
45	ABCB11	ENSG00000073734.12	ENST00000650372.1	6934
46	ABCB4	ENSG00000005471.21	ENST00000649586.2	4293
47	ABCB5	ENSG00000004846.17	ENST00000404938.7	5350
48	ABCB6	ENSG00000115657.16	ENST00000265316.9	2980
49	ABCB7	ENSG00000131269.21	ENST00000373394.8	4592
50	ABCB8	ENSG00000197150.15	ENST00000358849.9	4656
51	ABCB9	ENSG00000150967.21	ENST00000280560.13	3484
52	ABCC1	ENSG00000103222.22	ENST00000399410.8	6504
53	ABCC10	ENSG00000124574.18	ENST00000372530.9	5043
54	ABCC11	ENSG00000121270.16	ENST00000356608.7	5894
55	ABCC12	ENSG00000140798.17	ENST00000311303.8	7385
56	ABCC2	ENSG00000023839.13	ENST00000647814.1	5806
57	ABCC3	ENSG00000108846.18	ENST00000285238.13	5693
58	ABCC4	ENSG00000125257.18	ENST00000645237.2	5855
59	ABCC5	ENSG00000114770.19	ENST00000334444.11	5790
60	ABCC6	ENSG00000091262.19	ENST00000205557.12	5140
61	ABCC8	ENSG00000006071.17	ENST00000389817.8	4921
62	ABCC9	ENSG00000069431.16	ENST00000261200.9	8668
63	ABCD1	ENSG00000101986.14	ENST00000218104.6	3669
64	ABCD2	ENSG00000173208.6	ENST00000308666.4	6290
65	ABCD3	ENSG00000117528.16	ENST00000370214.9	3604
66	ABCD4	ENSG00000119688.23	ENST00000356924.9	3035
67	ABCE1	ENSG00000164163.13	ENST00000296577.9	3887
68	ABCF1	ENSG00000204574.16	ENST00000326195.13	3405
69	ABCF2	ENSG00000033050.11	ENST00000287844.7	4527
70	ABCF3	ENSG00000161204.14	ENST00000429586.7	2446
71	ABCG1	ENSG00000160179.22	ENST00000398449.8	2976
72	ABCG2	ENSG00000118777.14	ENST00000237612.8	4206
73	ABCG4	ENSG00000172350.12	ENST00000619701.5	3812
74	ABCG5	ENSG00000138075.16	ENST00000405322.8	2760
75	ABCG8	ENSG00000143921.11	ENST00000272286.4	7180
76	ABHD1	ENSG00000143994.16	ENST00000316470.9	1420
77	ABHD10	ENSG00000144827.11	ENST00000273359.8	2604
78	ABHD11	ENSG00000106077.21	ENST00000222800.8	1418
79	ABHD12	ENSG00000100997.22	ENST00000339157.10	1960
80	ABHD12B	ENSG00000131969.17	ENST00000337334.7	1815
81	ABHD13	ENSG00000139826.8	ENST00000375898.4	5313
82	ABHD14A	ENSG00000248487.12	ENST00000273596.8	1066
83	ABHD14A-ACY1	ENSG00000114786.16	ENST00000463937.1	1705
84	ABHD14B	ENSG00000114779.22	ENST00000361143.10	1657
85	ABHD15	ENSG00000168792.6	ENST00000307201.5	3492
86	ABHD16A	ENSG00000204427.14	ENST00000395952.8	1977
87	ABHD16B	ENSG00000183260.7	ENST00000369916.5	1491
88	ABHD17A	ENSG00000129968.19	ENST00000292577.12	1706
89	ABHD17B	ENSG00000107362.16	ENST00000333421.7	3065
90	ABHD17C	ENSG00000136379.14	ENST00000258884.5	2361
91	ABHD2	ENSG00000140526.20	ENST00000352732.10	8424
92	ABHD3	ENSG00000158201.12	ENST00000289119.7	2029
93	ABHD4	ENSG00000100439.13	ENST00000428304.7	3051
94	ABHD5	ENSG00000011198.12	ENST00000644371.2	5298
95	ABHD6	ENSG00000163686.17	ENST00000478253.6	2198
96	ABHD8	ENSG00000127220.8	ENST00000247706.4	2042
97	ABI1	ENSG00000136754.20	ENST00000376140.4	3515
98	ABI2	ENSG00000138443.19	ENST00000261018.12	6567
99	ABI3	ENSG00000108798.11	ENST00000225941.6	1629
100	ABI3BP	ENSG00000154175.21	ENST00000471714.6	6737
101	ABL1	ENSG00000097007.22	ENST00000318560.6	5578
102	ABL2	ENSG00000143322.22	ENST00000502732.6	12217
103	ABLIM1	ENSG00000099204.24	ENST00000533213.7	7560
104	ABLIM2	ENSG00000163995.23	ENST00000447017.7	3725
105	ABLIM3	ENSG00000173210.22	ENST00000309868.12	4439
106	ABR	ENSG00000159842.18	ENST00000302538.10	5395
107	ABRA	ENSG00000174429.6	ENST00000311955.4	2754
108	ABRACL	ENSG00000146386.10	ENST00000367660.4	782
109	ABT1	ENSG00000146109.7	ENST00000274849.3	2943
110	ABTB1	ENSG00000114626.20	ENST00000232744.13	1962
111	ABTB2	ENSG00000166016.8	ENST00000435224.3	4905
112	ZNF8-ERVK3-1	ENSG00000267216.1	ENST00000591325.1	4227
113	ACAA1	ENSG00000060971.21	ENST00000333167.13	1699
114	ACAA2	ENSG00000167315.20	ENST00000285093.15	2926
115	ACACA	ENSG00000278540.6	ENST00000616317.5	10013
116	ACACB	ENSG00000076555.17	ENST00000338432.12	9368
117	ACAD10	ENSG00000111271.17	ENST00000313698.9	4006
118	ACAD11	ENSG00000240303.10	ENST00000264990.11	3231
119	ACAD8	ENSG00000151498.14	ENST00000281182.9	2176
120	ACAD9	ENSG00000177646.22	ENST00000308982.12	2445
121	ACADL	ENSG00000115361.10	ENST00000233710.4	2515
122	ACADM	ENSG00000117054.17	ENST00000370841.9	2261
123	ACADS	ENSG00000122971.11	ENST00000242592.9	1859
124	ACADSB	ENSG00000196177.15	ENST00000358776.7	5848
125	ACADVL	ENSG00000072778.22	ENST00000356839.10	2184
126	ACAN	ENSG00000157766.20	ENST00000560601.4	8960
127	ACAP1	ENSG00000072818.14	ENST00000158762.8	2511
128	ACAP2	ENSG00000114331.18	ENST00000326793.11	7093
129	ACAP3	ENSG00000131584.21	ENST00000354700.10	3793
130	ACAT1	ENSG00000075239.17	ENST00000265838.9	1537
131	ACAT2	ENSG00000120437.11	ENST00000367048.5	1520
132	ACBD3	ENSG00000182827.11	ENST00000366812.6	3584
133	ACBD4	ENSG00000181513.17	ENST00000321854.13	1827
134	ACBD5	ENSG00000107897.22	ENST00000396271.8	3903
135	ACBD6	ENSG00000230124.10	ENST00000367595.4	1293
136	ACBD7	ENSG00000176244.8	ENST00000356189.6	3370
137	ACCS	ENSG00000110455.16	ENST00000263776.9	2383
138	ACCSL	ENSG00000205126.2	ENST00000378832.1	1820
139	ACD	ENSG00000102977.20	ENST00000620761.6	1511
140	ACE	ENSG00000159640.19	ENST00000290866.10	4962
141	ACE2	ENSG00000130234.15	ENST00000252519.8	3339
142	ACER1	ENSG00000167769.6	ENST00000301452.5	1428
143	ACER2	ENSG00000177076.7	ENST00000340967.3	2773
144	ACER3	ENSG00000078124.15	ENST00000532485.6	7333
145	ACHE	ENSG00000087085.18	ENST00000241069.11	2172
146	ACIN1	ENSG00000100813.17	ENST00000605057.6	4460
147	ACKR2	ENSG00000144648.18	ENST00000422265.6	2990
148	ACKR3	ENSG00000144476.8	ENST00000272928.4	2015
149	ACKR4	ENSG00000129048.9	ENST00000249887.3	2310
150	ACLY	ENSG00000131473.19	ENST00000352035.7	4293
151	ACMSD	ENSG00000153086.16	ENST00000356140.10	1252
152	SDHAF3	ENSG00000196636.9	ENST00000432641.3	952
153	ACO1	ENSG00000122729.21	ENST00000309951.8	7443
154	ACO2	ENSG00000100412.19	ENST00000216254.9	2734
155	ACOT1	ENSG00000184227.9	ENST00000311148.9	1686
156	ACOT11	ENSG00000162390.20	ENST00000343744.7	3084
157	ACOT12	ENSG00000172497.11	ENST00000307624.8	2086
158	ACOT13	ENSG00000112304.13	ENST00000230048.5	4041
159	ACOT2	ENSG00000119673.18	ENST00000238651.10	1622
160	ACOT4	ENSG00000177465.6	ENST00000326303.5	1465
161	ACOT6	ENSG00000205669.4	ENST00000645972.2	1370
162	ACOT7	ENSG00000097021.23	ENST00000361521.9	1806
163	ACOT8	ENSG00000101473.19	ENST00000217455.9	1154
164	ACOT9	ENSG00000123130.19	ENST00000379303.10	4318
165	ACOX1	ENSG00000161533.14	ENST00000293217.10	7317
166	ACOX2	ENSG00000168306.15	ENST00000302819.10	2297
167	ACOX3	ENSG00000087008.18	ENST00000356406.10	2872
168	ACOXL	ENSG00000153093.23	ENST00000439055.6	2699
169	ACP1	ENSG00000143727.18	ENST00000272065.10	1474
170	ACP2	ENSG00000134575.15	ENST00000672073.1	2111
171	ACP5	ENSG00000102575.16	ENST00000648477.1	1381
172	ACP6	ENSG00000162836.14	ENST00000583509.7	6956
173	PXYLP1	ENSG00000155893.15	ENST00000286353.9	3302
174	ACP3	ENSG00000014257.18	ENST00000336375.10	3174
175	ACP4	ENSG00000142513.6	ENST00000270593.2	1342
176	ACR	ENSG00000100312.12	ENST00000216139.10	1430
177	ACRBP	ENSG00000111644.9	ENST00000229243.7	1905
178	GCNA	ENSG00000147174.14	ENST00000373696.8	2765
179	ACRV1	ENSG00000134940.15	ENST00000533904.6	1936
180	ACSBG1	ENSG00000103740.11	ENST00000258873.9	6215
181	ACSBG2	ENSG00000130377.15	ENST00000588485.6	2734
182	ACSF2	ENSG00000167107.15	ENST00000300441.9	2177
183	ACSF3	ENSG00000176715.19	ENST00000614302.5	4095
184	ACSL1	ENSG00000151726.18	ENST00000281455.7	3712
185	ACSL3	ENSG00000123983.17	ENST00000357430.8	5577
186	ACSL4	ENSG00000068366.23	ENST00000672401.1	4891
187	ACSL5	ENSG00000197142.13	ENST00000354655.9	3253
188	ACSL6	ENSG00000164398.17	ENST00000651883.2	6535
189	ACSM1	ENSG00000166743.12	ENST00000520010.6	2081
190	ACSM2A	ENSG00000183747.14	ENST00000573854.6	2894
191	ACSM2B	ENSG00000066813.16	ENST00000329697.10	2935
192	ACSM3	ENSG00000005187.14	ENST00000289416.10	2533
193	ACSM4	ENSG00000215009.6	ENST00000399422.5	2349
194	ACSM5	ENSG00000183549.12	ENST00000331849.8	2796
195	ACSS1	ENSG00000154930.17	ENST00000323482.9	3632
196	ACSS2	ENSG00000131069.22	ENST00000360596.7	2885
197	ACSS3	ENSG00000111058.10	ENST00000548058.6	8391
198	ACTA1	ENSG00000143632.17	ENST00000366684.7	1491
199	ACTA2	ENSG00000107796.16	ENST00000224784.10	1349
200	ACTB	ENSG00000075624.19	ENST00000646664.1	1812
201	ACTBL2	ENSG00000169067.4	ENST00000423391.3	2794
202	ACTC1	ENSG00000159251.12	ENST00000290378.6	1382
203	ACTG1	ENSG00000184009.15	ENST00000573283.7	1919
204	ACTG2	ENSG00000163017.16	ENST00000345517.8	1501
205	ACTL10	ENSG00000288649.2	ENST00000677665.1	1583
206	ACTL6A	ENSG00000136518.19	ENST00000429709.7	1854
207	ACTL6B	ENSG00000077080.12	ENST00000160382.10	1524
208	ACTL7A	ENSG00000187003.7	ENST00000333999.5	1491
209	ACTL7B	ENSG00000148156.8	ENST00000374667.5	1399
210	ACTL8	ENSG00000117148.10	ENST00000375406.2	1841
211	ACTL9	ENSG00000181786.6	ENST00000324436.5	1396
212	ACTN1	ENSG00000072110.19	ENST00000394419.9	3722
213	ACTN2	ENSG00000077522.17	ENST00000366578.6	4872
214	ACTN4	ENSG00000130402.16	ENST00000252699.7	4990
215	ACTR10	ENSG00000131966.16	ENST00000254286.9	2408
216	ACTR1A	ENSG00000138107.15	ENST00000369905.9	2830
217	ACTR1B	ENSG00000115073.10	ENST00000289228.7	2204
218	ACTR2	ENSG00000138071.17	ENST00000260641.10	3783
219	ACTR3	ENSG00000115091.14	ENST00000263238.7	6589
220	ACTR3B	ENSG00000133627.20	ENST00000256001.13	2213
221	ACTR3C	ENSG00000106526.14	ENST00000683684.1	1157
222	ACTR5	ENSG00000101442.12	ENST00000243903.6	2547
223	ACTR6	ENSG00000075089.12	ENST00000188312.7	1737
224	ACTR8	ENSG00000113812.16	ENST00000335754.8	3579
225	ACTRT1	ENSG00000123165.9	ENST00000371124.5	1442
226	ACTRT2	ENSG00000169717.7	ENST00000378404.4	1437
227	ACTRT3	ENSG00000184378.5	ENST00000330368.3	1671
228	ACVR1	ENSG00000115170.18	ENST00000434821.7	3332
229	ACVR1B	ENSG00000135503.15	ENST00000257963.9	4531
230	ACVR1C	ENSG00000123612.18	ENST00000243349.13	8853
231	ACVR2A	ENSG00000121989.17	ENST00000241416.12	5214
232	ACVR2B	ENSG00000114739.16	ENST00000352511.5	11782
233	ACVRL1	ENSG00000139567.16	ENST00000388922.9	4177
234	ACY1	ENSG00000243989.11	ENST00000636358.2	1422
235	ACY3	ENSG00000132744.10	ENST00000255082.8	1371
236	ACYP1	ENSG00000119640.11	ENST00000238618.8	580
237	ACYP2	ENSG00000170634.14	ENST00000394666.9	882
238	ADA	ENSG00000196839.16	ENST00000372874.9	1496
239	ADAD1	ENSG00000164113.12	ENST00000296513.7	1963
240	ADAD2	ENSG00000140955.13	ENST00000315906.10	2018
241	MAPDA	ENSG00000168803.18	ENST00000562188.7	4268
242	ADAM10	ENSG00000137845.17	ENST00000260408.8	11158
243	ADAM11	ENSG00000073670.16	ENST00000200557.11	4614
244	ADAM12	ENSG00000148848.16	ENST00000448723.2	7941
245	ADAM15	ENSG00000143537.16	ENST00000356955.7	2936
246	ADAM17	ENSG00000151694.17	ENST00000310823.8	4391
247	ADAM18	ENSG00000168619.17	ENST00000265707.10	2400
248	ADAM19	ENSG00000135074.18	ENST00000257527.9	6481
249	ADAM2	ENSG00000104755.16	ENST00000265708.9	2610
250	ADAM20	ENSG00000134007.5	ENST00000256389.5	2784
251	ADAM21	ENSG00000139985.10	ENST00000603540.2	2647
252	ADAM22	ENSG00000008277.17	ENST00000413139.2	9508
253	ADAM23	ENSG00000114948.15	ENST00000264377.8	6334
254	ADAM28	ENSG00000042980.16	ENST00000265769.9	7019
255	ADAM29	ENSG00000168594.15	ENST00000359240.7	3325
256	ADAM30	ENSG00000134249.7	ENST00000369400.2	2983
257	ADAM32	ENSG00000197140.17	ENST00000379907.9	2524
258	ADAM33	ENSG00000149451.21	ENST00000356518.7	3436
259	ADAM7	ENSG00000069206.16	ENST00000175238.10	3367
260	ADAM8	ENSG00000151651.18	ENST00000445355.8	3259
261	ADAM9	ENSG00000168615.15	ENST00000487273.7	4112
262	ADAMDEC1	ENSG00000134028.16	ENST00000256412.8	2348
263	ADAMTS1	ENSG00000154734.18	ENST00000284984.8	5183
264	ADAMTS10	ENSG00000142303.16	ENST00000597188.6	4251
265	ADAMTS12	ENSG00000151388.12	ENST00000504830.6	8572
266	ADAMTS13	ENSG00000160323.21	ENST00000355699.7	4399
267	ADAMTS14	ENSG00000138316.13	ENST00000373207.2	5557
268	ADAMTS15	ENSG00000166106.6	ENST00000299164.4	6006
269	ADAMTS16	ENSG00000145536.17	ENST00000274181.7	4979
270	ADAMTS17	ENSG00000140470.17	ENST00000268070.9	6329
271	ADAMTS18	ENSG00000140873.16	ENST00000282849.10	5833
272	ADAMTS19	ENSG00000145808.12	ENST00000274487.9	5201
273	ADAMTS2	ENSG00000087116.19	ENST00000251582.12	6783
274	ADAMTS20	ENSG00000173157.20	ENST00000389420.8	6358
275	ADAMTS3	ENSG00000156140.12	ENST00000286657.10	6244
276	ADAMTS4	ENSG00000158859.12	ENST00000367996.6	9777
277	ADAMTS5	ENSG00000154736.8	ENST00000284987.6	9621
278	ADAMTS6	ENSG00000049192.16	ENST00000381055.8	7309
279	ADAMTS7	ENSG00000136378.17	ENST00000388820.5	5520
280	ADAMTS8	ENSG00000134917.12	ENST00000257359.7	3628
281	ADAMTS9	ENSG00000163638.14	ENST00000498707.5	7624
282	ADAMTSL1	ENSG00000178031.20	ENST00000380548.9	7771
283	ADAMTSL2	ENSG00000197859.13	ENST00000651351.2	3875
284	ADAMTSL3	ENSG00000156218.15	ENST00000286744.10	7299
285	ADAMTSL4	ENSG00000143382.18	ENST00000271643.9	4212
286	ADAMTSL5	ENSG00000185761.13	ENST00000330475.9	2683
287	ADAP1	ENSG00000105963.17	ENST00000265846.10	2349
288	ADAP2	ENSG00000184060.14	ENST00000330889.8	2669
289	ADAR	ENSG00000160710.21	ENST00000368474.9	6610
290	ADARB1	ENSG00000197381.20	ENST00000348831.9	6902
291	ADARB2	ENSG00000185736.17	ENST00000381312.6	8475
292	ADAT1	ENSG00000065457.13	ENST00000564657.2	5757
293	ADAT2	ENSG00000189007.18	ENST00000237283.9	6244
294	ADAT3	ENSG00000213638.8	ENST00000329478.4	1599
295	AZIN2	ENSG00000142920.20	ENST00000294517.11	5240
296	ADCK1	ENSG00000063761.18	ENST00000238561.10	3268
297	ADCK2	ENSG00000133597.13	ENST00000072869.9	2574
298	COQ8A	ENSG00000163050.20	ENST00000366777.4	2866
299	COQ8B	ENSG00000123815.15	ENST00000324464.8	2443
300	ADCK5	ENSG00000173137.14	ENST00000308860.11	1960
301	ADCY1	ENSG00000164742.18	ENST00000297323.12	12657
302	ADCY10	ENSG00000143199.19	ENST00000367851.9	5342
303	ADCY2	ENSG00000078295.19	ENST00000338316.9	6645
304	ADCY3	ENSG00000138031.17	ENST00000679454.1	4950
305	ADCY4	ENSG00000129467.16	ENST00000418030.7	3710
306	ADCY5	ENSG00000173175.18	ENST00000462833.6	6643
307	ADCY6	ENSG00000174233.14	ENST00000357869.8	6092
308	ADCY7	ENSG00000121281.14	ENST00000673801.1	6271
309	ADCY8	ENSG00000155897.12	ENST00000286355.10	4421
310	ADCY9	ENSG00000162104.12	ENST00000294016.8	7980
311	ADCYAP1	ENSG00000141433.15	ENST00000450565.8	3259
312	ADCYAP1R1	ENSG00000078549.18	ENST00000304166.9	6639
313	ADD1	ENSG00000087274.21	ENST00000683351.1	4140
314	ADD2	ENSG00000075340.25	ENST00000264436.9	9290
315	ADD3	ENSG00000148700.17	ENST00000356080.9	4413
316	ADH1A	ENSG00000187758.10	ENST00000209668.3	1454
317	ADH1B	ENSG00000196616.17	ENST00000305046.13	4067
318	ADH4	ENSG00000198099.11	ENST00000265512.12	2002
319	ADH5	ENSG00000197894.14	ENST00000296412.14	2652
320	ADH6	ENSG00000172955.19	ENST00000394899.6	2802
321	ADH7	ENSG00000196344.13	ENST00000437033.7	2119
322	ADHFE1	ENSG00000147576.19	ENST00000396623.8	1972
323	ADI1	ENSG00000182551.16	ENST00000327435.11	2181
324	ADIPOQ	ENSG00000181092.12	ENST00000320741.7	4542
325	ADIPOR1	ENSG00000159346.15	ENST00000340990.10	2091
326	ADIPOR2	ENSG00000006831.12	ENST00000357103.5	3971
327	ADIRF	ENSG00000148671.17	ENST00000372013.8	627
328	ADK	ENSG00000156110.17	ENST00000539909.6	1992
329	ADM	ENSG00000148926.12	ENST00000278175.10	1492
330	ADM2	ENSG00000128165.10	ENST00000395737.2	4213
331	ADM5	ENSG00000224420.6	ENST00000420022.4	788
332	ADNP	ENSG00000101126.20	ENST00000621696.5	6672
333	ADNP2	ENSG00000101544.11	ENST00000262198.9	5157
334	ADO	ENSG00000181915.6	ENST00000373783.3	3760
335	ADORA1	ENSG00000163485.20	ENST00000337894.9	2901
336	ADORA2A	ENSG00000128271.24	ENST00000337539.12	2529
337	ADORA2B	ENSG00000170425.5	ENST00000304222.3	1522
338	ADORA3	ENSG00000282608.3	ENST00000241356.5	1757
339	ADPGK	ENSG00000159322.20	ENST00000456471.3	2608
340	ADPRH	ENSG00000144843.14	ENST00000357003.8	3623
341	ADPRHL1	ENSG00000153531.16	ENST00000612156.3	9722
342	ADPRS	ENSG00000116863.13	ENST00000373178.5	1651
343	ADPRM	ENSG00000170222.14	ENST00000379774.5	1534
344	ADRA1A	ENSG00000120907.19	ENST00000380573.4	3770
345	ADRA1B	ENSG00000170214.6	ENST00000306675.5	2507
346	ADRA2A	ENSG00000150594.7	ENST00000280155.4	3879
347	ADRA2B	ENSG00000274286.2	ENST00000620793.2	3696
348	ADRA2C	ENSG00000184160.8	ENST00000330055.7	2142
349	ADRB1	ENSG00000043591.6	ENST00000369295.4	3039
350	ADRB2	ENSG00000169252.6	ENST00000305988.6	2013
351	ADRB3	ENSG00000188778.7	ENST00000345060.5	2585
352	GRK2	ENSG00000173020.13	ENST00000308595.10	3403
353	GRK3	ENSG00000100077.18	ENST00000324198.11	9277
354	ADRM1	ENSG00000130706.15	ENST00000253003.7	1379
355	ADSL	ENSG00000239900.16	ENST00000623063.3	4359
356	ADSS2	ENSG00000035687.11	ENST00000366535.4	2555
357	ADSS1	ENSG00000185100.14	ENST00000330877.7	1723
358	ADTRP	ENSG00000111863.15	ENST00000414691.8	1692
359	AEBP1	ENSG00000106624.13	ENST00000223357.8	4097
360	AEBP2	ENSG00000139154.17	ENST00000266508.14	5830
361	AEN	ENSG00000181026.17	ENST00000332810.4	3072
362	TLE5	ENSG00000104964.17	ENST00000327141.9	1798
363	AFAP1	ENSG00000196526.13	ENST00000420658.6	7704
364	AFAP1L1	ENSG00000157510.16	ENST00000296721.9	6024
365	AFAP1L2	ENSG00000169129.18	ENST00000304129.9	3722
366	AFF1	ENSG00000172493.25	ENST00000395146.9	9261
367	AFF2	ENSG00000155966.15	ENST00000370460.7	13748
368	AFF3	ENSG00000144218.22	ENST00000672756.2	10070
369	AFF4	ENSG00000072364.15	ENST00000265343.10	9536
370	AFG3L2	ENSG00000141385.14	ENST00000269143.8	3160
371	AFM	ENSG00000079557.7	ENST00000226355.5	1997
372	AFMID	ENSG00000183077.18	ENST00000409257.10	1686
373	AFP	ENSG00000081051.9	ENST00000395792.7	2426
374	AFTPH	ENSG00000119844.19	ENST00000409933.6	4098
375	AGA	ENSG00000038002.11	ENST00000264595.7	2037
376	AGAP1	ENSG00000157985.21	ENST00000304032.13	10889
377	AGAP2	ENSG00000135439.14	ENST00000547588.6	5430
378	AGAP2-AS1	ENSG00000255737.2	ENST00000542466.2	1500
379	AGAP3	ENSG00000133612.22	ENST00000397238.7	3494
380	AGAP5	ENSG00000172650.16	ENST00000374094.9	2719
381	AGBL1	ENSG00000273540.5	ENST00000614907.3	12330
382	AGBL2	ENSG00000165923.17	ENST00000525123.6	3586
383	AGBL4	ENSG00000186094.19	ENST00000371839.6	2989
384	AGBL5	ENSG00000084693.18	ENST00000360131.5	3188
385	AGER	ENSG00000204305.18	ENST00000375076.9	1420
386	AGFG1	ENSG00000173744.20	ENST00000310078.13	8677
387	AGFG2	ENSG00000106351.15	ENST00000300176.9	4819
388	AGGF1	ENSG00000164252.15	ENST00000312916.12	4490
389	AGK	ENSG00000006530.20	ENST00000649286.2	3628
390	AGL	ENSG00000162688.19	ENST00000361915.8	7091
391	AGMAT	ENSG00000116771.8	ENST00000375826.4	3095
392	AGMO	ENSG00000187546.16	ENST00000342526.8	2476
393	AGO1	ENSG00000092847.16	ENST00000373204.6	13712
394	AGO2	ENSG00000123908.13	ENST00000220592.10	14595
395	AGO3	ENSG00000126070.22	ENST00000373191.9	19660
396	AGO4	ENSG00000134698.13	ENST00000373210.4	7272
397	AGPAT1	ENSG00000204310.15	ENST00000375107.8	2196
398	AGPAT2	ENSG00000169692.16	ENST00000371696.7	1546
399	AGPAT3	ENSG00000160216.22	ENST00000291572.13	6565
400	AGPAT4	ENSG00000026652.17	ENST00000320285.9	7923
401	AGPAT5	ENSG00000155189.14	ENST00000285518.11	5237
402	GPAT4	ENSG00000158669.13	ENST00000396987.7	6298
403	GPAT3	ENSG00000138678.13	ENST00000264409.5	2928
404	AGPS	ENSG00000018510.20	ENST00000264167.11	7633
405	AGR2	ENSG00000106541.14	ENST00000419304.7	1697
406	AGR3	ENSG00000173467.11	ENST00000310398.7	738
407	AGRN	ENSG00000188157.17	ENST00000379370.7	7326
408	AGRP	ENSG00000159723.7	ENST00000290953.3	498
409	AGT	ENSG00000135744.10	ENST00000366667.6	2116
410	AGTPBP1	ENSG00000135049.18	ENST00000357081.8	4464
411	AGTR1	ENSG00000144891.21	ENST00000349243.8	2324
412	AGTR2	ENSG00000180772.10	ENST00000371906.5	2862
413	AGTRAP	ENSG00000177674.18	ENST00000314340.10	1130
414	AGXT	ENSG00000172482.7	ENST00000307503.4	2900
415	AGXT2	ENSG00000113492.16	ENST00000231420.11	2219
416	AHCTF1	ENSG00000153207.18	ENST00000648844.2	8887
417	AHCY	ENSG00000101444.14	ENST00000217426.7	2150
418	AHCYL1	ENSG00000168710.20	ENST00000369799.10	3943
419	AHCYL2	ENSG00000158467.19	ENST00000325006.8	5049
420	AHDC1	ENSG00000126705.17	ENST00000673934.1	6428
421	AHI1	ENSG00000135541.24	ENST00000265602.11	6063
422	AHNAK	ENSG00000124942.15	ENST00000378024.9	18761
423	AHR	ENSG00000106546.16	ENST00000242057.9	6243
424	AHRR	ENSG00000063438.22	ENST00000684583.1	5661
425	AHSA1	ENSG00000100591.10	ENST00000216479.8	1337
426	AHSA2P	ENSG00000293434.2	ENST00000394457.7	6574
427	AHSG	ENSG00000145192.15	ENST00000411641.7	1574
428	AHSP	ENSG00000169877.12	ENST00000302312.9	488
429	AICDA	ENSG00000111732.13	ENST00000229335.11	2803
430	AIDA	ENSG00000186063.15	ENST00000340020.11	2975
431	AIF1	ENSG00000204472.15	ENST00000376059.8	655
432	AIF1L	ENSG00000126878.15	ENST00000247291.8	3374
433	AIFM1	ENSG00000156709.17	ENST00000287295.8	2222
434	AIFM2	ENSG00000042286.17	ENST00000307864.3	3134
435	AIFM3	ENSG00000183773.18	ENST00000440238.4	2334
436	AIG1	ENSG00000146416.20	ENST00000357847.9	2136
437	CRYBG1	ENSG00000112297.19	ENST00000633556.3	10039
438	CRYBG2	ENSG00000176092.18	ENST00000308182.10	5239
439	AIM2	ENSG00000163568.19	ENST00000368130.9	1394
440	AIMP1	ENSG00000164022.20	ENST00000672341.1	2773
441	AIMP2	ENSG00000106305.12	ENST00000223029.8	1198
442	AIP	ENSG00000110711.13	ENST00000279146.8	1236
443	AIPL1	ENSG00000129221.17	ENST00000381129.8	2894
444	AIRE	ENSG00000160224.18	ENST00000291582.6	2690
445	AJAP1	ENSG00000196581.13	ENST00000378191.5	12102
446	AJUBA	ENSG00000129474.19	ENST00000262713.7	4168
447	AK1	ENSG00000106992.21	ENST00000644144.2	2192
448	AK2	ENSG00000004455.20	ENST00000672715.1	5970
449	AK3	ENSG00000147853.19	ENST00000381809.8	4219
450	AK4	ENSG00000162433.17	ENST00000327299.8	6845
451	AK5	ENSG00000154027.20	ENST00000354567.7	3280
452	AK7	ENSG00000140057.11	ENST00000267584.9	3283
453	AK8	ENSG00000165695.12	ENST00000298545.4	1579
454	AK9	ENSG00000155085.17	ENST00000424296.7	6317
455	AKAP1	ENSG00000121057.15	ENST00000337714.8	3909
456	AKAP10	ENSG00000108599.17	ENST00000225737.11	4063
457	AKAP11	ENSG00000023516.11	ENST00000025301.4	9915
458	AKAP12	ENSG00000131016.19	ENST00000402676.7	8466
459	AKAP13	ENSG00000170776.24	ENST00000394518.7	13327
460	AKAP14	ENSG00000186471.15	ENST00000371431.8	921
461	AKAP17A	ENSG00000197976.14	ENST00000313871.9	3199
462	AKAP3	ENSG00000111254.10	ENST00000228850.6	3334
463	AKAP4	ENSG00000147081.15	ENST00000358526.7	2866
464	AKAP5	ENSG00000179841.9	ENST00000394718.4	6487
465	AKAP6	ENSG00000151320.13	ENST00000280979.9	14984
466	AKAP7	ENSG00000118507.21	ENST00000431975.7	3150
467	AKAP8	ENSG00000105127.12	ENST00000269701.7	3665
468	AKAP8L	ENSG00000011243.21	ENST00000397410.10	2078
469	AKAP9	ENSG00000127914.21	ENST00000356239.8	12476
470	AKIP1	ENSG00000166452.14	ENST00000309377.9	1273
471	AKIRIN1	ENSG00000174574.18	ENST00000432648.8	2688
472	AKIRIN2	ENSG00000135334.11	ENST00000257787.6	1898
473	AKNA	ENSG00000106948.19	ENST00000374088.8	7454
474	AKNAD1	ENSG00000162641.20	ENST00000370001.8	3050
475	AKR1A1	ENSG00000117448.16	ENST00000351829.9	1407
476	AKR1B1	ENSG00000085662.16	ENST00000285930.9	1361
477	AKR1B10	ENSG00000198074.12	ENST00000359579.5	1619
478	AKR1B15	ENSG00000227471.10	ENST00000457545.7	1641
479	AKR1C1	ENSG00000187134.16	ENST00000380872.9	6543
480	AKR1C2	ENSG00000151632.20	ENST00000380753.9	3215
481	AKR1C3	ENSG00000196139.16	ENST00000380554.5	1186
482	AKR1C4	ENSG00000198610.13	ENST00000263126.3	1192
483	AKR1C8	ENSG00000264006.10	ENST00000648824.2	1247
484	AKR1D1	ENSG00000122787.17	ENST00000242375.8	2684
485	AKR1E2	ENSG00000165568.20	ENST00000298375.12	1613
486	AKR7A2	ENSG00000053371.15	ENST00000235835.8	1360
487	AKR7A3	ENSG00000162482.7	ENST00000361640.5	1215
488	AKR7L	ENSG00000211454.16	ENST00000429712.5	1313
489	AKT1	ENSG00000142208.21	ENST00000649815.2	2957
490	AKT1S1	ENSG00000204673.13	ENST00000344175.10	1775
491	AKT2	ENSG00000105221.20	ENST00000392038.7	5250
492	AKT3	ENSG00000117020.20	ENST00000673466.1	7281
493	AKTIP	ENSG00000166971.19	ENST00000394657.12	2384
494	LINC02593	ENSG00000223764.3	ENST00000756700.1	1015
495	ALAD	ENSG00000148218.18	ENST00000409155.8	3129
496	ALAS1	ENSG00000023330.17	ENST00000484952.6	2375
497	ALAS2	ENSG00000158578.23	ENST00000650242.1	1940
498	ALB	ENSG00000163631.21	ENST00000295897.9	2285
499	ALCAM	ENSG00000170017.14	ENST00000306107.9	4701
500	ALDH16A1	ENSG00000161618.12	ENST00000293350.9	3099
501	ALDH18A1	ENSG00000059573.11	ENST00000371224.7	3352
502	ALDH1A1	ENSG00000165092.15	ENST00000297785.8	2096
503	ALDH1A2	ENSG00000128918.17	ENST00000249750.9	3386
504	ALDH1A3	ENSG00000184254.20	ENST00000329841.10	3469
505	ALDH1B1	ENSG00000137124.10	ENST00000377698.4	3028
506	ALDH1L1	ENSG00000144908.16	ENST00000393434.7	3064
507	ALDH1L2	ENSG00000136010.16	ENST00000258494.14	7428
508	ALDH2	ENSG00000111275.15	ENST00000261733.7	9561
509	ALDH3A1	ENSG00000108602.20	ENST00000225740.11	1639
510	ALDH3A2	ENSG00000072210.21	ENST00000176643.11	3703
511	ALDH3B1	ENSG00000006534.19	ENST00000342456.11	2811
512	ALDH3B2	ENSG00000132746.16	ENST00000673966.2	2650
513	ALDH4A1	ENSG00000159423.19	ENST00000375341.8	3139
514	ALDH5A1	ENSG00000112294.16	ENST00000357578.8	5131
515	ALDH6A1	ENSG00000119711.15	ENST00000553458.6	5462
516	ALDH7A1	ENSG00000164904.20	ENST00000409134.8	4765
517	ALDH8A1	ENSG00000118514.16	ENST00000265605.7	2534
518	ALDH9A1	ENSG00000143149.15	ENST00000354775.5	2395
519	ALDOA	ENSG00000149925.23	ENST00000642816.3	1640
520	ALDOB	ENSG00000136872.23	ENST00000647789.2	2420
521	ALDOC	ENSG00000109107.16	ENST00000226253.9	1608
522	ALG1	ENSG00000033011.16	ENST00000262374.10	3900
523	ALG10	ENSG00000139133.8	ENST00000266483.7	2913
524	ALG10B	ENSG00000175548.10	ENST00000308742.9	10050
525	ALG11	ENSG00000253710.6	ENST00000521508.2	6510
526	ALG12	ENSG00000182858.16	ENST00000330817.11	5330
527	ALG13	ENSG00000101901.15	ENST00000394780.8	4113
528	ALG14	ENSG00000172339.12	ENST00000370205.6	9375
529	ALG1L1P	ENSG00000189366.13	ENST00000611639.4	893
530	ALG2	ENSG00000119523.12	ENST00000476832.2	2808
531	ALG3	ENSG00000214160.12	ENST00000397676.8	1552
532	ALG5	ENSG00000120697.12	ENST00000239891.4	1219
533	ALG6	ENSG00000088035.20	ENST00000263440.6	3325
534	ALG8	ENSG00000159063.16	ENST00000299626.10	1637
535	ALG9	ENSG00000086848.17	ENST00000616540.5	6158
536	ALK	ENSG00000171094.19	ENST00000389048.8	6240
537	ALKBH1	ENSG00000100601.12	ENST00000216489.8	2597
538	ALKBH2	ENSG00000189046.13	ENST00000429722.3	1180
539	ALKBH3	ENSG00000166199.15	ENST00000302708.9	1544
540	ALKBH4	ENSG00000160993.6	ENST00000292566.4	2092
541	ALKBH5	ENSG00000091542.10	ENST00000399138.5	3159
542	ALKBH6	ENSG00000239382.13	ENST00000378875.8	951
543	ALKBH7	ENSG00000125652.10	ENST00000245812.8	970
544	ALKBH8	ENSG00000137760.17	ENST00000428149.7	4067
545	ALLC	ENSG00000151360.10	ENST00000252505.4	1441
546	ALMS1	ENSG00000116127.21	ENST00000613296.6	12844
547	ALOX12	ENSG00000108839.14	ENST00000251535.11	2392
548	ALOX12B	ENSG00000179477.12	ENST00000647874.1	2515
549	ALOX15	ENSG00000161905.14	ENST00000293761.8	2697
550	ALOX15B	ENSG00000179593.18	ENST00000380183.9	2697
551	ALOX5	ENSG00000012779.14	ENST00000374391.7	2519
552	ALOX5AP	ENSG00000132965.12	ENST00000380490.5	869
553	ALOXE3	ENSG00000179148.11	ENST00000448843.7	3205
554	ALPI	ENSG00000163295.5	ENST00000295463.4	3241
555	ALPK1	ENSG00000073331.20	ENST00000650871.1	5399
556	ALPK2	ENSG00000198796.9	ENST00000361673.4	7437
557	ALPK3	ENSG00000136383.9	ENST00000258888.6	10238
558	ALPL	ENSG00000162551.16	ENST00000374840.8	2536
559	ALPP	ENSG00000163283.7	ENST00000392027.3	2754
560	ALPG	ENSG00000163286.10	ENST00000295453.8	2492
561	ALS2	ENSG00000003393.18	ENST00000264276.11	6675
562	ALS2CL	ENSG00000178038.19	ENST00000318962.9	4913
563	CATSPERT	ENSG00000155754.17	ENST00000439140.6	5702
564	FLACC1	ENSG00000155749.14	ENST00000392257.8	2064
565	ALX1	ENSG00000180318.5	ENST00000316824.4	1332
566	ALX3	ENSG00000156150.10	ENST00000647563.2	1955
567	ALX4	ENSG00000052850.8	ENST00000652299.1	5727
568	ALYREF	ENSG00000183684.10	ENST00000505490.3	1097
569	AMACR	ENSG00000242110.11	ENST00000335606.11	4108
570	AMBN	ENSG00000178522.15	ENST00000322937.10	2005
571	AMBP	ENSG00000106927.14	ENST00000265132.8	1262
572	AMBRA1	ENSG00000110497.17	ENST00000683756.1	5249
573	AMD1	ENSG00000123505.22	ENST00000368885.8	3423
574	AMDHD1	ENSG00000139344.10	ENST00000266736.7	2226
575	AMDHD2	ENSG00000162066.18	ENST00000293971.11	3172
576	AMELX	ENSG00000125363.14	ENST00000380714.7	793
577	AMELY	ENSG00000099721.16	ENST00000651267.2	926
578	AMER1	ENSG00000184675.11	ENST00000374869.8	8407
579	AMER2	ENSG00000165566.13	ENST00000515384.2	10610
580	AMER3	ENSG00000178171.13	ENST00000321420.5	6216
581	AMFR	ENSG00000159461.17	ENST00000290649.10	3607
582	AMH	ENSG00000104899.8	ENST00000221496.5	1809
583	AMHR2	ENSG00000135409.13	ENST00000257863.9	2001
584	JAML	ENSG00000160593.22	ENST00000356289.10	1876
585	AMIGO1	ENSG00000181754.9	ENST00000369864.5	5130
586	AMIGO2	ENSG00000139211.9	ENST00000550413.2	3224
587	AMIGO3	ENSG00000176020.9	ENST00000320431.8	2856
588	AMMECR1	ENSG00000101935.14	ENST00000262844.10	5350
589	AMMECR1L	ENSG00000144233.13	ENST00000272647.10	4692
590	AMN	ENSG00000166126.13	ENST00000299155.10	1550
591	AMN1	ENSG00000151743.12	ENST00000281471.11	1952
592	AMOT	ENSG00000126016.18	ENST00000371959.9	7613
593	AMOTL1	ENSG00000166025.20	ENST00000433060.3	8980
594	AMOTL2	ENSG00000114019.17	ENST00000249883.10	4868
595	AMPD1	ENSG00000116748.23	ENST00000520113.7	2335
596	AMPD2	ENSG00000116337.22	ENST00000528667.7	4081
597	AMPD3	ENSG00000133805.18	ENST00000396553.7	4189
598	AMPH	ENSG00000078053.19	ENST00000356264.7	3224
599	AMT	ENSG00000145020.17	ENST00000273588.9	1997
600	AMTN	ENSG00000187689.10	ENST00000339336.9	1009
601	AMY1A	ENSG00000237763.12	ENST00000370083.9	1785
602	AMY1C	ENSG00000187733.9	ENST00000622339.5	1785
603	AMY2A	ENSG00000243480.8	ENST00000414303.7	1584
604	AMY2B	ENSG00000240038.8	ENST00000684275.1	1584
605	AMZ1	ENSG00000174945.16	ENST00000683327.1	8615
606	AMZ2	ENSG00000196704.16	ENST00000359904.8	1932
607	ANAPC10	ENSG00000164162.16	ENST00000507656.6	1444
608	ANAPC11	ENSG00000141552.20	ENST00000344877.10	638
609	ANAPC13	ENSG00000129055.15	ENST00000354910.10	1170
610	ANAPC15	ENSG00000110200.11	ENST00000227618.9	801
611	ANAPC16	ENSG00000166295.11	ENST00000299381.5	3231
612	ANAPC2	ENSG00000176248.11	ENST00000323927.3	2655
613	ANAPC4	ENSG00000053900.13	ENST00000315368.8	2635
614	ANAPC5	ENSG00000089053.15	ENST00000261819.8	2574
615	ANAPC7	ENSG00000196510.16	ENST00000455511.9	3023
616	ANG	ENSG00000214274.12	ENST00000397990.5	748
617	ANGEL1	ENSG00000013523.14	ENST00000251089.8	5287
618	ANGEL2	ENSG00000174606.16	ENST00000366962.8	4690
619	ANGPT1	ENSG00000154188.12	ENST00000517746.6	4230
620	ANGPT2	ENSG00000091879.16	ENST00000629816.3	5268
621	ANGPT4	ENSG00000101280.10	ENST00000381922.5	4692
622	ANGPTL1	ENSG00000116194.15	ENST00000234816.7	3543
623	ANGPTL2	ENSG00000136859.12	ENST00000373425.8	3443
624	ANGPTL3	ENSG00000132855.7	ENST00000371129.4	2926
625	ANGPTL4	ENSG00000167772.14	ENST00000301455.7	1872
626	ANGPTL5	ENSG00000187151.9	ENST00000334289.7	2368
627	ANGPTL6	ENSG00000130812.13	ENST00000253109.5	1785
628	ANGPTL7	ENSG00000171819.6	ENST00000376819.4	2224
629	ANK1	ENSG00000029534.23	ENST00000289734.13	8292
630	ANK2	ENSG00000145362.23	ENST00000357077.9	14215
631	ANK3	ENSG00000151150.24	ENST00000280772.7	17019
632	ANKAR	ENSG00000151687.16	ENST00000684021.1	4521
633	ANKDD1A	ENSG00000166839.20	ENST00000319580.13	3101
634	ANKEF1	ENSG00000132623.18	ENST00000378392.6	5429
635	ANKFN1	ENSG00000153930.13	ENST00000682825.1	9314
636	ANKFY1	ENSG00000185722.20	ENST00000341657.9	7506
637	ANKH	ENSG00000154122.16	ENST00000284268.8	8207
638	ANKHD1	ENSG00000131503.23	ENST00000360839.7	8195
639	ANKHD1-EIF4EBP3	ENSG00000254996.5	ENST00000532219.5	8246
640	ANKIB1	ENSG00000001629.12	ENST00000265742.8	6340
641	ANKK1	ENSG00000170209.6	ENST00000303941.4	2553
642	ANKLE1	ENSG00000160117.18	ENST00000404085.7	2962
643	ANKLE2	ENSG00000176915.16	ENST00000357997.10	4590
644	ANKMY1	ENSG00000144504.18	ENST00000401804.6	3405
645	ANKMY2	ENSG00000106524.11	ENST00000306999.7	2489
646	ANKRA2	ENSG00000164331.12	ENST00000296785.8	2161
647	ANKRD1	ENSG00000148677.9	ENST00000371697.4	1790
648	ANKRD10	ENSG00000088448.16	ENST00000267339.6	2495
649	ANKRD11	ENSG00000167522.19	ENST00000301030.10	9301
650	ANKRD12	ENSG00000101745.19	ENST00000262126.9	11284
651	ANKRD13A	ENSG00000076513.19	ENST00000261739.9	4241
652	ANKRD13B	ENSG00000198720.15	ENST00000394859.8	3550
653	ANKRD13C	ENSG00000118454.15	ENST00000370944.9	5658
654	ANKRD13D	ENSG00000172932.18	ENST00000511455.7	2128
655	ANKRD16	ENSG00000134461.18	ENST00000380094.10	2734
656	ANKRD17	ENSG00000132466.22	ENST00000358602.9	10797
657	ANKRD18A	ENSG00000180071.22	ENST00000399703.6	3971
658	ANKRD18B	ENSG00000230453.12	ENST00000684830.1	4160
659	ANKRD2	ENSG00000165887.14	ENST00000370655.6	1171
660	ANKRD20A1	ENSG00000260691.9	ENST00000562196.6	3895
661	ANKRD20A2P	ENSG00000183148.9	ENST00000697201.1	4194
662	ANKRD20A4P	ENSG00000172014.14	ENST00000697282.1	4194
663	ANKRD22	ENSG00000152766.8	ENST00000371930.5	3858
664	ANKRD23	ENSG00000163126.17	ENST00000318357.9	2584
665	ANKRD24	ENSG00000089847.15	ENST00000318934.9	3838
666	ANKRD26	ENSG00000107890.19	ENST00000376087.5	6775
667	ANKRD27	ENSG00000105186.18	ENST00000306065.9	4432
668	ANKRD28	ENSG00000206560.13	ENST00000683139.1	7744
669	ANKRD29	ENSG00000154065.19	ENST00000592179.6	3387
670	ANKRD30A	ENSG00000148513.21	ENST00000361713.2	4664
671	ANKRD30B	ENSG00000180777.17	ENST00000690538.1	5335
672	SLF1	ENSG00000133302.15	ENST00000265140.10	5583
673	ANKRD33	ENSG00000167612.13	ENST00000301190.11	1865
674	ANKRD34A	ENSG00000272031.4	ENST00000606888.3	3607
675	ANKRD34B	ENSG00000189127.10	ENST00000338682.8	3730
676	ANKRD35	ENSG00000198483.15	ENST00000355594.9	3359
677	ANKRD36	ENSG00000135976.22	ENST00000420699.9	6534
678	ANKRD37	ENSG00000186352.10	ENST00000335174.6	784
679	ANKRD39	ENSG00000213337.11	ENST00000393537.5	892
680	ANKRD40	ENSG00000154945.9	ENST00000285243.7	4166
681	ANKRD42	ENSG00000137494.16	ENST00000533342.6	3310
682	ANKRD44	ENSG00000065413.22	ENST00000282272.15	6087
683	ANKRD45	ENSG00000183831.9	ENST00000333279.3	2660
684	ANKRD46	ENSG00000186106.13	ENST00000335659.7	2649
685	ANKRD49	ENSG00000168876.11	ENST00000544612.6	1908
686	ANKRD50	ENSG00000151458.14	ENST00000504087.6	8798
687	ANKRD52	ENSG00000139645.12	ENST00000267116.8	8681
688	ANKRD53	ENSG00000144031.14	ENST00000360589.4	1808
689	ANKRD54	ENSG00000100124.17	ENST00000215941.9	2087
690	ANKRD55	ENSG00000164512.19	ENST00000341048.9	2471
691	ANKRD6	ENSG00000135299.20	ENST00000339746.9	5368
692	ANKRD62	ENSG00000181626.13	ENST00000587848.3	4754
693	ANKRD7	ENSG00000106013.16	ENST00000265224.9	1313
694	ANKRD9	ENSG00000156381.11	ENST00000286918.9	6705
695	ANKS1A	ENSG00000064999.18	ENST00000360359.5	6350
696	ANKS1B	ENSG00000185046.22	ENST00000683438.2	6322
697	ANKS3	ENSG00000168096.17	ENST00000304283.9	2772
698	ANKS4B	ENSG00000175311.8	ENST00000311620.7	4323
699	ANKS6	ENSG00000165138.20	ENST00000353234.5	7190
700	ANKUB1	ENSG00000206199.12	ENST00000446160.7	2207
701	ANKZF1	ENSG00000163516.16	ENST00000323348.10	2540
702	ANLN	ENSG00000011426.13	ENST00000265748.7	4731
703	ANO1	ENSG00000131620.20	ENST00000355303.10	4777
704	ANO10	ENSG00000160746.15	ENST00000292246.8	3155
705	ANO2	ENSG00000047617.19	ENST00000682330.1	3683
706	ANO3	ENSG00000134343.15	ENST00000256737.8	5937
707	ANO4	ENSG00000151572.20	ENST00000392977.8	4033
708	ANO5	ENSG00000171714.15	ENST00000324559.9	6742
709	ANO6	ENSG00000177119.19	ENST00000320560.13	5998
710	ANO7	ENSG00000146205.17	ENST00000674324.2	4560
711	ANO8	ENSG00000074855.12	ENST00000159087.7	4178
712	ANO9	ENSG00000185101.15	ENST00000332826.7	2867
713	ANP32A	ENSG00000140350.17	ENST00000465139.6	2440
714	ANP32B	ENSG00000136938.11	ENST00000339399.5	1483
715	ANP32D	ENSG00000139223.4	ENST00000266594.4	1064
716	ANP32E	ENSG00000143401.17	ENST00000583931.6	3407
717	ANPEP	ENSG00000166825.17	ENST00000300060.7	3662
718	ANTXR1	ENSG00000169604.23	ENST00000303714.9	5858
719	ANTXR2	ENSG00000163297.20	ENST00000403729.7	8419
720	ANTXRL	ENSG00000274209.7	ENST00000620264.5	2207
721	ANXA1	ENSG00000135046.17	ENST00000257497.11	1401
722	ANXA10	ENSG00000109511.12	ENST00000359299.8	1441
723	ANXA11	ENSG00000122359.20	ENST00000422982.8	6734
724	ANXA13	ENSG00000104537.19	ENST00000419625.6	1456
725	ANXA2	ENSG00000182718.20	ENST00000451270.7	1554
726	ANXA2R	ENSG00000177721.5	ENST00000616064.2	949
727	ANXA3	ENSG00000138772.15	ENST00000264908.11	1432
728	ANXA4	ENSG00000196975.18	ENST00000394295.6	2651
729	ANXA5	ENSG00000164111.17	ENST00000296511.10	1638
730	ANXA6	ENSG00000197043.17	ENST00000354546.10	2889
731	ANXA7	ENSG00000138279.18	ENST00000372921.10	2443
732	ANXA8L1	ENSG00000264230.11	ENST00000619162.5	1908
733	ANXA9	ENSG00000143412.12	ENST00000368947.9	1551
734	AOAH	ENSG00000136250.15	ENST00000617537.5	2385
735	AOC1	ENSG00000002726.23	ENST00000360937.9	2609
736	AOC2	ENSG00000131480.10	ENST00000253799.8	2677
737	AOC3	ENSG00000131471.8	ENST00000308423.7	4011
738	AOX1	ENSG00000138356.16	ENST00000374700.7	4928
739	LNCTSI	ENSG00000230479.2	ENST00000715798.1	909
740	AP1AR	ENSG00000138660.14	ENST00000274000.10	5915
741	AP1B1	ENSG00000100280.19	ENST00000357586.7	4165
742	AP1G1	ENSG00000166747.15	ENST00000299980.9	6602
743	AP1G2	ENSG00000213983.14	ENST00000397120.8	2598
744	AP1M1	ENSG00000072958.11	ENST00000291439.8	12859
745	AP1M2	ENSG00000129354.14	ENST00000250244.11	1748
746	AP1S1	ENSG00000106367.17	ENST00000337619.11	1226
747	AP1S2	ENSG00000182287.17	ENST00000672987.1	2128
748	AP1S3	ENSG00000152056.20	ENST00000396654.7	3986
749	AP2A1	ENSG00000196961.15	ENST00000354293.10	3357
750	AP2A2	ENSG00000183020.17	ENST00000448903.7	4587
751	AP2B1	ENSG00000006125.20	ENST00000610402.5	5700
752	AP2M1	ENSG00000161203.16	ENST00000292807.9	1931
753	AP2S1	ENSG00000042753.14	ENST00000263270.11	789
754	AP3B1	ENSG00000132842.18	ENST00000255194.11	3980
755	AP3B2	ENSG00000103723.18	ENST00000535359.6	3754
756	AP3D1	ENSG00000065000.22	ENST00000643116.3	5065
757	AP3M1	ENSG00000185009.15	ENST00000355264.9	4889
758	AP3M2	ENSG00000070718.15	ENST00000396926.8	3494
759	AP3S1	ENSG00000177879.19	ENST00000316788.12	1276
760	AP3S2	ENSG00000157823.19	ENST00000336418.9	5543
761	AP4B1	ENSG00000134262.17	ENST00000369569.6	3173
762	AP4E1	ENSG00000081014.13	ENST00000261842.10	6743
763	AP4M1	ENSG00000221838.14	ENST00000359593.9	3591
764	AP4S1	ENSG00000100478.19	ENST00000542754.7	4060
765	AP5B1	ENSG00000254470.5	ENST00000532090.3	6980
766	AP5M1	ENSG00000053770.14	ENST00000261558.8	11675
767	AP5S1	ENSG00000125843.14	ENST00000615891.2	5372
768	APAF1	ENSG00000120868.17	ENST00000551964.6	7201
769	APBA1	ENSG00000107282.10	ENST00000265381.7	6597
770	APBA2	ENSG00000034053.17	ENST00000683413.1	3941
771	APBA3	ENSG00000011132.14	ENST00000316757.4	2176
772	APBB1	ENSG00000166313.22	ENST00000609360.6	2666
773	APBB1IP	ENSG00000077420.19	ENST00000376236.9	2633
774	APBB2	ENSG00000163697.20	ENST00000508593.6	8899
775	APBB3	ENSG00000113108.22	ENST00000357560.9	2131
776	APC	ENSG00000134982.21	ENST00000257430.9	10704
777	APC2	ENSG00000115266.12	ENST00000590469.6	10179
778	APCDD1	ENSG00000154856.14	ENST00000355285.10	3803
779	APCDD1L	ENSG00000198768.13	ENST00000371149.8	3887
780	APCS	ENSG00000132703.5	ENST00000255040.3	925
781	APEH	ENSG00000164062.15	ENST00000296456.10	2879
782	APEX1	ENSG00000100823.14	ENST00000216714.8	1453
783	APEX2	ENSG00000169188.7	ENST00000374987.4	3239
784	APH1A	ENSG00000117362.15	ENST00000369109.8	1730
785	APH1B	ENSG00000138613.16	ENST00000261879.10	4138
786	API5	ENSG00000166181.15	ENST00000531273.6	3726
787	APIP	ENSG00000149089.15	ENST00000395787.4	1246
788	CENPS	ENSG00000175279.23	ENST00000309048.8	905
789	CENPS-CORT	ENSG00000251503.8	ENST00000602787.6	571
790	APLF	ENSG00000169621.13	ENST00000303795.9	3823
791	APLN	ENSG00000171388.14	ENST00000429967.3	3224
792	APLNR	ENSG00000134817.12	ENST00000606794.2	3660
793	APLP1	ENSG00000105290.16	ENST00000221891.9	2370
794	APLP2	ENSG00000084234.20	ENST00000338167.10	3697
795	APMAP	ENSG00000101474.14	ENST00000217456.3	2202
796	APOA1	ENSG00000118137.12	ENST00000236850.5	899
797	NAXE	ENSG00000163382.15	ENST00000368235.8	1111
798	APOA2	ENSG00000158874.14	ENST00000367990.7	474
799	APOA4	ENSG00000110244.8	ENST00000357780.5	1471
800	APOA5	ENSG00000110243.14	ENST00000227665.9	1881
801	APOB	ENSG00000084674.16	ENST00000233242.5	14121
802	APOBEC1	ENSG00000111701.7	ENST00000229304.5	894
803	APOBEC2	ENSG00000124701.8	ENST00000244669.3	1633
804	APOBEC3A	ENSG00000128383.15	ENST00000249116.7	1358
805	APOBEC3B	ENSG00000179750.17	ENST00000333467.4	1590
806	APOBEC3C	ENSG00000244509.6	ENST00000361441.5	2644
807	APOBEC3D	ENSG00000243811.14	ENST00000216099.13	2515
808	APOBEC3F	ENSG00000128394.19	ENST00000308521.10	4496
809	APOBEC3G	ENSG00000239713.11	ENST00000407997.4	1564
810	APOBEC3H	ENSG00000100298.17	ENST00000442487.8	1029
811	APOBEC4	ENSG00000173627.8	ENST00000308641.6	2782
812	APOBR	ENSG00000184730.14	ENST00000564831.6	3792
813	APOC1	ENSG00000130208.12	ENST00000592535.6	514
814	APOC2	ENSG00000234906.13	ENST00000252490.7	660
815	APOC3	ENSG00000110245.14	ENST00000227667.8	535
816	APOC4	ENSG00000267467.6	ENST00000592954.2	616
817	APOC4-APOC2	ENSG00000224916.9	ENST00000589057.5	680
818	APOD	ENSG00000189058.11	ENST00000343267.8	862
819	APOE	ENSG00000130203.12	ENST00000252486.9	1166
820	APOF	ENSG00000175336.12	ENST00000398189.4	1750
821	APOH	ENSG00000091583.13	ENST00000205948.11	1174
822	APOL1	ENSG00000100342.24	ENST00000397278.8	2795
823	APOL2	ENSG00000128335.16	ENST00000358502.10	2429
824	APOL3	ENSG00000128284.23	ENST00000424878.4	2041
825	APOL4	ENSG00000100336.19	ENST00000683024.1	3069
826	APOL5	ENSG00000128313.2	ENST00000249044.2	1438
827	APOL6	ENSG00000221963.8	ENST00000409652.5	10065
828	APOLD1	ENSG00000178878.15	ENST00000356591.5	4594
829	APOM	ENSG00000204444.12	ENST00000375916.4	761
830	APOO	ENSG00000184831.16	ENST00000379226.9	1122
831	APOOL	ENSG00000155008.18	ENST00000373173.7	6480
832	COA8	ENSG00000256053.11	ENST00000409074.8	1234
833	APP	ENSG00000142192.24	ENST00000346798.8	3583
834	APPBP2	ENSG00000062725.12	ENST00000083182.8	6492
835	APPL1	ENSG00000157500.14	ENST00000288266.8	6069
836	APPL2	ENSG00000136044.14	ENST00000258530.8	3171
837	APRT	ENSG00000198931.13	ENST00000378364.8	931
838	APTX	ENSG00000137074.22	ENST00000379817.7	1977
839	AQP1	ENSG00000240583.16	ENST00000311813.11	2754
840	AQP10	ENSG00000143595.15	ENST00000324978.8	1814
841	AQP11	ENSG00000178301.6	ENST00000313578.4	1835
842	AQP12A	ENSG00000184945.15	ENST00000337801.9	1063
843	AQP12B	ENSG00000185176.13	ENST00000407834.4	1099
844	AQP2	ENSG00000167580.9	ENST00000199280.4	4180
845	AQP3	ENSG00000165272.18	ENST00000297991.6	1825
846	AQP4	ENSG00000171885.20	ENST00000383168.9	5158
847	AQP5	ENSG00000161798.9	ENST00000293599.7	1449
848	AQP6	ENSG00000086159.16	ENST00000315520.10	2544
849	AQP7	ENSG00000165269.15	ENST00000297988.6	3064
850	AQP8	ENSG00000103375.13	ENST00000219660.6	1325
851	AQP9	ENSG00000103569.13	ENST00000219919.9	2849
852	LVRN	ENSG00000172901.21	ENST00000357872.9	4604
853	AQR	ENSG00000021776.13	ENST00000156471.10	9597
854	AR	ENSG00000169083.19	ENST00000374690.9	10667
855	ARAF	ENSG00000078061.16	ENST00000377045.9	2378
856	ARAP1	ENSG00000186635.18	ENST00000393609.8	5156
857	ARAP2	ENSG00000047365.15	ENST00000303965.9	7513
858	ARAP3	ENSG00000120318.18	ENST00000239440.9	5258
859	ARC	ENSG00000198576.4	ENST00000356613.4	2950
860	ARCN1	ENSG00000095139.17	ENST00000264028.5	3994
861	AREG	ENSG00000109321.13	ENST00000395748.8	1234
862	AREL1	ENSG00000119682.20	ENST00000356357.9	5417
863	ARF1	ENSG00000143761.19	ENST00000272102.10	1840
864	ARF3	ENSG00000134287.12	ENST00000256682.9	4041
865	ARF4	ENSG00000168374.13	ENST00000303436.11	1596
866	ARF5	ENSG00000004059.13	ENST00000000233.10	1032
867	ARF6	ENSG00000165527.10	ENST00000298316.7	3875
868	ARFGAP1	ENSG00000101199.15	ENST00000370283.9	3250
869	ARFGAP2	ENSG00000149182.17	ENST00000524782.6	2773
870	ARFGAP3	ENSG00000242247.13	ENST00000263245.10	2728
871	ARFGEF1	ENSG00000066777.11	ENST00000262215.8	7320
872	ARFGEF2	ENSG00000124198.12	ENST00000371917.5	9031
873	ARFIP1	ENSG00000164144.18	ENST00000353617.7	3542
874	ARFIP2	ENSG00000132254.15	ENST00000396777.8	1763
875	ARFRP1	ENSG00000101246.22	ENST00000622789.5	2518
876	ARG1	ENSG00000118520.18	ENST00000368087.8	1447
877	ARG2	ENSG00000081181.10	ENST00000261783.4	1911
878	ARGFX	ENSG00000186103.5	ENST00000334384.5	5047
879	ARGLU1	ENSG00000134884.17	ENST00000400198.8	3363
880	ARHGAP1	ENSG00000175220.14	ENST00000311956.9	3395
881	ARHGAP10	ENSG00000071205.14	ENST00000336498.8	3270
882	ARHGAP11A	ENSG00000198826.13	ENST00000361627.8	5876
883	ARHGAP11B	ENSG00000285077.4	ENST00000697964.2	1565
884	ARHGAP12	ENSG00000165322.20	ENST00000344936.7	5060
885	ARHGAP15	ENSG00000075884.16	ENST00000295095.11	1670
886	ARHGAP17	ENSG00000140750.19	ENST00000289968.11	3495
887	ARHGAP18	ENSG00000146376.13	ENST00000368149.3	4414
888	ARHGAP19	ENSG00000213390.13	ENST00000358531.9	5438
889	ARHGAP19-SLIT1	ENSG00000269891.2	ENST00000479633.2	1876
890	ARHGAP20	ENSG00000137727.14	ENST00000683387.1	6109
891	ARHGAP21	ENSG00000107863.22	ENST00000396432.7	7381
892	ARHGAP22	ENSG00000128805.17	ENST00000249601.9	2729
893	ARHGAP24	ENSG00000138639.19	ENST00000395184.6	4621
894	ARHGAP25	ENSG00000163219.13	ENST00000409202.8	2969
895	ARHGAP26	ENSG00000145819.19	ENST00000645722.2	9226
896	ARHGAP27	ENSG00000159314.15	ENST00000685559.1	4621
897	ARHGAP28	ENSG00000088756.15	ENST00000383472.9	5858
898	ARHGAP29	ENSG00000137962.15	ENST00000260526.11	8952
899	ARHGAP30	ENSG00000186517.15	ENST00000368013.8	4342
900	ARHGAP31	ENSG00000031081.13	ENST00000264245.9	9307
901	ARHGAP32	ENSG00000134909.19	ENST00000682385.1	10280
902	ARHGAP33	ENSG00000004777.20	ENST00000007510.9	4352
903	ARHGAP35	ENSG00000160007.22	ENST00000672722.1	9290
904	ARHGAP36	ENSG00000147256.13	ENST00000276211.10	2985
905	ARHGAP39	ENSG00000147799.14	ENST00000377307.7	4830
906	ARHGAP4	ENSG00000089820.19	ENST00000350060.10	3254
907	ARHGAP44	ENSG00000006740.20	ENST00000379672.10	4270
908	ARHGAP5	ENSG00000100852.15	ENST00000345122.8	9589
909	ARHGAP6	ENSG00000047648.24	ENST00000337414.9	5336
910	ARHGAP8	ENSG00000241484.12	ENST00000356099.11	1615
911	ARHGAP9	ENSG00000123329.22	ENST00000393791.8	2599
912	ARHGDIA	ENSG00000141522.15	ENST00000269321.12	1837
913	ARHGDIB	ENSG00000111348.11	ENST00000228945.9	1174
914	ARHGDIG	ENSG00000242173.12	ENST00000219409.8	964
915	ARHGEF1	ENSG00000076928.22	ENST00000354532.8	3229
916	ARHGEF10	ENSG00000104728.18	ENST00000349830.8	5648
917	ARHGEF10L	ENSG00000074964.19	ENST00000361221.8	4625
918	ARHGEF11	ENSG00000132694.22	ENST00000368194.8	7261
919	ARHGEF12	ENSG00000196914.11	ENST00000397843.7	10326
920	ARHGEF15	ENSG00000198844.14	ENST00000361926.8	4196
921	ARHGEF16	ENSG00000130762.17	ENST00000378378.9	2822
922	ARHGEF17	ENSG00000110237.7	ENST00000263674.4	8163
923	ARHGEF18	ENSG00000104880.20	ENST00000668164.2	6681
924	ARHGEF19	ENSG00000142632.19	ENST00000270747.8	3322
925	ARHGEF2	ENSG00000116584.24	ENST00000361247.9	4169
926	ARHGEF25	ENSG00000240771.10	ENST00000286494.9	2554
927	ARHGEF26	ENSG00000114790.15	ENST00000465093.6	5149
928	ARHGEF28	ENSG00000214944.12	ENST00000513042.7	6233
929	ARHGEF3	ENSG00000163947.14	ENST00000296315.8	3582
930	ARHGEF35	ENSG00000213214.8	ENST00000378115.3	2609
931	ARHGEF37	ENSG00000183111.14	ENST00000333677.7	4943
932	ARHGEF38	ENSG00000236699.10	ENST00000420470.3	5457
933	ARHGEF39	ENSG00000137135.20	ENST00000378387.4	3678
934	ARHGEF4	ENSG00000136002.23	ENST00000409359.7	6735
935	ARHGEF40	ENSG00000165801.12	ENST00000298694.9	5893
936	ARHGEF6	ENSG00000129675.18	ENST00000250617.7	4860
937	ARHGEF7	ENSG00000102606.22	ENST00000646102.2	5425
938	ARHGEF9	ENSG00000131089.19	ENST00000671741.2	4702
939	ARID1A	ENSG00000117713.23	ENST00000324856.13	8595
940	ARID1B	ENSG00000049618.27	ENST00000636930.2	10310
941	ARID2	ENSG00000189079.20	ENST00000334344.11	8598
942	ARID3A	ENSG00000116017.13	ENST00000263620.8	5948
943	ARID3B	ENSG00000179361.20	ENST00000346246.10	4228
944	ARID3C	ENSG00000205143.7	ENST00000378909.4	1870
945	ARID4A	ENSG00000032219.21	ENST00000355431.8	5864
946	ARID4B	ENSG00000054267.24	ENST00000264183.9	6022
947	ARID5A	ENSG00000196843.20	ENST00000357485.8	2181
948	ARID5B	ENSG00000150347.18	ENST00000279873.12	7492
949	ARIH1	ENSG00000166233.17	ENST00000379887.9	21679
950	ARIH2	ENSG00000177479.22	ENST00000356401.9	4912
951	ARIH2OS	ENSG00000221883.6	ENST00000647812.3	1598
952	ARL1	ENSG00000120805.16	ENST00000261636.13	3197
953	ARL10	ENSG00000175414.9	ENST00000310389.6	10826
954	ARL11	ENSG00000152213.6	ENST00000282026.2	3552
955	ARL13A	ENSG00000174225.16	ENST00000450049.7	1130
956	ARL13B	ENSG00000169379.18	ENST00000394222.8	3971
957	ARL14	ENSG00000179674.4	ENST00000320767.4	1289
958	ARL14EP	ENSG00000152219.8	ENST00000282032.4	2373
959	ARL15	ENSG00000185305.13	ENST00000504924.6	3328
960	ARL16	ENSG00000214087.11	ENST00000622299.5	1087
961	ARL2	ENSG00000213465.10	ENST00000246747.9	932
962	ARL2BP	ENSG00000102931.9	ENST00000219204.8	1969
963	ARL3	ENSG00000138175.11	ENST00000260746.6	3834
964	ARL4A	ENSG00000122644.15	ENST00000651779.1	2889
965	ARL4C	ENSG00000188042.9	ENST00000339728.6	3866
966	ARL4D	ENSG00000175906.7	ENST00000320033.5	1578
967	ARL5A	ENSG00000162980.19	ENST00000295087.13	5264
968	ARL5B	ENSG00000165997.7	ENST00000377275.4	7170
969	ARL6	ENSG00000113966.13	ENST00000463745.6	3988
970	ARL6IP1	ENSG00000170540.18	ENST00000304414.12	2278
971	ARL6IP4	ENSG00000182196.16	ENST00000315580.10	1023
972	ARL6IP5	ENSG00000144746.9	ENST00000273258.4	2134
973	ARL6IP6	ENSG00000177917.13	ENST00000326446.10	3242
974	ARL8A	ENSG00000143862.10	ENST00000272217.7	1789
975	ARL8B	ENSG00000134108.16	ENST00000256496.8	2933
976	ARL9	ENSG00000196503.7	ENST00000640821.3	1447
977	ARMC1	ENSG00000104442.12	ENST00000276569.8	3000
978	ARMC10	ENSG00000170632.16	ENST00000323716.8	2371
979	ARMC12	ENSG00000157343.10	ENST00000373866.4	1309
980	ARMC2	ENSG00000118690.15	ENST00000392644.9	3734
981	ARMC3	ENSG00000165309.15	ENST00000298032.10	3718
982	ODAD2	ENSG00000169126.18	ENST00000305242.10	3603
983	ARMC5	ENSG00000140691.19	ENST00000268314.9	3108
984	ARMC6	ENSG00000105676.16	ENST00000535612.6	2461
985	ARMC7	ENSG00000125449.9	ENST00000245543.6	2151
986	ARMC8	ENSG00000114098.20	ENST00000469044.6	4757
987	ARMC9	ENSG00000135931.21	ENST00000611582.5	7879
988	ARMCX1	ENSG00000126947.15	ENST00000372829.8	2125
989	ARMCX2	ENSG00000184867.16	ENST00000356824.9	2819
990	ARMCX3	ENSG00000102401.22	ENST00000471229.7	3348
991	ARMCX5	ENSG00000125962.18	ENST00000473968.7	2772
992	ARMCX6	ENSG00000198960.13	ENST00000361910.9	1840
993	ARMS2	ENSG00000254636.1	ENST00000528446.1	818
994	ARNT	ENSG00000143437.23	ENST00000358595.10	4710
995	ARNT2	ENSG00000172379.24	ENST00000303329.9	6523
996	BMAL1	ENSG00000133794.22	ENST00000403290.6	2787
997	BMAL2	ENSG00000029153.17	ENST00000266503.10	6902
998	ARPC1A	ENSG00000241685.12	ENST00000262942.10	1582
999	ARPC1B	ENSG00000130429.18	ENST00000646101.2	1511
1000	ARPC2	ENSG00000163466.18	ENST00000315717.10	1410
1001	ARPC3	ENSG00000111229.18	ENST00000228825.12	946
1002	ARPC4	ENSG00000241553.15	ENST00000397261.8	1433
1003	ARPC4-TTLL3	ENSG00000250151.9	ENST00000397256.5	2466
1004	ARPC5	ENSG00000162704.17	ENST00000359856.11	7266
1005	ARPC5L	ENSG00000136950.15	ENST00000353214.6	2507
1006	ARPP19	ENSG00000128989.13	ENST00000249822.9	5366
1007	ARPP21	ENSG00000172995.19	ENST00000684406.1	4158
1008	ARR3	ENSG00000120500.20	ENST00000307959.9	1310
1009	ARRB1	ENSG00000137486.19	ENST00000420843.7	7352
1010	ARRB2	ENSG00000141480.20	ENST00000269260.7	1778
1011	ARRDC1	ENSG00000197070.16	ENST00000371421.9	1556
1012	ARRDC2	ENSG00000105643.13	ENST00000222250.5	2501
1013	ARRDC3	ENSG00000113369.10	ENST00000265138.4	4239
1014	ARRDC4	ENSG00000140450.11	ENST00000268042.7	4062
1015	ARRDC5	ENSG00000205784.6	ENST00000650722.2	1667
1016	ARSA	ENSG00000100299.20	ENST00000216124.10	4294
1017	ARSB	ENSG00000113273.19	ENST00000264914.10	4852
1018	ARSD	ENSG00000006756.18	ENST00000381154.6	5145
1019	ARSL	ENSG00000157399.19	ENST00000381134.9	2219
1020	ARSF	ENSG00000062096.17	ENST00000381127.6	2165
1021	ARSG	ENSG00000141337.14	ENST00000621439.5	2554
1022	ARSH	ENSG00000205667.3	ENST00000381130.3	2482
1023	ARSI	ENSG00000183876.10	ENST00000328668.8	3113
1024	ARSJ	ENSG00000180801.15	ENST00000315366.8	4603
1025	ARSK	ENSG00000164291.19	ENST00000380009.9	3365
1026	ART1	ENSG00000129744.5	ENST00000250693.2	1315
1027	ART3	ENSG00000156219.20	ENST00000355810.9	1557
1028	ART4	ENSG00000111339.13	ENST00000228936.6	5160
1029	ART5	ENSG00000167311.16	ENST00000397068.8	1232
1030	ARTN	ENSG00000117407.19	ENST00000372359.10	1439
1031	ARV1	ENSG00000173409.16	ENST00000310256.7	1428
1032	ARVCF	ENSG00000099889.16	ENST00000263207.8	4056
1033	ARX	ENSG00000004848.9	ENST00000379044.5	2893
1034	AS3MT	ENSG00000214435.11	ENST00000369880.8	2450
1035	ASAH1	ENSG00000104763.22	ENST00000637790.2	2779
1036	ASAH2	ENSG00000188611.18	ENST00000682911.1	4955
1037	ASAH2B	ENSG00000204147.12	ENST00000647317.2	5145
1038	ASAP1	ENSG00000153317.17	ENST00000518721.6	6259
1039	ASAP2	ENSG00000151693.13	ENST00000281419.8	5665
1040	ASAP3	ENSG00000088280.23	ENST00000336689.8	4051
1041	ASB1	ENSG00000065802.14	ENST00000264607.9	6891
1042	ASB10	ENSG00000146926.13	ENST00000420175.3	1793
1043	ASB11	ENSG00000165192.16	ENST00000480796.6	2815
1044	ASB12	ENSG00000198881.11	ENST00000362002.3	1267
1045	ASB13	ENSG00000196372.15	ENST00000357700.11	2717
1046	ASB14	ENSG00000239388.11	ENST00000487349.6	3187
1047	ASB15	ENSG00000146809.16	ENST00000451215.6	4605
1048	ASB16	ENSG00000161664.8	ENST00000293414.6	2142
1049	ASB17	ENSG00000154007.8	ENST00000284142.7	1080
1050	ASB18	ENSG00000182177.16	ENST00000409749.8	2875
1051	ASB2	ENSG00000100628.14	ENST00000555019.6	2608
1052	ASB3	ENSG00000115239.26	ENST00000263634.8	2226
1053	ASB4	ENSG00000005981.15	ENST00000325885.6	3784
1054	ASB5	ENSG00000164122.11	ENST00000296525.7	3031
1055	ASB6	ENSG00000148331.14	ENST00000277458.5	4603
1056	ASB7	ENSG00000183475.15	ENST00000332783.12	4926
1057	ASB8	ENSG00000177981.13	ENST00000317697.8	2534
1058	ASB9	ENSG00000102048.18	ENST00000380488.9	1613
1059	ASCC1	ENSG00000138303.21	ENST00000672957.1	2479
1060	ASCC2	ENSG00000100325.17	ENST00000307790.8	2790
1061	ASCC3	ENSG00000112249.16	ENST00000369162.7	8111
1062	ASCL1	ENSG00000139352.5	ENST00000266744.4	2481
1063	ASCL2	ENSG00000183734.6	ENST00000331289.5	1485
1064	ASCL3	ENSG00000176009.4	ENST00000531618.2	627
1065	ASCL4	ENSG00000187855.6	ENST00000342331.5	1941
1066	ASF1A	ENSG00000111875.10	ENST00000229595.6	2434
1067	ASF1B	ENSG00000105011.11	ENST00000263382.8	1689
1068	ASGR1	ENSG00000141505.14	ENST00000269299.8	1310
1069	ASGR2	ENSG00000161944.19	ENST00000691900.1	1448
1070	ASH1L	ENSG00000116539.15	ENST00000392403.8	12037
1071	ASH2L	ENSG00000129691.18	ENST00000343823.11	2918
1072	ASIC1	ENSG00000110881.14	ENST00000447966.7	3886
1073	ASIC2	ENSG00000108684.15	ENST00000225823.7	3750
1074	ASIC3	ENSG00000213199.10	ENST00000349064.10	2053
1075	ASIC4	ENSG00000072182.14	ENST00000358078.5	2589
1076	ASIC5	ENSG00000256394.3	ENST00000537611.3	1696
1077	ASIP	ENSG00000101440.12	ENST00000374954.4	653
1078	ASL	ENSG00000126522.19	ENST00000304874.14	2140
1079	ASMT	ENSG00000196433.13	ENST00000381241.9	1330
1080	ASMTL	ENSG00000169093.18	ENST00000381317.9	2065
1081	GET3	ENSG00000198356.14	ENST00000357332.8	1275
1082	ASNS	ENSG00000070669.19	ENST00000394308.8	2385
1083	ASNSD1	ENSG00000138381.11	ENST00000260952.9	2411
1084	ASPA	ENSG00000108381.13	ENST00000263080.3	5422
1085	ASPDH	ENSG00000204653.12	ENST00000389208.9	1069
1086	ASPG	ENSG00000166183.18	ENST00000551177.6	4831
1087	ASPH	ENSG00000198363.20	ENST00000379454.9	5301
1088	ASPHD1	ENSG00000174939.13	ENST00000308748.10	1816
1089	ASPHD2	ENSG00000128203.9	ENST00000215906.6	3370
1090	ASPM	ENSG00000066279.21	ENST00000367409.9	10863
1091	ASPN	ENSG00000106819.15	ENST00000375544.7	2470
1092	ASPRV1	ENSG00000244617.3	ENST00000320256.6	1543
1093	ASPSCR1	ENSG00000169696.18	ENST00000306739.9	1764
1094	ASRGL1	ENSG00000162174.14	ENST00000415229.6	2270
1095	ASS1	ENSG00000130707.20	ENST00000352480.10	1532
1096	ASTE1	ENSG00000034533.14	ENST00000264992.8	2687
1097	ASTL	ENSG00000188886.6	ENST00000342380.3	2394
1098	ASTN1	ENSG00000152092.19	ENST00000361833.7	7138
1099	ASTN2	ENSG00000148219.20	ENST00000313400.9	6878
1100	INTS13	ENSG00000064102.17	ENST00000261191.12	2634
1101	ASXL1	ENSG00000171456.24	ENST00000375687.10	7052
1102	ASXL2	ENSG00000143970.19	ENST00000435504.9	12849
1103	ASXL3	ENSG00000141431.15	ENST00000269197.12	11760
1104	ASZ1	ENSG00000154438.8	ENST00000284629.7	1835
1105	ATAD1	ENSG00000138138.16	ENST00000680024.1	4334
1106	ATAD2	ENSG00000156802.15	ENST00000287394.10	5547
1107	ATAD2B	ENSG00000119778.17	ENST00000238789.10	8112
1108	ATAD3A	ENSG00000197785.16	ENST00000378756.8	2481
1109	ATAD3B	ENSG00000160072.22	ENST00000673477.1	4098
1110	ATAD3C	ENSG00000215915.10	ENST00000378785.7	3864
1111	ATAD5	ENSG00000176208.11	ENST00000321990.5	6873
1112	ATAT1	ENSG00000137343.20	ENST00000376485.9	1456
1113	ATCAY	ENSG00000167654.20	ENST00000450849.7	4971
1114	ATE1	ENSG00000107669.21	ENST00000224652.12	4895
1115	ATF1	ENSG00000123268.11	ENST00000262053.8	2412
1116	ATF2	ENSG00000115966.20	ENST00000264110.7	4164
1117	ATF3	ENSG00000162772.20	ENST00000341491.9	1940
1118	ATF4	ENSG00000128272.21	ENST00000674920.3	1419
1119	ATF5	ENSG00000169136.15	ENST00000423777.7	2007
1120	ATF6	ENSG00000118217.9	ENST00000367942.4	7470
1121	ATF6B	ENSG00000213676.15	ENST00000375203.8	2626
1122	ATF7	ENSG00000170653.21	ENST00000420353.7	6660
1123	ATF7IP	ENSG00000171681.15	ENST00000261168.9	8823
1124	ATF7IP2	ENSG00000166669.16	ENST00000562102.6	3741
1125	ATG10	ENSG00000152348.18	ENST00000282185.8	3029
1126	ATG12	ENSG00000145782.15	ENST00000509910.2	4040
1127	ATG13	ENSG00000175224.19	ENST00000683050.1	4246
1128	ATG14	ENSG00000126775.10	ENST00000247178.6	4715
1129	ATG16L1	ENSG00000085978.24	ENST00000392017.9	3298
1130	ATG16L2	ENSG00000168010.13	ENST00000321297.10	2140
1131	ATG2A	ENSG00000110046.16	ENST00000377264.8	6318
1132	ATG2B	ENSG00000066739.14	ENST00000359933.6	13162
1133	ATG3	ENSG00000144848.13	ENST00000283290.10	1568
1134	ATG4A	ENSG00000101844.20	ENST00000372232.8	2205
1135	ATG4B	ENSG00000168397.19	ENST00000404914.8	2797
1136	ATG4C	ENSG00000125703.17	ENST00000317868.9	2944
1137	ATG4D	ENSG00000130734.12	ENST00000309469.9	1963
1138	ATG5	ENSG00000057663.18	ENST00000369076.8	3185
1139	ATG7	ENSG00000197548.15	ENST00000693202.1	5333
1140	ATG9A	ENSG00000198925.14	ENST00000361242.9	3770
1141	ATG9B	ENSG00000181652.20	ENST00000639579.2	3423
1142	PGGHG	ENSG00000142102.18	ENST00000409548.7	3699
1143	ATIC	ENSG00000138363.17	ENST00000236959.14	1972
1144	ATL1	ENSG00000198513.17	ENST00000358385.12	2504
1145	ATL2	ENSG00000119787.16	ENST00000378954.9	3805
1146	ATL3	ENSG00000184743.15	ENST00000398868.8	6899
1147	ATM	ENSG00000149311.24	ENST00000675843.1	12915
1148	ATMIN	ENSG00000166454.12	ENST00000299575.5	4881
1149	ATN1	ENSG00000111676.17	ENST00000396684.3	4702
1150	ATOH1	ENSG00000172238.6	ENST00000306011.6	2212
1151	ATOH7	ENSG00000179774.9	ENST00000373673.5	1519
1152	ATOH8	ENSG00000168874.16	ENST00000306279.4	5658
1153	ATOX1	ENSG00000177556.14	ENST00000313115.11	471
1154	ATP10A	ENSG00000206190.14	ENST00000555815.7	5360
1155	ATP10B	ENSG00000118322.15	ENST00000327245.10	7565
1156	ATP10D	ENSG00000145246.16	ENST00000273859.8	6668
1157	ATP11A	ENSG00000068650.21	ENST00000375645.8	9086
1158	ATP11B	ENSG00000058063.19	ENST00000323116.10	7315
1159	ATP11C	ENSG00000101974.16	ENST00000682941.1	7019
1160	ATP12A	ENSG00000075673.14	ENST00000381946.5	4406
1161	ATP13A1	ENSG00000105726.19	ENST00000357324.11	3849
1162	ATP13A2	ENSG00000159363.20	ENST00000326735.13	3996
1163	ATP13A3	ENSG00000133657.19	ENST00000645319.2	7538
1164	ATP13A4	ENSG00000127249.17	ENST00000342695.9	7372
1165	ATP13A5	ENSG00000187527.13	ENST00000342358.9	3938
1166	ATP1A1	ENSG00000163399.18	ENST00000295598.10	3670
1167	ATP1A2	ENSG00000018625.17	ENST00000361216.8	5435
1168	ATP1A3	ENSG00000105409.21	ENST00000648268.1	3551
1169	ATP1A4	ENSG00000132681.18	ENST00000368081.9	3809
1170	ATP1B1	ENSG00000143153.16	ENST00000367815.9	2216
1171	ATP1B2	ENSG00000129244.11	ENST00000250111.9	3341
1172	ATP1B3	ENSG00000069849.13	ENST00000286371.8	1847
1173	ATP1B4	ENSG00000101892.14	ENST00000218008.8	4757
1174	ATP2A1	ENSG00000196296.16	ENST00000395503.9	3493
1175	ATP2A2	ENSG00000174437.20	ENST00000539276.7	8295
1176	ATP2A3	ENSG00000074370.21	ENST00000397041.8	4695
1177	ATP2B1	ENSG00000070961.19	ENST00000428670.8	7062
1178	ATP2B2	ENSG00000157087.21	ENST00000360273.7	8964
1179	ATP2B3	ENSG00000067842.21	ENST00000263519.5	6774
1180	ATP2B4	ENSG00000058668.18	ENST00000357681.10	8697
1181	ATP2C1	ENSG00000017260.22	ENST00000510168.6	4994
1182	ATP2C2	ENSG00000064270.16	ENST00000262429.9	3374
1183	ATP4A	ENSG00000105675.10	ENST00000262623.4	3721
1184	ATP4B	ENSG00000186009.5	ENST00000335288.5	1500
1185	ATP5F1A	ENSG00000152234.18	ENST00000398752.11	5761
1186	ATP5F1B	ENSG00000110955.11	ENST00000262030.8	1759
1187	ATP5F1C	ENSG00000165629.22	ENST00000356708.12	1101
1188	ATP5F1D	ENSG00000099624.10	ENST00000215375.7	995
1189	ATP5F1E	ENSG00000124172.12	ENST00000243997.8	3610
1190	ATP5F1EP2	ENSG00000180389.7	ENST00000381026.4	156
1191	ATP5PB	ENSG00000116459.13	ENST00000369722.8	2628
1192	ATP5MC1	ENSG00000159199.16	ENST00000393366.7	646
1193	ATP5MC2	ENSG00000135390.23	ENST00000394349.9	632
1194	ATP5MC3	ENSG00000154518.12	ENST00000284727.9	2587
1195	ATP5PD	ENSG00000167863.14	ENST00000301587.9	609
1196	ATP5ME	ENSG00000169020.12	ENST00000304312.5	303
1197	ATP5PF	ENSG00000154723.15	ENST00000284971.8	526
1198	ATP5MF	ENSG00000241468.10	ENST00000292475.8	443
1199	ATP5MF-PTCD1	ENSG00000248919.7	ENST00000413834.5	2491
1200	ATP5MG	ENSG00000167283.11	ENST00000300688.8	1121
1201	ATP5MGL	ENSG00000249222.1	ENST00000505920.1	799
1202	ATP5PO	ENSG00000241837.9	ENST00000290299.7	756
1203	DMAC2L	ENSG00000125375.20	ENST00000557421.7	2944
1204	DMAC2	ENSG00000105341.20	ENST00000221943.14	1700
1205	ATP6AP1	ENSG00000071553.20	ENST00000369762.7	2054
1206	ATP6AP1L	ENSG00000205464.14	ENST00000643922.1	1027
1207	ATP6AP2	ENSG00000182220.17	ENST00000636580.2	2242
1208	ATP6V0A1	ENSG00000033627.20	ENST00000343619.9	4106
1209	ATP6V0A2	ENSG00000185344.17	ENST00000330342.8	6507
1210	ATP6V0A4	ENSG00000105929.18	ENST00000310018.7	3136
1211	ATP6V0B	ENSG00000117410.16	ENST00000472174.7	987
1212	ATP6V0C	ENSG00000185883.14	ENST00000330398.9	1093
1213	ATP6V0D1	ENSG00000159720.15	ENST00000290949.8	1636
1214	ATP6V0D2	ENSG00000147614.6	ENST00000285393.4	2370
1215	ATP6V0E1	ENSG00000113732.11	ENST00000519374.6	1419
1216	ATP6V0E2	ENSG00000171130.21	ENST00000425642.3	1723
1217	ATP6V1A	ENSG00000114573.14	ENST00000273398.8	4575
1218	ATP6V1B1	ENSG00000116039.15	ENST00000234396.10	1907
1219	ATP6V1B2	ENSG00000147416.14	ENST00000276390.7	2856
1220	ATP6V1C1	ENSG00000155097.14	ENST00000518738.2	5635
1221	ATP6V1C2	ENSG00000143882.14	ENST00000272238.9	3259
1222	ATP6V1D	ENSG00000100554.13	ENST00000216442.12	1599
1223	ATP6V1E1	ENSG00000131100.15	ENST00000253413.10	1333
1224	ATP6V1E2	ENSG00000250565.9	ENST00000522587.6	1599
1225	ATP6V1F	ENSG00000128524.6	ENST00000249289.5	678
1226	ATP6V1G1	ENSG00000136888.10	ENST00000374050.4	1563
1227	ATP6V1G2	ENSG00000213760.12	ENST00000303892.10	1370
1228	ATP6V1G2-DDX39B	ENSG00000254870.5	ENST00000376185.5	2039
1229	ATP6V1G3	ENSG00000151418.13	ENST00000367382.6	556
1230	ATP6V1H	ENSG00000047249.20	ENST00000359530.7	2120
1231	ATP7A	ENSG00000165240.23	ENST00000341514.11	8492
1232	ATP7B	ENSG00000123191.20	ENST00000242839.10	6598
1233	ATP8A1	ENSG00000124406.19	ENST00000381668.9	8270
1234	ATP8A2	ENSG00000132932.20	ENST00000381655.7	9672
1235	ATP8B1	ENSG00000081923.17	ENST00000648908.2	6161
1236	ATP8B2	ENSG00000143515.22	ENST00000368489.6	5974
1237	ATP8B3	ENSG00000130270.17	ENST00000310127.10	5095
1238	ATP8B4	ENSG00000104043.17	ENST00000284509.11	5688
1239	ATP9A	ENSG00000054793.16	ENST00000338821.6	7862
1240	ATP9B	ENSG00000166377.23	ENST00000426216.6	4361
1241	ATPAF1	ENSG00000123472.15	ENST00000574428.6	4068
1242	ATPAF2	ENSG00000171953.17	ENST00000474627.8	1553
1243	ATP5IF1	ENSG00000130770.20	ENST00000335514.10	503
1244	ATR	ENSG00000175054.18	ENST00000350721.9	8158
1245	ATRAID	ENSG00000138085.20	ENST00000380171.9	1227
1246	ATRIP	ENSG00000164053.24	ENST00000320211.10	4576
1247	ATRN	ENSG00000088812.20	ENST00000262919.10	8651
1248	ATRNL1	ENSG00000107518.20	ENST00000355044.8	8746
1249	ATRX	ENSG00000085224.24	ENST00000373344.11	11165
1250	ATXN1	ENSG00000124788.19	ENST00000436367.6	10557
1251	ATXN10	ENSG00000130638.19	ENST00000252934.10	3294
1252	ATXN2	ENSG00000204842.20	ENST00000673436.1	4347
1253	ATXN2L	ENSG00000168488.21	ENST00000336783.9	4456
1254	ATXN3	ENSG00000066427.27	ENST00000644486.2	6884
1255	ATXN3L	ENSG00000123594.7	ENST00000380622.5	1407
1256	ATXN7	ENSG00000163635.22	ENST00000674280.1	7076
1257	ATXN7L1	ENSG00000146776.16	ENST00000419735.8	5707
1258	ATXN7L2	ENSG00000162650.19	ENST00000683729.1	2448
1259	ATXN7L3	ENSG00000087152.18	ENST00000587097.6	3951
1260	ATXN7L3B	ENSG00000253719.4	ENST00000519948.4	7596
1261	AUH	ENSG00000148090.14	ENST00000375731.9	1574
1262	AUNIP	ENSG00000127423.12	ENST00000374298.4	2161
1263	AUP1	ENSG00000115307.19	ENST00000377526.4	1458
1264	AURKA	ENSG00000087586.20	ENST00000395915.8	2033
1265	AURKAIP1	ENSG00000175756.16	ENST00000338338.10	753
1266	AURKB	ENSG00000178999.15	ENST00000585124.6	1243
1267	AURKC	ENSG00000105146.16	ENST00000302804.12	1287
1268	AUTS2	ENSG00000158321.20	ENST00000342771.10	7469
1269	AVEN	ENSG00000169857.11	ENST00000306730.8	1633
1270	AVIL	ENSG00000135407.12	ENST00000549994.2	3087
1271	AVL9	ENSG00000105778.22	ENST00000318709.9	6987
1272	AVP	ENSG00000101200.5	ENST00000380293.3	619
1273	AVPI1	ENSG00000119986.9	ENST00000370626.4	1375
1274	AVPR1A	ENSG00000166148.5	ENST00000299178.4	6222
1275	AVPR1B	ENSG00000198049.8	ENST00000367126.5	5026
1276	AVPR2	ENSG00000126895.18	ENST00000646375.2	1825
1277	AWAT1	ENSG00000204195.4	ENST00000374521.4	1397
1278	AWAT2	ENSG00000147160.11	ENST00000276101.7	2124
1279	AXDND1	ENSG00000162779.23	ENST00000367618.8	3391
1280	AXIN1	ENSG00000103126.17	ENST00000262320.8	3707
1281	AXIN2	ENSG00000168646.16	ENST00000307078.10	4260
1282	AXL	ENSG00000167601.14	ENST00000301178.9	4717
1283	AZGP1	ENSG00000160862.15	ENST00000292401.9	1181
1284	CEP131	ENSG00000141577.16	ENST00000450824.7	3630
1285	AZI2	ENSG00000163512.16	ENST00000479665.6	4403
1286	AZIN1	ENSG00000155096.16	ENST00000337198.10	4196
1287	AZU1	ENSG00000172232.11	ENST00000233997.4	907
1288	B2M	ENSG00000166710.25	ENST00000648006.3	943
1289	B3GALNT1	ENSG00000169255.17	ENST00000320474.10	3295
1290	B3GALNT2	ENSG00000162885.16	ENST00000366600.8	4719
1291	B3GALT1	ENSG00000172318.8	ENST00000392690.4	5850
1292	B3GALT2	ENSG00000162630.8	ENST00000367434.5	3548
1293	B3GALT4	ENSG00000235863.4	ENST00000451237.3	1703
1294	B3GALT5	ENSG00000183778.20	ENST00000684187.2	13097
1295	B3GALT6	ENSG00000176022.7	ENST00000379198.5	2805
1296	B3GLCT	ENSG00000187676.10	ENST00000343307.5	4215
1297	B3GAT1	ENSG00000109956.15	ENST00000312527.9	3976
1298	B3GAT2	ENSG00000112309.12	ENST00000230053.11	6587
1299	B3GAT3	ENSG00000149541.12	ENST00000265471.10	1452
1300	B3GNT2	ENSG00000170340.13	ENST00000301998.5	2761
1301	B3GNT3	ENSG00000179913.13	ENST00000318683.7	2692
1302	B3GNT4	ENSG00000176383.10	ENST00000324189.5	2891
1303	B3GNT5	ENSG00000176597.14	ENST00000326505.4	4108
1304	B3GNT6	ENSG00000198488.12	ENST00000622824.1	2503
1305	B3GNT7	ENSG00000156966.9	ENST00000287590.6	3539
1306	B3GNT8	ENSG00000177191.4	ENST00000691102.1	1543
1307	B3GNT9	ENSG00000237172.6	ENST00000449549.4	2702
1308	QTGAL	ENSG00000175711.11	ENST00000320865.4	2985
1309	B4GALNT1	ENSG00000135454.16	ENST00000341156.9	5368
1310	B4GALNT2	ENSG00000167080.11	ENST00000393354.7	8657
1311	B4GALNT3	ENSG00000139044.14	ENST00000266383.10	5493
1312	B4GALNT4	ENSG00000182272.14	ENST00000329962.11	3750
1313	B4GALT1	ENSG00000086062.16	ENST00000379731.5	4176
1314	B4GALT2	ENSG00000117411.20	ENST00000372324.6	2193
1315	B4GALT3	ENSG00000158850.17	ENST00000319769.10	1933
1316	B4GALT4	ENSG00000121578.15	ENST00000393765.7	2234
1317	B4GALT5	ENSG00000158470.7	ENST00000371711.4	4722
1318	B4GALT6	ENSG00000118276.14	ENST00000306851.10	4672
1319	B4GALT7	ENSG00000027847.16	ENST00000029410.10	1698
1320	B9D1	ENSG00000108641.21	ENST00000261499.11	913
1321	B9D2	ENSG00000123810.11	ENST00000243578.8	1007
1322	BAALC	ENSG00000164929.19	ENST00000309982.10	2817
1323	BAAT	ENSG00000136881.14	ENST00000259407.7	3479
1324	BABAM1	ENSG00000105393.18	ENST00000598188.6	1377
1325	BACE1	ENSG00000186318.20	ENST00000313005.11	5835
1326	BACE2	ENSG00000182240.18	ENST00000330333.11	8567
1327	BACH1	ENSG00000156273.18	ENST00000286800.8	5618
1328	BACH2	ENSG00000112182.18	ENST00000257749.9	9215
1329	BAD	ENSG00000002330.16	ENST00000309032.8	929
1330	BAG1	ENSG00000107262.27	ENST00000634734.3	3820
1331	BAG2	ENSG00000112208.13	ENST00000370693.5	6651
1332	BAG3	ENSG00000151929.12	ENST00000369085.8	2561
1333	BAG4	ENSG00000156735.13	ENST00000287322.5	4197
1334	BAG5	ENSG00000166170.14	ENST00000299204.6	4684
1335	BAG6	ENSG00000204463.16	ENST00000676615.2	3843
1336	BAHD1	ENSG00000140320.14	ENST00000416165.6	4779
1337	ADGRB1	ENSG00000181790.14	ENST00000517894.6	6020
1338	ADGRB2	ENSG00000121753.13	ENST00000373658.8	5708
1339	ADGRB3	ENSG00000135298.16	ENST00000370598.6	6090
1340	BAIAP2	ENSG00000175866.18	ENST00000428708.7	3304
1341	BAIAP2L1	ENSG00000006453.16	ENST00000005260.9	3645
1342	BAIAP2L2	ENSG00000128298.20	ENST00000381669.8	2149
1343	BAIAP3	ENSG00000007516.17	ENST00000426824.8	4531
1344	BAK1	ENSG00000030110.16	ENST00000374467.4	2170
1345	BAMBI	ENSG00000095739.13	ENST00000375533.6	1691
1346	BANF1	ENSG00000175334.10	ENST00000312175.7	731
1347	BANF2	ENSG00000125888.16	ENST00000246090.6	589
1348	BANK1	ENSG00000153064.13	ENST00000322953.9	3322
1349	BANP	ENSG00000172530.24	ENST00000682872.1	2398
1350	BAP1	ENSG00000163930.11	ENST00000460680.6	3600
1351	BARD1	ENSG00000138376.13	ENST00000260947.9	5478
1352	BARHL1	ENSG00000125492.12	ENST00000263610.7	1906
1353	BARHL2	ENSG00000143032.9	ENST00000370445.5	2044
1354	BARX1	ENSG00000131668.15	ENST00000253968.11	1511
1355	BARX2	ENSG00000043039.8	ENST00000281437.6	1905
1356	BASP1	ENSG00000176788.11	ENST00000322611.4	1807
1357	BATF	ENSG00000156127.8	ENST00000286639.8	913
1358	BATF2	ENSG00000168062.11	ENST00000301887.9	2066
1359	BATF3	ENSG00000123685.10	ENST00000243440.2	836
1360	BAX	ENSG00000087088.23	ENST00000345358.12	795
1361	BAZ1A	ENSG00000198604.13	ENST00000360310.6	5729
1362	BAZ1B	ENSG00000009954.12	ENST00000339594.9	6115
1363	BAZ2A	ENSG00000076108.14	ENST00000549884.6	8938
1364	BAZ2B	ENSG00000123636.22	ENST00000392783.7	8145
1365	BBC3	ENSG00000105327.20	ENST00000439096.3	1846
1366	BBOX1	ENSG00000129151.11	ENST00000263182.8	2035
1367	BBS1	ENSG00000174483.22	ENST00000318312.12	3368
1368	BBS10	ENSG00000179941.11	ENST00000650064.2	3568
1369	BBS12	ENSG00000181004.11	ENST00000314218.8	3238
1370	BBS2	ENSG00000125124.16	ENST00000245157.11	2704
1371	BBS4	ENSG00000140463.17	ENST00000268057.9	2467
1372	BBS5	ENSG00000163093.14	ENST00000295240.8	3159
1373	BBS7	ENSG00000138686.12	ENST00000264499.9	3840
1374	BBS9	ENSG00000122507.23	ENST00000242067.11	3996
1375	BBX	ENSG00000114439.21	ENST00000325805.13	9009
1376	BCAM	ENSG00000187244.14	ENST00000270233.12	2409
1377	BCAN	ENSG00000132692.21	ENST00000329117.10	3297
1378	BCAP29	ENSG00000075790.14	ENST00000005259.9	2911
1379	BCAP31	ENSG00000185825.19	ENST00000345046.12	1284
1380	BCAR1	ENSG00000050820.19	ENST00000162330.10	4085
1381	BCAR3	ENSG00000137936.20	ENST00000260502.11	3229
1382	BCAS1	ENSG00000064787.16	ENST00000688948.1	3438
1383	BCAS2	ENSG00000116752.8	ENST00000369541.4	1275
1384	BCAS3	ENSG00000141376.25	ENST00000407086.8	3517
1385	BCAS4	ENSG00000124243.21	ENST00000371608.8	1114
1386	BCAT1	ENSG00000060982.17	ENST00000261192.12	9314
1387	BCAT2	ENSG00000105552.17	ENST00000316273.11	1563
1388	BCCIP	ENSG00000107949.19	ENST00000278100.11	1234
1389	BCDIN3D	ENSG00000186666.7	ENST00000333924.6	3226
1390	BCHE	ENSG00000114200.12	ENST00000264381.8	2405
1391	BCKDHA	ENSG00000248098.14	ENST00000269980.7	1742
1392	BCKDHB	ENSG00000083123.17	ENST00000320393.9	3668
1393	BCKDK	ENSG00000103507.16	ENST00000219794.11	2036
1394	BCL10	ENSG00000142867.16	ENST00000648566.1	2833
1395	BCL11A	ENSG00000119866.23	ENST00000642384.2	6102
1396	BCL11B	ENSG00000127152.18	ENST00000357195.8	8528
1397	BCL2	ENSG00000171791.15	ENST00000333681.5	6881
1398	BCL2A1	ENSG00000140379.10	ENST00000267953.4	780
1399	BCL2L1	ENSG00000171552.16	ENST00000307677.5	2574
1400	BCL2L10	ENSG00000137875.4	ENST00000260442.3	1249
1401	BCL2L11	ENSG00000153094.27	ENST00000393256.8	5098
1402	BCL2L12	ENSG00000126453.13	ENST00000246784.8	1064
1403	BCL2L13	ENSG00000099968.21	ENST00000317582.10	4959
1404	BCL2L14	ENSG00000121380.14	ENST00000308721.9	1897
1405	BCL2L15	ENSG00000188761.14	ENST00000393316.8	5005
1406	BCL2L2	ENSG00000129473.13	ENST00000250405.10	3526
1407	BCL2L2-PABPN1	ENSG00000258643.6	ENST00000553781.5	1241
1408	BCL3	ENSG00000069399.16	ENST00000164227.10	1877
1409	BCL6	ENSG00000113916.19	ENST00000406870.7	3306
1410	BCL6B	ENSG00000161940.13	ENST00000293805.10	3527
1411	BCL7A	ENSG00000110987.11	ENST00000261822.5	3722
1412	BCL7B	ENSG00000106635.10	ENST00000223368.7	1663
1413	BCL7C	ENSG00000099385.14	ENST00000215115.5	857
1414	BCL9	ENSG00000116128.13	ENST00000234739.8	6189
1415	BCL9L	ENSG00000186174.15	ENST00000683865.1	7598
1416	BCO1	ENSG00000135697.12	ENST00000258168.7	2429
1417	BCO2	ENSG00000197580.15	ENST00000357685.11	2902
1418	BCOR	ENSG00000183337.20	ENST00000378444.9	6910
1419	BCORL1	ENSG00000085185.16	ENST00000540052.6	7465
1420	BCR	ENSG00000186716.23	ENST00000305877.13	6783
1421	BCS1L	ENSG00000074582.17	ENST00000359273.8	1427
1422	BDH1	ENSG00000161267.14	ENST00000392379.6	3527
1423	BDH2	ENSG00000164039.17	ENST00000296424.9	2920
1424	BDKRB1	ENSG00000100739.13	ENST00000216629.11	1301
1425	BDKRB2	ENSG00000168398.9	ENST00000554311.2	3996
1426	BDNF	ENSG00000176697.22	ENST00000356660.9	3985
1427	BDP1	ENSG00000145734.21	ENST00000358731.9	11037
1428	BECN1	ENSG00000126581.15	ENST00000590099.6	2109
1429	BEGAIN	ENSG00000183092.20	ENST00000554140.3	2788
1430	BEND2	ENSG00000177324.14	ENST00000380033.9	4614
1431	BEND3	ENSG00000178409.16	ENST00000369042.6	6446
1432	BEND4	ENSG00000188848.18	ENST00000502486.6	8627
1433	BEND5	ENSG00000162373.15	ENST00000371833.4	1693
1434	BEND6	ENSG00000151917.20	ENST00000370746.8	2568
1435	BEND7	ENSG00000165626.21	ENST00000466271.3	2378
1436	BEST1	ENSG00000167995.18	ENST00000378043.9	2210
1437	BEST2	ENSG00000039987.9	ENST00000553030.6	2011
1438	BEST3	ENSG00000127325.21	ENST00000330891.10	3419
1439	BEST4	ENSG00000142959.8	ENST00000372207.4	2512
1440	BET1	ENSG00000105829.14	ENST00000222547.8	1481
1441	BET1L	ENSG00000177951.20	ENST00000382762.8	2792
1442	BEX1	ENSG00000133169.8	ENST00000372728.4	795
1443	BEX2	ENSG00000133134.14	ENST00000372677.8	843
1444	BEX4	ENSG00000102409.12	ENST00000372695.6	1312
1445	BEX5	ENSG00000184515.13	ENST00000333643.4	777
1446	BFAR	ENSG00000103429.13	ENST00000261658.7	2903
1447	BFSP1	ENSG00000125864.15	ENST00000377873.8	2217
1448	BFSP2	ENSG00000170819.5	ENST00000302334.3	1512
1449	BGLAP	ENSG00000242252.3	ENST00000368272.5	506
1450	BGN	ENSG00000182492.18	ENST00000331595.9	2353
1451	BHLHA15	ENSG00000180535.6	ENST00000609256.2	3262
1452	GPRASP3	ENSG00000198908.14	ENST00000457056.6	5155
1453	BHLHE22	ENSG00000180828.3	ENST00000321870.3	3263
1454	BHLHE23	ENSG00000125533.6	ENST00000612929.2	1038
1455	BHLHE40	ENSG00000134107.7	ENST00000256495.4	3152
1456	BHLHE41	ENSG00000123095.8	ENST00000242728.5	3743
1457	BHMT	ENSG00000145692.17	ENST00000274353.10	2470
1458	BHMT2	ENSG00000132840.12	ENST00000255192.8	2603
1459	BICC1	ENSG00000122870.13	ENST00000373886.8	5741
1460	BICD1	ENSG00000151746.17	ENST00000652176.1	9419
1461	BICD2	ENSG00000185963.15	ENST00000356884.11	6448
1462	BID	ENSG00000015475.21	ENST00000622694.5	2177
1463	BIK	ENSG00000100290.5	ENST00000216115.3	951
1464	BIN1	ENSG00000136717.17	ENST00000316724.10	2487
1465	BIN2	ENSG00000110934.15	ENST00000615107.6	2231
1466	BIN3	ENSG00000147439.16	ENST00000276416.11	1836
1467	BIRC2	ENSG00000110330.12	ENST00000227758.7	3764
1468	BIRC3	ENSG00000023445.19	ENST00000263464.9	6877
1469	BIRC5	ENSG00000089685.17	ENST00000350051.8	2574
1470	BIRC6	ENSG00000115760.17	ENST00000421745.7	15687
1471	BIRC7	ENSG00000101197.14	ENST00000217169.8	1334
1472	BIRC8	ENSG00000293247.1	ENST00000651384.1	1826
1473	BIVM	ENSG00000134897.16	ENST00000257336.6	3789
1474	BIVM-ERCC5	ENSG00000270181.3	ENST00000639435.1	5632
1475	BLCAP	ENSG00000166619.17	ENST00000373537.7	2018
1476	BLID	ENSG00000259571.2	ENST00000560104.2	876
1477	BLK	ENSG00000136573.17	ENST00000259089.9	2215
1478	BLM	ENSG00000197299.15	ENST00000355112.8	5240
1479	BLMH	ENSG00000108578.17	ENST00000261714.11	2307
1480	BLNK	ENSG00000095585.20	ENST00000224337.10	4344
1481	BLOC1S1	ENSG00000135441.10	ENST00000548925.6	562
1482	BLOC1S2	ENSG00000196072.14	ENST00000370372.7	2619
1483	BLOC1S3	ENSG00000189114.10	ENST00000433642.3	2561
1484	BLOC1S4	ENSG00000186222.5	ENST00000320776.5	1491
1485	BLOC1S5	ENSG00000188428.22	ENST00000397457.7	2659
1486	BLOC1S5-TXNDC5	ENSG00000259040.5	ENST00000439343.2	3030
1487	BLOC1S6	ENSG00000104164.13	ENST00000220531.9	3778
1488	BLVRA	ENSG00000106605.13	ENST00000265523.9	1074
1489	BLVRB	ENSG00000090013.13	ENST00000263368.9	799
1490	BLZF1	ENSG00000117475.16	ENST00000367808.8	2524
1491	BMF	ENSG00000104081.16	ENST00000354670.9	4692
1492	BMI1	ENSG00000168283.16	ENST00000376663.8	3540
1493	BMP1	ENSG00000168487.21	ENST00000306385.10	3593
1494	BMP10	ENSG00000163217.4	ENST00000295379.2	6036
1495	BMP15	ENSG00000130385.6	ENST00000252677.4	1262
1496	BMP2	ENSG00000125845.9	ENST00000378827.5	3545
1497	BMP2K	ENSG00000138756.21	ENST00000502613.3	8012
1498	BMP3	ENSG00000152785.10	ENST00000282701.4	6087
1499	BMP4	ENSG00000125378.18	ENST00000245451.9	1931
1500	BMP5	ENSG00000112175.10	ENST00000370830.4	3970
1501	BMP6	ENSG00000153162.11	ENST00000283147.7	3784
1502	BMP7	ENSG00000101144.14	ENST00000395863.8	4021
1503	BMP8A	ENSG00000183682.10	ENST00000331593.6	5636
1504	BMP8B	ENSG00000116985.13	ENST00000372827.8	4826
1505	BMPER	ENSG00000164619.11	ENST00000649409.2	5287
1506	BMPR1A	ENSG00000107779.18	ENST00000372037.8	6417
1507	BMPR1B	ENSG00000138696.13	ENST00000515059.6	5580
1508	BMPR2	ENSG00000204217.17	ENST00000374580.10	12068
1509	BMS1	ENSG00000165733.10	ENST00000374518.6	7759
1510	BMX	ENSG00000102010.17	ENST00000348343.11	2543
1511	BNC1	ENSG00000169594.14	ENST00000345382.7	4579
1512	BNC2	ENSG00000173068.21	ENST00000380672.9	12808
1513	BNIP1	ENSG00000113734.20	ENST00000351486.10	1168
1514	BNIP2	ENSG00000140299.16	ENST00000607373.6	6111
1515	BNIP3	ENSG00000176171.14	ENST00000368636.9	1542
1516	BNIP3L	ENSG00000104765.18	ENST00000380629.7	3452
1517	BNIPL	ENSG00000163141.22	ENST00000368931.8	2247
1518	BOC	ENSG00000144857.17	ENST00000682979.1	4574
1519	BOD1	ENSG00000145919.13	ENST00000311086.9	1921
1520	BOD1L1	ENSG00000038219.15	ENST00000040738.10	10567
1521	BOD1L2	ENSG00000228075.5	ENST00000585477.2	3324
1522	BOK	ENSG00000176720.8	ENST00000318407.5	2626
1523	BOLA1	ENSG00000178096.11	ENST00000369152.6	891
1524	BOLA3	ENSG00000163170.14	ENST00000327428.10	555
1525	BOLL	ENSG00000152430.20	ENST00000392296.9	2796
1526	BOP1	ENSG00000261236.10	ENST00000569669.6	2428
1527	BORA	ENSG00000136122.20	ENST00000390667.11	2760
1528	BPGM	ENSG00000172331.14	ENST00000344924.8	1711
1529	BPHL	ENSG00000137274.16	ENST00000380379.10	1909
1530	BPI	ENSG00000101425.17	ENST00000642449.2	1841
1531	BPIFA1	ENSG00000198183.15	ENST00000354297.9	1075
1532	BPIFA2	ENSG00000131050.11	ENST00000354932.6	1042
1533	BPIFA3	ENSG00000131059.13	ENST00000375454.8	1139
1534	BPIFB1	ENSG00000125999.13	ENST00000253354.2	1641
1535	BPIFB2	ENSG00000078898.9	ENST00000170150.4	1788
1536	BPIFB3	ENSG00000186190.8	ENST00000375494.4	1738
1537	BPIFB4	ENSG00000186191.9	ENST00000375483.4	2343
1538	BPIFB6	ENSG00000167104.12	ENST00000349552.1	1362
1539	BPIFC	ENSG00000184459.11	ENST00000300399.9	2143
1540	BPNT1	ENSG00000162813.20	ENST00000322067.12	2400
1541	BPTF	ENSG00000171634.20	ENST00000306378.11	11075
1542	BRAF	ENSG00000157764.16	ENST00000646891.2	6459
1543	BRAP	ENSG00000089234.18	ENST00000419234.9	3996
1544	BRAT1	ENSG00000106009.18	ENST00000340611.9	2779
1545	BRCA1	ENSG00000012048.28	ENST00000357654.9	7088
1546	BRCA2	ENSG00000139618.19	ENST00000380152.8	11954
1547	BRCC3	ENSG00000185515.17	ENST00000330045.12	2769
1548	BRD1	ENSG00000100425.22	ENST00000404760.6	4911
1549	BRD2	ENSG00000204256.17	ENST00000374825.9	4956
1550	BRD3	ENSG00000169925.19	ENST00000303407.12	5661
1551	BRD4	ENSG00000141867.20	ENST00000679869.1	7231
1552	BRD7	ENSG00000166164.18	ENST00000394688.8	5424
1553	BRD8	ENSG00000112983.19	ENST00000254900.10	4028
1554	BRD9	ENSG00000028310.20	ENST00000467963.6	2665
1555	BRDT	ENSG00000137948.20	ENST00000399546.7	3310
1556	BABAM2	ENSG00000158019.23	ENST00000379624.6	1678
1557	BRF1	ENSG00000185024.20	ENST00000547530.7	3671
1558	BRF2	ENSG00000104221.15	ENST00000220659.11	2560
1559	BRI3	ENSG00000164713.11	ENST00000297290.4	790
1560	BRI3BP	ENSG00000184992.14	ENST00000341446.9	6703
1561	BRICD5	ENSG00000182685.9	ENST00000328540.8	826
1562	BRINP1	ENSG00000078725.15	ENST00000265922.8	3171
1563	BRINP2	ENSG00000198797.9	ENST00000361539.5	4097
1564	BRINP3	ENSG00000162670.13	ENST00000367462.5	3128
1565	BRIP1	ENSG00000136492.12	ENST00000259008.7	8182
1566	BRIX1	ENSG00000113460.15	ENST00000336767.6	1591
1567	BRK1	ENSG00000254999.6	ENST00000530758.2	1150
1568	BRMS1	ENSG00000174744.16	ENST00000359957.8	1424
1569	BRMS1L	ENSG00000100916.16	ENST00000216807.12	2637
1570	BROX	ENSG00000162819.14	ENST00000340934.10	4104
1571	BRPF1	ENSG00000156983.19	ENST00000383829.7	4743
1572	BRPF3	ENSG00000096070.21	ENST00000357641.10	6052
1573	BRS3	ENSG00000102239.6	ENST00000370648.4	2773
1574	BRSK1	ENSG00000160469.18	ENST00000309383.6	3277
1575	BRSK2	ENSG00000174672.18	ENST00000528841.6	4528
1576	BRWD1	ENSG00000185658.16	ENST00000342449.8	17728
1577	BRWD3	ENSG00000165288.12	ENST00000373275.5	12921
1578	BSCL2	ENSG00000168000.18	ENST00000360796.10	1710
1579	BSDC1	ENSG00000160058.21	ENST00000455895.7	3309
1580	BSG	ENSG00000172270.24	ENST00000333511.9	1946
1581	BSN	ENSG00000164061.5	ENST00000296452.5	15971
1582	BSND	ENSG00000162399.10	ENST00000651561.1	9761
1583	BSPRY	ENSG00000119411.13	ENST00000374183.5	2328
1584	BST1	ENSG00000109743.14	ENST00000265016.9	1979
1585	BST2	ENSG00000130303.16	ENST00000252593.7	1001
1586	BSX	ENSG00000188909.5	ENST00000343035.3	944
1587	BTAF1	ENSG00000095564.17	ENST00000265990.12	8361
1588	BTBD1	ENSG00000064726.12	ENST00000261721.9	3194
1589	BTBD10	ENSG00000148925.13	ENST00000278174.10	2439
1590	ABTB3	ENSG00000151136.15	ENST00000280758.10	5746
1591	BTBD16	ENSG00000138152.10	ENST00000260723.6	1856
1592	BTBD17	ENSG00000204347.5	ENST00000375366.4	1727
1593	BTBD2	ENSG00000133243.12	ENST00000255608.9	2629
1594	BTBD3	ENSG00000132640.16	ENST00000378226.7	4881
1595	BTBD6	ENSG00000184887.16	ENST00000392554.8	2217
1596	BTBD7	ENSG00000011114.17	ENST00000334746.10	8445
1597	BTBD8	ENSG00000189195.17	ENST00000636805.2	5999
1598	BTBD9	ENSG00000183826.21	ENST00000481247.6	8530
1599	BTC	ENSG00000174808.14	ENST00000395743.8	2653
1600	BTD	ENSG00000169814.20	ENST00000643237.3	9964
1601	BTF3	ENSG00000145741.18	ENST00000380591.8	1276
1602	BTF3L4	ENSG00000134717.20	ENST00000313334.13	4533
1603	BTG1	ENSG00000133639.7	ENST00000256015.5	4629
1604	BTG2	ENSG00000159388.7	ENST00000290551.5	2729
1605	BTG3	ENSG00000154640.17	ENST00000348354.7	1410
1606	BTG4	ENSG00000137707.14	ENST00000692032.1	1242
1607	BTK	ENSG00000010671.20	ENST00000308731.8	2575
1608	BTLA	ENSG00000186265.13	ENST00000334529.10	3126
1609	BTN1A1	ENSG00000124557.14	ENST00000684113.1	2945
1610	BTN2A1	ENSG00000112763.19	ENST00000312541.10	2890
1611	BTN2A2	ENSG00000124508.19	ENST00000356709.9	3583
1612	BTN3A1	ENSG00000026950.20	ENST00000289361.11	3388
1613	BTN3A2	ENSG00000186470.16	ENST00000377708.7	3776
1614	BTN3A3	ENSG00000111801.18	ENST00000244519.7	2970
1615	BTNL2	ENSG00000204290.12	ENST00000454136.8	1564
1616	BTNL3	ENSG00000168903.11	ENST00000342868.7	2439
1617	BTNL8	ENSG00000113303.14	ENST00000340184.9	2017
1618	BTNL9	ENSG00000165810.19	ENST00000327705.14	3457
1619	BTRC	ENSG00000166167.20	ENST00000370187.8	6024
1620	BUB1	ENSG00000169679.17	ENST00000302759.11	3762
1621	BUB1B	ENSG00000156970.15	ENST00000287598.11	3669
1622	BUB3	ENSG00000154473.20	ENST00000368865.9	7703
1623	BUD13	ENSG00000137656.14	ENST00000260210.5	2192
1624	BUD31	ENSG00000106245.13	ENST00000222969.10	1052
1625	POPDC1	ENSG00000112276.16	ENST00000314641.10	5550
1626	BYSL	ENSG00000112578.13	ENST00000230340.9	1718
1627	TSPOAP1	ENSG00000005379.18	ENST00000343736.9	7698
1628	BZW1	ENSG00000082153.20	ENST00000409600.6	6511
1629	BZW2	ENSG00000136261.18	ENST00000258761.8	1804
1630	DEPP1	ENSG00000165507.11	ENST00000298295.4	2120
1631	CABCOCO1	ENSG00000183346.11	ENST00000648843.3	1688
1632	LRMDA	ENSG00000148655.17	ENST00000611255.5	3662
1633	RPP38-DT	ENSG00000176236.6	ENST00000624760.1	1714
1634	CCDC186	ENSG00000165813.22	ENST00000369287.8	7228
1635	C10orf120	ENSG00000183559.12	ENST00000329446.5	1088
1636	TMEM273	ENSG00000204161.17	ENST00000374153.7	1601
1637	ACSM6	ENSG00000173124.15	ENST00000394005.4	1675
1638	EDRF1	ENSG00000107938.20	ENST00000356792.9	4483
1639	TWNK	ENSG00000107815.11	ENST00000311916.8	3616
1640	ZNF22-AS1	ENSG00000165511.7	ENST00000717568.1	1158
1641	BORCS7	ENSG00000166275.18	ENST00000339834.10	2386
1642	BORCS7-ASMT	ENSG00000270316.1	ENST00000299353.6	2670
1643	FAM241B	ENSG00000171224.11	ENST00000373279.6	1073
1644	C10orf53	ENSG00000178645.15	ENST00000374111.8	3259
1645	VSIR	ENSG00000107738.22	ENST00000394957.8	4714
1646	C10orf55	ENSG00000222047.10	ENST00000721915.1	616
1647	C10orf62	ENSG00000203942.5	ENST00000370640.5	1214
1648	C10orf67	ENSG00000179133.17	ENST00000636213.3	3153
1649	C10orf71	ENSG00000177354.14	ENST00000374144.8	5258
1650	ARMH3	ENSG00000120029.15	ENST00000370033.9	4099
1651	SPMIP5	ENSG00000165863.19	ENST00000588184.2	966
1652	C10orf88	ENSG00000119965.14	ENST00000481909.2	2913
1653	C10orf90	ENSG00000154493.21	ENST00000488181.3	3471
1654	LINC02870	ENSG00000180066.12	ENST00000392630.8	1881
1655	C10orf95	ENSG00000120055.8	ENST00000625129.1	1469
1656	GPR15LG	ENSG00000188373.6	ENST00000372126.4	825
1657	CFAP68	ENSG00000137720.9	ENST00000260276.8	2568
1658	C11orf16	ENSG00000176029.15	ENST00000326053.10	1866
1659	C11orf24	ENSG00000171067.13	ENST00000304271.11	2071
1660	EMSY	ENSG00000158636.19	ENST00000695367.1	7049
1661	SELENOH	ENSG00000211450.11	ENST00000534355.6	1192
1662	LMNTD2	ENSG00000185522.11	ENST00000329451.8	2057
1663	C11orf40	ENSG00000171987.3	ENST00000668205.1	654
1664	C11orf42	ENSG00000180878.3	ENST00000316375.3	1154
1665	KCNJ5-AS1	ENSG00000174370.13	ENST00000730925.1	1074
1666	CSTPP1	ENSG00000149179.16	ENST00000278460.12	1650
1667	C11orf52	ENSG00000149300.11	ENST00000278601.6	1104
1668	POU2AF2	ENSG00000150750.9	ENST00000280325.7	1343
1669	C11orf54	ENSG00000182919.17	ENST00000354421.8	4163
1670	NKAPD1	ENSG00000150776.20	ENST00000393047.8	3686
1671	C11orf58	ENSG00000110696.12	ENST00000228136.9	3920
1672	JHY	ENSG00000109944.13	ENST00000227349.7	7057
1673	C11orf65	ENSG00000166323.15	ENST00000393084.6	1276
1674	C11orf68	ENSG00000175573.8	ENST00000438576.3	1562
1675	CFAP300	ENSG00000137691.15	ENST00000434758.7	2193
1676	C11orf71	ENSG00000180425.11	ENST00000623205.2	1980
1677	NDUFV1-DT	ENSG00000184224.4	ENST00000333139.3	2431
1678	HIKESHI	ENSG00000149196.19	ENST00000278483.8	1108
1679	IFTAP	ENSG00000166352.20	ENST00000334307.10	866
1680	TOP6BL	ENSG00000173715.21	ENST00000540737.7	1998
1681	DDIAS	ENSG00000165490.15	ENST00000533655.6	3524
1682	UQCC3	ENSG00000204922.7	ENST00000377953.4	1927
1683	SPINDOC	ENSG00000168005.11	ENST00000294244.9	1954
1684	MAJIN	ENSG00000168070.14	ENST00000301896.6	1292
1685	C11orf87	ENSG00000185742.9	ENST00000327419.7	5867
1686	HOATZ	ENSG00000183644.16	ENST00000375618.9	733
1687	FREY1	ENSG00000234776.6	ENST00000449465.2	358
1688	MYG1	ENSG00000139637.16	ENST00000267103.10	1202
1689	TMEM263	ENSG00000151135.12	ENST00000280756.9	3228
1690	RLIG1	ENSG00000133641.20	ENST00000356891.4	2829
1691	LINC01559	ENSG00000180861.9	ENST00000532841.5	1003
1692	SPX	ENSG00000134548.11	ENST00000256969.7	2280
1693	FERRY3	ENSG00000047621.14	ENST00000261250.8	3817
1694	REDIC1	ENSG00000180116.16	ENST00000324616.9	2776
1695	C12orf42	ENSG00000179088.17	ENST00000548883.6	1324
1696	C12orf43	ENSG00000157895.13	ENST00000288757.7	4469
1697	ATG101	ENSG00000123395.16	ENST00000336854.9	1433
1698	NOPCHAP1	ENSG00000151131.13	ENST00000552951.7	23524
1699	SPRING1	ENSG00000111412.7	ENST00000261318.5	8426
1700	TIGAR	ENSG00000078237.9	ENST00000179259.6	8209
1701	C12orf50	ENSG00000165805.11	ENST00000298699.7	1711
1702	RITA1	ENSG00000139405.18	ENST00000548278.2	1858
1703	C12orf54	ENSG00000177627.12	ENST00000548364.7	904
1704	CFAP54	ENSG00000188596.12	ENST00000524981.9	9776
1705	C12orf56	ENSG00000185306.15	ENST00000543942.7	4483
1706	C12orf57	ENSG00000111678.13	ENST00000229281.6	561
1707	C12orf60	ENSG00000182993.7	ENST00000330828.3	1586
1708	LINC01465	ENSG00000221949.6	ENST00000408887.3	1940
1709	MTRFR	ENSG00000130921.11	ENST00000253233.6	1554
1710	KICS2	ENSG00000174206.15	ENST00000398055.8	4159
1711	CCDC184	ENSG00000177875.5	ENST00000316554.5	2283
1712	C12orf71	ENSG00000214700.7	ENST00000429849.3	1022
1713	C12orf76	ENSG00000174456.17	ENST00000615315.2	1443
1714	LINC02909	ENSG00000226397.8	ENST00000549262.6	1443
1715	ATP11AUN	ENSG00000197595.4	ENST00000623100.2	2241
1716	LMO7DN	ENSG00000178734.7	ENST00000715719.1	1819
1717	ERG28	ENSG00000133935.9	ENST00000256319.7	2320
1718	CCDC198	ENSG00000100557.12	ENST00000216445.8	3088
1719	C14orf119	ENSG00000179933.8	ENST00000319074.6	2914
1720	GON7	ENSG00000170270.7	ENST00000306954.5	1125
1721	DGLUCY	ENSG00000133943.23	ENST00000256324.15	2957
1722	RTRAF	ENSG00000087302.11	ENST00000261700.8	7007
1723	LRRC74A	ENSG00000100565.17	ENST00000689127.1	1861
1724	LINC02914	ENSG00000176605.9	ENST00000650364.1	1284
1725	SLIRP-OT1	ENSG00000197734.10	ENST00000650032.1	642
1726	C14orf180	ENSG00000184601.13	ENST00000557649.6	2471
1727	LINC01588	ENSG00000214900.14	ENST00000635379.2	2168
1728	ATP5MJ	ENSG00000156411.12	ENST00000286953.8	615
1729	DORIP1	ENSG00000179476.10	ENST00000325192.8	2935
1730	ARMH4	ENSG00000139971.17	ENST00000267485.7	6495
1731	C14orf39	ENSG00000179008.11	ENST00000321731.8	2780
1732	CLBA1	ENSG00000140104.15	ENST00000547315.6	2379
1733	TEDC1	ENSG00000185347.21	ENST00000392523.9	1920
1734	C14orf93	ENSG00000100802.17	ENST00000299088.11	3360
1735	CFAP161	ENSG00000156206.14	ENST00000286732.5	1612
1736	TMEM266	ENSG00000169758.15	ENST00000388942.9	2372
1737	C15orf32	ENSG00000183643.5	ENST00000624458.1	1749
1738	ST20-AS1	ENSG00000259642.3	ENST00000560255.3	4534
1739	ARPIN	ENSG00000242498.10	ENST00000357484.10	7587
1740	ARPIN-AP3S2	ENSG00000250021.7	ENST00000398333.7	2439
1741	C15orf39	ENSG00000167173.21	ENST00000394987.5	4425
1742	C15orf40	ENSG00000169609.15	ENST00000304177.10	11274
1743	CDIN1	ENSG00000186073.16	ENST00000566621.6	2872
1744	TERB2	ENSG00000167014.12	ENST00000340827.4	1296
1745	COXFA4L3	ENSG00000166920.15	ENST00000396650.7	649
1746	CCDC9B	ENSG00000188549.15	ENST00000397536.7	5299
1747	LINC02694	ENSG00000175779.6	ENST00000644461.1	1855
1748	LINC02915	ENSG00000175746.8	ENST00000625107.2	3080
1749	PAK6-AS1	ENSG00000176753.5	ENST00000623360.1	2129
1750	CCDC32	ENSG00000128891.19	ENST00000416810.7	1509
1751	INSYN1	ENSG00000205363.9	ENST00000569673.3	7150
1752	REC114	ENSG00000183324.12	ENST00000331090.11	920
1753	PIERCE2	ENSG00000261652.4	ENST00000569691.2	868
1754	PRR35	ENSG00000161992.8	ENST00000409413.4	2245
1755	METTL26	ENSG00000130731.18	ENST00000301686.13	797
1756	GAS8-AS1	ENSG00000221819.6	ENST00000408886.4	994
1757	BMERB1	ENSG00000166780.13	ENST00000300006.9	2111
1758	C16orf46	ENSG00000166455.16	ENST00000299578.10	1599
1759	C16orf54	ENSG00000185905.6	ENST00000329410.4	2569
1760	RUSF1	ENSG00000140688.20	ENST00000327237.7	2785
1761	TEDC2	ENSG00000162062.17	ENST00000361837.9	1633
1762	VPS35L	ENSG00000103544.19	ENST00000417362.7	3606
1763	PHAF1	ENSG00000125149.13	ENST00000219139.8	2917
1764	DNAAF8	ENSG00000166246.16	ENST00000299320.10	2457
1765	HAPSTR1	ENSG00000182831.14	ENST00000327827.12	5952
1766	C16orf74	ENSG00000154102.12	ENST00000284245.9	911
1767	C16orf78	ENSG00000166152.4	ENST00000299191.4	1087
1768	CFAP20	ENSG00000070761.10	ENST00000262498.8	1281
1769	C16orf86	ENSG00000159761.16	ENST00000403458.9	1266
1770	C16orf87	ENSG00000155330.11	ENST00000285697.9	6845
1771	C16orf89	ENSG00000153446.18	ENST00000472572.8	1360
1772	C16orf90	ENSG00000215131.11	ENST00000437192.8	972
1773	UQCC4	ENSG00000174109.5	ENST00000442039.3	917
1774	C16orf92	ENSG00000167194.8	ENST00000681219.1	953
1775	CFAP119	ENSG00000196118.14	ENST00000543610.6	1363
1776	C16orf96	ENSG00000205832.9	ENST00000444310.5	4017
1777	PYCARD-AS1	ENSG00000261359.3	ENST00000561916.3	1109
1778	C17orf100	ENSG00000256806.6	ENST00000542475.3	1715
1779	TMEM132E-DT	ENSG00000197322.5	ENST00000795675.1	733
1780	NATD1	ENSG00000274180.2	ENST00000611551.1	4931
1781	MEIOC	ENSG00000180336.20	ENST00000409122.7	4610
1782	C17orf107	ENSG00000205710.6	ENST00000381365.4	3201
1783	BACC1	ENSG00000258315.7	ENST00000439424.6	850
1784	C17orf50	ENSG00000270806.2	ENST00000605587.2	1041
1785	HROB	ENSG00000125319.17	ENST00000585683.6	2698
1786	C17orf58	ENSG00000186665.12	ENST00000580729.3	2105
1787	BORCS6	ENSG00000196544.8	ENST00000389017.6	1836
1788	CYBC1	ENSG00000178927.21	ENST00000306645.10	2073
1789	CHCT1	ENSG00000141371.14	ENST00000269127.5	975
1790	HEATR9	ENSG00000270379.6	ENST00000604834.6	1970
1791	C17orf67	ENSG00000214226.10	ENST00000397861.7	2037
1792	FAAP100	ENSG00000185504.19	ENST00000327787.13	3597
1793	SPEM2	ENSG00000184560.9	ENST00000333870.8	1650
1794	C17orf75	ENSG00000108666.13	ENST00000577809.6	4547
1795	CD300LD-AS1	ENSG00000182352.9	ENST00000838315.1	1048
1796	C17orf78	ENSG00000278505.5	ENST00000615133.2	1920
1797	MTNAP1	ENSG00000141219.18	ENST00000535032.7	3618
1798	LINC02875	ENSG00000187013.4	ENST00000623772.1	1530
1799	NCBP3	ENSG00000074356.19	ENST00000389005.6	12772
1800	NDUFAF8	ENSG00000224877.5	ENST00000431388.3	565
1801	LIAT1	ENSG00000187624.10	ENST00000360127.7	1841
1802	SPMAP1	ENSG00000275489.3	ENST00000614158.2	617
1803	ARK2N	ENSG00000152242.13	ENST00000615052.5	5456
1804	C18orf32	ENSG00000177576.14	ENST00000318240.8	5548
1805	C18orf54	ENSG00000166845.17	ENST00000620105.5	5703
1806	TYMSOS	ENSG00000176912.8	ENST00000585033.1	560
1807	RMC1	ENSG00000141452.13	ENST00000269221.8	2200
1808	MYDGF	ENSG00000074842.10	ENST00000262947.8	990
1809	C19orf12	ENSG00000131943.22	ENST00000323670.14	4348
1810	C19orf18	ENSG00000177025.3	ENST00000314391.3	915
1811	C19orf25	ENSG00000119559.19	ENST00000585675.6	2243
1812	CBARP	ENSG00000099625.16	ENST00000650044.2	3281
1813	C19orf33	ENSG00000167644.14	ENST00000301246.10	374
1814	PEAK3	ENSG00000188305.7	ENST00000342063.5	2564
1815	FAAP24	ENSG00000131944.12	ENST00000588258.6	2313
1816	TRIR	ENSG00000123144.12	ENST00000242784.5	879
1817	C19orf44	ENSG00000105072.11	ENST00000221671.8	3346
1818	SAXO5	ENSG00000198723.12	ENST00000361664.7	1690
1819	C19orf47	ENSG00000160392.16	ENST00000683109.1	3611
1820	C19orf48P	ENSG00000167747.18	ENST00000641539.1	717
1821	TIMM29	ENSG00000142444.8	ENST00000270502.7	1347
1822	C19orf53	ENSG00000104979.11	ENST00000588234.6	897
1823	ACTMAP	ENSG00000188493.17	ENST00000378313.7	3302
1824	PROSER3	ENSG00000167595.18	ENST00000646935.2	4836
1825	BRME1	ENSG00000132016.14	ENST00000586783.6	2885
1826	MCEMP1	ENSG00000183019.11	ENST00000333598.8	1271
1827	REX1BD	ENSG00000006015.20	ENST00000358607.11	767
1828	SHFL	ENSG00000130813.20	ENST00000253110.16	1928
1829	MICOS13	ENSG00000174917.11	ENST00000309324.9	516
1830	C19orf73	ENSG00000221916.4	ENST00000408991.4	742
1831	ANGPTL8	ENSG00000130173.15	ENST00000252453.12	872
1832	C1D	ENSG00000197223.14	ENST00000410067.8	2241
1833	C1GALT1	ENSG00000106392.13	ENST00000436587.7	6275
1834	C1GALT1C1	ENSG00000171155.10	ENST00000304661.6	1636
1835	C1QA	ENSG00000173372.20	ENST00000374642.8	1091
1836	C1QB	ENSG00000173369.20	ENST00000509305.6	1098
1837	C1QBP	ENSG00000108561.9	ENST00000225698.8	1169
1838	C1QC	ENSG00000159189.15	ENST00000374640.9	1158
1839	C1QL1	ENSG00000131094.6	ENST00000253407.4	1527
1840	C1QL2	ENSG00000144119.6	ENST00000272520.4	1905
1841	C1QL3	ENSG00000165985.13	ENST00000298943.4	2376
1842	C1QL4	ENSG00000186897.7	ENST00000334221.5	2073
1843	C1QTNF1	ENSG00000173918.17	ENST00000579760.6	2886
1844	C1QTNF2	ENSG00000145861.11	ENST00000652664.2	2396
1845	C1QTNF3	ENSG00000082196.23	ENST00000382065.8	3773
1846	C1QTNF4	ENSG00000172247.6	ENST00000302514.4	1413
1847	C1QTNF5	ENSG00000223953.7	ENST00000528368.3	1353
1848	C1QTNF6	ENSG00000133466.16	ENST00000337843.7	2893
1849	C1QTNF7	ENSG00000163145.15	ENST00000444304.3	4320
1850	C1QTNF8	ENSG00000184471.11	ENST00000328449.6	3406
1851	C1QTNF9	ENSG00000240654.8	ENST00000332018.5	1824
1852	C1QTNF9B	ENSG00000205863.13	ENST00000713589.1	1402
1853	C1R	ENSG00000159403.20	ENST00000647956.2	2488
1854	C1RL	ENSG00000139178.14	ENST00000266542.9	3335
1855	C1S	ENSG00000182326.19	ENST00000360817.10	2682
1856	SPMIP3	ENSG00000173728.12	ENST00000308105.5	1151
1857	CATSPERE	ENSG00000179397.19	ENST00000366534.9	3436
1858	C1orf105	ENSG00000180999.12	ENST00000367727.9	988
1859	INAVA	ENSG00000163362.13	ENST00000413687.3	4132
1860	AIRIM	ENSG00000116922.17	ENST00000486637.2	2696
1861	CCDC190	ENSG00000185860.15	ENST00000367912.7	4831
1862	SPATA46	ENSG00000171722.15	ENST00000367935.10	1695
1863	FIRRM	ENSG00000000460.19	ENST00000359326.9	4011
1864	C1orf115	ENSG00000162817.8	ENST00000294889.6	2891
1865	C1orf116	ENSG00000182795.15	ENST00000359470.6	5501
1866	C1orf122	ENSG00000197982.15	ENST00000373042.5	1329
1867	CZIB	ENSG00000162384.16	ENST00000294360.5	1102
1868	CIROZ	ENSG00000175262.15	ENST00000377004.9	2798
1869	FSAF1	ENSG00000143633.15	ENST00000366649.7	1430
1870	C1orf141	ENSG00000203963.13	ENST00000684719.1	2187
1871	OBSCN-AS1	ENSG00000162913.10	ENST00000295012.5	889
1872	C1orf146	ENSG00000203910.10	ENST00000370375.8	855
1873	IKBKE-AS1	ENSG00000162888.4	ENST00000367119.1	2096
1874	CFAP107	ENSG00000157330.11	ENST00000614859.5	3564
1875	C1orf159	ENSG00000131591.20	ENST00000421241.7	1832
1876	C1orf162	ENSG00000143110.14	ENST00000369718.4	840
1877	C1orf167	ENSG00000215910.9	ENST00000688073.1	4672
1878	FYB2	ENSG00000187889.15	ENST00000343433.7	3183
1879	KDF1	ENSG00000175707.12	ENST00000320567.6	1855
1880	ERICH3	ENSG00000178965.15	ENST00000326665.10	7201
1881	C1orf174	ENSG00000198912.13	ENST00000361605.4	1645
1882	CIMAP2	ENSG00000162398.13	ENST00000371273.4	1690
1883	RHEX	ENSG00000263961.10	ENST00000331555.10	1205
1884	CFAP141	ENSG00000163263.8	ENST00000368525.4	674
1885	CFAP126	ENSG00000188931.6	ENST00000367974.2	774
1886	CFAP276	ENSG00000179902.15	ENST00000369948.8	655
1887	C1orf198	ENSG00000119280.19	ENST00000366663.10	3726
1888	PIK3CD-AS1	ENSG00000179840.5	ENST00000377320.3	1823
1889	SNHG28	ENSG00000188004.11	ENST00000676072.1	2254
1890	C1orf21	ENSG00000116667.17	ENST00000235307.7	10293
1891	C1orf210	ENSG00000253313.8	ENST00000523677.6	1486
1892	ZNF436-AS1	ENSG00000249087.10	ENST00000724025.1	461
1893	C1orf216	ENSG00000142686.9	ENST00000270815.5	2628
1894	CFAP74	ENSG00000142609.21	ENST00000682832.2	5355
1895	C1orf226	ENSG00000239887.6	ENST00000458626.4	4122
1896	SPATA45	ENSG00000185523.7	ENST00000332912.3	506
1897	LINC02897	ENSG00000221953.6	ENST00000810527.1	811
1898	ODR4	ENSG00000157181.18	ENST00000287859.11	3820
1899	C1orf35	ENSG00000143793.15	ENST00000272139.5	1290
1900	LTAP1	ENSG00000143612.23	ENST00000368521.10	1678
1901	C1orf50	ENSG00000164008.19	ENST00000372525.7	4760
1902	CIART	ENSG00000159208.17	ENST00000290363.6	2011
1903	C1orf52	ENSG00000162642.16	ENST00000471115.6	3254
1904	C1orf53	ENSG00000203724.13	ENST00000367393.8	600
1905	C1orf54	ENSG00000118292.11	ENST00000369099.8	509
1906	C1orf56	ENSG00000143443.11	ENST00000368926.6	2085
1907	MIR9-1HG	ENSG00000125462.21	ENST00000673141.1	1395
1908	RSRP1	ENSG00000117616.20	ENST00000243189.12	1425
1909	SRARP	ENSG00000183888.5	ENST00000329454.2	3039
1910	CCDC185	ENSG00000178395.7	ENST00000366875.5	2051
1911	C1orf74	ENSG00000162757.6	ENST00000294811.2	4684
1912	GLMP	ENSG00000198715.15	ENST00000362007.6	1611
1913	FAAP20	ENSG00000162585.19	ENST00000378546.9	727
1914	C1orf87	ENSG00000162598.15	ENST00000371201.3	2028
1915	C1orf94	ENSG00000142698.16	ENST00000488417.2	3050
1916	STUM	ENSG00000203685.12	ENST00000366788.8	7757
1917	C2	ENSG00000166278.18	ENST00000299367.10	2610
1918	NOL4L	ENSG00000197183.16	ENST00000621426.7	7023
1919	C20orf141	ENSG00000258713.4	ENST00000603872.2	617
1920	C20orf144	ENSG00000149609.6	ENST00000375222.4	522
1921	MIR1-1HG	ENSG00000174407.16	ENST00000687640.3	853
1922	DNAAF9	ENSG00000088854.15	ENST00000252032.10	6912
1923	FNDC11	ENSG00000125531.9	ENST00000370097.2	1090
1924	SHLD1	ENSG00000171984.17	ENST00000303142.11	1633
1925	MIR646HG	ENSG00000228340.9	ENST00000659856.1	3592
1926	LKAAEAR1	ENSG00000171695.13	ENST00000302096.5	823
1927	RAB5IF	ENSG00000101084.21	ENST00000344795.8	1069
1928	CFAP61	ENSG00000089101.21	ENST00000245957.10	4098
1929	ADISSP	ENSG00000101220.20	ENST00000379772.4	1252
1930	CIMIP1	ENSG00000124237.7	ENST00000371168.4	805
1931	C20orf96	ENSG00000196476.14	ENST00000360321.7	1576
1932	UMODL1-AS1	ENSG00000184385.2	ENST00000329015.2	2141
1933	CFAP410	ENSG00000160226.17	ENST00000339818.9	2221
1934	GATD3	ENSG00000160221.20	ENST00000291577.11	1584
1935	C21orf58	ENSG00000160298.20	ENST00000291691.12	2970
1936	CFAP298	ENSG00000159079.21	ENST00000290155.8	3516
1937	EPCIP	ENSG00000205929.13	ENST00000479548.2	4081
1938	C21orf91	ENSG00000154642.13	ENST00000284881.9	5396
1939	C22orf15	ENSG00000169314.17	ENST00000402217.8	895
1940	C22orf23	ENSG00000128346.13	ENST00000403305.6	1942
1941	YWHAH-AS1	ENSG00000128254.17	ENST00000819534.1	608
1942	PRR34	ENSG00000182257.8	ENST00000649288.1	2817
1943	RTL10	ENSG00000215012.10	ENST00000328554.9	6653
1944	C22orf31	ENSG00000100249.5	ENST00000216071.5	982
1945	C22orf39	ENSG00000242259.11	ENST00000399562.9	3720
1946	C22orf42	ENSG00000205856.4	ENST00000382097.4	1378
1947	DRICH1	ENSG00000189269.14	ENST00000317749.9	1300
1948	C2CD2	ENSG00000157617.19	ENST00000380486.4	6473
1949	C2CD2L	ENSG00000172375.16	ENST00000648610.2	4807
1950	C2CD3	ENSG00000168014.20	ENST00000334126.12	7939
1951	C2CD4A	ENSG00000198535.5	ENST00000355522.5	3445
1952	C2CD4B	ENSG00000205502.6	ENST00000380392.4	1581
1953	C2CD5	ENSG00000111731.15	ENST00000446597.6	4585
1954	C2orf15	ENSG00000273045.9	ENST00000650052.2	1627
1955	SPATA31H1	ENSG00000221843.7	ENST00000447166.3	16403
1956	LINC03124	ENSG00000287151.2	ENST00000779756.1	1172
1957	CDRT15P3	ENSG00000186825.7	ENST00000668677.1	908
1958	ECRG4	ENSG00000119147.11	ENST00000238044.8	753
1959	C2orf42	ENSG00000115998.10	ENST00000264434.7	2524
1960	LDAH	ENSG00000118961.17	ENST00000237822.8	3917
1961	WDCP	ENSG00000163026.13	ENST00000295148.9	3848
1962	MAIP1	ENSG00000162972.12	ENST00000392290.6	1399
1963	C2orf49	ENSG00000135974.13	ENST00000258457.7	4587
1964	CIMIP5	ENSG00000150873.14	ENST00000381585.8	7902
1965	PRR30	ENSG00000186143.11	ENST00000335524.7	2008
1966	MAB21L4	ENSG00000172478.20	ENST00000388934.5	2525
1967	TEX44	ENSG00000177673.4	ENST00000313965.4	1413
1968	STPG4	ENSG00000239605.11	ENST00000445927.7	821
1969	CATIP	ENSG00000158428.7	ENST00000289388.4	1322
1970	C2orf66	ENSG00000187944.5	ENST00000342506.4	1333
1971	C2orf68	ENSG00000168887.13	ENST00000306336.6	4274
1972	C2orf69	ENSG00000178074.7	ENST00000319974.6	3691
1973	CIMIP2C	ENSG00000173557.16	ENST00000329615.4	718
1974	PCARE	ENSG00000179270.8	ENST00000331664.6	7303
1975	CIMIP6	ENSG00000177994.17	ENST00000398634.7	1975
1976	C2orf76	ENSG00000186132.17	ENST00000334816.12	685
1977	C2orf78	ENSG00000187833.8	ENST00000409561.2	3052
1978	C2orf80	ENSG00000188674.13	ENST00000341287.9	1195
1979	SNORC	ENSG00000182600.11	ENST00000331342.5	2788
1980	SLC19A4P	ENSG00000290795.2	ENST00000409066.1	2086
1981	AKAP19	ENSG00000187699.12	ENST00000340623.4	4035
1982	C3	ENSG00000125730.20	ENST00000245907.11	5231
1983	C3AR1	ENSG00000171860.7	ENST00000307637.5	3434
1984	CEP15	ENSG00000114405.13	ENST00000462069.6	3369
1985	RMP64	ENSG00000163608.17	ENST00000314400.10	4820
1986	C3orf18	ENSG00000088543.17	ENST00000357203.8	2657
1987	C3orf20	ENSG00000131379.10	ENST00000253697.8	3286
1988	C3orf22	ENSG00000180697.9	ENST00000318225.3	948
1989	LINC01565	ENSG00000198685.5	ENST00000753242.1	723
1990	TEX55	ENSG00000163424.10	ENST00000295622.6	1800
1991	C3orf33	ENSG00000174928.18	ENST00000340171.7	1811
1992	APRG1	ENSG00000198590.12	ENST00000662797.1	1608
1993	C3orf36	ENSG00000288547.3	ENST00000674356.1	1668
1994	C3orf38	ENSG00000179021.12	ENST00000318887.8	2414
1995	C3orf52	ENSG00000114529.15	ENST00000264848.10	2237
1996	SLC66A1LP	ENSG00000293490.2	ENST00000461040.5	563
1997	PRR23E	ENSG00000214324.5	ENST00000624688.2	1740
1998	DIPK2A	ENSG00000181744.10	ENST00000315691.8	4330
1999	C3orf62	ENSG00000188315.9	ENST00000343010.8	3748
2000	IGF2BP2-AS1	ENSG00000163915.7	ENST00000456447.5	1531
2001	CFAP20DC	ENSG00000163689.23	ENST00000482387.7	3291
2002	C3orf70	ENSG00000187068.4	ENST00000335012.3	7159
2003	FOXL2NB	ENSG00000206262.11	ENST00000383165.4	4094
2004	LINC02877	ENSG00000237787.5	ENST00000648073.1	797
2005	CIMIP7	ENSG00000236980.10	ENST00000545770.7	704
2006	C4BPA	ENSG00000123838.13	ENST00000367070.8	2272
2007	C4BPB	ENSG00000123843.15	ENST00000367078.8	960
2008	C4orf17	ENSG00000138813.11	ENST00000326581.9	1619
2009	PGCKA1	ENSG00000154274.17	ENST00000381980.9	3643
2010	ZGRF1	ENSG00000138658.19	ENST00000505019.6	6648
2011	CFAP299	ENSG00000197826.13	ENST00000358105.8	879
2012	ODAPH	ENSG00000174792.12	ENST00000311623.9	788
2013	HPF1	ENSG00000056050.9	ENST00000393381.3	1216
2014	ABHD18	ENSG00000164074.19	ENST00000645843.2	5753
2015	ARLN	ENSG00000164096.15	ENST00000504110.2	2671
2016	FAM241A	ENSG00000174749.7	ENST00000309733.6	8844
2017	C4orf33	ENSG00000151470.15	ENST00000425929.6	5513
2018	C4orf36	ENSG00000163633.14	ENST00000295898.8	908
2019	PRR27	ENSG00000187533.15	ENST00000344526.10	4747
2020	SPMIP2	ENSG00000164123.8	ENST00000434826.3	1263
2021	C4orf46	ENSG00000205208.7	ENST00000379205.5	3366
2022	C4orf50	ENSG00000181215.18	ENST00000711657.1	4527
2023	C4orf51	ENSG00000237136.9	ENST00000438731.7	904
2024	LINC01587	ENSG00000082929.9	ENST00000818285.1	867
2025	C5	ENSG00000106804.12	ENST00000223642.3	5464
2026	C5AR1	ENSG00000197405.9	ENST00000355085.4	2324
2027	C5AR2	ENSG00000134830.8	ENST00000595464.3	6720
2028	C5orf15	ENSG00000113583.10	ENST00000231512.5	2188
2029	DCANP1	ENSG00000251380.3	ENST00000503143.3	3135
2030	C5orf22	ENSG00000082213.20	ENST00000325366.14	3572
2031	C5orf24	ENSG00000181904.11	ENST00000394976.4	5083
2032	TMEM267	ENSG00000151881.17	ENST00000397080.8	2736
2033	MACIR	ENSG00000181751.12	ENST00000319933.7	2988
2034	C5orf34	ENSG00000172244.11	ENST00000306862.7	2502
2035	IRX2-DT	ENSG00000186493.14	ENST00000647681.1	890
2036	CPLANE1	ENSG00000197603.18	ENST00000651892.2	11302
2037	MRNIP	ENSG00000161010.17	ENST00000292586.11	1168
2038	C5orf46	ENSG00000178776.7	ENST00000318315.5	528
2039	SPMIP10	ENSG00000196900.5	ENST00000357147.4	478
2040	CFAP90	ENSG00000215217.9	ENST00000399810.7	2028
2041	RIMOC1	ENSG00000205765.12	ENST00000381647.7	5246
2042	EXOC3-AS1	ENSG00000221990.5	ENST00000623673.1	1663
2043	CARINH	ENSG00000197536.12	ENST00000612967.2	2791
2044	C5orf58	ENSG00000234511.13	ENST00000593851.5	471
2045	LINC03122	ENSG00000178722.17	ENST00000797193.1	1683
2046	C6	ENSG00000039537.18	ENST00000337836.10	3691
2047	SMIM29	ENSG00000186577.16	ENST00000476320.6	818
2048	TSBP1	ENSG00000204296.13	ENST00000533191.6	2166
2049	ILRUN	ENSG00000196821.12	ENST00000374023.8	4338
2050	C6orf118	ENSG00000112539.16	ENST00000230301.9	1822
2051	C6orf120	ENSG00000185127.7	ENST00000332290.4	4235
2052	C6orf136	ENSG00000204564.14	ENST00000651131.1	1882
2053	C6orf15	ENSG00000204542.4	ENST00000259870.4	1156
2054	CFAP206	ENSG00000272514.8	ENST00000369562.9	2207
2055	LINC01600	ENSG00000164385.12	ENST00000840975.1	2206
2056	TEX56P	ENSG00000185689.18	ENST00000642280.1	699
2057	MTRES1	ENSG00000130349.12	ENST00000311381.8	1158
2058	DCPH1	ENSG00000146476.13	ENST00000367294.4	2397
2059	BNIP5	ENSG00000189325.9	ENST00000437635.3	3735
2060	LINC03040	ENSG00000181577.17	ENST00000336600.8	5468
2061	PEX39	ENSG00000221821.4	ENST00000408925.4	557
2062	MPIG6B	ENSG00000204420.10	ENST00000649779.1	2377
2063	C6orf47	ENSG00000204439.4	ENST00000375911.2	2481
2064	SNHG32	ENSG00000204387.15	ENST00000718216.1	827
2065	SDHAF4	ENSG00000154079.7	ENST00000370474.4	1183
2066	C6orf58	ENSG00000184530.10	ENST00000329722.8	1203
2067	C6orf62	ENSG00000112308.16	ENST00000378119.9	2452
2068	C6orf89	ENSG00000198663.19	ENST00000480824.7	6763
2069	C7	ENSG00000112936.23	ENST00000313164.10	5716
2070	SUGCT	ENSG00000175600.18	ENST00000335693.9	1617
2071	C7orf25	ENSG00000136197.16	ENST00000350427.5	1805
2072	INTS15	ENSG00000146576.15	ENST00000344417.10	2178
2073	SPMIP4	ENSG00000153790.13	ENST00000283905.8	3770
2074	C7orf33	ENSG00000170279.3	ENST00000307003.3	1153
2075	MTURN	ENSG00000180354.18	ENST00000324453.13	5761
2076	TRAPPC14	ENSG00000146826.19	ENST00000316937.8	2555
2077	CYREN	ENSG00000122783.19	ENST00000393114.8	1494
2078	CHLSN	ENSG00000146540.17	ENST00000397098.8	2138
2079	FMC1	ENSG00000164898.14	ENST00000297534.7	1014
2080	FMC1-LUC7L2	ENSG00000269955.2	ENST00000541515.3	1661
2081	C7orf57	ENSG00000164746.16	ENST00000348904.4	2102
2082	SAMTOR	ENSG00000164603.14	ENST00000297145.9	3940
2083	SPACDR	ENSG00000185955.6	ENST00000332375.4	988
2084	TEX47	ENSG00000164645.3	ENST00000297203.3	1039
2085	CFAP69	ENSG00000105792.21	ENST00000389297.8	3902
2086	LINC02902	ENSG00000221845.5	ENST00000408988.2	2911
2087	LINC02903	ENSG00000205174.4	ENST00000624695.1	435
2088	PKD1L1-AS1	ENSG00000136275.10	ENST00000623971.3	647
2089	STMP1	ENSG00000243317.10	ENST00000507606.3	2461
2090	C8A	ENSG00000157131.14	ENST00000361249.4	2367
2091	C8B	ENSG00000021852.16	ENST00000371237.9	2040
2092	C8G	ENSG00000176919.15	ENST00000371634.7	881
2093	FAM167A-AS1	ENSG00000184608.10	ENST00000533578.5	1223
2094	PPDPFL	ENSG00000168333.16	ENST00000522267.6	1358
2095	LY6S-AS1	ENSG00000177335.14	ENST00000669519.1	1365
2096	C8orf33	ENSG00000182307.16	ENST00000331434.7	2588
2097	C8orf34	ENSG00000165084.18	ENST00000518698.6	2452
2098	CFAP418	ENSG00000156172.8	ENST00000286688.6	3340
2099	TCIM	ENSG00000176907.5	ENST00000315792.5	1829
2100	C8orf44	ENSG00000288596.3	ENST00000521113.1	575
2101	C8orf44-SGK3	ENSG00000288602.1	ENST00000519289.1	2949
2102	VXN	ENSG00000169085.15	ENST00000305454.8	3155
2103	ERICH5	ENSG00000177459.13	ENST00000318528.8	1503
2104	C8orf58	ENSG00000241852.13	ENST00000289989.10	2056
2105	RBIS	ENSG00000176731.14	ENST00000619594.5	887
2106	C8orf74	ENSG00000171060.12	ENST00000304519.10	1042
2107	C8orf76	ENSG00000189376.14	ENST00000276704.6	1310
2108	C8orf82	ENSG00000213563.8	ENST00000524821.6	2455
2109	LINC03042	ENSG00000196166.6	ENST00000649111.1	2632
2110	C9	ENSG00000113600.14	ENST00000263408.5	2770
2111	SPOUT1	ENSG00000198917.15	ENST00000361256.10	4259
2112	PIERCE1	ENSG00000160345.15	ENST00000429260.7	675
2113	CFAP157	ENSG00000160401.16	ENST00000373295.7	3704
2114	FAM120A2P	ENSG00000204352.5	ENST00000649569.1	467
2115	SPATA31G1	ENSG00000174038.13	ENST00000312292.6	3372
2116	CFAP95	ENSG00000204711.11	ENST00000377197.8	844
2117	LINC02908	ENSG00000180539.8	ENST00000623196.1	4990
2118	PAXX	ENSG00000310560.3	ENST00000371620.4	808
2119	C9orf152	ENSG00000188959.11	ENST00000400613.5	2687
2120	C9orf153	ENSG00000187753.14	ENST00000339137.7	1845
2121	TRMO	ENSG00000136932.18	ENST00000375119.8	1577
2122	BBLN	ENSG00000171159.6	ENST00000372994.2	704
2123	C9orf163	ENSG00000196366.3	ENST00000624034.1	2573
2124	LINC02872	ENSG00000204446.5	ENST00000623052.2	3479
2125	CFAP77	ENSG00000188523.11	ENST00000393216.3	1725
2126	STPG3	ENSG00000197768.13	ENST00000412566.6	1166
2127	SPMIP6	ENSG00000164972.15	ENST00000297623.7	1129
2128	AOPEP	ENSG00000148120.21	ENST00000375315.8	3130
2129	ARRDC1-AS1	ENSG00000203993.8	ENST00000496793.3	1841
2130	C9orf40	ENSG00000135045.8	ENST00000376854.6	2351
2131	CARNMT1	ENSG00000156017.15	ENST00000376834.8	4259
2132	C9orf43	ENSG00000157653.14	ENST00000374165.6	1994
2133	C9orf50	ENSG00000179058.8	ENST00000372478.5	1945
2134	QNG1	ENSG00000165118.16	ENST00000376344.8	2468
2135	DOCK8-AS1	ENSG00000183784.7	ENST00000648587.1	2918
2136	TMEM250	ENSG00000238227.10	ENST00000418388.6	2827
2137	C9orf72	ENSG00000147894.19	ENST00000380003.8	3231
2138	C9orf78	ENSG00000136819.17	ENST00000372447.7	1795
2139	SHOC1	ENSG00000165181.18	ENST00000682961.1	5200
2140	C9orf85	ENSG00000155621.17	ENST00000334731.7	1185
2141	CARD19	ENSG00000165233.20	ENST00000375464.7	857
2142	SPACA9	ENSG00000165698.18	ENST00000356311.10	2242
2143	TMEM268	ENSG00000157693.17	ENST00000288502.9	4490
2144	STKLD1	ENSG00000198870.9	ENST00000371957.4	2826
2145	CA1	ENSG00000133742.16	ENST00000523022.6	1830
2146	CA10	ENSG00000154975.16	ENST00000451037.7	3179
2147	CA11	ENSG00000063180.11	ENST00000084798.9	1715
2148	CA12	ENSG00000074410.16	ENST00000178638.8	6098
2149	CA13	ENSG00000185015.9	ENST00000321764.4	3884
2150	CA14	ENSG00000118298.14	ENST00000369111.9	1788
2151	CA2	ENSG00000104267.12	ENST00000285379.10	1562
2152	CA3	ENSG00000164879.9	ENST00000285381.3	1721
2153	CA4	ENSG00000167434.12	ENST00000300900.9	1123
2154	CA5A	ENSG00000174990.10	ENST00000649794.3	1113
2155	CA5B	ENSG00000169239.16	ENST00000318636.8	6837
2156	CA6	ENSG00000131686.15	ENST00000377443.7	1334
2157	CA7	ENSG00000168748.15	ENST00000338437.7	1518
2158	CA8	ENSG00000178538.12	ENST00000317995.5	5735
2159	CA9	ENSG00000107159.16	ENST00000378357.9	1546
2160	CAAP1	ENSG00000120159.15	ENST00000333916.8	2789
2161	CAB39	ENSG00000135932.14	ENST00000258418.10	3829
2162	CAB39L	ENSG00000102547.21	ENST00000409308.6	3502
2163	CABIN1	ENSG00000099991.20	ENST00000263119.10	7233
2164	CABLES1	ENSG00000134508.15	ENST00000256925.12	5283
2165	CABLES2	ENSG00000149679.14	ENST00000279101.10	3783
2166	CABP1	ENSG00000157782.12	ENST00000316803.8	1597
2167	CABP2	ENSG00000167791.14	ENST00000294288.5	1010
2168	CABP4	ENSG00000175544.15	ENST00000325656.7	3991
2169	CABP5	ENSG00000105507.3	ENST00000293255.3	1853
2170	CABP7	ENSG00000100314.6	ENST00000216144.4	3334
2171	CABS1	ENSG00000145309.6	ENST00000273936.6	1517
2172	CABYR	ENSG00000154040.23	ENST00000399496.8	1305
2173	CACFD1	ENSG00000160325.17	ENST00000316948.9	2803
2174	CACHD1	ENSG00000158966.18	ENST00000651257.2	5933
2175	CACNA1A	ENSG00000141837.24	ENST00000360228.11	8647
2176	CACNA1B	ENSG00000148408.17	ENST00000371372.6	9792
2177	CACNA1C	ENSG00000151067.24	ENST00000399655.6	13744
2178	CACNA1D	ENSG00000157388.21	ENST00000350061.11	9369
2179	CACNA1E	ENSG00000198216.15	ENST00000367573.7	16420
2180	CACNA1F	ENSG00000102001.14	ENST00000323022.10	6006
2181	CACNA1G	ENSG00000006283.18	ENST00000359106.10	8602
2182	CACNA1H	ENSG00000196557.15	ENST00000348261.11	8219
2183	CACNA1I	ENSG00000100346.18	ENST00000402142.4	10002
2184	CACNA1S	ENSG00000081248.14	ENST00000362061.4	6028
2185	CACNA2D1	ENSG00000153956.19	ENST00000356860.8	7542
2186	CACNA2D2	ENSG00000007402.14	ENST00000424201.7	5696
2187	CACNA2D3	ENSG00000157445.18	ENST00000474759.6	3789
2188	CACNA2D4	ENSG00000151062.15	ENST00000382722.10	5285
2189	CACNB1	ENSG00000067191.19	ENST00000394303.8	3711
2190	CACNB2	ENSG00000165995.25	ENST00000324631.13	6129
2191	CACNB3	ENSG00000167535.10	ENST00000301050.7	2931
2192	CACNB4	ENSG00000182389.21	ENST00000539935.7	7944
2193	CACNG1	ENSG00000108878.7	ENST00000226021.5	1302
2194	CACNG2	ENSG00000166862.8	ENST00000300105.7	5642
2195	CACNG3	ENSG00000006116.6	ENST00000005284.4	1917
2196	CACNG4	ENSG00000075461.8	ENST00000262138.4	3583
2197	CACNG5	ENSG00000075429.9	ENST00000533854.6	10576
2198	CACNG6	ENSG00000130433.10	ENST00000252729.7	2501
2199	CACNG7	ENSG00000105605.9	ENST00000391767.6	2754
2200	CACTIN	ENSG00000105298.16	ENST00000429344.7	3583
2201	CACUL1	ENSG00000151893.17	ENST00000369151.8	11035
2202	CACYBP	ENSG00000116161.20	ENST00000367679.7	2869
2203	CAD	ENSG00000084774.16	ENST00000264705.9	7286
2204	CADM1	ENSG00000182985.21	ENST00000331581.11	8675
2205	CADM2	ENSG00000175161.15	ENST00000383699.8	9480
2206	CADM3	ENSG00000162706.15	ENST00000368125.9	3739
2207	CADM4	ENSG00000105767.5	ENST00000222374.3	2189
2208	CADPS	ENSG00000163618.20	ENST00000383710.9	5507
2209	CADPS2	ENSG00000081803.19	ENST00000449022.7	5768
2210	CAGE1	ENSG00000164304.16	ENST00000502583.6	3283
2211	CALB1	ENSG00000104327.9	ENST00000265431.7	2533
2212	CALB2	ENSG00000172137.21	ENST00000302628.9	1454
2213	CALCA	ENSG00000110680.15	ENST00000331587.9	840
2214	CALCB	ENSG00000175868.16	ENST00000324229.11	1044
2215	CALCOCO1	ENSG00000012822.18	ENST00000550804.6	5576
2216	CALCOCO2	ENSG00000136436.18	ENST00000258947.8	3635
2217	CALCR	ENSG00000004948.17	ENST00000426151.7	3572
2218	CALCRL	ENSG00000064989.15	ENST00000392370.8	6112
2219	CALD1	ENSG00000122786.22	ENST00000361675.7	5011
2220	CALHM1	ENSG00000185933.7	ENST00000329905.6	3212
2221	CALHM2	ENSG00000138172.13	ENST00000260743.10	1914
2222	CALM1	ENSG00000198668.16	ENST00000356978.9	4203
2223	CALM2	ENSG00000143933.22	ENST00000272298.12	1210
2224	CALM3	ENSG00000160014.19	ENST00000291295.14	2184
2225	CALML3	ENSG00000178363.5	ENST00000315238.3	1811
2226	CALML4	ENSG00000129007.18	ENST00000467889.3	3857
2227	CALML5	ENSG00000178372.8	ENST00000380332.5	874
2228	CALML6	ENSG00000169885.11	ENST00000307786.8	670
2229	CALN1	ENSG00000183166.13	ENST00000395275.7	9424
2230	CALR	ENSG00000179218.17	ENST00000316448.10	1901
2231	CALR3	ENSG00000269058.7	ENST00000269881.8	1263
2232	CALU	ENSG00000128595.19	ENST00000249364.9	5266
2233	CALY	ENSG00000130643.11	ENST00000252939.9	2260
2234	CAMK1	ENSG00000134072.13	ENST00000256460.8	1453
2235	CAMK1D	ENSG00000183049.15	ENST00000619168.5	8088
2236	CAMK1G	ENSG00000008118.12	ENST00000361322.3	2456
2237	CAMK2A	ENSG00000070808.19	ENST00000671881.1	4837
2238	CAMK2B	ENSG00000058404.23	ENST00000395749.7	4545
2239	CAMK2D	ENSG00000145349.22	ENST00000511664.6	5785
2240	CAMK2G	ENSG00000148660.24	ENST00000423381.6	3878
2241	CAMK2N1	ENSG00000162545.8	ENST00000375078.4	2326
2242	CAMK2N2	ENSG00000163888.5	ENST00000296238.4	1452
2243	CAMK4	ENSG00000152495.13	ENST00000282356.9	11942
2244	CAMKK1	ENSG00000004660.17	ENST00000348335.7	3572
2245	CAMKK2	ENSG00000110931.21	ENST00000404169.8	4905
2246	CAMKMT	ENSG00000143919.17	ENST00000378494.8	1512
2247	CAMKV	ENSG00000164076.19	ENST00000477224.6	2998
2248	CAMLG	ENSG00000164615.8	ENST00000297156.4	2171
2249	CAMP	ENSG00000164047.7	ENST00000652295.2	591
2250	CAMSAP1	ENSG00000130559.20	ENST00000389532.9	8018
2251	CAMSAP2	ENSG00000118200.18	ENST00000358823.7	8017
2252	CAMSAP3	ENSG00000076826.12	ENST00000160298.9	4137
2253	CAMTA1	ENSG00000171735.22	ENST00000303635.12	8314
2254	CAMTA2	ENSG00000108509.23	ENST00000348066.8	4515
2255	CAND1	ENSG00000111530.15	ENST00000545606.6	11176
2256	CAND2	ENSG00000144712.15	ENST00000456430.6	4573
2257	CANT1	ENSG00000171302.19	ENST00000392446.10	3287
2258	CANX	ENSG00000127022.18	ENST00000247461.9	4915
2259	CAP1	ENSG00000131236.20	ENST00000372805.8	2626
2260	CAP2	ENSG00000112186.15	ENST00000229922.7	2925
2261	CAPG	ENSG00000042493.18	ENST00000263867.9	1250
2262	CAPN1	ENSG00000014216.18	ENST00000279247.11	2952
2263	CAPN10	ENSG00000142330.22	ENST00000391984.7	2621
2264	CAPN11	ENSG00000137225.13	ENST00000398776.2	2718
2265	CAPN12	ENSG00000182472.9	ENST00000328867.9	3129
2266	CAPN13	ENSG00000162949.18	ENST00000295055.12	2683
2267	CAPN15	ENSG00000103326.14	ENST00000219611.7	4888
2268	CAPN2	ENSG00000162909.20	ENST00000295006.6	3366
2269	CAPN3	ENSG00000092529.27	ENST00000397163.8	3315
2270	CAPN5	ENSG00000149260.20	ENST00000648180.1	4367
2271	CAPN6	ENSG00000077274.11	ENST00000324068.2	3532
2272	CAPN7	ENSG00000131375.12	ENST00000253693.7	4348
2273	CAPN8	ENSG00000203697.14	ENST00000366872.10	2387
2274	CAPN9	ENSG00000135773.15	ENST00000271971.7	2575
2275	CAPNS1	ENSG00000126247.13	ENST00000246533.8	1428
2276	CAPNS2	ENSG00000256812.2	ENST00000457326.3	1004
2277	CAPRIN1	ENSG00000135387.23	ENST00000341394.9	5514
2278	CAPRIN2	ENSG00000110888.21	ENST00000695402.1	3727
2279	CAPS	ENSG00000105519.19	ENST00000588776.8	1537
2280	CAPS2	ENSG00000180881.23	ENST00000699294.1	5072
2281	CAPSL	ENSG00000152611.14	ENST00000651391.1	966
2282	CAPZA1	ENSG00000116489.15	ENST00000263168.4	2358
2283	CAPZA2	ENSG00000198898.18	ENST00000361183.8	5068
2284	CAPZA3	ENSG00000177938.6	ENST00000317658.5	1070
2285	CAPZB	ENSG00000077549.21	ENST00000264202.8	1675
2286	CARD10	ENSG00000100065.17	ENST00000251973.10	4111
2287	CARD11	ENSG00000198286.13	ENST00000396946.9	4287
2288	CARD14	ENSG00000141527.20	ENST00000648509.2	4717
2289	CARD16	ENSG00000204397.13	ENST00000673097.2	532
2290	CARD17P	ENSG00000255221.5	ENST00000638172.1	1198
2291	CARD18	ENSG00000255501.3	ENST00000530950.2	702
2292	CARD6	ENSG00000132357.16	ENST00000254691.10	4038
2293	CARD8	ENSG00000105483.20	ENST00000651546.1	5610
2294	CARD9	ENSG00000187796.18	ENST00000371732.10	2111
2295	CARF	ENSG00000138380.20	ENST00000438828.4	7974
2296	CARHSP1	ENSG00000153048.13	ENST00000311052.10	2709
2297	NAXD	ENSG00000213995.14	ENST00000680254.1	2515
2298	CARM1	ENSG00000142453.14	ENST00000327064.9	3295
2299	CARNS1	ENSG00000172508.13	ENST00000687366.1	3966
2300	CARS1	ENSG00000110619.20	ENST00000380525.9	2737
2301	CARS2	ENSG00000134905.19	ENST00000257347.9	1838
2302	CARTPT	ENSG00000164326.6	ENST00000296777.5	800
2303	DNAI7	ENSG00000118307.22	ENST00000395987.8	2510
2304	MIR1915HG	ENSG00000204682.10	ENST00000830463.1	625
2305	CASC3	ENSG00000108349.20	ENST00000264645.12	3890
2306	GOLM2	ENSG00000166734.22	ENST00000299957.11	3974
2307	KNL1	ENSG00000137812.22	ENST00000399668.7	9266
2308	CASD1	ENSG00000127995.19	ENST00000297273.9	3931
2309	CASK	ENSG00000147044.25	ENST00000378163.7	8833
2310	CASKIN1	ENSG00000167971.17	ENST00000343516.8	5839
2311	CASKIN2	ENSG00000177303.12	ENST00000321617.8	4969
2312	CASP1	ENSG00000137752.27	ENST00000533400.6	1996
2313	CASP10	ENSG00000003400.18	ENST00000286186.11	5668
2314	CASP12	ENSG00000204403.11	ENST00000375726.6	1306
2315	CASP14	ENSG00000105141.6	ENST00000427043.4	3145
2316	CASP2	ENSG00000106144.22	ENST00000310447.10	4089
2317	CASP3	ENSG00000164305.22	ENST00000308394.9	2645
2318	CASP4	ENSG00000196954.15	ENST00000444739.7	1296
2319	CASP5	ENSG00000137757.13	ENST00000260315.8	1446
2320	CASP6	ENSG00000138794.11	ENST00000265164.7	1634
2321	CASP7	ENSG00000165806.23	ENST00000369318.8	2344
2322	CASP8	ENSG00000064012.26	ENST00000673742.1	2659
2323	CASP9	ENSG00000132906.20	ENST00000333868.10	2808
2324	CASQ1	ENSG00000143318.15	ENST00000368078.8	1878
2325	CASQ2	ENSG00000118729.17	ENST00000261448.6	2593
2326	CASR	ENSG00000036828.19	ENST00000639785.2	10062
2327	CASS4	ENSG00000087589.19	ENST00000679887.1	4195
2328	CAST	ENSG00000310517.3	ENST00000675179.1	4490
2329	CASZ1	ENSG00000130940.16	ENST00000377022.8	7934
2330	CAT	ENSG00000121691.9	ENST00000241052.5	2291
2331	CATSPER1	ENSG00000175294.6	ENST00000312106.6	2581
2332	CATSPER2	ENSG00000166762.20	ENST00000396879.8	4009
2333	CATSPER3	ENSG00000152705.8	ENST00000282611.8	1355
2334	CATSPER4	ENSG00000188782.9	ENST00000456354.7	1867
2335	CATSPERB	ENSG00000133962.8	ENST00000256343.8	3699
2336	CATSPERD	ENSG00000174898.16	ENST00000381624.4	2556
2337	CATSPERG	ENSG00000099338.24	ENST00000409235.8	3691
2338	CAV1	ENSG00000105974.15	ENST00000341049.7	2456
2339	CAV2	ENSG00000105971.17	ENST00000222693.5	2953
2340	CAV3	ENSG00000182533.8	ENST00000343849.3	1422
2341	CBFA2T2	ENSG00000078699.23	ENST00000342704.11	7344
2342	CBFA2T3	ENSG00000129993.16	ENST00000268679.9	4480
2343	CBFB	ENSG00000067955.17	ENST00000412916.7	3103
2344	CBL	ENSG00000110395.9	ENST00000264033.6	11168
2345	CBLB	ENSG00000114423.25	ENST00000394030.8	6749
2346	CBLC	ENSG00000142273.15	ENST00000647358.2	1576
2347	CBLL1	ENSG00000105879.14	ENST00000440859.8	3987
2348	CBLN1	ENSG00000102924.14	ENST00000219197.11	2442
2349	CBLN2	ENSG00000141668.12	ENST00000269503.9	2747
2350	CBLN3	ENSG00000139899.13	ENST00000267406.11	2476
2351	CBLN4	ENSG00000054803.5	ENST00000064571.3	3154
2352	CBR1	ENSG00000159228.14	ENST00000290349.11	1208
2353	CBR3	ENSG00000159231.8	ENST00000290354.6	998
2354	CBR4	ENSG00000145439.14	ENST00000306193.8	3440
2355	CBS	ENSG00000160200.20	ENST00000398165.8	2495
2356	ZNG1A	ENSG00000172785.21	ENST00000356521.9	1905
2357	ZNG1B	ENSG00000136682.18	ENST00000259199.9	1827
2358	ZNG1C	ENSG00000196873.18	ENST00000360171.11	1685
2359	ZNG1E	ENSG00000147996.19	ENST00000382405.8	1662
2360	ZNG1F	ENSG00000215126.14	ENST00000377391.8	1672
2361	CBX1	ENSG00000108468.17	ENST00000225603.9	2182
2362	CBX2	ENSG00000173894.12	ENST00000310942.9	4628
2363	CBX3	ENSG00000122565.21	ENST00000396386.7	2061
2364	CBX4	ENSG00000141582.17	ENST00000269397.9	2675
2365	CBX5	ENSG00000094916.18	ENST00000209875.9	11546
2366	CBX6	ENSG00000183741.14	ENST00000407418.8	6052
2367	CBX7	ENSG00000100307.15	ENST00000216133.10	4111
2368	CBX8	ENSG00000141570.12	ENST00000269385.9	3752
2369	CBY1	ENSG00000100211.14	ENST00000216029.8	1146
2370	CC2D1A	ENSG00000132024.20	ENST00000318003.11	3581
2371	CC2D1B	ENSG00000154222.17	ENST00000284376.8	5338
2372	CC2D2A	ENSG00000048342.20	ENST00000424120.6	5184
2373	CC2D2B	ENSG00000188649.17	ENST00000646931.3	6157
2374	CCAR1	ENSG00000060339.16	ENST00000265872.11	4658
2375	CCAR2	ENSG00000158941.19	ENST00000308511.9	3685
2376	CCBE1	ENSG00000183287.17	ENST00000439986.9	6271
2377	KYAT1	ENSG00000171097.16	ENST00000302586.8	1971
2378	KYAT3	ENSG00000137944.19	ENST00000260508.9	1815
2379	SGF29	ENSG00000176476.11	ENST00000317058.8	1159
2380	CCDC102A	ENSG00000135736.8	ENST00000258214.3	2432
2381	CCDC102B	ENSG00000150636.19	ENST00000360242.9	2711
2382	DNAAF19	ENSG00000167131.19	ENST00000417826.3	3442
2383	CFAP36	ENSG00000163001.14	ENST00000349456.9	1184
2384	TEKTL1	ENSG00000160994.4	ENST00000292574.4	1757
2385	CCDC106	ENSG00000173581.10	ENST00000586790.6	2093
2386	CCDC107	ENSG00000159884.13	ENST00000426546.7	1264
2387	CFAP65	ENSG00000181378.16	ENST00000341552.10	5946
2388	MCUB	ENSG00000005059.18	ENST00000394650.7	2230
2389	CFAP53	ENSG00000172361.8	ENST00000398545.5	1824
2390	CCDC110	ENSG00000168491.11	ENST00000307588.8	2872
2391	CCDC112	ENSG00000164221.15	ENST00000379611.10	2387
2392	CFAP263	ENSG00000103021.12	ENST00000219299.8	5272
2393	ODAD1	ENSG00000105479.18	ENST00000674294.1	2995
2394	VMA22	ENSG00000136710.12	ENST00000259229.7	1769
2395	CCDC116	ENSG00000161180.12	ENST00000292779.4	2231
2396	CCDC117	ENSG00000159873.12	ENST00000249064.9	3964
2397	CCDC12	ENSG00000160799.15	ENST00000683445.1	841
2398	CCDC120	ENSG00000147144.14	ENST00000603986.6	3467
2399	CCDC121	ENSG00000176714.12	ENST00000324364.4	2343
2400	CCDC122	ENSG00000151773.15	ENST00000444614.8	2059
2401	CCDC124	ENSG00000007080.13	ENST00000445755.7	987
2402	CCDC125	ENSG00000183323.15	ENST00000396496.7	4283
2403	CCDC126	ENSG00000169193.14	ENST00000307471.8	2470
2404	CCDC127	ENSG00000164366.6	ENST00000296824.4	9283
2405	ITPRID1	ENSG00000180347.16	ENST00000615280.5	6938
2406	CCDC13	ENSG00000244607.9	ENST00000310232.11	5456
2407	YJU2B	ENSG00000104957.16	ENST00000221554.13	1673
2408	VPS50	ENSG00000004766.19	ENST00000305866.10	5684
2409	CCDC134	ENSG00000100147.17	ENST00000255784.6	7135
2410	DRC7	ENSG00000159625.17	ENST00000360716.8	3387
2411	CCDC136	ENSG00000128596.19	ENST00000297788.9	4246
2412	CCDC137	ENSG00000185298.14	ENST00000329214.13	2095
2413	CCDC138	ENSG00000163006.14	ENST00000295124.9	2375
2414	CCDC14	ENSG00000175455.18	ENST00000409697.8	4131
2415	CCDC140	ENSG00000163081.4	ENST00000647762.1	1699
2416	CCDC141	ENSG00000163492.18	ENST00000443758.7	9205
2417	CCDC142	ENSG00000135637.17	ENST00000393965.8	4128
2418	CCDC144NL	ENSG00000205212.8	ENST00000647562.3	415
2419	CCDC146	ENSG00000135205.17	ENST00000285871.5	3335
2420	CFAP58	ENSG00000120051.16	ENST00000369704.8	3256
2421	CCDC148	ENSG00000153237.21	ENST00000283233.10	3130
2422	CCDC149	ENSG00000181982.22	ENST00000635206.3	6661
2423	CCDC15	ENSG00000149548.17	ENST00000344762.6	3812
2424	CCDC150	ENSG00000144395.19	ENST00000389175.9	3597
2425	ODAD3	ENSG00000198003.14	ENST00000356392.9	2123
2426	DRC12	ENSG00000248712.10	ENST00000503566.7	734
2427	CCDC154	ENSG00000197599.13	ENST00000389176.4	2263
2428	KASH5	ENSG00000161609.10	ENST00000447857.8	2343
2429	CCDC157	ENSG00000187860.13	ENST00000338306.8	4478
2430	CCDC158	ENSG00000163749.19	ENST00000682701.1	3778
2431	CCDC159	ENSG00000183401.14	ENST00000458408.6	1049
2432	CCDC160	ENSG00000203952.12	ENST00000695460.1	2319
2433	CCDC163	ENSG00000280670.5	ENST00000629482.3	2095
2434	CCDC167	ENSG00000198937.11	ENST00000373408.4	572
2435	CCDC169-SOHLH2	ENSG00000250709.1	ENST00000511166.1	2051
2436	CCDC17	ENSG00000159588.17	ENST00000528266.6	2245
2437	CCDC170	ENSG00000120262.12	ENST00000239374.8	5306
2438	CCDC171	ENSG00000164989.19	ENST00000380701.8	6553
2439	CCDC172	ENSG00000182645.8	ENST00000333254.4	1679
2440	CFAP210	ENSG00000154479.14	ENST00000447353.6	2153
2441	CCDC174	ENSG00000154781.18	ENST00000383794.7	2940
2442	BBOF1	ENSG00000119636.18	ENST00000394009.5	3113
2443	CCDC178	ENSG00000166960.18	ENST00000383096.8	3420
2444	CCDC180	ENSG00000197816.18	ENST00000529487.3	7060
2445	CCDC181	ENSG00000117477.15	ENST00000367806.8	1917
2446	CFAP45	ENSG00000213085.11	ENST00000368099.9	1844
2447	CCDC22	ENSG00000101997.15	ENST00000376227.4	2310
2448	SVBP	ENSG00000177868.14	ENST00000372521.9	807
2449	CCDC24	ENSG00000159214.15	ENST00000372318.8	1472
2450	CCDC25	ENSG00000147419.21	ENST00000356537.9	3627
2451	CCDC27	ENSG00000162592.11	ENST00000294600.7	2125
2452	CCDC28A	ENSG00000024862.20	ENST00000617445.5	1247
2453	CCDC28B	ENSG00000160050.18	ENST00000373602.10	880
2454	CCDC3	ENSG00000151468.13	ENST00000378825.5	2747
2455	CCDC30	ENSG00000186409.20	ENST00000657597.2	6683
2456	CCDC33	ENSG00000140481.15	ENST00000398814.8	2750
2457	CCDC34	ENSG00000109881.19	ENST00000328697.11	1452
2458	IHO1	ENSG00000173421.19	ENST00000452691.7	2700
2459	CFAP100	ENSG00000163885.14	ENST00000352312.6	2117
2460	CCDC38	ENSG00000165972.14	ENST00000344280.8	1918
2461	CCDC39	ENSG00000284862.5	ENST00000476379.6	3848
2462	CCDC40	ENSG00000141519.17	ENST00000397545.9	4288
2463	CEP83	ENSG00000173588.18	ENST00000397809.10	3686
2464	CCDC42	ENSG00000161973.13	ENST00000293845.8	1373
2465	CCDC43	ENSG00000180329.16	ENST00000315286.13	2114
2466	CCDC47	ENSG00000108588.17	ENST00000225726.10	3283
2467	CCDC50	ENSG00000152492.17	ENST00000392455.9	8629
2468	CCDC51	ENSG00000164051.16	ENST00000395694.7	1611
2469	WASHC3	ENSG00000120860.13	ENST00000240079.11	882
2470	CCDC54	ENSG00000138483.3	ENST00000261058.3	1197
2471	CCDC57	ENSG00000176155.23	ENST00000694881.1	3362
2472	MIX23	ENSG00000160124.11	ENST00000291458.9	720
2473	CCDC59	ENSG00000133773.14	ENST00000256151.8	1585
2474	CCDC6	ENSG00000108091.13	ENST00000263102.7	5727
2475	CCDC60	ENSG00000183273.9	ENST00000327554.3	2426
2476	CCDC61	ENSG00000104983.10	ENST00000595358.5	1817
2477	CCDC62	ENSG00000130783.16	ENST00000253079.11	3301
2478	CCDC63	ENSG00000173093.14	ENST00000308208.10	1966
2479	BICDL1	ENSG00000135127.14	ENST00000548673.6	3832
2480	BICDL2	ENSG00000162069.18	ENST00000572449.6	2032
2481	DRC2	ENSG00000139537.13	ENST00000320516.5	1792
2482	CCDC66	ENSG00000180376.19	ENST00000394672.8	3134
2483	DEUP1	ENSG00000165325.16	ENST00000298050.9	2641
2484	CCDC68	ENSG00000166510.16	ENST00000591504.6	4085
2485	CCDC69	ENSG00000198624.15	ENST00000355417.7	3398
2486	CCDC7	ENSG00000216937.15	ENST00000639629.2	4826
2487	CCDC70	ENSG00000123171.8	ENST00000242819.7	1162
2488	CCDC71	ENSG00000177352.12	ENST00000321895.7	1791
2489	CCDC71L	ENSG00000253276.5	ENST00000523505.3	6799
2490	CCDC73	ENSG00000186714.14	ENST00000335185.10	3395
2491	CCDC74A	ENSG00000163040.17	ENST00000409856.8	1290
2492	CCDC74B	ENSG00000152076.21	ENST00000409943.8	1329
2493	CCDC77	ENSG00000120647.12	ENST00000239830.9	2300
2494	CCDC78	ENSG00000162004.21	ENST00000345165.10	1585
2495	CCDC8	ENSG00000169515.9	ENST00000307522.5	3236
2496	CCDC80	ENSG00000091986.18	ENST00000206423.8	12301
2497	CCDC81	ENSG00000149201.11	ENST00000445632.7	2627
2498	CCDC82	ENSG00000149231.18	ENST00000646818.2	2715
2499	CCDC83	ENSG00000150676.14	ENST00000342404.8	1975
2500	CENATAC	ENSG00000186166.11	ENST00000334418.6	1254
2501	CCDC85A	ENSG00000055813.8	ENST00000407595.3	4114
2502	CCDC85B	ENSG00000175602.4	ENST00000312579.4	963
2503	CCDC86	ENSG00000110104.14	ENST00000227520.10	1851
2504	CCDC87	ENSG00000182791.5	ENST00000333861.5	2888
2505	CCDC88A	ENSG00000115355.20	ENST00000436346.7	9751
2506	CCDC88B	ENSG00000168071.23	ENST00000356786.10	4934
2507	CCDC88C	ENSG00000015133.21	ENST00000389857.11	7519
2508	CCDC89	ENSG00000179071.5	ENST00000316398.5	2348
2509	CCDC9	ENSG00000105321.16	ENST00000221922.11	2027
2510	CCDC90B	ENSG00000137500.12	ENST00000529689.6	3990
2511	CCDC91	ENSG00000123106.13	ENST00000536442.6	2519
2512	CCDC92	ENSG00000119242.11	ENST00000238156.8	2790
2513	CCDC93	ENSG00000125633.13	ENST00000376300.7	6833
2514	YJU2	ENSG00000105248.18	ENST00000262962.12	1431
2515	CFAP184	ENSG00000173013.6	ENST00000310085.6	2153
2516	CCDC97	ENSG00000142039.6	ENST00000269967.4	3329
2517	CCER1	ENSG00000197651.4	ENST00000358859.3	2962
2518	CCHCR1	ENSG00000204536.15	ENST00000396268.8	2971
2519	CCIN	ENSG00000185972.7	ENST00000335119.4	1947
2520	CCK	ENSG00000187094.14	ENST00000396169.7	1504
2521	CCKAR	ENSG00000163394.6	ENST00000295589.4	1746
2522	CCKBR	ENSG00000110148.12	ENST00000334619.7	2019
2523	CCL1	ENSG00000108702.4	ENST00000225842.4	594
2524	CCL11	ENSG00000172156.5	ENST00000305869.4	1005
2525	CCL13	ENSG00000181374.9	ENST00000225844.7	823
2526	CCL14	ENSG00000276409.7	ENST00000618404.5	875
2527	CCL15	ENSG00000275718.3	ENST00000617897.2	588
2528	CCL15-CCL14	ENSG00000275688.4	ENST00000616694.1	999
2529	CCL16	ENSG00000275152.7	ENST00000611905.2	1507
2530	CCL17	ENSG00000102970.11	ENST00000219244.9	616
2531	CCL18	ENSG00000275385.3	ENST00000616054.2	1332
2532	CCL19	ENSG00000172724.13	ENST00000311925.7	683
2533	CCL2	ENSG00000108691.11	ENST00000225831.4	741
2534	CCL20	ENSG00000115009.14	ENST00000358813.5	834
2535	CCL21	ENSG00000137077.11	ENST00000259607.7	864
2536	CCL22	ENSG00000102962.7	ENST00000219235.5	2917
2537	CCL23	ENSG00000274736.6	ENST00000615050.2	628
2538	CCL24	ENSG00000106178.9	ENST00000222902.7	1422
2539	CCL25	ENSG00000131142.16	ENST00000315626.6	991
2540	CCL26	ENSG00000006606.10	ENST00000005180.9	475
2541	CCL27	ENSG00000213927.4	ENST00000259631.5	417
2542	CCL28	ENSG00000151882.12	ENST00000361115.4	3126
2543	CCL3	ENSG00000277632.2	ENST00000613922.2	780
2544	CCL4	ENSG00000275302.3	ENST00000615863.2	660
2545	CCL4L2	ENSG00000276070.6	ENST00000620576.5	647
2546	CCL5	ENSG00000271503.8	ENST00000605140.6	1217
2547	CCL7	ENSG00000108688.11	ENST00000378569.2	810
2548	CCL8	ENSG00000108700.5	ENST00000394620.2	862
2549	CCM2	ENSG00000136280.19	ENST00000258781.11	1864
2550	CCM2L	ENSG00000101331.19	ENST00000452892.3	2599
2551	CCNA1	ENSG00000133101.12	ENST00000255465.8	1730
2552	CCNA2	ENSG00000145386.13	ENST00000274026.10	2748
2553	CCNB1	ENSG00000134057.17	ENST00000256442.10	2029
2554	CCNB1IP1	ENSG00000100814.21	ENST00000358932.9	1470
2555	CCNB2	ENSG00000157456.10	ENST00000288207.7	1488
2556	CCNB3	ENSG00000147082.19	ENST00000376042.6	4697
2557	CCNC	ENSG00000112237.15	ENST00000520429.6	2153
2558	CCND1	ENSG00000110092.6	ENST00000227507.3	4238
2559	CCND2	ENSG00000118971.11	ENST00000261254.8	6493
2560	CCND3	ENSG00000112576.14	ENST00000372991.9	2026
2561	CCNDBP1	ENSG00000166946.16	ENST00000300213.9	3515
2562	CCNE1	ENSG00000105173.16	ENST00000262643.8	1954
2563	CCNE2	ENSG00000175305.20	ENST00000308108.9	2674
2564	CCNF	ENSG00000162063.15	ENST00000397066.9	4230
2565	CCNG1	ENSG00000113328.23	ENST00000340828.7	2444
2566	CCNG2	ENSG00000138764.17	ENST00000316355.10	5471
2567	CCNH	ENSG00000134480.19	ENST00000256897.9	1280
2568	CCNI	ENSG00000118816.14	ENST00000237654.9	2759
2569	CCNI2	ENSG00000205089.10	ENST00000378731.6	2613
2570	CCNJ	ENSG00000107443.18	ENST00000465148.3	3959
2571	CCNJL	ENSG00000135083.19	ENST00000257536.13	5709
2572	CCNK	ENSG00000090061.18	ENST00000389879.9	3524
2573	CCNL1	ENSG00000163660.14	ENST00000295926.8	2322
2574	CCNL2	ENSG00000221978.15	ENST00000400809.8	3112
2575	CCNO	ENSG00000152669.10	ENST00000282572.5	1361
2576	CCNT1	ENSG00000129315.14	ENST00000261900.8	6788
2577	CCNT2	ENSG00000082258.15	ENST00000264157.10	6920
2578	CCNY	ENSG00000108100.20	ENST00000374704.8	5068
2579	CCNYL1	ENSG00000163249.15	ENST00000295414.8	3813
2580	CCP110	ENSG00000103540.19	ENST00000694978.1	5275
2581	CCPG1	ENSG00000260916.10	ENST00000442196.8	3553
2582	CCR1	ENSG00000163823.6	ENST00000296140.4	2646
2583	CCR10	ENSG00000184451.5	ENST00000332438.4	1773
2584	CCR2	ENSG00000121807.8	ENST00000445132.3	3531
2585	CCR3	ENSG00000183625.18	ENST00000395940.3	1638
2586	CCR4	ENSG00000183813.8	ENST00000330953.6	3025
2587	CCR5	ENSG00000160791.15	ENST00000292303.5	3358
2588	CCR6	ENSG00000112486.20	ENST00000341935.10	3136
2589	CCR7	ENSG00000126353.6	ENST00000246657.2	2173
2590	CCR8	ENSG00000179934.8	ENST00000326306.5	1484
2591	CCR9	ENSG00000173585.20	ENST00000357632.7	2527
2592	CCRL2	ENSG00000121797.12	ENST00000399036.4	1700
2593	NOCT	ENSG00000151014.8	ENST00000280614.4	1962
2594	CCS	ENSG00000173992.11	ENST00000533244.6	1066
2595	CCSAP	ENSG00000154429.12	ENST00000284617.7	5217
2596	CCSER1	ENSG00000184305.17	ENST00000509176.6	9420
2597	CCSER2	ENSG00000107771.19	ENST00000372088.8	7653
2598	CCT2	ENSG00000166226.15	ENST00000299300.11	1916
2599	CCT3	ENSG00000163468.17	ENST00000295688.8	1977
2600	CCT4	ENSG00000115484.17	ENST00000394440.8	2376
2601	CCT5	ENSG00000150753.14	ENST00000280326.9	3293
2602	CCT6A	ENSG00000146731.13	ENST00000275603.9	2584
2603	CCT6B	ENSG00000132141.16	ENST00000314144.10	1847
2604	CCT7	ENSG00000135624.19	ENST00000258091.10	1847
2605	CCT8	ENSG00000156261.15	ENST00000286788.9	1854
2606	CCT8L2	ENSG00000198445.4	ENST00000359963.4	2060
2607	CCZ1	ENSG00000122674.14	ENST00000325974.9	2379
2608	CD101	ENSG00000134256.15	ENST00000682167.1	3542
2609	CD109	ENSG00000156535.16	ENST00000287097.6	9031
2610	CD14	ENSG00000170458.17	ENST00000302014.11	1356
2611	CD151	ENSG00000177697.21	ENST00000397420.9	1545
2612	CD160	ENSG00000117281.18	ENST00000369288.7	1580
2613	CD163	ENSG00000177575.15	ENST00000432237.3	4071
2614	CD163L1	ENSG00000177675.11	ENST00000313599.8	4583
2615	CD164	ENSG00000135535.19	ENST00000310786.10	3020
2616	CD164L2	ENSG00000174950.13	ENST00000374030.3	946
2617	CD180	ENSG00000134061.6	ENST00000256447.5	5388
2618	CD19	ENSG00000177455.15	ENST00000538922.8	1918
2619	CD1A	ENSG00000158477.9	ENST00000289429.6	1809
2620	CD1B	ENSG00000158485.13	ENST00000368168.4	1391
2621	CD1C	ENSG00000158481.14	ENST00000368170.8	2442
2622	CD1D	ENSG00000158473.10	ENST00000674085.2	3492
2623	CD1E	ENSG00000158488.18	ENST00000368167.8	1919
2624	CD2	ENSG00000116824.7	ENST00000369478.4	1565
2625	CD200	ENSG00000091972.21	ENST00000315711.12	2129
2626	CD200R1	ENSG00000163606.12	ENST00000308611.8	3765
2627	CD200R1L	ENSG00000206531.13	ENST00000488794.6	1603
2628	CD207	ENSG00000116031.10	ENST00000410009.5	1866
2629	CD209	ENSG00000090659.19	ENST00000315599.12	4284
2630	CD22	ENSG00000012124.19	ENST00000085219.10	3274
2631	CD226	ENSG00000150637.11	ENST00000582621.6	12518
2632	CD244	ENSG00000122223.15	ENST00000368034.9	2495
2633	CD247	ENSG00000198821.14	ENST00000362089.10	1600
2634	CD248	ENSG00000174807.4	ENST00000311330.4	2551
2635	CD27	ENSG00000139193.6	ENST00000266557.4	1245
2636	CD274	ENSG00000120217.15	ENST00000381577.4	3634
2637	CD276	ENSG00000103855.20	ENST00000318443.10	3295
2638	CD28	ENSG00000178562.20	ENST00000324106.9	4721
2639	CD2AP	ENSG00000198087.9	ENST00000359314.5	5412
2640	CD2BP2	ENSG00000169217.11	ENST00000305596.8	3361
2641	CD300A	ENSG00000167851.18	ENST00000360141.8	1638
2642	CD300C	ENSG00000167850.6	ENST00000330793.2	1524
2643	CD300E	ENSG00000186407.10	ENST00000392619.2	3503
2644	CD300LB	ENSG00000178789.11	ENST00000392621.6	2295
2645	CD300LD	ENSG00000204345.1	ENST00000375352.1	1303
2646	CD300LF	ENSG00000186074.21	ENST00000326165.11	1709
2647	CD300LG	ENSG00000161649.16	ENST00000317310.5	2768
2648	CD302	ENSG00000241399.9	ENST00000259053.6	3932
2649	CD320	ENSG00000167775.13	ENST00000301458.10	1253
2650	CD33	ENSG00000105383.18	ENST00000262262.5	1462
2651	CD34	ENSG00000174059.19	ENST00000310833.12	7969
2652	CD36	ENSG00000135218.21	ENST00000447544.7	4598
2653	CD37	ENSG00000104894.14	ENST00000323906.9	1259
2654	CD38	ENSG00000004468.15	ENST00000226279.8	5620
2655	CD3D	ENSG00000167286.13	ENST00000300692.9	701
2656	CD3E	ENSG00000198851.12	ENST00000361763.9	1361
2657	POLR1G	ENSG00000117877.12	ENST00000309424.8	2822
2658	CD3G	ENSG00000160654.13	ENST00000532917.3	2690
2659	CD4	ENSG00000010610.12	ENST00000011653.9	3049
2660	CD40	ENSG00000101017.17	ENST00000372285.8	1682
2661	CD40LG	ENSG00000102245.10	ENST00000370629.7	1852
2662	CD44	ENSG00000026508.23	ENST00000428726.8	5431
2663	CD46	ENSG00000117335.23	ENST00000367042.6	3320
2664	CD47	ENSG00000196776.19	ENST00000361309.6	5292
2665	CD48	ENSG00000117091.12	ENST00000368046.8	1097
2666	CD5	ENSG00000110448.13	ENST00000347785.8	3127
2667	CD52	ENSG00000169442.10	ENST00000374213.3	467
2668	CD53	ENSG00000143119.17	ENST00000271324.6	1505
2669	CD55	ENSG00000196352.20	ENST00000367064.9	2590
2670	CD58	ENSG00000116815.18	ENST00000369489.10	1086
2671	CD59	ENSG00000085063.20	ENST00000642928.2	7563
2672	CD5L	ENSG00000073754.7	ENST00000368174.5	2204
2673	CD6	ENSG00000013725.16	ENST00000313421.11	3252
2674	CD63	ENSG00000135404.14	ENST00000257857.9	1023
2675	CD68	ENSG00000129226.16	ENST00000250092.11	1705
2676	CD69	ENSG00000110848.8	ENST00000228434.7	1676
2677	CD7	ENSG00000173762.10	ENST00000312648.8	1284
2678	CD70	ENSG00000125726.13	ENST00000245903.4	911
2679	CD72	ENSG00000137101.15	ENST00000259633.9	1531
2680	CD74	ENSG00000019582.19	ENST00000009530.13	1653
2681	CD79A	ENSG00000105369.11	ENST00000221972.8	1099
2682	CD79B	ENSG00000007312.16	ENST00000006750.8	1246
2683	CD80	ENSG00000121594.14	ENST00000264246.8	2737
2684	CD81	ENSG00000110651.15	ENST00000263645.10	1482
2685	CD82	ENSG00000085117.15	ENST00000227155.9	2212
2686	CD83	ENSG00000112149.13	ENST00000379153.4	2328
2687	CD84	ENSG00000066294.17	ENST00000368054.8	8204
2688	CD86	ENSG00000114013.17	ENST00000330540.7	2720
2689	CD8A	ENSG00000153563.18	ENST00000283635.8	2106
2690	CD8B	ENSG00000172116.25	ENST00000390655.12	4794
2691	CD9	ENSG00000010278.17	ENST00000009180.10	1225
2692	CD93	ENSG00000125810.12	ENST00000246006.5	6681
2693	CD96	ENSG00000153283.16	ENST00000352690.9	4328
2694	ADGRE5	ENSG00000123146.22	ENST00000242786.6	3190
2695	CD99	ENSG00000002586.22	ENST00000381192.10	1129
2696	CD99L2	ENSG00000102181.24	ENST00000370377.8	3567
2697	CDA	ENSG00000158825.8	ENST00000375071.4	809
2698	CDADC1	ENSG00000102543.16	ENST00000251108.10	3386
2699	CDAN1	ENSG00000140326.15	ENST00000356231.4	4657
2700	CDC123	ENSG00000151465.16	ENST00000281141.9	1321
2701	CDC14A	ENSG00000079335.23	ENST00000336454.5	4231
2702	CDC14B	ENSG00000081377.19	ENST00000375241.6	5602
2703	CDC16	ENSG00000130177.18	ENST00000356221.8	2331
2704	CDC20	ENSG00000117399.16	ENST00000310955.11	1649
2705	CDC20B	ENSG00000164287.13	ENST00000381375.7	2984
2706	CDC23	ENSG00000094880.13	ENST00000394886.7	3133
2707	CDC25A	ENSG00000164045.14	ENST00000302506.8	3844
2708	CDC25B	ENSG00000101224.20	ENST00000245960.10	3119
2709	CDC25C	ENSG00000158402.23	ENST00000323760.11	2093
2710	CDC26	ENSG00000176386.11	ENST00000374206.4	871
2711	CDC27	ENSG00000004897.14	ENST00000066544.8	5830
2712	CDC34	ENSG00000099804.11	ENST00000215574.9	1418
2713	CDC37	ENSG00000105401.12	ENST00000222005.7	1618
2714	CDC37L1	ENSG00000106993.14	ENST00000381854.4	3500
2715	CDC40	ENSG00000168438.17	ENST00000307731.2	3859
2716	CDC42	ENSG00000070831.20	ENST00000656825.1	10503
2717	CDC42BPA	ENSG00000143776.22	ENST00000366766.8	10978
2718	CDC42BPB	ENSG00000198752.13	ENST00000361246.7	6844
2719	CDC42BPG	ENSG00000171219.11	ENST00000342711.6	6161
2720	CDC42EP1	ENSG00000128283.9	ENST00000249014.5	2148
2721	CDC42EP2	ENSG00000149798.7	ENST00000279249.3	1963
2722	CDC42EP3	ENSG00000163171.10	ENST00000295324.4	5096
2723	CDC42EP4	ENSG00000179604.12	ENST00000335793.4	3098
2724	CDC42EP5	ENSG00000167617.5	ENST00000301200.3	896
2725	CDC42SE1	ENSG00000197622.15	ENST00000357235.6	3006
2726	CDC42SE2	ENSG00000158985.16	ENST00000505065.2	4404
2727	CDC45	ENSG00000093009.13	ENST00000263201.7	1879
2728	CDC5L	ENSG00000096401.10	ENST00000371477.4	6241
2729	CDC6	ENSG00000094804.14	ENST00000209728.9	4564
2730	CDC7	ENSG00000097046.15	ENST00000234626.11	3215
2731	CDC73	ENSG00000134371.17	ENST00000367435.5	5869
2732	CDCA2	ENSG00000184661.16	ENST00000330560.8	3486
2733	CDCA3	ENSG00000111665.14	ENST00000538862.7	1144
2734	CDCA4	ENSG00000170779.13	ENST00000336219.4	2448
2735	CDCA5	ENSG00000146670.11	ENST00000275517.8	2475
2736	CDCA7	ENSG00000144354.17	ENST00000306721.8	2778
2737	CDCA7L	ENSG00000164649.22	ENST00000406877.8	2883
2738	CDCA8	ENSG00000134690.13	ENST00000373055.6	2371
2739	CDCP1	ENSG00000163814.10	ENST00000296129.6	5963
2740	CDCP2	ENSG00000157211.13	ENST00000530059.3	1982
2741	CDH1	ENSG00000039068.22	ENST00000261769.10	4811
2742	CDH10	ENSG00000040731.12	ENST00000264463.8	3438
2743	CDH11	ENSG00000140937.16	ENST00000268603.9	6722
2744	CDH12	ENSG00000154162.17	ENST00000382254.6	4258
2745	CDH13	ENSG00000140945.18	ENST00000567109.6	7876
2746	CDH15	ENSG00000129910.10	ENST00000289746.3	2866
2747	CDH16	ENSG00000166589.15	ENST00000299752.9	2855
2748	CDH17	ENSG00000079112.12	ENST00000027335.8	3670
2749	CDH18	ENSG00000145526.14	ENST00000382275.6	4793
2750	CDH19	ENSG00000071991.11	ENST00000262150.7	6297
2751	CDH2	ENSG00000170558.12	ENST00000269141.8	4016
2752	CDH20	ENSG00000101542.11	ENST00000262717.9	4040
2753	CDH22	ENSG00000149654.13	ENST00000537909.4	3897
2754	CDH23	ENSG00000107736.24	ENST00000224721.12	11138
2755	CDH24	ENSG00000139880.22	ENST00000487137.7	3415
2756	CDH26	ENSG00000124215.19	ENST00000348616.9	4602
2757	CDH3	ENSG00000062038.17	ENST00000264012.9	4452
2758	CDH4	ENSG00000179242.17	ENST00000614565.5	6678
2759	CDH5	ENSG00000179776.22	ENST00000341529.8	4057
2760	CDH6	ENSG00000113361.15	ENST00000265071.3	8540
2761	CDH7	ENSG00000081138.15	ENST00000397968.4	12136
2762	CDH8	ENSG00000150394.16	ENST00000577390.6	9316
2763	CDH9	ENSG00000113100.11	ENST00000231021.9	3082
2764	CDHR1	ENSG00000148600.17	ENST00000623527.4	6877
2765	CDHR2	ENSG00000074276.13	ENST00000261944.10	4173
2766	CDHR3	ENSG00000128536.18	ENST00000317716.14	6448
2767	CDHR4	ENSG00000187492.10	ENST00000412678.7	2528
2768	CDHR5	ENSG00000099834.21	ENST00000397542.7	3359
2769	CDIP1	ENSG00000089486.19	ENST00000567695.6	2706
2770	CDIPT	ENSG00000103502.16	ENST00000219789.11	1843
2771	CDK1	ENSG00000170312.19	ENST00000395284.8	1889
2772	CDK10	ENSG00000185324.24	ENST00000353379.12	1767
2773	CDK11A	ENSG00000008128.25	ENST00000404249.8	2984
2774	CDK11B	ENSG00000248333.11	ENST00000341832.11	2992
2775	CDK12	ENSG00000167258.18	ENST00000447079.6	8287
2776	CDK13	ENSG00000065883.20	ENST00000181839.10	9525
2777	CDK14	ENSG00000058091.19	ENST00000380050.8	5171
2778	CDK15	ENSG00000138395.17	ENST00000652192.3	3719
2779	CDK16	ENSG00000102225.19	ENST00000357227.9	3151
2780	CDK17	ENSG00000059758.10	ENST00000261211.8	4036
2781	CDK18	ENSG00000117266.18	ENST00000429964.7	2986
2782	CDK19	ENSG00000155111.17	ENST00000368911.8	6399
2783	CDK2	ENSG00000123374.12	ENST00000266970.9	2240
2784	CDK20	ENSG00000156345.20	ENST00000325303.9	2149
2785	CDK2AP1	ENSG00000111328.8	ENST00000261692.7	1346
2786	CDK2AP2	ENSG00000167797.10	ENST00000301488.8	909
2787	CDK3	ENSG00000250506.11	ENST00000448471.3	1620
2788	CDK4	ENSG00000135446.19	ENST00000257904.11	1865
2789	CDK5	ENSG00000164885.15	ENST00000485972.6	1122
2790	CDK5R1	ENSG00000176749.11	ENST00000313401.4	3948
2791	CDK5R2	ENSG00000171450.6	ENST00000302625.6	2490
2792	CDK5RAP1	ENSG00000101391.23	ENST00000346416.7	2080
2793	CDK5RAP2	ENSG00000136861.21	ENST00000349780.9	6232
2794	CDK5RAP3	ENSG00000108465.17	ENST00000338399.9	1834
2795	CDK6	ENSG00000105810.12	ENST00000424848.3	11663
2796	CDK7	ENSG00000134058.14	ENST00000256443.8	1426
2797	CDK8	ENSG00000132964.15	ENST00000381527.8	3065
2798	CDK9	ENSG00000136807.15	ENST00000373264.5	2483
2799	CDKAL1	ENSG00000145996.13	ENST00000274695.8	3272
2800	CDKL1	ENSG00000100490.12	ENST00000395834.6	5402
2801	CDKL2	ENSG00000138769.13	ENST00000307465.9	4935
2802	CDKL3	ENSG00000006837.13	ENST00000265334.9	2222
2803	CDKL4	ENSG00000205111.12	ENST00000451199.7	1534
2804	CDKL5	ENSG00000008086.14	ENST00000623535.2	14572
2805	CDKN1A	ENSG00000124762.17	ENST00000244741.10	2117
2806	CDKN1B	ENSG00000111276.14	ENST00000228872.9	2411
2807	CDKN1C	ENSG00000129757.17	ENST00000440480.8	1773
2808	CDKN2A	ENSG00000147889.19	ENST00000304494.10	978
2809	CDKN2AIP	ENSG00000168564.8	ENST00000504169.2	3542
2810	CDKN2AIPNL	ENSG00000237190.5	ENST00000458198.3	1228
2811	CDKN2B	ENSG00000147883.14	ENST00000276925.7	3853
2812	CDKN2C	ENSG00000123080.14	ENST00000371761.4	995
2813	CDKN2D	ENSG00000129355.8	ENST00000393599.3	1425
2814	CDKN3	ENSG00000100526.23	ENST00000335183.11	841
2815	CDNF	ENSG00000185267.12	ENST00000465530.2	1390
2816	CDO1	ENSG00000129596.7	ENST00000250535.5	1565
2817	CDON	ENSG00000064309.18	ENST00000531738.6	8265
2818	CDPF1	ENSG00000205643.13	ENST00000314567.8	1489
2819	CDR1	ENSG00000288642.1	ENST00000674533.1	789
2820	CDR2	ENSG00000140743.10	ENST00000268383.7	2704
2821	CDR2L	ENSG00000109089.9	ENST00000337231.5	3536
2822	FBXW10B	ENSG00000241322.12	ENST00000395906.8	7540
2823	CDRT15	ENSG00000223510.7	ENST00000420162.7	779
2824	CDRT15L2	ENSG00000214819.2	ENST00000399044.1	1048
2825	CDRT4	ENSG00000239704.14	ENST00000619038.5	2508
2826	CDS1	ENSG00000163624.8	ENST00000295887.6	4309
2827	CDS2	ENSG00000101290.16	ENST00000460006.6	9076
2828	CDSN	ENSG00000204539.4	ENST00000376288.3	2555
2829	CDT1	ENSG00000167513.11	ENST00000301019.9	2664
2830	CDV3	ENSG00000091527.19	ENST00000264993.8	3351
2831	CDX1	ENSG00000113722.19	ENST00000231656.13	1775
2832	CDX2	ENSG00000165556.12	ENST00000381020.8	3448
2833	CDX4	ENSG00000131264.5	ENST00000373514.3	1642
2834	CDYL	ENSG00000153046.20	ENST00000397588.8	3503
2835	CDYL2	ENSG00000166446.17	ENST00000570137.7	8427
2836	CEACAM1	ENSG00000079385.25	ENST00000161559.11	3491
2837	CEACAM16	ENSG00000213892.12	ENST00000587331.7	1696
2838	CEACAM18	ENSG00000213822.7	ENST00000396477.5	1908
2839	CEACAM19	ENSG00000186567.16	ENST00000358777.10	2215
2840	CEACAM21	ENSG00000007129.20	ENST00000401445.4	1372
2841	CEACAM3	ENSG00000170956.18	ENST00000357396.8	1167
2842	CEACAM4	ENSG00000105352.13	ENST00000221954.7	1161
2843	CEACAM5	ENSG00000105388.19	ENST00000221992.11	3501
2844	CEACAM6	ENSG00000086548.11	ENST00000199764.7	2594
2845	CEACAM7	ENSG00000007306.17	ENST00000401731.6	2376
2846	CEACAM8	ENSG00000124469.14	ENST00000244336.10	2297
2847	CEBPB	ENSG00000172216.7	ENST00000303004.5	1839
2848	CEBPD	ENSG00000221869.6	ENST00000408965.4	1252
2849	CEBPE	ENSG00000092067.8	ENST00000206513.6	1191
2850	CEBPG	ENSG00000153879.11	ENST00000284000.9	3730
2851	CEBPZ	ENSG00000115816.17	ENST00000234170.10	3346
2852	ADA2	ENSG00000093072.21	ENST00000399837.8	4355
2853	CECR2	ENSG00000099954.21	ENST00000262608.13	10030
2854	HDHD5	ENSG00000069998.14	ENST00000336737.8	1799
2855	CEL	ENSG00000170835.17	ENST00000372080.8	2381
2856	CELA1	ENSG00000139610.3	ENST00000293636.2	953
2857	CELA2A	ENSG00000142615.10	ENST00000359621.5	916
2858	CELA2B	ENSG00000215704.11	ENST00000375910.8	915
2859	CELA3A	ENSG00000142789.20	ENST00000290122.8	906
2860	CELA3B	ENSG00000219073.8	ENST00000337107.11	906
2861	CELF1	ENSG00000149187.21	ENST00000687097.1	8132
2862	CELF2	ENSG00000048740.21	ENST00000633077.2	9406
2863	CELF3	ENSG00000159409.16	ENST00000290583.9	5582
2864	CELF4	ENSG00000101489.22	ENST00000420428.7	3820
2865	CELF5	ENSG00000161082.15	ENST00000292672.7	1896
2866	CELF6	ENSG00000140488.18	ENST00000287202.10	3373
2867	CELSR1	ENSG00000075275.19	ENST00000674500.2	11559
2868	CELSR2	ENSG00000143126.8	ENST00000271332.4	11015
2869	CELSR3	ENSG00000008300.17	ENST00000164024.5	11933
2870	CEMP1	ENSG00000205923.3	ENST00000567119.1	1374
2871	CEND1	ENSG00000184524.8	ENST00000330106.5	1605
2872	CENPA	ENSG00000115163.17	ENST00000335756.9	1389
2873	CENPB	ENSG00000125817.8	ENST00000379751.5	2890
2874	CENPBD1P	ENSG00000177946.8	ENST00000565150.2	1940
2875	CENPC	ENSG00000145241.13	ENST00000273853.11	6823
2876	CENPE	ENSG00000138778.16	ENST00000265148.9	8541
2877	CENPF	ENSG00000117724.16	ENST00000366955.8	10290
2878	CENPH	ENSG00000153044.12	ENST00000283006.7	1354
2879	CENPI	ENSG00000102384.16	ENST00000682095.1	5584
2880	CPAP	ENSG00000151849.18	ENST00000381884.9	5082
2881	CENPK	ENSG00000123219.15	ENST00000396679.6	1731
2882	CENPL	ENSG00000120334.18	ENST00000682279.1	2706
2883	CENPM	ENSG00000100162.18	ENST00000215980.10	938
2884	CENPN	ENSG00000166451.16	ENST00000305850.10	3928
2885	CENPO	ENSG00000138092.13	ENST00000380834.7	4106
2886	CENPP	ENSG00000188312.16	ENST00000375587.8	8293
2887	CENPQ	ENSG00000031691.9	ENST00000335783.4	1741
2888	CENPT	ENSG00000102901.15	ENST00000562787.6	2580
2889	CENPV	ENSG00000166582.13	ENST00000299736.5	1132
2890	CENPW	ENSG00000203760.11	ENST00000368328.5	809
2891	CEP104	ENSG00000116198.16	ENST00000378230.8	6431
2892	CEP112	ENSG00000154240.20	ENST00000535342.7	3447
2893	CEP120	ENSG00000168944.18	ENST00000306467.10	4993
2894	CEP128	ENSG00000100629.19	ENST00000555265.6	4614
2895	CEP135	ENSG00000174799.14	ENST00000257287.5	5596
2896	CEP152	ENSG00000103995.15	ENST00000380950.7	5560
2897	CEP164	ENSG00000110274.18	ENST00000278935.8	5629
2898	CEP170	ENSG00000143702.19	ENST00000366542.6	7059
2899	CEP170B	ENSG00000099814.19	ENST00000414716.8	6727
2900	CEP19	ENSG00000174007.11	ENST00000409690.5	2158
2901	CEP192	ENSG00000101639.21	ENST00000506447.5	7960
2902	CEP250	ENSG00000126001.19	ENST00000397527.6	15434
2903	CEP290	ENSG00000198707.19	ENST00000552810.6	7824
2904	CEP350	ENSG00000135837.20	ENST00000367607.8	13414
2905	CEP41	ENSG00000106477.22	ENST00000223208.10	6292
2906	CEP44	ENSG00000164118.15	ENST00000503780.6	4298
2907	CEP55	ENSG00000138180.18	ENST00000371485.8	2658
2908	CEP57	ENSG00000166037.13	ENST00000325542.10	3141
2909	CEP57L1	ENSG00000183137.18	ENST00000517392.6	12903
2910	CEP63	ENSG00000182923.22	ENST00000675561.1	5779
2911	CEP68	ENSG00000011523.17	ENST00000377990.7	5803
2912	CEP70	ENSG00000114107.11	ENST00000264982.8	2636
2913	CEP72	ENSG00000112877.10	ENST00000264935.6	2366
2914	CEP76	ENSG00000101624.13	ENST00000262127.7	2895
2915	CEP78	ENSG00000148019.16	ENST00000643273.2	11233
2916	CEP85	ENSG00000130695.18	ENST00000451429.8	3934
2917	CEP85L	ENSG00000111860.16	ENST00000368491.8	7373
2918	CEP89	ENSG00000121289.20	ENST00000305768.10	5673
2919	CEP95	ENSG00000258890.10	ENST00000556440.7	2754
2920	CEP97	ENSG00000182504.13	ENST00000341893.8	7672
2921	CEPT1	ENSG00000134255.18	ENST00000357172.9	2203
2922	CER1	ENSG00000147869.6	ENST00000380911.4	1231
2923	CERCAM	ENSG00000167123.22	ENST00000372838.9	2308
2924	CERK	ENSG00000100422.16	ENST00000216264.13	4442
2925	CERKL	ENSG00000188452.16	ENST00000410087.8	3210
2926	CERS1	ENSG00000223802.10	ENST00000623882.4	2579
2927	CERS2	ENSG00000143418.22	ENST00000368954.10	2323
2928	CERS3	ENSG00000154227.14	ENST00000679737.1	3699
2929	CERS4	ENSG00000090661.15	ENST00000251363.10	1780
2930	CERS5	ENSG00000139624.16	ENST00000317551.12	2507
2931	CERS6	ENSG00000172292.17	ENST00000305747.11	6804
2932	CES1	ENSG00000198848.15	ENST00000360526.8	1946
2933	CES2	ENSG00000172831.16	ENST00000317091.10	2871
2934	CES3	ENSG00000172828.15	ENST00000303334.9	3858
2935	CES4A	ENSG00000172824.19	ENST00000648724.3	3145
2936	CES5A	ENSG00000159398.17	ENST00000290567.14	2177
2937	CETN1	ENSG00000177143.5	ENST00000327228.5	1735
2938	CETN2	ENSG00000147400.12	ENST00000370277.5	1413
2939	CETN3	ENSG00000153140.11	ENST00000283122.8	2406
2940	CETP	ENSG00000087237.14	ENST00000200676.8	1691
2941	CFB	ENSG00000243649.12	ENST00000425368.7	2476
2942	CFC1	ENSG00000136698.10	ENST00000259216.6	1672
2943	CFD	ENSG00000197766.11	ENST00000327726.11	1191
2944	CFDP1	ENSG00000153774.11	ENST00000283882.4	1293
2945	CFH	ENSG00000000971.19	ENST00000367429.9	3962
2946	CFHR1	ENSG00000244414.10	ENST00000320493.10	1297
2947	CFHR2	ENSG00000080910.16	ENST00000367415.8	1498
2948	CFHR3	ENSG00000116785.17	ENST00000367425.9	2934
2949	CFHR4	ENSG00000134365.17	ENST00000608469.6	2063
2950	CFHR5	ENSG00000134389.13	ENST00000256785.5	2814
2951	CFI	ENSG00000205403.17	ENST00000394634.7	1978
2952	CFL1	ENSG00000172757.14	ENST00000308162.10	1245
2953	CFL2	ENSG00000165410.16	ENST00000298159.11	4306
2954	CFLAR	ENSG00000003402.23	ENST00000309955.8	14612
2955	CFP	ENSG00000126759.16	ENST00000396992.8	2489
2956	CFTR	ENSG00000001626.20	ENST00000003084.11	6070
2957	CGA	ENSG00000135346.10	ENST00000627148.3	710
2958	CGB3	ENSG00000104827.13	ENST00000357383.4	877
2959	CGB1	ENSG00000267631.5	ENST00000301407.8	693
2960	CGB2	ENSG00000104818.15	ENST00000359342.7	715
2961	CGB7	ENSG00000196337.16	ENST00000684222.1	2151
2962	CGB8	ENSG00000213030.8	ENST00000448456.4	887
2963	CGGBP1	ENSG00000163320.14	ENST00000482016.6	4548
2964	CGN	ENSG00000143375.17	ENST00000271636.12	5101
2965	CGNL1	ENSG00000128849.13	ENST00000281282.6	7214
2966	CGREF1	ENSG00000138028.18	ENST00000402394.6	1931
2967	CGRRF1	ENSG00000100532.15	ENST00000216420.12	1962
2968	CH25H	ENSG00000138135.7	ENST00000371852.4	1689
2969	CHAC1	ENSG00000128965.14	ENST00000617768.5	1520
2970	CHAC2	ENSG00000143942.7	ENST00000295304.5	1309
2971	CHAD	ENSG00000136457.12	ENST00000508540.6	1705
2972	CHADL	ENSG00000100399.18	ENST00000216241.14	2530
2973	CHAF1A	ENSG00000167670.18	ENST00000301280.10	3366
2974	CHAF1B	ENSG00000159259.10	ENST00000314103.6	4466
2975	CHAMP1	ENSG00000198824.10	ENST00000361283.4	3799
2976	CHAT	ENSG00000070748.19	ENST00000337653.7	5296
2977	CHCHD1	ENSG00000172586.9	ENST00000372833.6	850
2978	CHCHD10	ENSG00000250479.11	ENST00000484558.3	700
2979	CHCHD2	ENSG00000106153.16	ENST00000395422.4	797
2980	CHCHD3	ENSG00000106554.15	ENST00000262570.10	1604
2981	CHCHD4	ENSG00000163528.15	ENST00000396914.4	1433
2982	CHCHD5	ENSG00000125611.17	ENST00000324913.10	523
2983	CHCHD6	ENSG00000159685.13	ENST00000290913.8	1000
2984	CHCHD7	ENSG00000170791.20	ENST00000355315.8	1697
2985	CHD1	ENSG00000153922.14	ENST00000614616.5	8145
2986	CHD1L	ENSG00000131778.22	ENST00000369258.8	2967
2987	CHD2	ENSG00000173575.25	ENST00000394196.9	9350
2988	CHD3	ENSG00000170004.20	ENST00000330494.12	7385
2989	CHD4	ENSG00000111642.18	ENST00000544040.7	6491
2990	CHD5	ENSG00000116254.19	ENST00000262450.8	9850
2991	CHD6	ENSG00000124177.18	ENST00000373233.8	10719
2992	CHD7	ENSG00000171316.16	ENST00000423902.7	11606
2993	CHD8	ENSG00000100888.17	ENST00000646647.2	8467
2994	CHD9	ENSG00000177200.19	ENST00000447540.6	11547
2995	CHDH	ENSG00000016391.13	ENST00000315251.11	7694
2996	CHEK1	ENSG00000149554.17	ENST00000438015.7	4128
2997	CHEK2	ENSG00000183765.26	ENST00000404276.6	1844
2998	CHERP	ENSG00000085872.17	ENST00000546361.7	4075
2999	CHFR	ENSG00000072609.20	ENST00000450056.7	11228
3000	CHGA	ENSG00000100604.15	ENST00000216492.10	1985
3001	CHGB	ENSG00000089199.12	ENST00000378961.9	2462
3002	CHI3L1	ENSG00000133048.15	ENST00000255409.8	1747
3003	CHI3L2	ENSG00000064886.16	ENST00000369748.9	1416
3004	CHIA	ENSG00000134216.20	ENST00000369740.6	1696
3005	CHIC1	ENSG00000204116.13	ENST00000373502.10	6869
3006	CHIC2	ENSG00000109220.13	ENST00000263921.8	1109
3007	CHID1	ENSG00000177830.20	ENST00000323578.13	3260
3008	CHIT1	ENSG00000133063.18	ENST00000367229.6	2248
3009	CHKA	ENSG00000110721.14	ENST00000265689.9	2714
3010	CHKB	ENSG00000100288.22	ENST00000406938.3	1474
3011	CHKB-CPT1B	ENSG00000254413.8	ENST00000453634.5	2816
3012	CHL1	ENSG00000134121.11	ENST00000256509.7	7856
3013	CHM	ENSG00000188419.16	ENST00000357749.7	5438
3014	CHML	ENSG00000203668.4	ENST00000366553.3	7711
3015	CHMP1A	ENSG00000131165.18	ENST00000397901.8	2342
3016	CHMP1B	ENSG00000255112.3	ENST00000526991.3	3032
3017	CHMP2A	ENSG00000130724.12	ENST00000312547.7	894
3018	CHMP2B	ENSG00000083937.11	ENST00000263780.9	2590
3019	CHMP3	ENSG00000115561.18	ENST00000263856.9	3138
3020	CHMP4A	ENSG00000254505.13	ENST00000347519.12	980
3021	CHMP4B	ENSG00000101421.6	ENST00000217402.3	1602
3022	CHMP4C	ENSG00000164695.6	ENST00000297265.5	1852
3023	CHMP5	ENSG00000086065.16	ENST00000223500.9	1901
3024	CHMP6	ENSG00000176108.10	ENST00000325167.9	1664
3025	CHMP7	ENSG00000147457.16	ENST00000397677.6	3410
3026	CHN1	ENSG00000128656.17	ENST00000409900.9	3156
3027	CHN2	ENSG00000106069.28	ENST00000222792.11	3167
3028	CHODL	ENSG00000154645.15	ENST00000299295.7	2545
3029	CHORDC1	ENSG00000110172.14	ENST00000320585.11	3070
3030	CHP1	ENSG00000187446.14	ENST00000334660.10	3201
3031	CHP2	ENSG00000166869.5	ENST00000300113.3	1967
3032	CHPF	ENSG00000123989.17	ENST00000243776.11	3028
3033	CHPF2	ENSG00000033100.18	ENST00000035307.7	3989
3034	CHPT1	ENSG00000111666.13	ENST00000229266.8	1572
3035	CHRAC1	ENSG00000104472.12	ENST00000220913.10	2481
3036	CHRD	ENSG00000090539.18	ENST00000204604.6	3540
3037	CHRDL1	ENSG00000101938.17	ENST00000372042.6	3860
3038	CHRDL2	ENSG00000054938.18	ENST00000376332.8	1908
3039	CHRM1	ENSG00000168539.6	ENST00000306960.4	2646
3040	CHRM2	ENSG00000181072.14	ENST00000680005.1	5971
3041	CHRM3	ENSG00000133019.14	ENST00000676153.1	9179
3042	CHRM4	ENSG00000180720.10	ENST00000682254.1	3044
3043	CHRM5	ENSG00000184984.11	ENST00000383263.7	5802
3044	CHRNA1	ENSG00000138435.16	ENST00000348749.9	1984
3045	CHRNA10	ENSG00000129749.3	ENST00000250699.2	1945
3046	CHRNA2	ENSG00000120903.14	ENST00000407991.3	4037
3047	CHRNA3	ENSG00000080644.18	ENST00000326828.6	3015
3048	CHRNA4	ENSG00000101204.19	ENST00000370263.9	5583
3049	CHRNA5	ENSG00000169684.15	ENST00000299565.9	3623
3050	CHRNA6	ENSG00000147434.10	ENST00000276410.7	2400
3051	CHRNA9	ENSG00000174343.7	ENST00000310169.3	2272
3052	CHRNB1	ENSG00000170175.12	ENST00000306071.7	2560
3053	CHRNB2	ENSG00000160716.7	ENST00000368476.4	5857
3054	CHRNB3	ENSG00000147432.8	ENST00000289957.3	2347
3055	CHRNB4	ENSG00000117971.14	ENST00000261751.8	2596
3056	CHRND	ENSG00000135902.12	ENST00000258385.8	2962
3057	CHRNE	ENSG00000108556.11	ENST00000649488.2	2482
3058	CHRNG	ENSG00000196811.13	ENST00000651502.1	4009
3059	CHST1	ENSG00000175264.10	ENST00000308064.7	3906
3060	CHST10	ENSG00000115526.13	ENST00000264249.8	2854
3061	CHST11	ENSG00000171310.11	ENST00000303694.6	5734
3062	CHST12	ENSG00000136213.12	ENST00000618655.2	15985
3063	CHST13	ENSG00000180767.12	ENST00000319340.7	1917
3064	CHST14	ENSG00000169105.8	ENST00000306243.7	2175
3065	CHST15	ENSG00000182022.20	ENST00000435907.6	4809
3066	CHST2	ENSG00000175040.7	ENST00000309575.5	4142
3067	CHST3	ENSG00000122863.8	ENST00000373115.5	6934
3068	CHST4	ENSG00000140835.12	ENST00000539698.4	2159
3069	CHST5	ENSG00000135702.16	ENST00000336257.8	3554
3070	CHST6	ENSG00000183196.12	ENST00000332272.9	8370
3071	CHST7	ENSG00000147119.6	ENST00000276055.4	2396
3072	CHST8	ENSG00000124302.15	ENST00000650847.1	2225
3073	CHST9	ENSG00000154080.16	ENST00000618847.5	11379
3074	CHSY1	ENSG00000131873.9	ENST00000254190.4	4662
3075	CHSY3	ENSG00000198108.5	ENST00000305031.5	3857
3076	CHTF18	ENSG00000127586.19	ENST00000262315.14	3092
3077	CHTF8	ENSG00000168802.15	ENST00000448552.7	2921
3078	CHTOP	ENSG00000160679.14	ENST00000368694.8	2079
3079	CHUK	ENSG00000213341.13	ENST00000370397.8	3600
3080	CHURC1	ENSG00000258289.12	ENST00000549115.7	3518
3081	CHURC1-FNTB	ENSG00000125954.13	ENST00000549987.1	1468
3082	CIAO1	ENSG00000144021.5	ENST00000488633.2	3968
3083	CIAPIN1	ENSG00000005194.17	ENST00000394391.9	2021
3084	CIB1	ENSG00000185043.15	ENST00000328649.11	1141
3085	CIB2	ENSG00000136425.16	ENST00000258930.8	1499
3086	CIB3	ENSG00000141977.9	ENST00000269878.8	711
3087	CIB4	ENSG00000157884.12	ENST00000288861.5	768
3088	CIC	ENSG00000079432.11	ENST00000681038.1	8299
3089	CIDEA	ENSG00000176194.19	ENST00000320477.10	1008
3090	CIDEB	ENSG00000136305.14	ENST00000554411.6	1225
3091	CIDEC	ENSG00000187288.14	ENST00000336832.7	1305
3092	CIITA	ENSG00000179583.22	ENST00000324288.14	16061
3093	CILP	ENSG00000138615.8	ENST00000261883.6	5678
3094	CILP2	ENSG00000160161.11	ENST00000291495.5	4199
3095	CINP	ENSG00000100865.16	ENST00000216756.11	953
3096	CIRSR	ENSG00000138433.18	ENST00000342016.8	1918
3097	CIRBP	ENSG00000099622.16	ENST00000587896.6	3346
3098	UTP4	ENSG00000141076.20	ENST00000314423.12	2188
3099	CISD1	ENSG00000122873.14	ENST00000333926.6	2375
3100	CISD2	ENSG00000145354.14	ENST00000273986.10	5878
3101	CISH	ENSG00000114737.18	ENST00000348721.4	2019
3102	CIT	ENSG00000122966.20	ENST00000392521.7	8736
3103	CITED1	ENSG00000125931.13	ENST00000651998.1	814
3104	CITED2	ENSG00000164442.13	ENST00000367651.4	2382
3105	CITED4	ENSG00000179862.7	ENST00000372638.4	1310
3106	CIZ1	ENSG00000148337.24	ENST00000372938.10	2975
3107	CKAP2	ENSG00000136108.17	ENST00000258607.10	3614
3108	CKAP2L	ENSG00000169607.14	ENST00000302450.11	4723
3109	CKAP4	ENSG00000136026.16	ENST00000378026.5	3121
3110	CKAP5	ENSG00000175216.17	ENST00000529230.6	7172
3111	CKB	ENSG00000166165.16	ENST00000348956.7	1420
3112	CKLF	ENSG00000217555.14	ENST00000264001.9	656
3113	CKLF-CMTM1	ENSG00000254788.7	ENST00000616804.5	678
3114	CKM	ENSG00000104879.7	ENST00000221476.4	1556
3115	CKMT1A	ENSG00000223572.12	ENST00000413453.7	1579
3116	CKMT1B	ENSG00000237289.12	ENST00000441322.6	1579
3117	CKMT2	ENSG00000131730.18	ENST00000254035.9	1476
3118	CKS1B	ENSG00000173207.15	ENST00000308987.6	779
3119	CKS2	ENSG00000123975.7	ENST00000314355.7	616
3120	CLASP1	ENSG00000074054.23	ENST00000696935.1	8141
3121	CLASP2	ENSG00000163539.21	ENST00000682230.1	7159
3122	CLASRP	ENSG00000104859.17	ENST00000221455.8	2229
3123	CLC	ENSG00000105205.8	ENST00000221804.5	631
3124	CLCA1	ENSG00000016490.18	ENST00000394711.2	3004
3125	CLCA2	ENSG00000137975.9	ENST00000370565.5	3935
3126	CLCA4	ENSG00000016602.11	ENST00000370563.3	3211
3127	CLCC1	ENSG00000121940.19	ENST00000369969.7	4994
3128	CLCF1	ENSG00000175505.12	ENST00000312438.8	1705
3129	CLCN1	ENSG00000188037.16	ENST00000343257.7	3187
3130	CLCN2	ENSG00000114859.18	ENST00000265593.9	3244
3131	CLCN3	ENSG00000109572.18	ENST00000513761.6	6635
3132	CLCN4	ENSG00000073464.15	ENST00000380833.9	6759
3133	CLCN5	ENSG00000171365.19	ENST00000376091.8	9863
3134	CLCN6	ENSG00000011021.25	ENST00000346436.11	5589
3135	CLCN7	ENSG00000103249.21	ENST00000382745.9	4168
3136	CLCNKA	ENSG00000186510.14	ENST00000331433.5	2491
3137	CLCNKB	ENSG00000184908.22	ENST00000375679.9	2562
3138	CLDN1	ENSG00000163347.7	ENST00000295522.4	3446
3139	CLDN10	ENSG00000134873.12	ENST00000299339.3	2466
3140	CLDN11	ENSG00000013297.14	ENST00000064724.8	2758
3141	CLDN12	ENSG00000157224.18	ENST00000496677.6	3533
3142	CLDN14	ENSG00000159261.14	ENST00000399135.6	1784
3143	CLDN15	ENSG00000106404.15	ENST00000308344.10	1224
3144	CLDN16	ENSG00000113946.6	ENST00000264734.3	2977
3145	CLDN17	ENSG00000156282.5	ENST00000286808.5	1241
3146	CLDN18	ENSG00000066405.15	ENST00000183605.10	3355
3147	CLDN19	ENSG00000164007.12	ENST00000296387.6	2841
3148	CLDN2	ENSG00000165376.14	ENST00000336803.2	2961
3149	CLDN20	ENSG00000171217.6	ENST00000367165.3	1209
3150	CLDN22	ENSG00000177300.7	ENST00000323319.7	2177
3151	CLDN23	ENSG00000253958.3	ENST00000519106.2	2160
3152	CLDN24	ENSG00000185758.9	ENST00000541814.1	663
3153	CLDN25	ENSG00000228607.3	ENST00000453129.3	690
3154	CLDN3	ENSG00000165215.6	ENST00000395145.3	1274
3155	CLDN4	ENSG00000189143.10	ENST00000340958.4	1695
3156	CLDN5	ENSG00000184113.11	ENST00000618236.2	1384
3157	CLDN6	ENSG00000184697.9	ENST00000328796.5	1366
3158	CLDN7	ENSG00000181885.20	ENST00000360325.11	1542
3159	CLDN8	ENSG00000156284.6	ENST00000399899.2	2092
3160	CLDN9	ENSG00000213937.4	ENST00000445369.3	1583
3161	CLDND1	ENSG00000080822.19	ENST00000341181.11	2010
3162	CLDND2	ENSG00000160318.6	ENST00000291715.5	974
3163	CLEC10A	ENSG00000132514.16	ENST00000416562.7	1660
3164	CLEC11A	ENSG00000105472.16	ENST00000250340.9	1375
3165	CLEC12A	ENSG00000172322.15	ENST00000304361.9	1555
3166	CLEC12B	ENSG00000256660.8	ENST00000338896.11	1279
3167	CLEC14A	ENSG00000176435.7	ENST00000342213.3	2094
3168	CLEC16A	ENSG00000038532.19	ENST00000409790.6	6812
3169	CLEC17A	ENSG00000187912.12	ENST00000417570.6	3053
3170	CLEC18A	ENSG00000157322.20	ENST00000288040.11	1749
3171	CLEC18C	ENSG00000157335.23	ENST00000541793.7	1987
3172	CLEC1A	ENSG00000150048.12	ENST00000315330.8	2685
3173	CLEC1B	ENSG00000165682.17	ENST00000298527.11	779
3174	CLEC2B	ENSG00000110852.7	ENST00000228438.3	1533
3175	CLEC2D	ENSG00000069493.16	ENST00000290855.11	5277
3176	CLEC2L	ENSG00000236279.8	ENST00000422142.7	1531
3177	CLEC3A	ENSG00000166509.12	ENST00000299642.10	1933
3178	CLEC3B	ENSG00000163815.8	ENST00000296130.5	816
3179	CLEC4A	ENSG00000111729.16	ENST00000229332.12	1296
3180	CLEC4C	ENSG00000198178.13	ENST00000360345.8	882
3181	CLEC4D	ENSG00000166527.10	ENST00000299665.3	1973
3182	CLEC4E	ENSG00000166523.9	ENST00000299663.8	2101
3183	CLEC4F	ENSG00000152672.9	ENST00000272367.7	2474
3184	CLEC4G	ENSG00000182566.16	ENST00000328853.11	1299
3185	CLEC4M	ENSG00000104938.20	ENST00000327325.10	1841
3186	CLEC5A	ENSG00000258227.9	ENST00000546910.6	3502
3187	CLEC6A	ENSG00000205846.5	ENST00000382073.4	1646
3188	CLEC7A	ENSG00000172243.20	ENST00000304084.13	2542
3189	CLEC9A	ENSG00000197992.9	ENST00000355819.6	1733
3190	CLECL1	ENSG00000293488.3	ENST00000973278.1	471
3191	CLGN	ENSG00000153132.15	ENST00000325617.10	2725
3192	CLHC1	ENSG00000162994.18	ENST00000401408.6	5330
3193	CLIC1	ENSG00000213719.10	ENST00000375784.8	1199
3194	CLIC2	ENSG00000155962.15	ENST00000369449.7	2623
3195	CLIC3	ENSG00000169583.15	ENST00000494426.2	809
3196	CLIC4	ENSG00000169504.17	ENST00000374379.9	4253
3197	CLIC5	ENSG00000112782.20	ENST00000339561.12	5706
3198	CLIC6	ENSG00000159212.15	ENST00000349499.3	4197
3199	CLINT1	ENSG00000113282.16	ENST00000411809.7	3952
3200	CLIP1	ENSG00000130779.24	ENST00000620786.5	5978
3201	CLIP2	ENSG00000106665.18	ENST00000223398.11	5623
3202	CLIP3	ENSG00000105270.17	ENST00000360535.9	3350
3203	CLIP4	ENSG00000115295.23	ENST00000320081.10	4299
3204	CLK1	ENSG00000013441.19	ENST00000321356.9	1847
3205	CLK2	ENSG00000176444.21	ENST00000368361.9	2154
3206	CLK3	ENSG00000179335.22	ENST00000395066.9	1854
3207	CLK4	ENSG00000113240.16	ENST00000316308.9	2504
3208	CLLU1	ENSG00000257127.6	ENST00000512817.1	2274
3209	CLLU1-AS1	ENSG00000205057.7	ENST00000752702.1	718
3210	CLMN	ENSG00000165959.14	ENST00000298912.9	12749
3211	CLMP	ENSG00000166250.15	ENST00000448775.4	5032
3212	CLN3	ENSG00000188603.24	ENST00000636147.2	1685
3213	CLN5	ENSG00000102805.17	ENST00000377453.9	5243
3214	CLN6	ENSG00000128973.15	ENST00000249806.11	2228
3215	CLN8	ENSG00000182372.12	ENST00000331222.6	7084
3216	CLNK	ENSG00000109684.17	ENST00000226951.11	5502
3217	CLNS1A	ENSG00000074201.11	ENST00000525428.6	2982
3218	CLOCK	ENSG00000134852.17	ENST00000513440.6	10470
3219	CLP1	ENSG00000172409.9	ENST00000533682.2	1828
3220	CLPB	ENSG00000162129.17	ENST00000538039.6	9963
3221	CLPP	ENSG00000125656.14	ENST00000245816.11	2410
3222	CLPS	ENSG00000137392.12	ENST00000259938.7	538
3223	CLPSL1	ENSG00000204140.10	ENST00000373861.6	598
3224	CLPSL2	ENSG00000196748.12	ENST00000403376.4	426
3225	CLPTM1	ENSG00000104853.18	ENST00000337392.10	2470
3226	CLPTM1L	ENSG00000049656.16	ENST00000320895.10	2492
3227	CLPX	ENSG00000166855.11	ENST00000300107.7	4695
3228	CLRN1	ENSG00000163646.12	ENST00000327047.6	2087
3229	CLRN2	ENSG00000249581.2	ENST00000511148.2	823
3230	CLRN3	ENSG00000180745.7	ENST00000368671.4	1146
3231	CLSPN	ENSG00000092853.16	ENST00000318121.8	8512
3232	CLSTN1	ENSG00000171603.20	ENST00000377298.9	4760
3233	CLSTN2	ENSG00000158258.16	ENST00000458420.7	14202
3234	CLSTN3	ENSG00000139182.17	ENST00000266546.11	4013
3235	CLTA	ENSG00000122705.20	ENST00000345519.10	1078
3236	CLTB	ENSG00000175416.18	ENST00000310418.9	1139
3237	CLTC	ENSG00000141367.16	ENST00000269122.8	8369
3238	CLTCL1	ENSG00000070371.18	ENST00000427926.6	5518
3239	CLU	ENSG00000120885.24	ENST00000316403.15	2749
3240	CLUAP1	ENSG00000103351.15	ENST00000576634.6	4083
3241	CLUH	ENSG00000132361.20	ENST00000651024.2	5357
3242	CLUL1	ENSG00000079101.19	ENST00000692774.1	1959
3243	CLVS1	ENSG00000177182.13	ENST00000325897.5	3472
3244	CLVS2	ENSG00000146352.15	ENST00000275162.10	11219
3245	CLYBL	ENSG00000125246.18	ENST00000339105.9	1181
3246	CMA1	ENSG00000092009.11	ENST00000250378.7	937
3247	CMAS	ENSG00000111726.15	ENST00000229329.7	1748
3248	CMBL	ENSG00000164237.11	ENST00000296658.4	3893
3249	CMC1	ENSG00000187118.16	ENST00000466830.6	6009
3250	CMC2	ENSG00000103121.11	ENST00000219400.8	10072
3251	CMC4	ENSG00000182712.17	ENST00000369484.8	881
3252	CMIP	ENSG00000153815.19	ENST00000537098.8	4719
3253	CMKLR1	ENSG00000174600.16	ENST00000550402.6	5488
3254	CMPK1	ENSG00000162368.17	ENST00000371873.10	2937
3255	CMPK2	ENSG00000134326.13	ENST00000256722.10	3095
3256	CMSS1	ENSG00000184220.13	ENST00000421999.8	4302
3257	CMTM1	ENSG00000089505.19	ENST00000379500.7	1070
3258	CMTM2	ENSG00000140932.11	ENST00000268595.3	1048
3259	CMTM3	ENSG00000140931.22	ENST00000567572.6	1901
3260	CMTM4	ENSG00000183723.14	ENST00000394106.7	8153
3261	CMTM5	ENSG00000166091.23	ENST00000339180.9	1163
3262	CMTM6	ENSG00000091317.10	ENST00000205636.4	3307
3263	CMTM7	ENSG00000153551.16	ENST00000334983.10	1856
3264	CMTM8	ENSG00000170293.11	ENST00000307526.4	1169
3265	CMTR1	ENSG00000137200.15	ENST00000373451.9	4034
3266	CMTR2	ENSG00000180917.20	ENST00000434935.7	4875
3267	CMYA5	ENSG00000164309.17	ENST00000446378.3	12888
3268	CNBD1	ENSG00000176571.14	ENST00000518476.6	1624
3269	CNBD2	ENSG00000149646.12	ENST00000373973.7	1956
3270	CNBP	ENSG00000169714.19	ENST00000422453.7	3295
3271	CNDP1	ENSG00000150656.17	ENST00000358821.8	4342
3272	CNDP2	ENSG00000133313.17	ENST00000324262.9	4975
3273	CNEP1R1	ENSG00000205423.14	ENST00000427478.7	2092
3274	CNFN	ENSG00000105427.11	ENST00000222032.10	533
3275	CNGA1	ENSG00000198515.18	ENST00000514170.7	2926
3276	CNGA2	ENSG00000183862.6	ENST00000329903.5	3285
3277	CNGA3	ENSG00000144191.14	ENST00000272602.7	3547
3278	CNGA4	ENSG00000132259.15	ENST00000379936.3	1916
3279	CNGB1	ENSG00000070729.15	ENST00000251102.13	5657
3280	CNGB3	ENSG00000170289.13	ENST00000320005.6	4062
3281	CNIH1	ENSG00000100528.14	ENST00000216416.9	4735
3282	CNIH2	ENSG00000174871.12	ENST00000311445.7	1374
3283	CNIH3	ENSG00000143786.10	ENST00000272133.4	2539
3284	CNIH4	ENSG00000143771.14	ENST00000465271.6	4096
3285	CNKSR1	ENSG00000142675.20	ENST00000361530.11	2535
3286	CNKSR2	ENSG00000149970.17	ENST00000379510.5	5753
3287	CNKSR3	ENSG00000153721.21	ENST00000607772.6	21078
3288	CNN1	ENSG00000130176.10	ENST00000252456.7	1499
3289	CNN2	ENSG00000064666.17	ENST00000263097.9	2149
3290	CNN3	ENSG00000117519.18	ENST00000370206.9	1991
3291	CNNM1	ENSG00000119946.14	ENST00000356713.5	5702
3292	CNNM2	ENSG00000148842.20	ENST00000369878.9	15857
3293	CNNM3	ENSG00000168763.18	ENST00000305510.4	4900
3294	CNNM4	ENSG00000158158.14	ENST00000377075.3	4783
3295	CNOT1	ENSG00000125107.21	ENST00000317147.10	8411
3296	CNOT10	ENSG00000182973.22	ENST00000328834.10	2772
3297	CNOT11	ENSG00000158435.10	ENST00000289382.8	2515
3298	CNOT2	ENSG00000111596.16	ENST00000229195.8	2844
3299	CNOT3	ENSG00000088038.22	ENST00000221232.11	2818
3300	CNOT4	ENSG00000080802.23	ENST00000541284.6	3538
3301	CNOT6	ENSG00000113300.15	ENST00000261951.9	6219
3302	CNOT6L	ENSG00000138767.16	ENST00000504123.7	8772
3303	CNOT7	ENSG00000198791.14	ENST00000361272.9	6890
3304	CNOT8	ENSG00000155508.16	ENST00000285896.11	2446
3305	CNP	ENSG00000173786.18	ENST00000393892.8	5172
3306	CNPPD1	ENSG00000115649.18	ENST00000360507.10	2019
3307	CNPY1	ENSG00000146910.14	ENST00000636446.2	2522
3308	CNPY2	ENSG00000257727.8	ENST00000273308.9	1450
3309	CNPY3	ENSG00000137161.20	ENST00000372836.5	1431
3310	CNPY4	ENSG00000166997.10	ENST00000262932.5	1478
3311	CNR1	ENSG00000118432.15	ENST00000369501.3	6019
3312	CNR2	ENSG00000188822.9	ENST00000374472.5	5265
3313	CNRIP1	ENSG00000119865.11	ENST00000263655.4	1896
3314	CNST	ENSG00000162852.16	ENST00000366513.9	5127
3315	CNTD1	ENSG00000176563.11	ENST00000588408.6	3252
3316	CCNP	ENSG00000105219.12	ENST00000430325.7	1816
3317	CNTF	ENSG00000242689.4	ENST00000361987.6	1902
3318	CNTFR	ENSG00000122756.17	ENST00000378980.8	2038
3319	CNTLN	ENSG00000044459.17	ENST00000380647.8	5518
3320	CNTN1	ENSG00000018236.17	ENST00000551295.7	5667
3321	CNTN2	ENSG00000184144.14	ENST00000331830.7	7916
3322	CNTN3	ENSG00000113805.11	ENST00000263665.7	5269
3323	CNTN4	ENSG00000144619.17	ENST00000418658.6	5159
3324	CNTN5	ENSG00000149972.12	ENST00000524871.6	6499
3325	CNTN6	ENSG00000134115.15	ENST00000446702.7	4065
3326	CNTNAP1	ENSG00000108797.13	ENST00000264638.9	5537
3327	CNTNAP2	ENSG00000174469.23	ENST00000361727.8	9454
3328	CNTNAP3	ENSG00000106714.20	ENST00000297668.11	13150
3329	CNTNAP4	ENSG00000152910.21	ENST00000611870.5	6263
3330	CNTNAP5	ENSG00000155052.15	ENST00000682447.1	11219
3331	CNTRL	ENSG00000119397.21	ENST00000373855.7	7719
3332	CNTROB	ENSG00000170037.16	ENST00000563694.6	3996
3333	COA1	ENSG00000106603.22	ENST00000223336.11	899
3334	COA3	ENSG00000183978.9	ENST00000328434.8	780
3335	COA4	ENSG00000181924.10	ENST00000355693.5	818
3336	COA5	ENSG00000183513.11	ENST00000328709.8	1770
3337	COA6	ENSG00000168275.17	ENST00000366615.10	1741
3338	COASY	ENSG00000068120.15	ENST00000393818.3	2479
3339	COBL	ENSG00000106078.21	ENST00000265136.12	5301
3340	COBLL1	ENSG00000082438.20	ENST00000652658.2	9309
3341	COCH	ENSG00000100473.20	ENST00000396618.9	2536
3342	COG1	ENSG00000166685.15	ENST00000299886.9	3014
3343	COG2	ENSG00000135775.16	ENST00000366669.9	2932
3344	COG3	ENSG00000136152.17	ENST00000349995.10	4555
3345	COG4	ENSG00000103051.23	ENST00000323786.10	2820
3346	COG5	ENSG00000164597.17	ENST00000297135.9	4658
3347	COG6	ENSG00000133103.20	ENST00000455146.8	3574
3348	COG7	ENSG00000168434.15	ENST00000307149.10	2935
3349	COG8	ENSG00000213380.17	ENST00000306875.10	4629
3350	COIL	ENSG00000121058.7	ENST00000240316.5	2634
3351	COL10A1	ENSG00000123500.11	ENST00000651968.1	3302
3352	COL11A1	ENSG00000060718.24	ENST00000370096.9	7311
3353	COL11A2	ENSG00000204248.14	ENST00000341947.7	6422
3354	COL12A1	ENSG00000111799.24	ENST00000322507.13	11725
3355	COL13A1	ENSG00000197467.18	ENST00000645393.2	3148
3356	COL14A1	ENSG00000187955.15	ENST00000297848.8	8009
3357	COL15A1	ENSG00000204291.14	ENST00000375001.8	5223
3358	COL16A1	ENSG00000084636.20	ENST00000373672.8	5418
3359	COL17A1	ENSG00000065618.23	ENST00000648076.2	5612
3360	COL18A1	ENSG00000182871.18	ENST00000651438.1	5408
3361	COL19A1	ENSG00000082293.14	ENST00000620364.5	8740
3362	COL1A1	ENSG00000108821.16	ENST00000225964.10	5914
3363	COL1A2	ENSG00000164692.21	ENST00000297268.11	5072
3364	COL20A1	ENSG00000101203.19	ENST00000358894.11	8045
3365	COL21A1	ENSG00000124749.19	ENST00000244728.10	4173
3366	COL22A1	ENSG00000169436.20	ENST00000303045.11	6394
3367	COL23A1	ENSG00000050767.19	ENST00000390654.8	2899
3368	COL24A1	ENSG00000171502.16	ENST00000370571.7	6834
3369	COL25A1	ENSG00000188517.18	ENST00000399132.6	7713
3370	COL26A1	ENSG00000160963.16	ENST00000313669.12	2978
3371	COL27A1	ENSG00000196739.16	ENST00000356083.8	7813
3372	COL28A1	ENSG00000215018.11	ENST00000399429.8	4297
3373	COL2A1	ENSG00000139219.21	ENST00000380518.8	5059
3374	COL3A1	ENSG00000168542.20	ENST00000304636.9	5490
3375	COL4A1	ENSG00000187498.19	ENST00000375820.10	6540
3376	COL4A2	ENSG00000134871.22	ENST00000360467.7	6446
3377	COL4A3	ENSG00000169031.23	ENST00000396578.8	8038
3378	CERT1	ENSG00000113163.20	ENST00000643780.2	3868
3379	COL4A4	ENSG00000081052.15	ENST00000396625.5	9984
3380	COL4A5	ENSG00000188153.16	ENST00000328300.11	6531
3381	COL4A6	ENSG00000197565.19	ENST00000334504.12	6685
3382	COL5A1	ENSG00000130635.19	ENST00000371817.8	8442
3383	COL5A2	ENSG00000204262.16	ENST00000374866.9	6829
3384	COL5A3	ENSG00000080573.8	ENST00000264828.4	6207
3385	COL6A1	ENSG00000142156.18	ENST00000361866.8	4203
3386	COL6A2	ENSG00000142173.19	ENST00000300527.9	3445
3387	COL6A3	ENSG00000163359.19	ENST00000295550.9	10532
3388	COL6A5	ENSG00000172752.16	ENST00000373157.9	8969
3389	COL6A6	ENSG00000206384.12	ENST00000358511.11	8689
3390	COL7A1	ENSG00000114270.19	ENST00000681320.1	9231
3391	COL8A1	ENSG00000144810.18	ENST00000652472.1	5515
3392	COL8A2	ENSG00000171812.14	ENST00000397799.2	4669
3393	COL9A1	ENSG00000112280.19	ENST00000357250.11	3697
3394	COL9A2	ENSG00000049089.17	ENST00000372748.8	2852
3395	COL9A3	ENSG00000092758.20	ENST00000649368.1	2497
3396	COLCA1	ENSG00000196167.11	ENST00000620864.1	8098
3397	COLEC10	ENSG00000184374.5	ENST00000332843.3	3133
3398	COLEC11	ENSG00000118004.20	ENST00000349077.9	1425
3399	COLEC12	ENSG00000158270.14	ENST00000400256.5	5724
3400	COLGALT1	ENSG00000130309.14	ENST00000252599.9	3647
3401	COLGALT2	ENSG00000198756.13	ENST00000361927.9	5179
3402	COLQ	ENSG00000206561.16	ENST00000383788.10	2960
3403	COMMD1	ENSG00000173163.13	ENST00000311832.6	695
3404	COMMD10	ENSG00000145781.11	ENST00000274458.9	1435
3405	COMMD2	ENSG00000114744.11	ENST00000473414.6	3694
3406	COMMD3	ENSG00000148444.18	ENST00000376836.8	926
3407	COMMD3-BMI1	ENSG00000269897.5	ENST00000602390.5	1419
3408	COMMD4	ENSG00000140365.18	ENST00000267935.13	895
3409	COMMD5	ENSG00000170619.12	ENST00000305103.4	1430
3410	COMMD6	ENSG00000188243.16	ENST00000682242.1	1669
3411	COMMD7	ENSG00000149600.14	ENST00000278980.11	1362
3412	COMMD8	ENSG00000169019.13	ENST00000381571.6	1461
3413	COMMD9	ENSG00000110442.14	ENST00000263401.10	2949
3414	COMP	ENSG00000105664.13	ENST00000222271.7	2452
3415	COMT	ENSG00000093010.17	ENST00000361682.11	2272
3416	COMTD1	ENSG00000165644.13	ENST00000372538.8	1250
3417	COPA	ENSG00000122218.19	ENST00000241704.8	5318
3418	COPB1	ENSG00000129083.15	ENST00000439561.7	3336
3419	COPB2	ENSG00000184432.13	ENST00000333188.10	3275
3420	COPE	ENSG00000105669.16	ENST00000262812.9	1131
3421	COPG1	ENSG00000181789.16	ENST00000314797.10	3078
3422	COPG2	ENSG00000158623.15	ENST00000425248.5	3134
3423	COPRS	ENSG00000172301.12	ENST00000302362.11	868
3424	COPS2	ENSG00000166200.17	ENST00000388901.10	6576
3425	COPS3	ENSG00000141030.15	ENST00000268717.10	1814
3426	COPS4	ENSG00000138663.11	ENST00000264389.7	1651
3427	COPS5	ENSG00000121022.16	ENST00000357849.9	1296
3428	COPS6	ENSG00000168090.12	ENST00000303904.8	1404
3429	COPS7A	ENSG00000111652.12	ENST00000543155.6	1831
3430	COPS7B	ENSG00000144524.20	ENST00000350033.8	2513
3431	COPS8	ENSG00000198612.13	ENST00000354371.7	3438
3432	COPZ1	ENSG00000111481.12	ENST00000262061.7	1890
3433	COPZ2	ENSG00000005243.12	ENST00000621465.5	914
3434	COQ10A	ENSG00000135469.16	ENST00000308197.10	1570
3435	COQ10B	ENSG00000115520.11	ENST00000263960.7	2112
3436	COQ2	ENSG00000173085.16	ENST00000647002.2	1525
3437	COQ3	ENSG00000132423.14	ENST00000254759.8	1325
3438	COQ4	ENSG00000167113.13	ENST00000300452.8	1245
3439	COQ5	ENSG00000110871.17	ENST00000288532.11	1506
3440	COQ6	ENSG00000119723.19	ENST00000334571.7	2109
3441	COQ7	ENSG00000167186.13	ENST00000321998.10	2642
3442	COQ9	ENSG00000088682.16	ENST00000262507.11	1630
3443	CORIN	ENSG00000145244.14	ENST00000273857.9	4967
3444	CORO1A	ENSG00000102879.19	ENST00000219150.10	1623
3445	CORO1B	ENSG00000172725.16	ENST00000341356.10	4411
3446	CORO1C	ENSG00000110880.13	ENST00000261401.8	3814
3447	CORO2A	ENSG00000106789.15	ENST00000375077.5	5456
3448	CORO2B	ENSG00000103647.15	ENST00000261861.10	3545
3449	CORO6	ENSG00000167549.21	ENST00000388767.8	2677
3450	CORO7	ENSG00000262246.8	ENST00000251166.9	3472
3451	CORO7-PAM16	ENSG00000103426.12	ENST00000572467.5	3284
3452	CORT	ENSG00000241563.5	ENST00000377049.4	914
3453	COTL1	ENSG00000103187.9	ENST00000262428.5	1842
3454	COX10	ENSG00000006695.14	ENST00000261643.8	2898
3455	COX11	ENSG00000166260.15	ENST00000299335.8	3150
3456	COX14	ENSG00000178449.11	ENST00000550487.6	484
3457	COX15	ENSG00000014919.15	ENST00000016171.6	5030
3458	COX16	ENSG00000133983.18	ENST00000389912.7	1669
3459	COX17	ENSG00000138495.9	ENST00000261070.7	426
3460	COX18	ENSG00000163626.19	ENST00000507544.3	6824
3461	COX19	ENSG00000240230.7	ENST00000344111.4	4839
3462	COX20	ENSG00000203667.12	ENST00000411948.7	2295
3463	COX4I1	ENSG00000131143.12	ENST00000253452.8	763
3464	COX4I2	ENSG00000131055.7	ENST00000376075.4	669
3465	COX5A	ENSG00000178741.14	ENST00000322347.11	1173
3466	COX5B	ENSG00000135940.9	ENST00000258424.3	690
3467	COX6A1	ENSG00000111775.5	ENST00000229379.3	537
3468	COX6A1P2	ENSG00000226976.3	ENST00000620597.2	330
3469	COX6A2	ENSG00000156885.8	ENST00000287490.5	372
3470	COX6B1	ENSG00000126267.13	ENST00000649813.2	488
3471	COX6B2	ENSG00000160471.14	ENST00000326529.9	1566
3472	COX6C	ENSG00000164919.13	ENST00000520468.7	744
3473	COX7A1	ENSG00000161281.12	ENST00000292907.8	340
3474	COX7A2	ENSG00000112695.15	ENST00000684430.2	462
3475	COX7A2L	ENSG00000115944.17	ENST00000234301.3	2282
3476	COX7B	ENSG00000131174.9	ENST00000650309.2	2444
3477	COX7B2	ENSG00000170516.18	ENST00000355591.8	556
3478	COX7C	ENSG00000127184.15	ENST00000247655.4	629
3479	COX8A	ENSG00000176340.5	ENST00000314133.4	494
3480	COX8C	ENSG00000187581.4	ENST00000342144.3	542
3481	CP	ENSG00000047457.16	ENST00000264613.11	4452
3482	CPA1	ENSG00000091704.11	ENST00000011292.8	1384
3483	CPA2	ENSG00000158516.13	ENST00000222481.9	1330
3484	CPA3	ENSG00000163751.6	ENST00000296046.4	1762
3485	CPA4	ENSG00000128510.13	ENST00000222482.10	2790
3486	CPA5	ENSG00000158525.16	ENST00000474905.6	1985
3487	CPA6	ENSG00000165078.15	ENST00000297770.10	2011
3488	CPAMD8	ENSG00000160111.17	ENST00000443236.7	5983
3489	CPB1	ENSG00000153002.14	ENST00000282957.9	1452
3490	CPB2	ENSG00000080618.19	ENST00000181383.10	1724
3491	CPD	ENSG00000108582.14	ENST00000225719.9	9372
3492	CPE	ENSG00000109472.16	ENST00000402744.9	2582
3493	CPEB1	ENSG00000214575.12	ENST00000684509.1	3482
3494	CPEB2	ENSG00000137449.17	ENST00000538197.7	7069
3495	CPEB3	ENSG00000107864.17	ENST00000265997.5	7781
3496	CPEB4	ENSG00000113742.15	ENST00000265085.10	9418
3497	CPED1	ENSG00000106034.20	ENST00000310396.10	5304
3498	CPLX1	ENSG00000168993.17	ENST00000304062.11	2112
3499	CPLX2	ENSG00000145920.17	ENST00000393745.8	4597
3500	CPLX3	ENSG00000213578.7	ENST00000395018.6	2002
3501	CPLX4	ENSG00000166569.9	ENST00000299721.3	1966
3502	CPM	ENSG00000135678.14	ENST00000551568.6	6627
3503	CPN1	ENSG00000120054.14	ENST00000370418.8	1855
3504	CPN2	ENSG00000178772.9	ENST00000323830.4	3025
3505	CPNE1	ENSG00000214078.15	ENST00000397443.7	1952
3506	CPNE2	ENSG00000140848.19	ENST00000290776.13	2601
3507	CPNE3	ENSG00000085719.15	ENST00000517490.6	4857
3508	CPNE4	ENSG00000196353.15	ENST00000429747.6	3749
3509	CPNE5	ENSG00000124772.13	ENST00000244751.7	3342
3510	CPNE6	ENSG00000100884.12	ENST00000689861.1	1995
3511	CPNE7	ENSG00000178773.17	ENST00000319518.13	2442
3512	CPNE8	ENSG00000139117.16	ENST00000331366.10	3431
3513	CPNE9	ENSG00000144550.16	ENST00000383832.8	2042
3514	CPO	ENSG00000144410.6	ENST00000272852.4	1245
3515	CPOX	ENSG00000080819.11	ENST00000647941.2	2709
3516	CPPED1	ENSG00000103381.14	ENST00000381774.9	6143
3517	CPQ	ENSG00000104324.18	ENST00000220763.10	1932
3518	CPS1	ENSG00000021826.20	ENST00000233072.10	5760
3519	CPSF1	ENSG00000071894.19	ENST00000616140.2	4480
3520	CPSF2	ENSG00000165934.15	ENST00000298875.9	13003
3521	CPSF3	ENSG00000119203.16	ENST00000238112.8	2259
3522	INTS11	ENSG00000127054.24	ENST00000435064.6	2114
3523	CPSF4	ENSG00000160917.17	ENST00000292476.10	1823
3524	CPSF6	ENSG00000111605.20	ENST00000435070.7	6584
3525	CPSF7	ENSG00000149532.18	ENST00000439958.8	3487
3526	CPT1A	ENSG00000110090.15	ENST00000265641.10	5238
3527	CPT1B	ENSG00000205560.16	ENST00000312108.12	2603
3528	CPT1C	ENSG00000169169.17	ENST00000598293.6	2846
3529	CPT2	ENSG00000157184.9	ENST00000371486.4	2699
3530	CPVL	ENSG00000106066.17	ENST00000265394.10	2087
3531	CPXCR1	ENSG00000147183.11	ENST00000276127.9	1626
3532	CPXM1	ENSG00000088882.10	ENST00000380605.3	2376
3533	CPXM2	ENSG00000121898.15	ENST00000241305.4	3544
3534	CPZ	ENSG00000109625.21	ENST00000360986.9	2163
3535	CR1	ENSG00000203710.14	ENST00000367049.9	9937
3536	CR1L	ENSG00000197721.18	ENST00000508064.7	1829
3537	CR2	ENSG00000117322.21	ENST00000367057.8	4139
3538	CRABP1	ENSG00000166426.10	ENST00000299529.7	738
3539	CRABP2	ENSG00000143320.11	ENST00000368222.8	974
3540	CRADD	ENSG00000169372.15	ENST00000332896.8	1189
3541	CRAMP1	ENSG00000007545.17	ENST00000397412.8	7972
3542	CRAT	ENSG00000095321.20	ENST00000318080.7	2768
3543	CRB1	ENSG00000134376.19	ENST00000367400.8	4958
3544	CRB2	ENSG00000148204.14	ENST00000373631.8	5613
3545	CRB3	ENSG00000130545.17	ENST00000600229.6	1086
3546	CRBN	ENSG00000113851.18	ENST00000231948.9	2187
3547	CRCP	ENSG00000241258.10	ENST00000395326.8	2774
3548	CRCT1	ENSG00000169509.6	ENST00000368790.4	718
3549	CREB1	ENSG00000118260.17	ENST00000353267.8	10095
3550	CREB3	ENSG00000107175.14	ENST00000353704.3	1496
3551	CREB3L1	ENSG00000157613.13	ENST00000621158.5	2673
3552	CREB3L2	ENSG00000182158.18	ENST00000330387.11	7441
3553	CREB3L3	ENSG00000060566.16	ENST00000078445.7	2588
3554	CREB3L4	ENSG00000143578.18	ENST00000368607.8	1749
3555	CREB5	ENSG00000146592.18	ENST00000357727.7	8539
3556	CREBBP	ENSG00000005339.16	ENST00000262367.10	10790
3557	CREBL2	ENSG00000111269.5	ENST00000228865.3	3770
3558	CREBRF	ENSG00000164463.14	ENST00000296953.6	7778
3559	CREBZF	ENSG00000137504.16	ENST00000527447.2	7140
3560	CREG1	ENSG00000143162.11	ENST00000370509.5	1969
3561	CREG2	ENSG00000175874.11	ENST00000324768.6	6292
3562	CRELD1	ENSG00000163703.22	ENST00000452070.6	2196
3563	CRELD2	ENSG00000184164.17	ENST00000328268.9	1428
3564	CREM	ENSG00000095794.22	ENST00000685392.1	2857
3565	CRH	ENSG00000147571.7	ENST00000276571.5	1288
3566	CRHBP	ENSG00000145708.13	ENST00000274368.9	1645
3567	CRHR1	ENSG00000120088.18	ENST00000314537.10	2537
3568	CRHR2	ENSG00000106113.21	ENST00000471646.6	2930
3569	CRIM1	ENSG00000150938.12	ENST00000280527.7	6060
3570	CRIP1	ENSG00000213145.12	ENST00000392531.4	672
3571	CRIP2	ENSG00000182809.13	ENST00000329146.9	1178
3572	CRIP3	ENSG00000146215.16	ENST00000372569.8	991
3573	CRIPT	ENSG00000119878.9	ENST00000238892.4	6323
3574	CRISP1	ENSG00000124812.15	ENST00000335847.9	1918
3575	CRISP2	ENSG00000124490.16	ENST00000339139.5	1365
3576	CRISP3	ENSG00000096006.13	ENST00000263045.9	2152
3577	CRISPLD1	ENSG00000121005.11	ENST00000262207.9	4297
3578	CRISPLD2	ENSG00000103196.14	ENST00000262424.10	4583
3579	CRK	ENSG00000167193.9	ENST00000300574.3	3850
3580	CRKL	ENSG00000099942.15	ENST00000354336.8	5342
3581	CRLF1	ENSG00000006016.14	ENST00000392386.8	1741
3582	CRLF2	ENSG00000205755.13	ENST00000400841.8	1538
3583	CRLF3	ENSG00000176390.14	ENST00000324238.7	2873
3584	CRLS1	ENSG00000088766.14	ENST00000378863.9	3925
3585	CRMP1	ENSG00000072832.16	ENST00000324989.12	3174
3586	CRNKL1	ENSG00000101343.17	ENST00000536226.2	4015
3587	CRNN	ENSG00000143536.8	ENST00000271835.3	1902
3588	CROCC	ENSG00000058453.19	ENST00000375541.10	6660
3589	CROT	ENSG00000005469.14	ENST00000331536.8	3205
3590	CRP	ENSG00000132693.13	ENST00000255030.9	2015
3591	CRTAC1	ENSG00000095713.16	ENST00000370597.8	2683
3592	CRTAM	ENSG00000109943.11	ENST00000227348.9	2473
3593	CRTAP	ENSG00000170275.17	ENST00000320954.11	6595
3594	CRTC1	ENSG00000105662.18	ENST00000321949.13	6879
3595	CRTC2	ENSG00000160741.19	ENST00000368633.2	2631
3596	CRTC3	ENSG00000140577.19	ENST00000268184.11	5214
3597	CRX	ENSG00000105392.18	ENST00000221996.12	4366
3598	CRY1	ENSG00000008405.14	ENST00000008527.10	2987
3599	CRY2	ENSG00000121671.14	ENST00000616080.2	4131
3600	CRYAA	ENSG00000160202.9	ENST00000291554.6	1139
3601	CRYAB	ENSG00000109846.11	ENST00000650687.2	774
3602	CRYBA1	ENSG00000108255.8	ENST00000225387.8	798
3603	CRYBA2	ENSG00000163499.14	ENST00000295728.7	902
3604	CRYBA4	ENSG00000196431.5	ENST00000354760.4	809
3605	CRYBB1	ENSG00000100122.9	ENST00000647684.1	1041
3606	CRYBB2	ENSG00000244752.5	ENST00000398215.3	769
3607	CRYBB3	ENSG00000100053.10	ENST00000215855.7	855
3608	CRYBG3	ENSG00000080200.11	ENST00000389622.7	10779
3609	CRYGA	ENSG00000168582.5	ENST00000304502.5	622
3610	CRYGB	ENSG00000182187.5	ENST00000260988.5	631
3611	CRYGC	ENSG00000163254.5	ENST00000282141.4	627
3612	CRYGD	ENSG00000118231.6	ENST00000264376.5	642
3613	CRYGN	ENSG00000127377.11	ENST00000337323.3	1989
3614	CRYGS	ENSG00000213139.9	ENST00000307944.6	844
3615	CRYL1	ENSG00000165475.17	ENST00000298248.12	1483
3616	CRYM	ENSG00000103316.14	ENST00000572914.2	1244
3617	CRYZ	ENSG00000116791.16	ENST00000340866.10	1908
3618	CRYZL1	ENSG00000205758.14	ENST00000381554.8	1598
3619	CS	ENSG00000062485.21	ENST00000351328.8	2915
3620	CSAD	ENSG00000139631.22	ENST00000444623.6	2614
3621	CSAG1	ENSG00000198930.15	ENST00000452779.3	645
3622	CSDC2	ENSG00000172346.17	ENST00000306149.12	2530
3623	CSDE1	ENSG00000009307.19	ENST00000358528.9	4097
3624	CSE1L	ENSG00000124207.19	ENST00000262982.3	3550
3625	CSF1	ENSG00000184371.16	ENST00000329608.11	3994
3626	CSF1R	ENSG00000182578.16	ENST00000675795.1	3820
3627	CSF2	ENSG00000164400.7	ENST00000296871.4	788
3628	CSF2RA	ENSG00000198223.21	ENST00000381529.9	1815
3629	CSF2RB	ENSG00000100368.17	ENST00000403662.8	4853
3630	CSF3	ENSG00000108342.15	ENST00000394149.8	1504
3631	CSF3R	ENSG00000119535.22	ENST00000373106.6	3008
3632	CSGALNACT1	ENSG00000147408.18	ENST00000692225.2	3701
3633	CSGALNACT2	ENSG00000169826.10	ENST00000374466.4	3765
3634	CSH1	ENSG00000136488.16	ENST00000316193.13	821
3635	CSH2	ENSG00000213218.12	ENST00000392886.7	827
3636	CSHL1	ENSG00000204414.15	ENST00000309894.6	834
3637	CSK	ENSG00000103653.19	ENST00000220003.14	2743
3638	CSMD1	ENSG00000183117.21	ENST00000635120.2	14417
3639	CSMD2	ENSG00000121904.20	ENST00000373381.9	13655
3640	CSMD3	ENSG00000164796.19	ENST00000297405.10	13052
3641	CSN1S1	ENSG00000126545.16	ENST00000246891.9	998
3642	CSN2	ENSG00000135222.7	ENST00000353151.4	1114
3643	CSN3	ENSG00000171209.5	ENST00000304954.4	831
3644	CSNK1A1	ENSG00000113712.20	ENST00000377843.8	5360
3645	CSNK1A1L	ENSG00000180138.7	ENST00000379800.4	2406
3646	CSNK1D	ENSG00000141551.17	ENST00000314028.11	3681
3647	CSNK1E	ENSG00000213923.15	ENST00000396832.6	2817
3648	CSNK1G1	ENSG00000169118.20	ENST00000303052.13	8085
3649	CSNK1G2	ENSG00000133275.18	ENST00000255641.13	2895
3650	CSNK1G3	ENSG00000151292.21	ENST00000696905.1	4665
3651	CSNK2A1	ENSG00000101266.21	ENST00000217244.9	12984
3652	CSNK2A2	ENSG00000070770.12	ENST00000262506.8	1887
3653	CSNK2A3	ENSG00000254598.3	ENST00000528848.3	1309
3654	CSNK2B	ENSG00000204435.16	ENST00000375882.7	929
3655	CSPG4	ENSG00000173546.9	ENST00000308508.5	8290
3656	CSPG5	ENSG00000114646.11	ENST00000264723.9	2154
3657	CSPP1	ENSG00000104218.18	ENST00000678616.1	4859
3658	CSRNP1	ENSG00000144655.17	ENST00000273153.10	3164
3659	CSRNP2	ENSG00000110925.9	ENST00000228515.6	4517
3660	CSRNP3	ENSG00000178662.17	ENST00000651982.1	11737
3661	CSRP1	ENSG00000159176.16	ENST00000340006.7	1820
3662	CSRP2	ENSG00000175183.12	ENST00000311083.10	908
3663	KAT14	ENSG00000149474.16	ENST00000688188.1	3564
3664	CSRP3	ENSG00000129170.12	ENST00000265968.9	1283
3665	CST1	ENSG00000170373.10	ENST00000304749.7	749
3666	CST11	ENSG00000125831.12	ENST00000377009.8	576
3667	CST2	ENSG00000170369.5	ENST00000304725.3	746
3668	CST3	ENSG00000101439.11	ENST00000376925.8	793
3669	CST4	ENSG00000101441.5	ENST00000217423.4	749
3670	CST5	ENSG00000170367.7	ENST00000304710.5	755
3671	CST6	ENSG00000175315.4	ENST00000312134.3	592
3672	CST7	ENSG00000077984.8	ENST00000480798.2	891
3673	CST8	ENSG00000125815.10	ENST00000246012.2	894
3674	CST9	ENSG00000173335.5	ENST00000376971.4	1633
3675	CST9L	ENSG00000101435.6	ENST00000376979.4	694
3676	CSTA	ENSG00000121552.5	ENST00000264474.4	744
3677	CSTB	ENSG00000160213.12	ENST00000291568.7	588
3678	CSTF1	ENSG00000101138.14	ENST00000217109.9	4032
3679	CSTF2	ENSG00000101811.17	ENST00000372972.7	2570
3680	CSTF2T	ENSG00000177613.9	ENST00000331173.6	4110
3681	CSTF3	ENSG00000176102.15	ENST00000323959.9	2812
3682	CSTL1	ENSG00000125823.13	ENST00000347397.5	736
3683	CT45A5	ENSG00000228836.9	ENST00000698999.1	2627
3684	CT47B1	ENSG00000236446.5	ENST00000371311.5	1261
3685	CT62	ENSG00000225362.11	ENST00000809331.1	1264
3686	CTAG2	ENSG00000126890.14	ENST00000369585.4	759
3687	CTAGE1	ENSG00000212710.5	ENST00000391403.4	4317
3688	CTAGE15	ENSG00000271079.1	ENST00000420911.2	2587
3689	CTAGE6	ENSG00000271321.1	ENST00000470691.2	2608
3690	CTBP1	ENSG00000159692.20	ENST00000382952.8	2488
3691	CTBP2	ENSG00000175029.19	ENST00000337195.11	6989
3692	CTBS	ENSG00000117151.15	ENST00000370630.6	6571
3693	CTC1	ENSG00000178971.19	ENST00000651323.1	7039
3694	CTCF	ENSG00000102974.18	ENST00000264010.10	3814
3695	CTCFL	ENSG00000124092.15	ENST00000243914.8	3500
3696	CTDNEP1	ENSG00000175826.14	ENST00000574322.6	1767
3697	CTDP1	ENSG00000060069.20	ENST00000613122.5	3744
3698	CTDSP1	ENSG00000144579.11	ENST00000273062.7	2525
3699	CTDSP2	ENSG00000175215.12	ENST00000398073.7	4785
3700	CTDSPL	ENSG00000144677.17	ENST00000273179.10	4753
3701	CTDSPL2	ENSG00000137770.16	ENST00000260327.9	6433
3702	CTF1	ENSG00000150281.8	ENST00000279804.3	1644
3703	CCN2	ENSG00000118523.8	ENST00000367976.4	2338
3704	CTH	ENSG00000116761.14	ENST00000370938.8	2090
3705	CTHRC1	ENSG00000164932.15	ENST00000330295.10	1240
3706	CTIF	ENSG00000134030.16	ENST00000256413.8	5765
3707	CTLA4	ENSG00000163599.18	ENST00000648405.2	1997
3708	CTNNA1	ENSG00000044115.23	ENST00000302763.12	3754
3709	CTNNA2	ENSG00000066032.20	ENST00000402739.9	3932
3710	CTNNA3	ENSG00000183230.19	ENST00000433211.7	10696
3711	CTNNAL1	ENSG00000119326.17	ENST00000325551.9	2454
3712	CTNNB1	ENSG00000168036.21	ENST00000349496.11	3661
3713	CTNNBIP1	ENSG00000178585.17	ENST00000377263.6	3006
3714	CTNNBL1	ENSG00000132792.23	ENST00000361383.11	1890
3715	CTNND1	ENSG00000198561.18	ENST00000399050.10	6670
3716	CTNND2	ENSG00000169862.23	ENST00000304623.13	5888
3717	CTNS	ENSG00000040531.18	ENST00000046640.9	4139
3718	CTPS1	ENSG00000171793.19	ENST00000650070.2	2840
3719	CTPS2	ENSG00000047230.17	ENST00000359276.9	3953
3720	CTR9	ENSG00000198730.11	ENST00000361367.7	4330
3721	CTRB1	ENSG00000168925.13	ENST00000361017.9	870
3722	CTRB2	ENSG00000168928.14	ENST00000303037.13	870
3723	CTRC	ENSG00000162438.13	ENST00000375949.5	3482
3724	CTRL	ENSG00000141086.18	ENST00000574481.6	1165
3725	CTSA	ENSG00000064601.23	ENST00000646241.3	1858
3726	CTSB	ENSG00000164733.25	ENST00000353047.11	3733
3727	CTSC	ENSG00000109861.19	ENST00000227266.10	1870
3728	CTSD	ENSG00000117984.17	ENST00000236671.7	2055
3729	CTSE	ENSG00000196188.14	ENST00000358184.7	2214
3730	CTSF	ENSG00000174080.14	ENST00000310325.10	2044
3731	CTSG	ENSG00000100448.5	ENST00000216336.3	914
3732	CTSH	ENSG00000103811.20	ENST00000220166.10	2145
3733	CTSK	ENSG00000143387.16	ENST00000271651.8	1629
3734	CTSL	ENSG00000135047.18	ENST00000343150.10	1654
3735	CTSO	ENSG00000256043.7	ENST00000433477.4	2903
3736	CTSS	ENSG00000163131.14	ENST00000368985.8	3936
3737	CTSV	ENSG00000136943.14	ENST00000259470.6	4359
3738	CTSW	ENSG00000172543.11	ENST00000307886.8	1272
3739	CTSZ	ENSG00000101160.17	ENST00000217131.6	1502
3740	CTTN	ENSG00000085733.18	ENST00000301843.13	3249
3741	CTTNBP2	ENSG00000077063.12	ENST00000160373.8	5904
3742	CTTNBP2NL	ENSG00000143079.17	ENST00000271277.11	5864
3743	CTU1	ENSG00000142544.9	ENST00000421832.3	2126
3744	CTU2	ENSG00000174177.15	ENST00000453996.7	1721
3745	CTXN1	ENSG00000178531.7	ENST00000318978.6	1237
3746	CTXN3	ENSG00000205279.10	ENST00000379445.8	1622
3747	CUBN	ENSG00000107611.17	ENST00000377833.10	11927
3748	CUEDC1	ENSG00000180891.15	ENST00000577830.6	3710
3749	CUEDC2	ENSG00000107874.13	ENST00000369937.5	1100
3750	CUL1	ENSG00000055130.20	ENST00000325222.9	3147
3751	CUL2	ENSG00000108094.19	ENST00000374749.8	4183
3752	CUL3	ENSG00000036257.16	ENST00000264414.9	6756
3753	CUL4A	ENSG00000139842.17	ENST00000375440.9	5821
3754	CUL4B	ENSG00000158290.21	ENST00000371322.11	5915
3755	CUL5	ENSG00000166266.16	ENST00000393094.7	6171
3756	CUL7	ENSG00000044090.15	ENST00000265348.9	5406
3757	CUL9	ENSG00000112659.16	ENST00000252050.9	7759
3758	CUTA	ENSG00000112514.20	ENST00000488034.6	855
3759	CUTC	ENSG00000119929.15	ENST00000370476.10	1332
3760	CUX1	ENSG00000257923.14	ENST00000292535.12	13723
3761	CUX2	ENSG00000111249.16	ENST00000261726.11	6703
3762	CUZD1	ENSG00000138161.15	ENST00000392790.6	1958
3763	CWC15	ENSG00000150316.14	ENST00000279839.8	1522
3764	CWC22	ENSG00000163510.16	ENST00000410053.8	3524
3765	CWC25	ENSG00000273559.7	ENST00000614790.5	3067
3766	CWC27	ENSG00000153015.18	ENST00000381070.8	2065
3767	CWF19L1	ENSG00000095485.20	ENST00000354105.10	2591
3768	CWF19L2	ENSG00000152404.18	ENST00000282251.10	3244
3769	CWH43	ENSG00000109182.14	ENST00000226432.9	2444
3770	CX3CL1	ENSG00000006210.8	ENST00000006053.7	3285
3771	CX3CR1	ENSG00000168329.16	ENST00000399220.3	3106
3772	CXADR	ENSG00000154639.21	ENST00000284878.12	5593
3773	CXCL1	ENSG00000163739.7	ENST00000395761.4	1174
3774	CXCL10	ENSG00000169245.7	ENST00000306602.3	1175
3775	CXCL11	ENSG00000169248.14	ENST00000306621.8	1479
3776	CXCL12	ENSG00000107562.19	ENST00000343575.11	1928
3777	CXCL13	ENSG00000156234.9	ENST00000682537.1	1171
3778	CXCL14	ENSG00000145824.15	ENST00000512158.6	1687
3779	CXCL16	ENSG00000161921.19	ENST00000293778.12	2324
3780	CXCL17	ENSG00000189377.11	ENST00000601181.6	1080
3781	CXCL2	ENSG00000081041.11	ENST00000508487.3	1115
3782	CXCL3	ENSG00000163734.4	ENST00000296026.4	1075
3783	CXCL5	ENSG00000163735.8	ENST00000296027.5	2436
3784	CXCL6	ENSG00000124875.11	ENST00000226317.10	1537
3785	CXCL9	ENSG00000138755.7	ENST00000264888.6	2761
3786	CXCR1	ENSG00000163464.9	ENST00000295683.3	2459
3787	CXCR2	ENSG00000180871.10	ENST00000318507.7	2853
3788	CXCR3	ENSG00000186810.9	ENST00000373693.4	1615
3789	CXCR4	ENSG00000121966.8	ENST00000241393.4	1668
3790	CXCR5	ENSG00000160683.6	ENST00000292174.5	4293
3791	CXCR6	ENSG00000172215.8	ENST00000304552.5	1968
3792	CXXC1	ENSG00000154832.18	ENST00000285106.11	2320
3793	RTP5	ENSG00000188011.5	ENST00000343216.3	2296
3794	CXXC4	ENSG00000168772.12	ENST00000394767.3	5569
3795	CXXC5	ENSG00000171604.14	ENST00000302517.8	2601
3796	TASL	ENSG00000120280.8	ENST00000378962.4	1792
3797	BCLAF3	ENSG00000173681.19	ENST00000379682.9	6769
3798	H2AP	ENSG00000187516.7	ENST00000341016.5	536
3799	DIPK2B	ENSG00000147113.19	ENST00000398000.7	4631
3800	CXorf38	ENSG00000185753.15	ENST00000327877.10	4244
3801	EOLA1	ENSG00000197620.13	ENST00000393985.8	2407
3802	EOLA2	ENSG00000197021.11	ENST00000370406.8	1333
3803	CT55	ENSG00000169551.14	ENST00000276241.11	1441
3804	STEEP1	ENSG00000018610.17	ENST00000644802.2	2301
3805	RADX	ENSG00000147231.15	ENST00000372548.9	3852
3806	CXorf58	ENSG00000165182.14	ENST00000379211.8	1549
3807	CT83	ENSG00000204019.6	ENST00000371894.5	517
3808	CXorf65	ENSG00000204165.7	ENST00000374251.6	834
3809	CXorf66	ENSG00000203933.4	ENST00000370540.2	1279
3810	EZHIP	ENSG00000187690.4	ENST00000342995.4	1896
3811	CYB561	ENSG00000008283.18	ENST00000360793.8	2929
3812	CYB561A3	ENSG00000162144.12	ENST00000294072.9	2584
3813	CYB561D1	ENSG00000174151.17	ENST00000420578.7	4912
3814	CYB561D2	ENSG00000114395.13	ENST00000425346.6	1142
3815	CYB5A	ENSG00000166347.21	ENST00000340533.9	3231
3816	CYB5B	ENSG00000103018.20	ENST00000307892.13	4262
3817	CYB5D1	ENSG00000182224.13	ENST00000332439.5	3489
3818	CYB5D2	ENSG00000167740.11	ENST00000301391.8	1969
3819	CYB5R1	ENSG00000159348.15	ENST00000367249.9	1624
3820	CYB5R2	ENSG00000166394.17	ENST00000299498.11	1249
3821	CYB5R3	ENSG00000100243.24	ENST00000352397.10	2916
3822	CYB5R4	ENSG00000065615.16	ENST00000369681.10	9205
3823	CYB5RL	ENSG00000215883.13	ENST00000534324.6	6193
3824	CYBA	ENSG00000051523.14	ENST00000261623.8	692
3825	CYBB	ENSG00000165168.11	ENST00000378588.5	4276
3826	CYBRD1	ENSG00000071967.14	ENST00000321348.9	4235
3827	CYC1	ENSG00000179091.7	ENST00000318911.5	1191
3828	CYCS	ENSG00000172115.11	ENST00000305786.7	5432
3829	CYFIP1	ENSG00000273749.7	ENST00000617928.5	6826
3830	CYFIP2	ENSG00000055163.23	ENST00000620254.5	6452
3831	CYGB	ENSG00000161544.11	ENST00000293230.10	1962
3832	ZFTRAF1	ENSG00000187954.16	ENST00000530374.6	2229
3833	CYLC1	ENSG00000183035.14	ENST00000329312.5	2107
3834	CYLC2	ENSG00000155833.16	ENST00000374798.8	2149
3835	CYLD	ENSG00000083799.20	ENST00000427738.8	8540
3836	CYP11A1	ENSG00000140459.20	ENST00000268053.11	1837
3837	CYP11B1	ENSG00000160882.15	ENST00000292427.10	3540
3838	CYP11B2	ENSG00000179142.4	ENST00000323110.2	2936
3839	CYP17A1	ENSG00000148795.9	ENST00000369887.4	1750
3840	CYP19A1	ENSG00000137869.18	ENST00000396402.6	4403
3841	CYP1A1	ENSG00000140465.17	ENST00000379727.8	2603
3842	CYP1A2	ENSG00000140505.9	ENST00000343932.5	3132
3843	CYP1B1	ENSG00000138061.15	ENST00000610745.5	5218
3844	CYP20A1	ENSG00000119004.19	ENST00000356079.9	10552
3845	CYP21A2	ENSG00000231852.11	ENST00000644719.2	2006
3846	CYP24A1	ENSG00000019186.12	ENST00000216862.8	3278
3847	CYP26A1	ENSG00000095596.13	ENST00000224356.5	2117
3848	CYP26B1	ENSG00000003137.10	ENST00000001146.7	4556
3849	CYP26C1	ENSG00000187553.10	ENST00000651965.1	2878
3850	CYP27A1	ENSG00000135929.11	ENST00000258415.9	1895
3851	CYP27B1	ENSG00000111012.13	ENST00000228606.9	2372
3852	CYP27C1	ENSG00000186684.16	ENST00000664447.2	5082
3853	CYP2A13	ENSG00000197838.6	ENST00000330436.4	1760
3854	CYP2A6	ENSG00000255974.10	ENST00000301141.10	1761
3855	CYP2A7	ENSG00000198077.13	ENST00000301146.9	1760
3856	CYP2B6	ENSG00000197408.12	ENST00000324071.10	3071
3857	CYP2C18	ENSG00000108242.15	ENST00000285979.11	2310
3858	CYP2C19	ENSG00000165841.13	ENST00000371321.9	4131
3859	CYP2C8	ENSG00000138115.17	ENST00000371270.6	1924
3860	CYP2C9	ENSG00000138109.13	ENST00000260682.8	2561
3861	CYP2D6	ENSG00000100197.25	ENST00000645361.2	1588
3862	CYP2E1	ENSG00000130649.12	ENST00000252945.8	1674
3863	CYP2F1	ENSG00000197446.11	ENST00000331105.7	1847
3864	CYP2J2	ENSG00000134716.13	ENST00000371204.4	1879
3865	CYP2R1	ENSG00000186104.13	ENST00000334636.10	2214
3866	CYP2S1	ENSG00000167600.16	ENST00000310054.9	2612
3867	CYP2U1	ENSG00000155016.20	ENST00000332884.11	4768
3868	CYP2W1	ENSG00000073067.15	ENST00000308919.12	2322
3869	CYP39A1	ENSG00000146233.10	ENST00000275016.3	2432
3870	CYP3A4	ENSG00000160868.18	ENST00000651514.1	2781
3871	CYP3A43	ENSG00000021461.20	ENST00000354829.7	1707
3872	CYP3A5	ENSG00000106258.18	ENST00000222982.8	1720
3873	CYP3A7	ENSG00000160870.16	ENST00000336374.4	2079
3874	CYP46A1	ENSG00000036530.11	ENST00000261835.8	2197
3875	CYP4A11	ENSG00000187048.16	ENST00000310638.9	2530
3876	CYP4A22	ENSG00000162365.15	ENST00000371891.8	2535
3877	CYP4B1	ENSG00000142973.18	ENST00000371923.9	2174
3878	CYP4F11	ENSG00000171903.19	ENST00000402119.9	3051
3879	CYP4F12	ENSG00000186204.17	ENST00000550308.6	1714
3880	CYP4F2	ENSG00000186115.15	ENST00000221700.11	2361
3881	CYP4F22	ENSG00000171954.15	ENST00000269703.8	2609
3882	CYP4F3	ENSG00000186529.18	ENST00000221307.13	5053
3883	CYP4V2	ENSG00000145476.18	ENST00000378802.5	4657
3884	CYP4X1	ENSG00000186377.10	ENST00000371901.4	2256
3885	CYP4Z1	ENSG00000186160.5	ENST00000334194.4	2162
3886	CYP51A1	ENSG00000001630.20	ENST00000003100.13	3155
3887	CYP7A1	ENSG00000167910.5	ENST00000301645.4	2877
3888	CYP7B1	ENSG00000172817.6	ENST00000310193.4	7462
3889	CYP8B1	ENSG00000180432.7	ENST00000316161.6	3688
3890	CCN1	ENSG00000142871.20	ENST00000451137.7	2278
3891	CYS1	ENSG00000205795.6	ENST00000381813.5	3045
3892	CYSLTR1	ENSG00000173198.8	ENST00000373304.4	2700
3893	CYSLTR2	ENSG00000152207.10	ENST00000682523.1	4763
3894	CYSTM1	ENSG00000120306.13	ENST00000261811.6	790
3895	CYTH1	ENSG00000108669.20	ENST00000446868.8	3290
3896	CYTH2	ENSG00000105443.18	ENST00000452733.7	4443
3897	CYTH3	ENSG00000008256.19	ENST00000350796.8	4482
3898	CYTH4	ENSG00000100055.23	ENST00000248901.11	3077
3899	CYTIP	ENSG00000115165.12	ENST00000264192.8	2207
3900	CYTL1	ENSG00000170891.13	ENST00000307746.9	989
3901	CYYR1	ENSG00000166265.14	ENST00000652641.2	3099
3902	D2HGDH	ENSG00000180902.20	ENST00000321264.9	2566
3903	DAAM1	ENSG00000100592.17	ENST00000360909.8	5890
3904	DAAM2	ENSG00000146122.19	ENST00000274867.9	6185
3905	DAB1	ENSG00000173406.18	ENST00000371236.7	5301
3906	DAB2	ENSG00000153071.17	ENST00000320816.11	4345
3907	DAB2IP	ENSG00000136848.20	ENST00000408936.8	6744
3908	DACH1	ENSG00000276644.6	ENST00000613252.5	5245
3909	DACH2	ENSG00000126733.22	ENST00000373125.9	2417
3910	DACT1	ENSG00000165617.17	ENST00000395153.8	3828
3911	DAD1	ENSG00000129562.13	ENST00000250498.9	684
3912	DAG1	ENSG00000173402.15	ENST00000308775.7	5387
3913	DAGLA	ENSG00000134780.12	ENST00000257215.10	5799
3914	DAGLB	ENSG00000164535.17	ENST00000297056.11	2839
3915	TKFC	ENSG00000149476.18	ENST00000394900.8	4678
3916	DALRD3	ENSG00000178149.19	ENST00000341949.9	1748
3917	DAND5	ENSG00000179284.7	ENST00000317060.4	1781
3918	DAO	ENSG00000110887.10	ENST00000228476.8	1694
3919	DAOA	ENSG00000182346.22	ENST00000375936.9	785
3920	DAP	ENSG00000112977.18	ENST00000230895.11	2301
3921	DAP3	ENSG00000132676.18	ENST00000368336.10	2056
3922	DAPK1	ENSG00000196730.15	ENST00000408954.8	5912
3923	DAPK2	ENSG00000035664.13	ENST00000457488.6	2791
3924	DAPK3	ENSG00000167657.16	ENST00000545797.7	2286
3925	DAPL1	ENSG00000163331.13	ENST00000309950.8	549
3926	DAPP1	ENSG00000070190.15	ENST00000512369.2	2935
3927	ACKR1	ENSG00000213088.15	ENST00000368122.4	1146
3928	DARS1	ENSG00000115866.13	ENST00000264161.9	3099
3929	DARS2	ENSG00000117593.14	ENST00000649689.2	3336
3930	DAW1	ENSG00000123977.12	ENST00000309931.3	1683
3931	DAXX	ENSG00000204209.15	ENST00000374542.10	2558
3932	DAZAP1	ENSG00000071626.19	ENST00000233078.9	2184
3933	DAZAP2	ENSG00000183283.18	ENST00000412716.8	2064
3934	DAZL	ENSG00000092345.15	ENST00000399444.7	2974
3935	DBF4	ENSG00000006634.10	ENST00000265728.6	3655
3936	DBF4B	ENSG00000161692.19	ENST00000315005.8	3015
3937	DBH	ENSG00000123454.14	ENST00000393056.8	2745
3938	DBI	ENSG00000155368.20	ENST00000355857.8	564
3939	DBN1	ENSG00000113758.16	ENST00000393565.6	3024
3940	DBNDD1	ENSG00000003249.17	ENST00000002501.11	2056
3941	DBNDD2	ENSG00000244274.11	ENST00000372710.5	1132
3942	DBNL	ENSG00000136279.23	ENST00000448521.6	9869
3943	DBP	ENSG00000105516.12	ENST00000222122.10	2170
3944	DBR1	ENSG00000138231.15	ENST00000260803.9	2662
3945	DBT	ENSG00000137992.17	ENST00000370132.8	10799
3946	DBX1	ENSG00000109851.8	ENST00000524983.3	1242
3947	DBX2	ENSG00000185610.7	ENST00000332700.6	2806
3948	DCAF10	ENSG00000122741.18	ENST00000377724.8	7906
3949	DCAF11	ENSG00000100897.20	ENST00000446197.8	4304
3950	DCAF12	ENSG00000198876.15	ENST00000361264.9	3592
3951	DCAF12L1	ENSG00000198889.6	ENST00000371126.3	3345
3952	DCAF12L2	ENSG00000198354.7	ENST00000360028.4	2791
3953	DCAF13	ENSG00000164934.17	ENST00000612750.5	1970
3954	DCAF15	ENSG00000132017.13	ENST00000254337.11	2261
3955	DCAF16	ENSG00000163257.14	ENST00000382247.6	4547
3956	DCAF17	ENSG00000115827.16	ENST00000375255.8	5853
3957	DCAF4	ENSG00000119599.20	ENST00000358377.7	2474
3958	DCAF4L1	ENSG00000182308.7	ENST00000333141.7	4710
3959	DCAF4L2	ENSG00000176566.5	ENST00000319675.5	3269
3960	DCAF5	ENSG00000139990.20	ENST00000341516.10	5946
3961	DCAF6	ENSG00000143164.18	ENST00000367840.4	3486
3962	DCAF7	ENSG00000136485.16	ENST00000614556.5	6324
3963	DCAF8	ENSG00000132716.21	ENST00000368074.6	3867
3964	DCAF8L1	ENSG00000226372.4	ENST00000441525.4	3458
3965	DCAF8L2	ENSG00000189186.13	ENST00000451261.7	3485
3966	DCAKD	ENSG00000172992.15	ENST00000651974.1	2171
3967	DCBLD1	ENSG00000164465.21	ENST00000338728.10	3614
3968	DCBLD2	ENSG00000057019.18	ENST00000326840.11	6128
3969	DCC	ENSG00000187323.13	ENST00000442544.7	10181
3970	DCD	ENSG00000161634.13	ENST00000293371.11	519
3971	DCDC1	ENSG00000170959.16	ENST00000684477.1	7298
3972	DCDC2	ENSG00000146038.14	ENST00000378454.8	4715
3973	DCDC2B	ENSG00000222046.5	ENST00000409358.2	1350
3974	DCHS1	ENSG00000166341.10	ENST00000299441.5	10713
3975	DCHS2	ENSG00000197410.15	ENST00000357232.10	13354
3976	DCK	ENSG00000156136.12	ENST00000286648.10	2506
3977	DCLK1	ENSG00000133083.17	ENST00000360631.8	8394
3978	DCLK2	ENSG00000170390.18	ENST00000296550.12	4075
3979	DCLK3	ENSG00000163673.10	ENST00000636136.2	5651
3980	DCLRE1A	ENSG00000198924.10	ENST00000361384.7	4450
3981	DCLRE1B	ENSG00000118655.10	ENST00000650450.2	3755
3982	DCLRE1C	ENSG00000152457.21	ENST00000378278.7	5960
3983	DCN	ENSG00000011465.20	ENST00000052754.10	6850
3984	DCP1A	ENSG00000272886.8	ENST00000610213.6	5926
3985	DCP1B	ENSG00000151065.16	ENST00000280665.11	2033
3986	DCP2	ENSG00000172795.18	ENST00000389063.3	10110
3987	DCPS	ENSG00000110063.12	ENST00000263579.5	5427
3988	DCST1	ENSG00000163357.11	ENST00000295542.6	2279
3989	DCST2	ENSG00000163354.15	ENST00000368424.4	2419
3990	DCSTAMP	ENSG00000164935.7	ENST00000297581.2	1953
3991	DCT	ENSG00000080166.16	ENST00000377028.10	5074
3992	DCTD	ENSG00000129187.17	ENST00000438320.7	1928
3993	DCTN1	ENSG00000204843.15	ENST00000628224.3	4455
3994	DCTN2	ENSG00000175203.19	ENST00000548249.6	1973
3995	DCTN3	ENSG00000137100.18	ENST00000259632.12	828
3996	DCTN4	ENSG00000132912.16	ENST00000447998.7	4116
3997	DCTN5	ENSG00000166847.12	ENST00000300087.7	10954
3998	DCTN6	ENSG00000104671.10	ENST00000221114.8	1054
3999	DCTPP1	ENSG00000179958.11	ENST00000319285.5	1181
4000	DCUN1D1	ENSG00000043093.17	ENST00000292782.9	7849
4001	DCUN1D2	ENSG00000150401.17	ENST00000478244.6	3032
4002	DCUN1D3	ENSG00000188215.12	ENST00000324344.9	6136
4003	DCUN1D4	ENSG00000109184.17	ENST00000334635.10	4222
4004	DCUN1D5	ENSG00000137692.14	ENST00000260247.10	12675
4005	DCX	ENSG00000077279.23	ENST00000636035.2	9086
4006	DCXR	ENSG00000169738.10	ENST00000306869.7	852
4007	DDA1	ENSG00000130311.13	ENST00000359866.9	4043
4008	DDAH1	ENSG00000153904.22	ENST00000284031.13	3939
4009	DDAH2	ENSG00000213722.12	ENST00000375789.7	1193
4010	DDB1	ENSG00000167986.17	ENST00000301764.12	4245
4011	DDB2	ENSG00000134574.14	ENST00000256996.9	1815
4012	DDC	ENSG00000132437.20	ENST00000444124.7	2012
4013	DDHD1	ENSG00000100523.19	ENST00000673822.2	12941
4014	DDHD2	ENSG00000085788.16	ENST00000397166.7	4682
4015	DDI1	ENSG00000170967.5	ENST00000302259.5	2557
4016	DDI2	ENSG00000197312.14	ENST00000480945.6	10667
4017	DDIT3	ENSG00000175197.14	ENST00000346473.8	903
4018	DDIT4	ENSG00000168209.8	ENST00000307365.4	1744
4019	DDIT4L	ENSG00000145358.8	ENST00000273990.6	2604
4020	DDN	ENSG00000181418.8	ENST00000421952.3	3815
4021	DDO	ENSG00000203797.14	ENST00000368924.9	2130
4022	DDOST	ENSG00000244038.12	ENST00000602624.7	1941
4023	DDR1	ENSG00000204580.16	ENST00000376568.8	3836
4024	DDR2	ENSG00000162733.21	ENST00000367921.8	10086
4025	DDRGK1	ENSG00000198171.15	ENST00000354488.8	1303
4026	DDT	ENSG00000099977.18	ENST00000398344.9	565
4027	DDTL	ENSG00000099974.10	ENST00000215770.6	1582
4028	DDX1	ENSG00000079785.18	ENST00000233084.8	2484
4029	DDX10	ENSG00000178105.14	ENST00000322536.8	3217
4030	DDX17	ENSG00000100201.24	ENST00000403230.3	4761
4031	DDX18	ENSG00000088205.15	ENST00000263239.7	3753
4032	DDX19A	ENSG00000168872.19	ENST00000302243.12	2923
4033	DDX19B	ENSG00000157349.19	ENST00000288071.11	3275
4034	DDX20	ENSG00000064703.15	ENST00000369702.5	3600
4035	DDX21	ENSG00000165732.16	ENST00000354185.9	4664
4036	DDX23	ENSG00000174243.13	ENST00000308025.8	3256
4037	DDX24	ENSG00000089737.21	ENST00000621632.5	5573
4038	DDX25	ENSG00000109832.16	ENST00000263576.11	7424
4039	INTS6L	ENSG00000165359.18	ENST00000639893.2	3904
4040	DDX27	ENSG00000124228.17	ENST00000618172.5	2570
4041	DDX28	ENSG00000182810.7	ENST00000332395.7	2317
4042	DDX31	ENSG00000125485.20	ENST00000372159.8	4159
4043	DDX39A	ENSG00000123136.17	ENST00000242776.9	1498
4044	DDX39B	ENSG00000198563.16	ENST00000396172.6	1681
4045	DDX3X	ENSG00000215301.13	ENST00000644876.2	4635
4046	DDX3Y	ENSG00000067048.19	ENST00000336079.8	4408
4047	DDX4	ENSG00000152670.20	ENST00000505374.6	2847
4048	DDX41	ENSG00000183258.14	ENST00000330503.12	2099
4049	DDX42	ENSG00000198231.16	ENST00000389924.7	3959
4050	DDX43	ENSG00000080007.10	ENST00000370336.5	2430
4051	DDX46	ENSG00000145833.18	ENST00000452510.7	5674
4052	DDX47	ENSG00000213782.9	ENST00000358007.7	1817
4053	DDX49	ENSG00000105671.14	ENST00000247003.9	1793
4054	DDX5	ENSG00000108654.18	ENST00000225792.10	3684
4055	DDX50	ENSG00000107625.16	ENST00000373585.8	2501
4056	DDX51	ENSG00000185163.12	ENST00000397333.4	4702
4057	DDX52	ENSG00000278053.7	ENST00000617633.5	6383
4058	DDX53	ENSG00000184735.7	ENST00000327968.7	3630
4059	DDX54	ENSG00000123064.15	ENST00000306014.10	4377
4060	DDX55	ENSG00000111364.18	ENST00000238146.9	2656
4061	DDX56	ENSG00000136271.13	ENST00000258772.10	1855
4062	RIGI	ENSG00000107201.14	ENST00000379883.3	4628
4063	DDX59	ENSG00000118197.16	ENST00000331314.11	2229
4064	DDX6	ENSG00000110367.16	ENST00000534980.7	6128
4065	DDX60	ENSG00000137628.20	ENST00000393743.8	6015
4066	DDX60L	ENSG00000181381.17	ENST00000682922.1	6759
4067	DEAF1	ENSG00000177030.21	ENST00000382409.4	2190
4068	DELEC1	ENSG00000173077.17	ENST00000649121.1	1064
4069	DECR1	ENSG00000104325.9	ENST00000220764.7	2760
4070	DECR2	ENSG00000242612.9	ENST00000219481.10	1551
4071	DEDD	ENSG00000158796.19	ENST00000368006.8	2344
4072	DEDD2	ENSG00000160570.16	ENST00000596251.6	1905
4073	DEF6	ENSG00000023892.14	ENST00000316637.7	2296
4074	DEF8	ENSG00000140995.19	ENST00000563594.6	3620
4075	DEFA3	ENSG00000239839.9	ENST00000327857.7	494
4076	DEFA4	ENSG00000164821.6	ENST00000297435.3	587
4077	DEFA5	ENSG00000164816.9	ENST00000330590.4	454
4078	DEFA6	ENSG00000164822.6	ENST00000297436.3	465
4079	DEFB1	ENSG00000164825.5	ENST00000297439.4	375
4080	DEFB104A	ENSG00000176782.3	ENST00000314265.3	316
4081	DEFB105A	ENSG00000186562.8	ENST00000334773.7	1283
4082	DEFB106A	ENSG00000186579.3	ENST00000335186.3	336
4083	DEFB108B	ENSG00000184276.3	ENST00000328698.2	370
4084	DEFB110	ENSG00000203970.4	ENST00000371148.3	397
4085	DEFB112	ENSG00000180872.8	ENST00000651554.2	1821
4086	DEFB113	ENSG00000214642.1	ENST00000398718.1	249
4087	DEFB114	ENSG00000177684.4	ENST00000322066.4	312
4088	DEFB115	ENSG00000215547.1	ENST00000400552.1	267
4089	DEFB116	ENSG00000215545.1	ENST00000400549.1	309
4090	DEFB118	ENSG00000131068.4	ENST00000253381.3	1175
4091	DEFB119	ENSG00000180483.8	ENST00000376321.4	444
4092	DEFB121	ENSG00000204548.4	ENST00000376314.3	362
4093	DEFB123	ENSG00000180424.8	ENST00000376309.4	354
4094	DEFB124	ENSG00000180383.5	ENST00000317676.3	777
4095	DEFB125	ENSG00000178591.7	ENST00000382410.3	1186
4096	DEFB126	ENSG00000125788.6	ENST00000382398.4	434
4097	DEFB127	ENSG00000088782.5	ENST00000382388.4	530
4098	DEFB128	ENSG00000185982.7	ENST00000334391.5	403
4099	DEFB129	ENSG00000125903.4	ENST00000246105.4	698
4100	DEFB131A	ENSG00000186146.3	ENST00000334879.2	485
4101	DEFB132	ENSG00000186458.6	ENST00000382376.4	2133
4102	DEFB134	ENSG00000205882.9	ENST00000382205.6	1099
4103	DEFB135	ENSG00000205883.3	ENST00000382208.3	299
4104	DEFB136	ENSG00000205884.2	ENST00000382209.2	237
4105	DEFB4A	ENSG00000171711.4	ENST00000302247.3	337
4106	DEGS1	ENSG00000143753.16	ENST00000323699.9	2032
4107	DEGS2	ENSG00000168350.9	ENST00000305631.7	3834
4108	DEK	ENSG00000124795.19	ENST00000652689.1	3142
4109	DENND1A	ENSG00000119522.20	ENST00000394215.7	5208
4110	DENND1B	ENSG00000213047.15	ENST00000620048.6	8365
4111	DENND1C	ENSG00000205744.12	ENST00000381480.7	2795
4112	DENND2A	ENSG00000146966.15	ENST00000496613.6	3874
4113	DENND2C	ENSG00000175984.18	ENST00000393274.6	6177
4114	DENND2D	ENSG00000162777.19	ENST00000357640.9	3239
4115	DENND3	ENSG00000105339.13	ENST00000519811.6	5527
4116	DENND4A	ENSG00000174485.18	ENST00000443035.8	8837
4117	DENND4B	ENSG00000198837.12	ENST00000361217.9	5728
4118	DENND4C	ENSG00000137145.23	ENST00000434457.7	8143
4119	DENND5A	ENSG00000184014.11	ENST00000328194.8	4991
4120	DENND5B	ENSG00000170456.18	ENST00000389082.10	9506
4121	DENND6A	ENSG00000174839.15	ENST00000311128.10	4646
4122	DENND6B	ENSG00000205593.14	ENST00000413817.8	4891
4123	DENR	ENSG00000139726.13	ENST00000280557.11	2719
4124	DEPDC1	ENSG00000024526.19	ENST00000456315.7	5299
4125	DEPDC1B	ENSG00000035499.15	ENST00000265036.10	2504
4126	DEPDC4	ENSG00000166153.19	ENST00000550587.6	3324
4127	DEPDC5	ENSG00000100150.22	ENST00000651528.2	6554
4128	DEPDC7	ENSG00000121690.13	ENST00000241051.8	1741
4129	DEPTOR	ENSG00000155792.12	ENST00000286234.6	2569
4130	DERA	ENSG00000023697.15	ENST00000428559.7	1644
4131	DERL1	ENSG00000136986.12	ENST00000259512.9	3213
4132	DERL2	ENSG00000072849.13	ENST00000158771.9	4167
4133	DERL3	ENSG00000099958.17	ENST00000318109.12	3093
4134	DES	ENSG00000175084.15	ENST00000373960.4	2243
4135	DESI1	ENSG00000100418.10	ENST00000263256.7	3780
4136	DESI2	ENSG00000121644.21	ENST00000302550.16	4017
4137	DET1	ENSG00000140543.17	ENST00000268148.13	2276
4138	DEXI	ENSG00000182108.12	ENST00000331808.5	1569
4139	DFFA	ENSG00000160049.14	ENST00000377038.8	6035
4140	DFFB	ENSG00000169598.19	ENST00000378209.8	2833
4141	GSDME	ENSG00000105928.18	ENST00000645220.1	2250
4142	WHRN	ENSG00000095397.20	ENST00000362057.4	4070
4143	PJVK	ENSG00000204311.17	ENST00000644580.2	2301
4144	DGAT1	ENSG00000185000.14	ENST00000528718.6	3653
4145	DGAT2	ENSG00000062282.17	ENST00000228027.12	2407
4146	DGAT2L6	ENSG00000184210.6	ENST00000333026.4	1712
4147	ESS2	ENSG00000100056.14	ENST00000252137.11	5359
4148	DGCR2	ENSG00000070413.23	ENST00000263196.12	4438
4149	DGCR6	ENSG00000183628.16	ENST00000331444.12	1117
4150	DGCR6L	ENSG00000128185.12	ENST00000248879.8	1172
4151	DGCR8	ENSG00000128191.19	ENST00000351989.8	4506
4152	DGKA	ENSG00000065357.22	ENST00000331886.10	2727
4153	DGKB	ENSG00000136267.16	ENST00000402815.6	6841
4154	DGKD	ENSG00000077044.13	ENST00000264057.7	6308
4155	DGKE	ENSG00000153933.12	ENST00000284061.8	8608
4156	DGKG	ENSG00000058866.17	ENST00000265022.8	5802
4157	DGKH	ENSG00000102780.19	ENST00000337343.9	17497
4158	DGKI	ENSG00000157680.18	ENST00000614521.2	13469
4159	DGKQ	ENSG00000145214.16	ENST00000273814.8	4649
4160	DGKZ	ENSG00000149091.17	ENST00000456247.7	3588
4161	DGUOK	ENSG00000114956.22	ENST00000264093.9	1075
4162	DHCR24	ENSG00000116133.15	ENST00000371269.9	4233
4163	DHCR7	ENSG00000172893.20	ENST00000355527.8	2627
4164	DHDDS	ENSG00000117682.20	ENST00000236342.12	3288
4165	DHDH	ENSG00000104808.9	ENST00000221403.7	1064
4166	DHFR	ENSG00000228716.9	ENST00000439211.7	3919
4167	DHFR2	ENSG00000178700.11	ENST00000314636.3	3856
4168	DHH	ENSG00000139549.5	ENST00000649637.2	4683
4169	DHODH	ENSG00000102967.14	ENST00000219240.9	4669
4170	DHPS	ENSG00000095059.19	ENST00000210060.12	1345
4171	DHRS1	ENSG00000157379.16	ENST00000288111.12	1427
4172	DHRS11	ENSG00000278535.7	ENST00000618403.5	1515
4173	DHRS12	ENSG00000102796.14	ENST00000444610.8	1119
4174	DHRS13	ENSG00000167536.16	ENST00000378895.9	1929
4175	DHRS2	ENSG00000100867.17	ENST00000250383.11	1676
4176	DHRS3	ENSG00000162496.12	ENST00000616661.5	2201
4177	DHRS4	ENSG00000157326.21	ENST00000313250.10	1264
4178	DHRS4L2	ENSG00000187630.20	ENST00000335125.11	1258
4179	DHRS7	ENSG00000100612.16	ENST00000557185.6	1956
4180	DHRS7B	ENSG00000109016.20	ENST00000395511.8	1253
4181	DHRS7C	ENSG00000184544.13	ENST00000571134.2	1294
4182	DHRS9	ENSG00000073737.19	ENST00000674881.1	1574
4183	DHRSX	ENSG00000169084.16	ENST00000334651.11	2579
4184	DHTKD1	ENSG00000181192.14	ENST00000263035.9	5173
4185	DHX15	ENSG00000109606.15	ENST00000336812.5	2998
4186	DHX16	ENSG00000204560.12	ENST00000376442.8	3406
4187	DHX29	ENSG00000067248.13	ENST00000251636.10	4664
4188	DHX30	ENSG00000132153.17	ENST00000445061.6	3855
4189	DHX32	ENSG00000089876.14	ENST00000284690.4	3050
4190	DHX33	ENSG00000005100.14	ENST00000225296.8	5535
4191	DHX34	ENSG00000134815.22	ENST00000328771.9	4338
4192	DHX35	ENSG00000101452.17	ENST00000252011.8	3314
4193	DHX36	ENSG00000174953.16	ENST00000496811.6	6723
4194	DHX37	ENSG00000150990.11	ENST00000308736.7	4559
4195	DHX38	ENSG00000140829.14	ENST00000268482.8	4323
4196	DHX40	ENSG00000108406.12	ENST00000251241.9	3575
4197	DHX57	ENSG00000163214.23	ENST00000457308.6	4885
4198	DHX58	ENSG00000108771.15	ENST00000251642.8	2591
4199	DHX8	ENSG00000067596.14	ENST00000262415.8	5549
4200	DHX9	ENSG00000135829.19	ENST00000367549.4	4493
4201	DIABLO	ENSG00000184047.23	ENST00000464942.7	1471
4202	DIAPH1	ENSG00000131504.19	ENST00000389054.8	5735
4203	DIAPH2	ENSG00000147202.20	ENST00000324765.13	9203
4204	DIAPH3	ENSG00000139734.20	ENST00000400324.9	4745
4205	DICER1	ENSG00000100697.19	ENST00000343455.8	10384
4206	DIDO1	ENSG00000101191.19	ENST00000395343.6	8479
4207	UTP25	ENSG00000117597.20	ENST00000491415.7	8481
4208	DIMT1	ENSG00000086189.13	ENST00000199320.9	2831
4209	DIO1	ENSG00000211452.13	ENST00000361921.8	1861
4210	DIO2	ENSG00000211448.15	ENST00000438257.9	6017
4211	DIO3	ENSG00000197406.8	ENST00000510508.5	1958
4212	DIP2A	ENSG00000160305.21	ENST00000417564.3	7350
4213	DIP2B	ENSG00000066084.15	ENST00000301180.10	8705
4214	DIP2C	ENSG00000151240.20	ENST00000280886.12	7885
4215	DIRAS1	ENSG00000176490.7	ENST00000323469.5	3378
4216	DIRAS2	ENSG00000165023.8	ENST00000375765.5	4105
4217	DIRAS3	ENSG00000162595.10	ENST00000646789.1	1481
4218	DIRC1	ENSG00000174325.6	ENST00000649108.1	1037
4219	SLC49A4	ENSG00000138463.11	ENST00000261038.6	3322
4220	DIS3	ENSG00000083520.17	ENST00000377767.9	10571
4221	DIS3L	ENSG00000166938.15	ENST00000319212.9	3780
4222	DIS3L2	ENSG00000144535.22	ENST00000325385.12	3366
4223	DISC1	ENSG00000162946.25	ENST00000439617.8	7084
4224	DISP1	ENSG00000154309.11	ENST00000675850.1	4796
4225	DISP2	ENSG00000140323.7	ENST00000267889.5	12612
4226	DIXDC1	ENSG00000150764.16	ENST00000440460.7	5826
4227	DKC1	ENSG00000130826.21	ENST00000369550.10	2469
4228	DKK1	ENSG00000107984.11	ENST00000373970.4	1805
4229	DKK2	ENSG00000155011.10	ENST00000285311.8	3654
4230	DKK3	ENSG00000050165.21	ENST00000683431.1	2525
4231	DKK4	ENSG00000104371.6	ENST00000220812.3	896
4232	DKKL1	ENSG00000104901.8	ENST00000221498.7	939
4233	DLAT	ENSG00000150768.20	ENST00000280346.11	3878
4234	DLC1	ENSG00000164741.17	ENST00000276297.9	7412
4235	DLD	ENSG00000091140.17	ENST00000205402.10	3537
4236	DLEC1	ENSG00000008226.22	ENST00000308059.11	6899
4237	DLEU7	ENSG00000186047.12	ENST00000504404.2	1121
4238	DLG1	ENSG00000075711.23	ENST00000667157.1	4853
4239	DLG2	ENSG00000150672.20	ENST00000376104.7	7959
4240	DLG3	ENSG00000082458.14	ENST00000374360.8	6042
4241	DLG4	ENSG00000132535.23	ENST00000399506.9	6176
4242	DLG5	ENSG00000151208.19	ENST00000372391.7	7644
4243	DLGAP1	ENSG00000170579.20	ENST00000315677.8	6655
4244	DLGAP2	ENSG00000198010.14	ENST00000637795.2	10418
4245	DLGAP3	ENSG00000116544.13	ENST00000373347.6	3921
4246	DLGAP4	ENSG00000080845.21	ENST00000339266.10	5058
4247	DLGAP5	ENSG00000126787.15	ENST00000247191.7	2881
4248	DLK1	ENSG00000185559.18	ENST00000341267.9	4657
4249	DLK2	ENSG00000171462.17	ENST00000372488.8	1548
4250	DLL1	ENSG00000198719.11	ENST00000366756.4	3779
4251	DLL3	ENSG00000090932.13	ENST00000356433.10	2004
4252	DLL4	ENSG00000128917.10	ENST00000249749.7	3426
4253	DLST	ENSG00000119689.17	ENST00000334220.9	2813
4254	DLX1	ENSG00000144355.16	ENST00000361725.5	2356
4255	DLX2	ENSG00000115844.12	ENST00000234198.9	2454
4256	DLX3	ENSG00000064195.7	ENST00000434704.2	2602
4257	DLX4	ENSG00000108813.12	ENST00000240306.5	2018
4258	DLX5	ENSG00000105880.8	ENST00000648378.1	1418
4259	DLX6	ENSG00000006377.11	ENST00000518156.3	2300
4260	DMAP1	ENSG00000178028.16	ENST00000372289.7	1742
4261	DMBT1	ENSG00000187908.22	ENST00000338354.10	7984
4262	DMBX1	ENSG00000197587.14	ENST00000360032.4	5050
4263	DMC1	ENSG00000100206.13	ENST00000216024.7	2269
4264	DMD	ENSG00000198947.19	ENST00000357033.9	13992
4265	DMGDH	ENSG00000132837.17	ENST00000255189.8	3173
4266	DMKN	ENSG00000161249.23	ENST00000339686.8	1924
4267	DMP1	ENSG00000152592.16	ENST00000339673.11	2705
4268	DMPK	ENSG00000104936.22	ENST00000291270.9	2799
4269	DMRT1	ENSG00000137090.12	ENST00000382276.8	2215
4270	DMRT2	ENSG00000173253.18	ENST00000358146.7	2428
4271	DMRT3	ENSG00000064218.7	ENST00000190165.3	2493
4272	DMRTA1	ENSG00000176399.5	ENST00000325870.3	5586
4273	DMRTB1	ENSG00000143006.8	ENST00000371445.3	1910
4274	DMRTC1	ENSG00000269502.7	ENST00000615063.2	1363
4275	DMRTC2	ENSG00000142025.17	ENST00000269945.8	1805
4276	DMTF1	ENSG00000135164.21	ENST00000331242.12	3702
4277	DMTN	ENSG00000158856.20	ENST00000358242.6	2774
4278	DMWD	ENSG00000185800.14	ENST00000270223.7	3410
4279	DMXL1	ENSG00000172869.17	ENST00000539542.6	11538
4280	DMXL2	ENSG00000104093.16	ENST00000560891.6	10596
4281	DNA2	ENSG00000138346.18	ENST00000358410.8	4267
4282	DNAAF1	ENSG00000154099.20	ENST00000378553.10	2388
4283	DNAAF2	ENSG00000165506.16	ENST00000298292.13	2977
4284	DNAAF3	ENSG00000167646.16	ENST00000524407.7	2118
4285	DNAH1	ENSG00000114841.18	ENST00000420323.7	13105
4286	DNAH10	ENSG00000197653.18	ENST00000673944.1	14039
4287	DNAH10OS	ENSG00000250091.3	ENST00000514254.3	6003
4288	DNAH11	ENSG00000105877.20	ENST00000409508.8	14343
4289	DNAH12	ENSG00000174844.16	ENST00000495027.6	12145
4290	DNAH14	ENSG00000185842.17	ENST00000682510.1	14065
4291	DNAH17-AS1	ENSG00000267432.6	ENST00000591373.2	1453
4292	DNAH2	ENSG00000183914.16	ENST00000572933.6	14563
4293	DNAH3	ENSG00000158486.16	ENST00000698260.1	12567
4294	DNAH5	ENSG00000039139.11	ENST00000265104.5	15781
4295	DNAH6	ENSG00000115423.20	ENST00000389394.8	12752
4296	DNAH7	ENSG00000118997.15	ENST00000312428.11	12419
4297	DNAH8	ENSG00000124721.18	ENST00000327475.11	14663
4298	DNAH9	ENSG00000007174.19	ENST00000262442.9	13711
4299	DNAI1	ENSG00000122735.18	ENST00000242317.9	2529
4300	DNAI2	ENSG00000171595.16	ENST00000311014.11	2292
4301	DNAJA1	ENSG00000086061.18	ENST00000330899.5	2319
4302	DNAJA2	ENSG00000069345.14	ENST00000317089.10	3008
4303	DNAJA3	ENSG00000103423.16	ENST00000262375.11	2700
4304	DNAJA4	ENSG00000140403.15	ENST00000394852.8	3127
4305	DNAJB1	ENSG00000132002.11	ENST00000254322.3	2242
4306	DNAJB11	ENSG00000090520.14	ENST00000265028.8	1640
4307	DNAJB12	ENSG00000148719.18	ENST00000444643.8	2935
4308	DNAJB13	ENSG00000187726.11	ENST00000339764.6	1162
4309	DNAJB14	ENSG00000164031.19	ENST00000442697.7	5967
4310	DNAJB2	ENSG00000135924.19	ENST00000336576.10	3072
4311	DNAJB4	ENSG00000162616.11	ENST00000370763.6	2903
4312	DNAJB5	ENSG00000137094.17	ENST00000682809.1	2651
4313	DNAJB6	ENSG00000105993.17	ENST00000262177.9	2489
4314	DNAJB7	ENSG00000172404.5	ENST00000307221.5	2565
4315	DNAJB8	ENSG00000179407.4	ENST00000319153.4	2112
4316	DNAJB9	ENSG00000128590.7	ENST00000249356.4	2409
4317	DNAJC1	ENSG00000136770.13	ENST00000376980.8	2100
4318	DNAJC10	ENSG00000077232.21	ENST00000264065.12	20144
4319	DNAJC11	ENSG00000007923.19	ENST00000377577.10	3201
4320	DNAJC12	ENSG00000108176.17	ENST00000225171.7	1221
4321	DNAJC13	ENSG00000138246.18	ENST00000260818.11	7754
4322	DNAJC14	ENSG00000135392.21	ENST00000678005.2	3256
4323	DNAJC15	ENSG00000120675.8	ENST00000379221.4	7459
4324	DNAJC16	ENSG00000116138.15	ENST00000375847.8	6034
4325	DNAJC17	ENSG00000104129.12	ENST00000220496.9	3721
4326	DNAJC18	ENSG00000170464.12	ENST00000302060.10	5102
4327	DNAJC19	ENSG00000205981.11	ENST00000382564.8	1416
4328	DNAJC2	ENSG00000105821.17	ENST00000379263.8	2291
4329	DNAJC21	ENSG00000168724.20	ENST00000648817.1	6107
4330	DNAJC22	ENSG00000178401.18	ENST00000549441.7	4447
4331	DNAJC24	ENSG00000170946.17	ENST00000465995.6	2970
4332	DNAJC25	ENSG00000059769.22	ENST00000313525.4	2280
4333	DNAJC25-GNG10	ENSG00000244115.1	ENST00000374294.3	1448
4334	DNAJC27	ENSG00000115137.13	ENST00000264711.7	4847
4335	DNAJC28	ENSG00000177692.15	ENST00000381947.4	1485
4336	DNAJC3	ENSG00000102580.17	ENST00000602402.6	5590
4337	DNAJC30	ENSG00000176410.8	ENST00000395176.3	2536
4338	DNAJC4	ENSG00000110011.16	ENST00000628077.3	1130
4339	DNAJC5	ENSG00000101152.14	ENST00000360864.9	5249
4340	DNAJC5B	ENSG00000147570.12	ENST00000276570.10	2108
4341	DNAJC5G	ENSG00000163793.14	ENST00000296097.8	2065
4342	DNAJC6	ENSG00000116675.16	ENST00000371069.5	5962
4343	DNAJC7	ENSG00000168259.19	ENST00000457167.9	1806
4344	DNAJC8	ENSG00000126698.13	ENST00000263697.6	1763
4345	DNAJC9	ENSG00000213551.9	ENST00000372950.6	2295
4346	DNAL1	ENSG00000119661.17	ENST00000553645.7	8417
4347	DNAL4	ENSG00000100246.15	ENST00000216068.9	1474
4348	DNALI1	ENSG00000163879.13	ENST00000652629.1	2628
4349	DNASE1	ENSG00000213918.12	ENST00000246949.10	1346
4350	DNASE1L1	ENSG00000013563.16	ENST00000369807.6	2610
4351	DNASE1L2	ENSG00000167968.14	ENST00000320700.10	1349
4352	DNASE1L3	ENSG00000163687.16	ENST00000394549.7	1414
4353	DNASE2	ENSG00000105612.12	ENST00000222219.8	1938
4354	DNASE2B	ENSG00000137976.9	ENST00000370665.4	1317
4355	DND1	ENSG00000256453.2	ENST00000542735.2	1595
4356	DNER	ENSG00000187957.10	ENST00000341772.5	3257
4357	DNHD1	ENSG00000179532.14	ENST00000254579.11	14876
4358	DNLZ	ENSG00000213221.7	ENST00000371738.4	3096
4359	DNM1	ENSG00000106976.24	ENST00000372923.8	3217
4360	DNM1L	ENSG00000087470.23	ENST00000549701.6	4514
4361	DNM2	ENSG00000079805.21	ENST00000389253.9	3633
4362	DNM3	ENSG00000197959.16	ENST00000627582.3	7627
4363	DNMBP	ENSG00000107554.19	ENST00000324109.9	6428
4364	DNMT1	ENSG00000130816.19	ENST00000359526.9	5274
4365	DNMT3A	ENSG00000119772.21	ENST00000321117.10	9421
4366	DNMT3B	ENSG00000088305.21	ENST00000328111.6	4336
4367	DNMT3L	ENSG00000142182.10	ENST00000628202.3	1384
4368	DNPEP	ENSG00000123992.23	ENST00000273075.9	3825
4369	DNPH1	ENSG00000112667.15	ENST00000230431.11	654
4370	DNTT	ENSG00000107447.9	ENST00000371174.5	1934
4371	DNTTIP1	ENSG00000101457.15	ENST00000372622.8	1264
4372	DNTTIP2	ENSG00000067334.15	ENST00000436063.7	5896
4373	DOC2A	ENSG00000149927.20	ENST00000350119.9	2013
4374	DOC2B	ENSG00000272636.7	ENST00000613549.3	6062
4375	DOCK1	ENSG00000150760.15	ENST00000623213.2	6840
4376	DOCK10	ENSG00000135905.22	ENST00000258390.12	7286
4377	DOCK11	ENSG00000147251.18	ENST00000276202.9	6719
4378	DOCK2	ENSG00000134516.22	ENST00000520908.7	6069
4379	DOCK3	ENSG00000088538.15	ENST00000266037.10	9069
4380	DOCK4	ENSG00000128512.25	ENST00000428084.6	8353
4381	DOCK5	ENSG00000147459.19	ENST00000276440.12	10246
4382	DOCK6	ENSG00000130158.15	ENST00000294618.12	6430
4383	DOCK7	ENSG00000116641.20	ENST00000635253.2	7233
4384	DOCK8	ENSG00000107099.19	ENST00000432829.7	7448
4385	DOCK9	ENSG00000088387.24	ENST00000682017.1	7631
4386	DOHH	ENSG00000129932.12	ENST00000427575.6	1763
4387	DOK1	ENSG00000115325.16	ENST00000233668.10	1918
4388	DOK2	ENSG00000147443.15	ENST00000276420.9	1766
4389	DOK3	ENSG00000146094.18	ENST00000510898.7	3588
4390	DOK4	ENSG00000125170.13	ENST00000340099.10	2806
4391	DOK5	ENSG00000101134.14	ENST00000262593.10	1965
4392	DOK6	ENSG00000206052.13	ENST00000382713.10	9057
4393	DOK7	ENSG00000175920.19	ENST00000340083.6	2566
4394	DOLK	ENSG00000175283.8	ENST00000372586.4	2074
4395	DOLPP1	ENSG00000167130.20	ENST00000372546.9	2169
4396	DONSON	ENSG00000159147.20	ENST00000303071.10	2500
4397	DOP1A	ENSG00000083097.16	ENST00000349129.7	7957
4398	DOP1B	ENSG00000142197.15	ENST00000691173.1	7746
4399	DOT1L	ENSG00000104885.21	ENST00000398665.8	7652
4400	DPAGT1	ENSG00000172269.22	ENST00000354202.9	1913
4401	DPCD	ENSG00000166171.15	ENST00000370151.9	819
4402	MUCL3	ENSG00000168631.15	ENST00000462446.6	5313
4403	DPEP1	ENSG00000015413.12	ENST00000690203.1	1631
4404	DPEP2	ENSG00000167261.16	ENST00000393847.6	1728
4405	DPEP3	ENSG00000141096.8	ENST00000268793.6	1688
4406	DPF1	ENSG00000011332.24	ENST00000355526.10	2301
4407	DPF2	ENSG00000133884.13	ENST00000528416.6	3714
4408	DPF3	ENSG00000205683.13	ENST00000556509.6	11413
4409	DPH1	ENSG00000108963.20	ENST00000263083.12	2646
4410	DPH2	ENSG00000132768.16	ENST00000255108.8	2466
4411	DPH3	ENSG00000154813.12	ENST00000488423.2	4019
4412	DPH5	ENSG00000117543.24	ENST00000370109.8	1768
4413	DPH6	ENSG00000134146.14	ENST00000256538.9	2098
4414	DPH7	ENSG00000148399.15	ENST00000277540.7	2302
4415	DPM1	ENSG00000000419.16	ENST00000371588.10	1054
4416	DPM2	ENSG00000136908.20	ENST00000314392.13	912
4417	DPM3	ENSG00000179085.10	ENST00000368400.5	396
4418	DPP10	ENSG00000175497.18	ENST00000410059.6	5964
4419	DPP3	ENSG00000254986.10	ENST00000531863.6	2660
4420	DPP4	ENSG00000197635.13	ENST00000360534.8	3573
4421	DPP6	ENSG00000130226.18	ENST00000377770.8	4826
4422	DPP7	ENSG00000176978.18	ENST00000371579.7	1601
4423	DPP8	ENSG00000074603.21	ENST00000300141.11	7281
4424	DPP9	ENSG00000142002.21	ENST00000262960.14	4273
4425	DPPA2	ENSG00000163530.6	ENST00000478945.1	1383
4426	DPPA3	ENSG00000187569.5	ENST00000345088.3	1100
4427	DPPA4	ENSG00000121570.15	ENST00000335658.7	2788
4428	DPPA5	ENSG00000203909.5	ENST00000370370.4	659
4429	DPRX	ENSG00000204595.3	ENST00000376650.2	710
4430	DPT	ENSG00000143196.7	ENST00000367817.4	1719
4431	DPY19L1	ENSG00000173852.18	ENST00000638088.2	5030
4432	DPY19L2	ENSG00000177990.14	ENST00000324472.9	3976
4433	DPY19L3	ENSG00000178904.21	ENST00000392250.7	5978
4434	DPY19L4	ENSG00000156162.18	ENST00000414645.6	6197
4435	DPY30	ENSG00000162961.16	ENST00000342166.10	688
4436	DPYD	ENSG00000188641.16	ENST00000370192.8	4423
4437	DPYS	ENSG00000147647.15	ENST00000351513.7	2122
4438	DPYSL2	ENSG00000092964.19	ENST00000521913.7	4798
4439	DPYSL3	ENSG00000113657.15	ENST00000343218.10	5492
4440	DPYSL4	ENSG00000151640.15	ENST00000338492.9	2664
4441	DPYSL5	ENSG00000157851.19	ENST00000288699.11	5178
4442	DQX1	ENSG00000144045.16	ENST00000404568.4	2584
4443	DR1	ENSG00000117505.15	ENST00000370272.9	10124
4444	DRAM1	ENSG00000136048.16	ENST00000258534.13	3279
4445	DRAM2	ENSG00000156171.17	ENST00000484310.6	2098
4446	DRAP1	ENSG00000175550.9	ENST00000312515.7	822
4447	DRAXIN	ENSG00000162490.9	ENST00000294485.6	7365
4448	DRC1	ENSG00000157856.14	ENST00000288710.7	2487
4449	DRD1	ENSG00000184845.6	ENST00000393752.3	4031
4450	DRD2	ENSG00000149295.16	ENST00000362072.8	2808
4451	DRD3	ENSG00000151577.14	ENST00000383673.5	2770
4452	DRD4	ENSG00000069696.8	ENST00000176183.6	1399
4453	DRD5	ENSG00000169676.7	ENST00000304374.4	2376
4454	DRG1	ENSG00000185721.16	ENST00000331457.9	1665
4455	DRG2	ENSG00000108591.12	ENST00000225729.8	1900
4456	DRGX	ENSG00000165606.12	ENST00000374139.8	3078
4457	DROSHA	ENSG00000113360.19	ENST00000344624.8	5416
4458	DRP2	ENSG00000102385.15	ENST00000395209.8	7282
4459	DSC1	ENSG00000134765.11	ENST00000257198.6	4225
4460	DSC2	ENSG00000134755.21	ENST00000280904.11	12331
4461	DSC3	ENSG00000134762.18	ENST00000360428.9	7583
4462	DSCAM	ENSG00000171587.15	ENST00000400454.6	8571
4463	DSCAML1	ENSG00000177103.15	ENST00000651296.2	6855
4464	DSCC1	ENSG00000136982.8	ENST00000313655.5	2198
4465	VPS26C	ENSG00000157538.16	ENST00000309117.11	3056
4466	DSCR4	ENSG00000184029.9	ENST00000398948.5	777
4467	DSE	ENSG00000111817.21	ENST00000644252.3	10621
4468	DSEL	ENSG00000171451.17	ENST00000310045.9	9266
4469	DSG1	ENSG00000134760.7	ENST00000257192.5	7191
4470	DSG2	ENSG00000046604.17	ENST00000261590.13	5697
4471	DSG3	ENSG00000134757.6	ENST00000257189.5	5579
4472	DSG4	ENSG00000175065.13	ENST00000308128.9	4572
4473	DSN1	ENSG00000149636.18	ENST00000373750.9	2181
4474	DSP	ENSG00000096696.18	ENST00000379802.8	9697
4475	DSPP	ENSG00000152591.15	ENST00000651931.1	4331
4476	DST	ENSG00000151914.23	ENST00000680361.1	24709
4477	DSTN	ENSG00000125868.18	ENST00000246069.12	3405
4478	DSTYK	ENSG00000133059.20	ENST00000367162.8	8010
4479	DTD1	ENSG00000125821.15	ENST00000377452.4	3953
4480	DTD2	ENSG00000129480.15	ENST00000310850.9	2713
4481	DTL	ENSG00000143476.20	ENST00000366991.5	4409
4482	DTNA	ENSG00000134769.25	ENST00000444659.6	6572
4483	DTNB	ENSG00000138101.22	ENST00000406818.8	2417
4484	DTNBP1	ENSG00000047579.22	ENST00000344537.10	1383
4485	DTWD1	ENSG00000104047.17	ENST00000403028.8	13699
4486	DTWD2	ENSG00000169570.12	ENST00000510708.6	5776
4487	DTX1	ENSG00000135144.10	ENST00000548759.2	3908
4488	DTX2	ENSG00000091073.22	ENST00000430490.7	2641
4489	DTX3	ENSG00000178498.18	ENST00000337737.8	2028
4490	DTX3L	ENSG00000163840.11	ENST00000296161.9	5768
4491	DTX4	ENSG00000110042.9	ENST00000227451.4	6003
4492	DTYMK	ENSG00000168393.15	ENST00000305784.7	1051
4493	DUOX1	ENSG00000137857.20	ENST00000389037.7	5483
4494	DUOX2	ENSG00000140279.14	ENST00000389039.11	6361
4495	DUOXA1	ENSG00000140254.15	ENST00000560572.6	3102
4496	DUOXA2	ENSG00000140274.16	ENST00000323030.6	1755
4497	DUSP29	ENSG00000188716.8	ENST00000338487.6	1135
4498	DUS1L	ENSG00000169718.20	ENST00000306796.10	2233
4499	DUS2	ENSG00000167264.20	ENST00000565263.6	1982
4500	DUS3L	ENSG00000141994.18	ENST00000309061.12	2038
4501	DUS4L	ENSG00000105865.13	ENST00000265720.8	2266
4502	DUSP1	ENSG00000120129.8	ENST00000239223.4	2013
4503	DUSP10	ENSG00000143507.20	ENST00000366899.4	2589
4504	DUSP11	ENSG00000144048.14	ENST00000272444.8	1570
4505	DUSP12	ENSG00000081721.14	ENST00000367943.5	1330
4506	DUSP13B	ENSG00000079393.23	ENST00000478873.7	1320
4507	DUSP14	ENSG00000276023.7	ENST00000617516.5	1474
4508	DUSP15	ENSG00000149599.18	ENST00000339738.10	1224
4509	DUSP16	ENSG00000111266.11	ENST00000298573.9	6661
4510	DUSP18	ENSG00000167065.16	ENST00000334679.4	3050
4511	DUSP19	ENSG00000162999.14	ENST00000354221.5	5191
4512	DUSP2	ENSG00000158050.8	ENST00000288943.5	1685
4513	DUSP21	ENSG00000189037.8	ENST00000339042.6	868
4514	DUSP22	ENSG00000112679.16	ENST00000419235.7	3075
4515	DUSP23	ENSG00000158716.11	ENST00000368107.2	797
4516	DUSP26	ENSG00000133878.11	ENST00000256261.9	1754
4517	STYXL2	ENSG00000198842.11	ENST00000361200.7	4170
4518	DUSP28	ENSG00000188542.11	ENST00000405954.2	4648
4519	DUSP3	ENSG00000108861.11	ENST00000226004.8	4095
4520	DUSP4	ENSG00000120875.10	ENST00000240100.7	5553
4521	DUSP5	ENSG00000138166.8	ENST00000369583.4	2477
4522	DUSP6	ENSG00000139318.10	ENST00000279488.8	3627
4523	DUSP7	ENSG00000164086.11	ENST00000495880.2	3361
4524	DUSP8	ENSG00000184545.13	ENST00000397374.8	4824
4525	DUSP9	ENSG00000130829.20	ENST00000342782.4	2434
4526	DUT	ENSG00000128951.16	ENST00000331200.8	2141
4527	DUXA	ENSG00000258873.3	ENST00000554048.3	1048
4528	DVL1	ENSG00000107404.23	ENST00000378888.10	3305
4529	DVL2	ENSG00000004975.14	ENST00000005340.10	2989
4530	DVL3	ENSG00000161202.22	ENST00000313143.9	5269
4531	DXO	ENSG00000204348.12	ENST00000337523.10	1469
4532	DYDC1	ENSG00000170788.16	ENST00000372202.6	638
4533	DYDC2	ENSG00000133665.15	ENST00000256039.3	1863
4534	DYM	ENSG00000141627.16	ENST00000675505.1	10144
4535	DYNAP	ENSG00000178690.5	ENST00000648945.2	1941
4536	DYNC1H1	ENSG00000197102.16	ENST00000360184.10	19940
4537	DYNC1I1	ENSG00000158560.16	ENST00000447467.6	2947
4538	DYNC1I2	ENSG00000077380.18	ENST00000397119.8	4354
4539	DYNC1LI1	ENSG00000144635.11	ENST00000273130.9	2485
4540	DYNC1LI2	ENSG00000135720.15	ENST00000258198.7	4326
4541	DYNC2H1	ENSG00000187240.19	ENST00000375735.7	13683
4542	DYNC2LI1	ENSG00000138036.20	ENST00000260605.12	1399
4543	DYNLL1	ENSG00000088986.13	ENST00000242577.11	663
4544	DYNLL2	ENSG00000264364.5	ENST00000579991.3	6807
4545	DYNLRB1	ENSG00000125971.20	ENST00000357156.7	662
4546	DYNLRB2	ENSG00000168589.16	ENST00000305904.11	628
4547	DYNLT1	ENSG00000146425.13	ENST00000367089.8	730
4548	DYNLT3	ENSG00000165169.13	ENST00000378578.9	2151
4549	DYRK1A	ENSG00000157540.24	ENST00000647188.2	17024
4550	DYRK1B	ENSG00000105204.15	ENST00000323039.10	2496
4551	DYRK2	ENSG00000127334.13	ENST00000344096.4	8888
4552	DYRK3	ENSG00000143479.19	ENST00000367109.8	8128
4553	DYRK4	ENSG00000010219.15	ENST00000543431.6	2065
4554	DYSF	ENSG00000135636.18	ENST00000410020.8	6775
4555	DYTN	ENSG00000232125.5	ENST00000452335.2	2051
4556	DNAAF4	ENSG00000256061.9	ENST00000321149.7	1993
4557	DZANK1	ENSG00000089091.19	ENST00000699568.1	3420
4558	DZIP1	ENSG00000134874.20	ENST00000376829.7	7491
4559	DZIP1L	ENSG00000158163.17	ENST00000327532.7	3492
4560	DZIP3	ENSG00000198919.15	ENST00000361582.8	5304
4561	E2F1	ENSG00000101412.15	ENST00000343380.6	2690
4562	E2F2	ENSG00000007968.9	ENST00000361729.3	5196
4563	E2F3	ENSG00000112242.18	ENST00000346618.8	5036
4564	E2F4	ENSG00000205250.11	ENST00000379378.8	2110
4565	E2F5	ENSG00000133740.13	ENST00000416274.7	1964
4566	E2F6	ENSG00000169016.19	ENST00000381525.8	3230
4567	E2F7	ENSG00000165891.18	ENST00000322886.12	5725
4568	E2F8	ENSG00000129173.15	ENST00000250024.9	3706
4569	E4F1	ENSG00000167967.18	ENST00000301727.9	2548
4570	EAF1	ENSG00000144597.15	ENST00000396842.7	4447
4571	EAF2	ENSG00000145088.11	ENST00000273668.7	998
4572	EAPP	ENSG00000129518.12	ENST00000250454.8	1303
4573	EARS2	ENSG00000103356.18	ENST00000449606.7	5196
4574	EBAG9	ENSG00000147654.18	ENST00000337573.10	2383
4575	EBF1	ENSG00000164330.20	ENST00000313708.11	5405
4576	EBF2	ENSG00000221818.11	ENST00000520164.6	5166
4577	EBF3	ENSG00000108001.18	ENST00000440978.2	5106
4578	EBF4	ENSG00000088881.23	ENST00000609451.6	3521
4579	EBI3	ENSG00000105246.8	ENST00000221847.6	1158
4580	EBLN1	ENSG00000223601.5	ENST00000422359.3	1777
4581	EBLN2	ENSG00000255423.1	ENST00000533473.1	1679
4582	EBNA1BP2	ENSG00000117395.15	ENST00000236051.3	1352
4583	EBP	ENSG00000147155.13	ENST00000495186.6	1125
4584	EBPL	ENSG00000123179.16	ENST00000242827.11	977
4585	ECD	ENSG00000122882.13	ENST00000372979.9	3006
4586	ECE1	ENSG00000117298.17	ENST00000374893.11	5067
4587	ECE2	ENSG00000145194.21	ENST00000404464.8	3223
4588	ECEL1	ENSG00000171551.14	ENST00000304546.6	2871
4589	ECH1	ENSG00000104823.11	ENST00000221418.9	1200
4590	ECHDC1	ENSG00000093144.21	ENST00000454859.8	2339
4591	ECHDC2	ENSG00000121310.19	ENST00000371522.9	1556
4592	ECHDC3	ENSG00000134463.17	ENST00000379215.9	1633
4593	ECHS1	ENSG00000127884.7	ENST00000368547.4	1277
4594	ECI1	ENSG00000167969.15	ENST00000301729.9	1507
4595	ECI2	ENSG00000198721.15	ENST00000380118.8	1368
4596	ECM1	ENSG00000143369.17	ENST00000369047.9	2046
4597	ECM2	ENSG00000106823.15	ENST00000344604.10	3185
4598	ECSCR	ENSG00000249751.6	ENST00000618155.3	1031
4599	ECSIT	ENSG00000130159.17	ENST00000270517.12	1647
4600	ECT2	ENSG00000114346.16	ENST00000392692.8	4136
4601	ECT2L	ENSG00000203734.14	ENST00000541398.7	4507
4602	EDA	ENSG00000158813.19	ENST00000374552.9	5235
4603	EDA2R	ENSG00000131080.17	ENST00000374719.8	3455
4604	EDAR	ENSG00000135960.12	ENST00000258443.7	4062
4605	EDARADD	ENSG00000186197.16	ENST00000334232.9	3088
4606	EDC3	ENSG00000179151.15	ENST00000315127.9	3744
4607	EDC4	ENSG00000038358.17	ENST00000358933.10	4767
4608	EDDM3A	ENSG00000181562.5	ENST00000326842.3	932
4609	EDDM3B	ENSG00000181552.4	ENST00000326783.4	919
4610	EDEM1	ENSG00000134109.12	ENST00000256497.9	6113
4611	EDEM2	ENSG00000088298.15	ENST00000374492.8	1884
4612	EDEM3	ENSG00000116406.22	ENST00000318130.13	6837
4613	EDF1	ENSG00000107223.15	ENST00000224073.6	662
4614	EDIL3	ENSG00000164176.15	ENST00000296591.10	4814
4615	EDN1	ENSG00000078401.9	ENST00000379375.6	2035
4616	EDN2	ENSG00000127129.12	ENST00000372587.5	1253
4617	EDN3	ENSG00000124205.20	ENST00000337938.7	2452
4618	EDNRA	ENSG00000151617.19	ENST00000651419.1	3970
4619	EDNRB	ENSG00000136160.19	ENST00000646607.2	4300
4620	EEA1	ENSG00000102189.19	ENST00000322349.13	9839
4621	EED	ENSG00000074266.25	ENST00000263360.11	2088
4622	EEF1A1	ENSG00000156508.22	ENST00000309268.11	3512
4623	EEF1A2	ENSG00000101210.17	ENST00000217182.6	1773
4624	EEF1B2	ENSG00000114942.17	ENST00000392222.7	808
4625	EEF1D	ENSG00000104529.21	ENST00000618139.4	2090
4626	EEF1E1	ENSG00000124802.14	ENST00000379715.10	1047
4627	EEF1E1-BLOC1S5	ENSG00000265818.1	ENST00000397456.2	768
4628	EEF1G	ENSG00000254772.12	ENST00000329251.5	1446
4629	EEF2	ENSG00000167658.18	ENST00000309311.7	3158
4630	EEF2K	ENSG00000103319.14	ENST00000263026.10	7398
4631	EEFSEC	ENSG00000132394.13	ENST00000254730.11	2205
4632	EEPD1	ENSG00000122547.14	ENST00000242108.9	4655
4633	CLXN	ENSG00000034239.13	ENST00000262103.8	2104
4634	EFCAB10	ENSG00000185055.13	ENST00000480514.6	737
4635	EFCAB11	ENSG00000140025.18	ENST00000316738.12	3136
4636	EFCAB12	ENSG00000172771.14	ENST00000505956.6	2139
4637	EFCAB13	ENSG00000178852.17	ENST00000331493.7	3957
4638	EFCAB14	ENSG00000159658.16	ENST00000371933.8	5817
4639	DRC8	ENSG00000203666.15	ENST00000366523.6	1418
4640	EFCAB3	ENSG00000172421.10	ENST00000305286.8	1546
4641	CRACR2B	ENSG00000177685.19	ENST00000525077.2	2166
4642	CRACR2A	ENSG00000130038.12	ENST00000440314.7	2704
4643	EFCAB5	ENSG00000176927.16	ENST00000394835.8	5103
4644	EFCAB6	ENSG00000186976.17	ENST00000262726.12	4863
4645	EFCAB7	ENSG00000203965.15	ENST00000371088.5	2178
4646	EFCC1	ENSG00000114654.10	ENST00000683648.1	3019
4647	EFEMP1	ENSG00000115380.22	ENST00000355426.8	2708
4648	EFEMP2	ENSG00000172638.15	ENST00000307998.11	1934
4649	EFHB	ENSG00000163576.19	ENST00000295824.14	2860
4650	EFHC1	ENSG00000096093.18	ENST00000371068.11	6849
4651	EFHC2	ENSG00000183690.15	ENST00000420999.2	3257
4652	EFHD1	ENSG00000115468.15	ENST00000264059.8	1878
4653	EFHD2	ENSG00000142634.15	ENST00000375980.9	2422
4654	EFNA1	ENSG00000169242.14	ENST00000368407.8	1552
4655	EFNA2	ENSG00000099617.4	ENST00000215368.4	2424
4656	EFNA3	ENSG00000143590.16	ENST00000368408.4	1817
4657	EFNA4	ENSG00000243364.9	ENST00000368409.8	1254
4658	EFNA5	ENSG00000184349.15	ENST00000333274.11	5372
4659	EFNB1	ENSG00000090776.8	ENST00000204961.5	3303
4660	EFNB2	ENSG00000125266.10	ENST00000646441.1	4995
4661	EFNB3	ENSG00000108947.6	ENST00000226091.3	3216
4662	EFR3A	ENSG00000132294.17	ENST00000254624.10	5433
4663	EFS	ENSG00000100842.15	ENST00000216733.8	2653
4664	EFL1	ENSG00000140598.18	ENST00000268206.12	3643
4665	EFTUD2	ENSG00000108883.15	ENST00000426333.7	4326
4666	EGF	ENSG00000138798.15	ENST00000265171.10	6388
4667	EGFL6	ENSG00000198759.14	ENST00000361306.6	2403
4668	EGFL7	ENSG00000172889.18	ENST00000308874.12	1759
4669	EGFL8	ENSG00000241404.9	ENST00000333845.11	1298
4670	EGFLAM	ENSG00000164318.19	ENST00000322350.10	4720
4671	EGFR	ENSG00000146648.23	ENST00000275493.7	9905
4672	EGLN1	ENSG00000135766.11	ENST00000366641.4	4335
4673	EGLN2	ENSG00000269858.8	ENST00000303961.9	2100
4674	EGLN3	ENSG00000129521.17	ENST00000250457.9	2706
4675	EGR1	ENSG00000120738.9	ENST00000239938.5	3137
4676	EGR2	ENSG00000122877.19	ENST00000242480.4	2979
4677	EGR3	ENSG00000179388.9	ENST00000317216.3	4514
4678	EGR4	ENSG00000135625.10	ENST00000436467.4	2220
4679	EHBP1	ENSG00000115504.17	ENST00000431489.6	5105
4680	EHBP1L1	ENSG00000173442.15	ENST00000309295.9	5170
4681	EHD1	ENSG00000110047.19	ENST00000320631.8	4453
4682	EHD2	ENSG00000024422.14	ENST00000263277.8	3506
4683	EHD3	ENSG00000013016.18	ENST00000322054.10	4825
4684	EHD4	ENSG00000103966.13	ENST00000220325.9	6401
4685	EHF	ENSG00000135373.15	ENST00000257831.8	5399
4686	EHHADH	ENSG00000113790.13	ENST00000231887.8	3801
4687	EHMT1	ENSG00000181090.23	ENST00000460843.6	5095
4688	EHMT2	ENSG00000204371.14	ENST00000375537.9	3979
4689	EI24	ENSG00000149547.17	ENST00000278903.11	2191
4690	EID1	ENSG00000255302.6	ENST00000530028.3	2040
4691	EID2	ENSG00000176396.12	ENST00000390658.4	1455
4692	EID2B	ENSG00000176401.7	ENST00000326282.5	1866
4693	EID3	ENSG00000255150.2	ENST00000527879.2	1467
4694	EIF1	ENSG00000173812.13	ENST00000469257.2	2338
4695	EIF1AD	ENSG00000175376.11	ENST00000533544.6	2916
4696	EIF1AX	ENSG00000173674.13	ENST00000379607.10	4414
4697	EIF1AY	ENSG00000198692.12	ENST00000361365.7	1339
4698	EIF1B	ENSG00000114784.5	ENST00000232905.4	987
4699	EIF2A	ENSG00000144895.14	ENST00000460851.6	3879
4700	EIF2AK1	ENSG00000086232.15	ENST00000199389.11	4411
4701	EIF2AK2	ENSG00000055332.21	ENST00000233057.9	9975
4702	EIF2AK3	ENSG00000172071.15	ENST00000303236.9	4536
4703	EIF2AK4	ENSG00000128829.14	ENST00000263791.10	5538
4704	EIF2B1	ENSG00000111361.15	ENST00000424014.7	2397
4705	EIF2B2	ENSG00000119718.13	ENST00000266126.10	4304
4706	EIF2B3	ENSG00000070785.19	ENST00000360403.7	1900
4707	EIF2B4	ENSG00000115211.19	ENST00000347454.9	1644
4708	EIF2B5	ENSG00000145191.17	ENST00000648915.2	2562
4709	EIF2D	ENSG00000143486.18	ENST00000271764.7	2011
4710	EIF2S1	ENSG00000134001.17	ENST00000256383.11	4154
4711	EIF2S2	ENSG00000125977.9	ENST00000374980.3	2556
4712	EIF2S3	ENSG00000130741.13	ENST00000253039.9	3457
4713	EIF3A	ENSG00000107581.16	ENST00000369144.8	6659
4714	EIF3B	ENSG00000106263.21	ENST00000360876.9	3096
4715	EIF3C	ENSG00000184110.17	ENST00000331666.11	2910
4716	EIF3D	ENSG00000100353.20	ENST00000216190.13	1880
4717	EIF3E	ENSG00000104408.13	ENST00000220849.10	2022
4718	EIF3F	ENSG00000175390.17	ENST00000651655.1	6920
4719	EIF3G	ENSG00000130811.14	ENST00000253108.9	1103
4720	EIF3H	ENSG00000147677.14	ENST00000521861.6	3961
4721	EIF3I	ENSG00000084623.14	ENST00000677711.2	1421
4722	EIF3J	ENSG00000104131.15	ENST00000261868.10	2479
4723	EIF3K	ENSG00000178982.12	ENST00000248342.9	772
4724	EIF3L	ENSG00000100129.19	ENST00000652021.1	2669
4725	EIF3M	ENSG00000149100.15	ENST00000531120.6	5047
4726	EIF4A1	ENSG00000161960.18	ENST00000293831.13	1758
4727	EIF4A2	ENSG00000156976.19	ENST00000323963.10	1886
4728	EIF4A3	ENSG00000141543.14	ENST00000649764.2	2524
4729	EIF4B	ENSG00000063046.20	ENST00000262056.14	3856
4730	EIF4E	ENSG00000151247.15	ENST00000450253.7	2427
4731	EIF4E1B	ENSG00000175766.15	ENST00000318682.11	1984
4732	EIF4E2	ENSG00000135930.17	ENST00000258416.8	967
4733	EIF4E3	ENSG00000163412.15	ENST00000425534.8	9978
4734	EIF4EBP1	ENSG00000187840.7	ENST00000338825.5	827
4735	EIF4EBP2	ENSG00000148730.9	ENST00000373218.5	7491
4736	EIF4EBP3	ENSG00000243056.3	ENST00000310331.3	693
4737	EIF4ENIF1	ENSG00000184708.20	ENST00000330125.10	3647
4738	EIF4G1	ENSG00000114867.24	ENST00000346169.7	5405
4739	EIF4G2	ENSG00000110321.20	ENST00000339995.11	3794
4740	EIF4G3	ENSG00000075151.25	ENST00000602326.6	6397
4741	EIF4H	ENSG00000106682.17	ENST00000265753.13	2563
4742	EIF5	ENSG00000100664.12	ENST00000216554.8	5710
4743	EIF5A	ENSG00000132507.20	ENST00000336458.13	1264
4744	EIF5A2	ENSG00000163577.10	ENST00000295822.7	5534
4745	EIF5B	ENSG00000158417.14	ENST00000289371.11	5741
4746	EIF6	ENSG00000242372.11	ENST00000374450.8	1069
4747	ELAC1	ENSG00000141642.11	ENST00000269466.8	2211
4748	ELAC2	ENSG00000006744.21	ENST00000338034.9	3767
4749	ELANE	ENSG00000197561.9	ENST00000263621.2	909
4750	ELAVL1	ENSG00000066044.17	ENST00000407627.7	6054
4751	ELAVL2	ENSG00000107105.17	ENST00000397312.7	3983
4752	ELAVL3	ENSG00000196361.12	ENST00000359227.8	4742
4753	ELAVL4	ENSG00000162374.19	ENST00000371824.7	3965
4754	ELF1	ENSG00000120690.19	ENST00000239882.7	3678
4755	ELF2	ENSG00000109381.23	ENST00000686138.1	4003
4756	ELF3	ENSG00000163435.17	ENST00000367284.10	3104
4757	ELF4	ENSG00000102034.20	ENST00000308167.10	5140
4758	ELF5	ENSG00000135374.13	ENST00000257832.7	2317
4759	ELFN1	ENSG00000225968.9	ENST00000424383.5	3976
4760	ELFN2	ENSG00000166897.18	ENST00000402918.7	8370
4761	ELK1	ENSG00000126767.21	ENST00000376983.8	2876
4762	ELK3	ENSG00000111145.10	ENST00000228741.8	4201
4763	ELK4	ENSG00000158711.16	ENST00000357992.9	10288
4764	ELL	ENSG00000105656.15	ENST00000262809.9	3970
4765	ELL2	ENSG00000118985.18	ENST00000237853.9	5826
4766	ELL3	ENSG00000128886.12	ENST00000319359.8	1755
4767	ELMO1	ENSG00000155849.18	ENST00000310758.9	5092
4768	ELMO2	ENSG00000062598.20	ENST00000290246.11	3666
4769	ELMO3	ENSG00000102890.18	ENST00000393997.8	2486
4770	ELMOD1	ENSG00000110675.15	ENST00000265840.12	2935
4771	ELMOD2	ENSG00000179387.12	ENST00000323570.8	4399
4772	ELMOD3	ENSG00000115459.20	ENST00000409013.8	2364
4773	MIDEAS	ENSG00000156030.16	ENST00000423556.7	7809
4774	ELN	ENSG00000049540.21	ENST00000252034.12	3397
4775	ELOF1	ENSG00000130165.13	ENST00000252445.8	1010
4776	ELOVL1	ENSG00000066322.17	ENST00000372458.8	1466
4777	ELOVL2	ENSG00000197977.6	ENST00000354666.4	3988
4778	ELOVL3	ENSG00000119915.6	ENST00000370005.4	1400
4779	ELOVL4	ENSG00000118402.7	ENST00000369816.5	3013
4780	ELOVL5	ENSG00000012660.16	ENST00000304434.11	2765
4781	ELOVL6	ENSG00000170522.12	ENST00000302274.8	6570
4782	ELOVL7	ENSG00000164181.16	ENST00000508821.6	3874
4783	ELP2	ENSG00000134759.16	ENST00000358232.11	8432
4784	ELP3	ENSG00000134014.20	ENST00000256398.13	3148
4785	ELP4	ENSG00000109911.21	ENST00000640961.2	8093
4786	ELP5	ENSG00000170291.19	ENST00000396628.7	1491
4787	ELP6	ENSG00000163832.18	ENST00000296149.9	1352
4788	ELSPBP1	ENSG00000169393.10	ENST00000339841.7	1079
4789	ADGRL4	ENSG00000162618.17	ENST00000370742.4	3539
4790	EMB	ENSG00000170571.14	ENST00000303221.10	4202
4791	EMC1	ENSG00000127463.18	ENST00000477853.6	6640
4792	EMC10	ENSG00000161671.18	ENST00000334976.11	9439
4793	EMC2	ENSG00000104412.10	ENST00000220853.8	3527
4794	EMC3	ENSG00000125037.15	ENST00000245046.7	2353
4795	EMC4	ENSG00000128463.15	ENST00000267750.9	1019
4796	EMC6	ENSG00000127774.9	ENST00000248378.6	656
4797	EMC7	ENSG00000134153.12	ENST00000256545.9	1069
4798	EMC8	ENSG00000131148.11	ENST00000253457.8	1966
4799	EMC9	ENSG00000100908.16	ENST00000216799.9	838
4800	EMCN	ENSG00000164035.12	ENST00000296420.9	3966
4801	EMD	ENSG00000102119.14	ENST00000369842.9	1281
4802	EME1	ENSG00000154920.17	ENST00000338165.9	2330
4803	EME2	ENSG00000197774.15	ENST00000568449.7	7022
4804	EMG1	ENSG00000126749.19	ENST00000599672.6	4873
4805	EMID1	ENSG00000186998.18	ENST00000334018.11	2128
4806	EMILIN1	ENSG00000138080.16	ENST00000380320.9	3890
4807	EMILIN2	ENSG00000132205.13	ENST00000254528.4	5944
4808	EMILIN3	ENSG00000183798.6	ENST00000332312.4	3791
4809	EML1	ENSG00000066629.21	ENST00000262233.11	4460
4810	EML2	ENSG00000125746.20	ENST00000245925.8	2234
4811	EML3	ENSG00000149499.14	ENST00000394773.7	3266
4812	EML4	ENSG00000143924.21	ENST00000318522.10	5546
4813	EML5	ENSG00000165521.18	ENST00000554922.6	9771
4814	EML6	ENSG00000214595.14	ENST00000356458.8	8436
4815	EMP1	ENSG00000134531.12	ENST00000256951.10	5913
4816	EMP2	ENSG00000213853.12	ENST00000359543.8	5097
4817	EMP3	ENSG00000142227.14	ENST00000270221.11	649
4818	ADGRE1	ENSG00000174837.16	ENST00000312053.9	3112
4819	ADGRE2	ENSG00000127507.20	ENST00000315576.8	6791
4820	ADGRE3	ENSG00000131355.18	ENST00000253673.6	2349
4821	EMX1	ENSG00000135638.16	ENST00000258106.11	2144
4822	EMX2	ENSG00000170370.13	ENST00000553456.5	2595
4823	EN1	ENSG00000163064.7	ENST00000295206.7	2427
4824	EN2	ENSG00000164778.5	ENST00000297375.4	3395
4825	ENAH	ENSG00000154380.21	ENST00000366843.7	13092
4826	ENAM	ENSG00000132464.13	ENST00000396073.4	5679
4827	ENC1	ENSG00000171617.18	ENST00000302351.9	4821
4828	ENDOD1	ENSG00000149218.7	ENST00000278505.5	4651
4829	ENDOG	ENSG00000167136.9	ENST00000372642.5	1145
4830	ENDOU	ENSG00000111405.10	ENST00000422538.8	2378
4831	ENDOV	ENSG00000173818.19	ENST00000518137.6	2820
4832	ENG	ENSG00000106991.17	ENST00000373203.9	2946
4833	ENGASE	ENSG00000167280.19	ENST00000579016.6	4603
4834	ENHO	ENSG00000168913.9	ENST00000399775.3	1028
4835	ENKD1	ENSG00000124074.14	ENST00000243878.9	1565
4836	ENKUR	ENSG00000151023.18	ENST00000331161.9	3378
4837	ENO1	ENSG00000074800.18	ENST00000234590.10	1781
4838	ENO2	ENSG00000111674.11	ENST00000229277.6	2294
4839	ENO3	ENSG00000108515.20	ENST00000519602.6	1453
4840	ENOPH1	ENSG00000145293.19	ENST00000273920.8	2083
4841	ENOSF1	ENSG00000132199.22	ENST00000647584.2	5362
4842	ENOX1	ENSG00000120658.16	ENST00000690772.1	3397
4843	ENOX2	ENSG00000165675.21	ENST00000394363.6	5126
4844	ENPEP	ENSG00000138792.12	ENST00000265162.10	6861
4845	ENPP1	ENSG00000197594.16	ENST00000647893.1	7438
4846	ENPP2	ENSG00000136960.15	ENST00000075322.11	3086
4847	ENPP3	ENSG00000154269.17	ENST00000357639.8	3165
4848	ENPP4	ENSG00000001561.9	ENST00000321037.5	4644
4849	ENPP5	ENSG00000112796.12	ENST00000371383.7	3845
4850	ENPP6	ENSG00000164303.13	ENST00000296741.7	3848
4851	ENPP7	ENSG00000182156.12	ENST00000328313.10	2016
4852	ENSA	ENSG00000143420.21	ENST00000369014.10	1227
4853	ENTHD1	ENSG00000176177.10	ENST00000325157.7	2680
4854	TEPSIN	ENSG00000167302.13	ENST00000637944.2	2455
4855	ENTPD1	ENSG00000138185.22	ENST00000371205.5	12493
4856	ENTPD2	ENSG00000054179.14	ENST00000355097.7	2102
4857	ENTPD3	ENSG00000168032.12	ENST00000301825.8	2916
4858	ENTPD4	ENSG00000197217.15	ENST00000358689.9	5803
4859	ENTPD5	ENSG00000187097.15	ENST00000334696.11	5261
4860	ENTPD6	ENSG00000197586.15	ENST00000376652.9	4104
4861	ENTPD7	ENSG00000198018.9	ENST00000370489.5	8548
4862	ENTPD8	ENSG00000188833.12	ENST00000371506.7	2130
4863	ENY2	ENSG00000120533.14	ENST00000521688.6	2901
4864	EOGT	ENSG00000163378.15	ENST00000383701.8	4443
4865	EOMES	ENSG00000163508.14	ENST00000449599.4	3264
4866	EP300	ENSG00000100393.18	ENST00000263253.9	8779
4867	EP400	ENSG00000183495.17	ENST00000389561.7	12289
4868	EP400P1	ENSG00000185684.18	ENST00000641289.3	2835
4869	EPAS1	ENSG00000116016.16	ENST00000263734.5	5155
4870	EPB41	ENSG00000159023.25	ENST00000343067.9	6031
4871	EPB41L1	ENSG00000088367.25	ENST00000338074.7	6276
4872	EPB41L2	ENSG00000079819.22	ENST00000337057.8	4380
4873	EPB41L3	ENSG00000082397.20	ENST00000341928.7	4459
4874	EPB41L4A	ENSG00000129595.15	ENST00000261486.6	4670
4875	EPB41L4B	ENSG00000095203.17	ENST00000374566.8	5896
4876	EPB41L5	ENSG00000115109.16	ENST00000263713.10	6556
4877	EPB42	ENSG00000166947.16	ENST00000441366.7	2344
4878	EPC1	ENSG00000120616.17	ENST00000319778.11	3997
4879	EPC2	ENSG00000135999.15	ENST00000258484.11	3883
4880	EPCAM	ENSG00000119888.13	ENST00000263735.9	1547
4881	EPDR1	ENSG00000086289.14	ENST00000199448.9	2515
4882	EPG5	ENSG00000152223.18	ENST00000282041.11	12688
4883	EPGN	ENSG00000182585.11	ENST00000413830.6	2681
4884	EPHA1	ENSG00000146904.11	ENST00000275815.4	3310
4885	EPHA10	ENSG00000183317.19	ENST00000373048.9	5477
4886	EPHA2	ENSG00000142627.15	ENST00000358432.8	3946
4887	EPHA3	ENSG00000044524.13	ENST00000336596.7	5712
4888	EPHA4	ENSG00000116106.14	ENST00000281821.7	6362
4889	EPHA5	ENSG00000145242.16	ENST00000613740.5	8345
4890	EPHA6	ENSG00000080224.19	ENST00000389672.10	16254
4891	EPHA7	ENSG00000135333.17	ENST00000369303.9	6621
4892	EPHA8	ENSG00000070886.13	ENST00000166244.8	5019
4893	EPHB1	ENSG00000154928.21	ENST00000398015.8	4674
4894	EPHB2	ENSG00000133216.18	ENST00000374630.8	11035
4895	EPHB3	ENSG00000182580.5	ENST00000330394.3	4234
4896	EPHB4	ENSG00000196411.12	ENST00000358173.8	4353
4897	EPHB6	ENSG00000106123.15	ENST00000652003.1	3999
4898	EPHX1	ENSG00000143819.15	ENST00000272167.10	1635
4899	EPHX2	ENSG00000120915.17	ENST00000521400.6	2776
4900	EPHX3	ENSG00000105131.10	ENST00000221730.8	1838
4901	EPHX4	ENSG00000172031.9	ENST00000370383.5	1436
4902	EPM2A	ENSG00000112425.17	ENST00000367519.9	3129
4903	EPM2AIP1	ENSG00000178567.8	ENST00000322716.8	8089
4904	EPN1	ENSG00000063245.17	ENST00000270460.11	16219
4905	EPN2	ENSG00000072134.18	ENST00000314728.10	4846
4906	EPN3	ENSG00000049283.21	ENST00000268933.8	3879
4907	EPO	ENSG00000130427.4	ENST00000252723.3	1662
4908	EPOR	ENSG00000187266.16	ENST00000222139.11	2411
4909	EPPIN	ENSG00000101448.15	ENST00000354280.9	1964
4910	EPPIN-WFDC6	ENSG00000249139.2	ENST00000651288.1	1137
4911	EPPK1	ENSG00000261150.4	ENST00000615648.2	16005
4912	EPRS1	ENSG00000136628.20	ENST00000366923.8	4862
4913	EPS15	ENSG00000085832.20	ENST00000371733.8	5163
4914	EPS15L1	ENSG00000127527.17	ENST00000455140.7	3216
4915	EPS8	ENSG00000151491.16	ENST00000281172.10	3901
4916	EPS8L1	ENSG00000131037.17	ENST00000201647.11	2569
4917	EPS8L2	ENSG00000177106.19	ENST00000318562.13	3030
4918	EPS8L3	ENSG00000198758.13	ENST00000361965.9	2219
4919	EPSTI1	ENSG00000133106.17	ENST00000313624.12	3106
4920	SELENOI	ENSG00000138018.20	ENST00000260585.12	8066
4921	EPX	ENSG00000121053.6	ENST00000225371.6	2719
4922	EPYC	ENSG00000083782.8	ENST00000261172.8	1482
4923	EQTN	ENSG00000120160.11	ENST00000380032.8	1049
4924	ERAL1	ENSG00000132591.14	ENST00000254928.10	1841
4925	ERAP1	ENSG00000164307.15	ENST00000443439.7	4841
4926	ERAP2	ENSG00000164308.20	ENST00000437043.8	5131
4927	ERAS	ENSG00000187682.3	ENST00000636362.1	826
4928	ERBB2	ENSG00000141736.16	ENST00000269571.10	4557
4929	ERBIN	ENSG00000112851.18	ENST00000284037.10	8544
4930	ERBB3	ENSG00000065361.19	ENST00000267101.8	5615
4931	ERBB4	ENSG00000178568.17	ENST00000342788.9	12097
4932	ERC1	ENSG00000082805.23	ENST00000360905.9	9308
4933	ERC2	ENSG00000187672.17	ENST00000288221.11	6239
4934	ERCC1	ENSG00000012061.19	ENST00000300853.8	3379
4935	ERCC2	ENSG00000104884.19	ENST00000391945.10	4108
4936	ERCC3	ENSG00000163161.16	ENST00000285398.7	2718
4937	ERCC4	ENSG00000175595.17	ENST00000311895.8	6764
4938	ERCC5	ENSG00000134899.26	ENST00000652225.2	3888
4939	ERCC6	ENSG00000225830.18	ENST00000355832.10	9001
4940	ERCC6L	ENSG00000186871.8	ENST00000334463.4	4218
4941	ERCC6L2	ENSG00000182150.22	ENST00000653738.2	10245
4942	ERCC8	ENSG00000049167.18	ENST00000676185.1	9414
4943	EREG	ENSG00000124882.5	ENST00000244869.3	4615
4944	ERF	ENSG00000105722.13	ENST00000222329.9	2672
4945	ERG	ENSG00000157554.22	ENST00000288319.12	4904
4946	ERGIC1	ENSG00000113719.19	ENST00000393784.8	2903
4947	ERGIC2	ENSG00000087502.21	ENST00000360150.9	5033
4948	ERGIC3	ENSG00000125991.23	ENST00000348547.7	1302
4949	ERH	ENSG00000100632.13	ENST00000557016.6	791
4950	ERI1	ENSG00000104626.17	ENST00000250263.8	4521
4951	ERI2	ENSG00000196678.16	ENST00000357967.9	3502
4952	ERI3	ENSG00000117419.18	ENST00000372257.7	1733
4953	ERICH1	ENSG00000104714.16	ENST00000262109.8	1798
4954	ERLEC1	ENSG00000068912.17	ENST00000185150.9	2446
4955	ERLIN1	ENSG00000107566.16	ENST00000421367.7	3487
4956	ERLIN2	ENSG00000147475.19	ENST00000519638.3	5387
4957	ERMAP	ENSG00000164010.17	ENST00000372517.8	3440
4958	ERMARD	ENSG00000130023.18	ENST00000366773.8	2160
4959	ERMN	ENSG00000136541.17	ENST00000410096.6	3677
4960	ERMP1	ENSG00000099219.17	ENST00000339450.10	5377
4961	ERN1	ENSG00000178607.18	ENST00000433197.4	7895
4962	ERN2	ENSG00000134398.17	ENST00000256797.9	3337
4963	ERO1A	ENSG00000197930.15	ENST00000395686.8	5139
4964	ERO1B	ENSG00000086619.16	ENST00000354619.10	4994
4965	ERP27	ENSG00000139055.8	ENST00000266397.7	1547
4966	ERP29	ENSG00000089248.9	ENST00000261735.4	1623
4967	ERP44	ENSG00000023318.11	ENST00000262455.7	4808
4968	ERRFI1	ENSG00000116285.15	ENST00000377482.10	3097
4969	ERV3-1	ENSG00000213462.6	ENST00000394323.3	3206
4970	ERVFRD-1	ENSG00000244476.4	ENST00000472091.2	3191
4971	ERVW-1	ENSG00000242950.7	ENST00000603053.2	2794
4972	ESAM	ENSG00000149564.14	ENST00000278927.10	1829
4973	ESCO1	ENSG00000141446.14	ENST00000269214.10	4488
4974	ESCO2	ENSG00000171320.16	ENST00000305188.13	3754
4975	ESD	ENSG00000139684.17	ENST00000378720.8	1121
4976	ESF1	ENSG00000089048.17	ENST00000617257.2	3188
4977	ESM1	ENSG00000164283.14	ENST00000381405.5	2096
4978	ESPL1	ENSG00000135476.14	ENST00000257934.9	6618
4979	ESPN	ENSG00000187017.19	ENST00000645284.1	3543
4980	ESPNL	ENSG00000144488.16	ENST00000343063.8	4653
4981	ESR1	ENSG00000091831.27	ENST00000206249.8	6327
4982	ESR2	ENSG00000140009.20	ENST00000341099.6	6842
4983	ESRP1	ENSG00000104413.20	ENST00000433389.8	3768
4984	ESRP2	ENSG00000103067.16	ENST00000473183.7	3429
4985	ESRRA	ENSG00000173153.19	ENST00000000442.11	2274
4986	ESRRB	ENSG00000119715.15	ENST00000644823.1	5009
4987	ESRRG	ENSG00000196482.19	ENST00000408911.8	5195
4988	ESX1	ENSG00000123576.5	ENST00000372588.4	1495
4989	ESYT1	ENSG00000139641.15	ENST00000394048.10	4180
4990	ESYT2	ENSG00000117868.20	ENST00000275418.13	5902
4991	ESYT3	ENSG00000158220.16	ENST00000389567.9	5915
4992	ETAA1	ENSG00000143971.11	ENST00000272342.6	4948
4993	ETF1	ENSG00000120705.15	ENST00000360541.10	3682
4994	ETFA	ENSG00000140374.19	ENST00000557943.6	2289
4995	ETFB	ENSG00000105379.12	ENST00000309244.9	872
4996	ETFDH	ENSG00000171503.15	ENST00000511912.6	3111
4997	ETHE1	ENSG00000105755.10	ENST00000292147.7	920
4998	ETNK1	ENSG00000139163.18	ENST00000266517.9	7063
4999	ETNK2	ENSG00000143845.16	ENST00000367202.9	2475
5000	ETNPPL	ENSG00000164089.11	ENST00000296486.8	2086
5001	ETS1	ENSG00000134954.16	ENST00000392668.8	5139
5002	ETS2	ENSG00000157557.15	ENST00000360938.8	3668
5003	ETV1	ENSG00000006468.17	ENST00000430479.6	6459
5004	ETV2	ENSG00000105672.16	ENST00000402764.6	1487
5005	ETV3	ENSG00000117036.13	ENST00000368192.9	5282
5006	ETV3L	ENSG00000253831.4	ENST00000454449.3	1977
5007	ETV4	ENSG00000175832.15	ENST00000319349.10	2335
5008	ETV5	ENSG00000244405.10	ENST00000306376.10	4082
5009	ETV6	ENSG00000139083.13	ENST00000396373.9	6144
5010	ETV7	ENSG00000010030.15	ENST00000340181.9	1605
5011	EVA1A	ENSG00000115363.16	ENST00000393913.8	1828
5012	EVA1B	ENSG00000142694.9	ENST00000490466.2	980
5013	EVA1C	ENSG00000166979.15	ENST00000300255.7	1671
5014	EVC	ENSG00000072840.15	ENST00000264956.11	6427
5015	EVC2	ENSG00000173040.15	ENST00000344408.10	4382
5016	EVI2A	ENSG00000126860.14	ENST00000462804.3	2742
5017	EVI2B	ENSG00000185862.9	ENST00000330927.5	1937
5018	EVI5	ENSG00000067208.19	ENST00000684568.2	7795
5019	EVI5L	ENSG00000142459.11	ENST00000538904.7	3903
5020	EVL	ENSG00000196405.15	ENST00000392920.8	1834
5021	EVPL	ENSG00000167880.10	ENST00000301607.8	6468
5022	EVPLL	ENSG00000214860.7	ENST00000399134.5	1979
5023	EVX1	ENSG00000106038.14	ENST00000496902.7	2858
5024	EVX2	ENSG00000174279.5	ENST00000308618.5	4252
5025	EWSR1	ENSG00000182944.20	ENST00000397938.7	2400
5026	EXD1	ENSG00000178997.13	ENST00000458580.7	3254
5027	EXD2	ENSG00000081177.21	ENST00000685843.1	5009
5028	EXD3	ENSG00000187609.18	ENST00000340951.9	2781
5029	EXO1	ENSG00000174371.19	ENST00000366548.8	3449
5030	EXO5	ENSG00000164002.14	ENST00000415550.6	1899
5031	EXOC1	ENSG00000090989.20	ENST00000381295.7	3592
5032	EXOC2	ENSG00000112685.16	ENST00000230449.9	4456
5033	EXOC3	ENSG00000180104.18	ENST00000512944.6	2801
5034	EXOC3L1	ENSG00000179044.18	ENST00000314586.11	2429
5035	EXOC3L2	ENSG00000283632.6	ENST00000413988.3	3191
5036	EXOC3L4	ENSG00000205436.10	ENST00000688303.1	2637
5037	EXOC4	ENSG00000131558.18	ENST00000253861.5	4182
5038	EXOC5	ENSG00000070367.19	ENST00000621441.5	10486
5039	EXOC6	ENSG00000138190.18	ENST00000260762.10	3564
5040	EXOC6B	ENSG00000144036.18	ENST00000272427.11	5910
5041	EXOC7	ENSG00000182473.24	ENST00000589210.6	4782
5042	EXOC8	ENSG00000116903.7	ENST00000366645.1	5100
5043	EXOG	ENSG00000157036.15	ENST00000287675.10	3076
5044	EXOSC1	ENSG00000171311.15	ENST00000370902.8	1145
5045	EXOSC10	ENSG00000171824.16	ENST00000376936.9	2796
5046	EXOSC2	ENSG00000130713.19	ENST00000372358.10	2012
5047	EXOSC3	ENSG00000107371.16	ENST00000327304.10	1813
5048	EXOSC4	ENSG00000178896.11	ENST00000316052.6	842
5049	EXOSC5	ENSG00000077348.12	ENST00000221233.9	998
5050	EXOSC6	ENSG00000223496.3	ENST00000435634.3	5163
5051	EXOSC7	ENSG00000075914.15	ENST00000265564.8	1042
5052	EXOSC8	ENSG00000120699.16	ENST00000389704.4	1166
5053	EXOSC9	ENSG00000123737.15	ENST00000243498.10	1587
5054	EXPH5	ENSG00000110723.13	ENST00000265843.9	10304
5055	EXT1	ENSG00000182197.14	ENST00000378204.7	8243
5056	EXT2	ENSG00000151348.18	ENST00000533608.7	10037
5057	EXTL1	ENSG00000158008.12	ENST00000374280.4	4020
5058	EXTL2	ENSG00000162694.16	ENST00000370114.8	2825
5059	EXTL3	ENSG00000012232.12	ENST00000220562.9	8221
5060	EYA1	ENSG00000104313.22	ENST00000340726.8	4163
5061	EYA2	ENSG00000064655.22	ENST00000327619.10	2483
5062	EYA3	ENSG00000158161.18	ENST00000373871.8	5999
5063	EYA4	ENSG00000112319.23	ENST00000355286.12	5701
5064	EYS	ENSG00000188107.16	ENST00000503581.6	10590
5065	EZH1	ENSG00000108799.15	ENST00000428826.7	4633
5066	EZH2	ENSG00000106462.14	ENST00000320356.7	2654
5067	EZR	ENSG00000092820.21	ENST00000367075.4	3052
5068	F10	ENSG00000126218.14	ENST00000375559.8	1536
5069	F11	ENSG00000088926.17	ENST00000403665.7	3053
5070	F11R	ENSG00000158769.21	ENST00000368026.11	4639
5071	F12	ENSG00000131187.13	ENST00000253496.4	2036
5072	F13A1	ENSG00000124491.18	ENST00000264870.8	3828
5073	F13B	ENSG00000143278.7	ENST00000367412.2	2660
5074	F2	ENSG00000180210.17	ENST00000311907.10	1990
5075	F2R	ENSG00000181104.8	ENST00000319211.5	3727
5076	F2RL1	ENSG00000164251.6	ENST00000296677.5	2861
5077	F2RL2	ENSG00000164220.8	ENST00000296641.5	3398
5078	F2RL3	ENSG00000127533.5	ENST00000248076.4	3334
5079	F3	ENSG00000117525.16	ENST00000334047.12	2298
5080	F5	ENSG00000198734.14	ENST00000367797.9	9132
5081	F7	ENSG00000057593.16	ENST00000346342.8	3063
5082	F8	ENSG00000185010.16	ENST00000360256.9	9032
5083	F9	ENSG00000101981.13	ENST00000218099.7	2800
5084	FA2H	ENSG00000103089.11	ENST00000219368.8	2405
5085	FAAH	ENSG00000117480.18	ENST00000243167.9	2042
5086	FAAH2	ENSG00000165591.9	ENST00000374900.5	1980
5087	FABP1	ENSG00000163586.12	ENST00000295834.8	501
5088	FABP12	ENSG00000197416.7	ENST00000360464.6	629
5089	FABP2	ENSG00000145384.5	ENST00000274024.4	2226
5090	FABP3	ENSG00000121769.10	ENST00000373713.7	1097
5091	FABP4	ENSG00000170323.11	ENST00000256104.5	911
5092	FABP5	ENSG00000164687.13	ENST00000297258.11	676
5093	FABP6	ENSG00000170231.18	ENST00000402432.4	496
5094	FABP7	ENSG00000164434.13	ENST00000368444.8	785
5095	FABP9	ENSG00000205186.4	ENST00000379071.4	585
5096	FADD	ENSG00000168040.7	ENST00000301838.5	1708
5097	FADS1	ENSG00000149485.21	ENST00000350997.12	4364
5098	FADS2	ENSG00000134824.16	ENST00000278840.9	3091
5099	FADS3	ENSG00000221968.11	ENST00000278829.7	1790
5100	FADS6	ENSG00000172782.15	ENST00000612771.5	2174
5101	FAF1	ENSG00000185104.23	ENST00000396153.7	6821
5102	FAF2	ENSG00000113194.15	ENST00000261942.7	4485
5103	FAH	ENSG00000103876.16	ENST00000561421.6	1456
5104	FAHD1	ENSG00000180185.14	ENST00000427358.5	1705
5105	FAHD2A	ENSG00000115042.12	ENST00000233379.9	4775
5106	FAHD2B	ENSG00000144199.15	ENST00000414820.6	1431
5107	FAIM	ENSG00000158234.15	ENST00000360570.8	1086
5108	FAIM2	ENSG00000135472.11	ENST00000320634.8	4667
5109	FCMR	ENSG00000162894.14	ENST00000367091.8	2962
5110	RFLNA	ENSG00000178882.16	ENST00000546355.4	2487
5111	RFLNB	ENSG00000183688.4	ENST00000329099.4	3621
5112	EEIG1	ENSG00000167106.14	ENST00000373095.6	4617
5113	EEIG2	ENSG00000162636.18	ENST00000370035.8	5584
5114	RAMAC	ENSG00000169612.6	ENST00000304191.4	1565
5115	VCF1	ENSG00000133193.15	ENST00000405159.8	2876
5116	VCF2	ENSG00000182518.16	ENST00000685693.1	3359
5117	OTULINL	ENSG00000145569.8	ENST00000274217.4	7040
5118	OTULIN	ENSG00000154124.9	ENST00000284274.5	7969
5119	FAM107A	ENSG00000168309.20	ENST00000360997.7	2994
5120	FAM107B	ENSG00000065809.14	ENST00000181796.7	3788
5121	PHETA1	ENSG00000198324.16	ENST00000683047.1	3114
5122	PHETA2	ENSG00000177096.11	ENST00000321753.8	2335
5123	FAM110A	ENSG00000125898.15	ENST00000381941.8	1807
5124	FAM110B	ENSG00000169122.14	ENST00000519262.6	3349
5125	FAM110C	ENSG00000184731.7	ENST00000327669.5	3880
5126	FAM110D	ENSG00000197245.8	ENST00000374268.5	2799
5127	FAM111A	ENSG00000166801.19	ENST00000675163.1	3989
5128	FAM111B	ENSG00000189057.13	ENST00000343597.4	3506
5129	FAM114A1	ENSG00000197712.14	ENST00000358869.5	4060
5130	FAM114A2	ENSG00000055147.21	ENST00000351797.9	4414
5131	TCAF1	ENSG00000198420.12	ENST00000479870.6	5754
5132	FAM117A	ENSG00000121104.9	ENST00000240364.7	2329
5133	FAM117B	ENSG00000138439.13	ENST00000392238.3	5982
5134	FAM118A	ENSG00000100376.14	ENST00000441876.7	2883
5135	FAM118B	ENSG00000197798.11	ENST00000533050.6	2016
5136	FAM120A	ENSG00000048828.20	ENST00000277165.11	5160
5137	FAM120AOS	ENSG00000188938.18	ENST00000375412.11	5922
5138	FAM120B	ENSG00000112584.16	ENST00000476287.4	5155
5139	FAM120C	ENSG00000184083.13	ENST00000375180.7	8056
5140	PABIR1	ENSG00000187866.10	ENST00000394264.7	5502
5141	PABIR2	ENSG00000156504.19	ENST00000343004.10	4377
5142	PABIR3	ENSG00000156500.18	ENST00000645433.2	1592
5143	FAM124A	ENSG00000150510.18	ENST00000322475.13	4728
5144	FAM124B	ENSG00000124019.12	ENST00000409685.4	2582
5145	HYCC1	ENSG00000122591.15	ENST00000432176.7	13178
5146	HYCC2	ENSG00000155744.12	ENST00000681958.1	9503
5147	RTL8C	ENSG00000134590.14	ENST00000257013.9	1192
5148	RTL8A	ENSG00000203950.7	ENST00000370775.3	1204
5149	RTL8B	ENSG00000212747.5	ENST00000391440.3	2030
5150	NIBAN1	ENSG00000135842.19	ENST00000367511.4	6884
5151	NIBAN2	ENSG00000136830.14	ENST00000373312.4	3942
5152	NIBAN3	ENSG00000167483.20	ENST00000599164.6	3679
5153	FAM131A	ENSG00000175182.17	ENST00000383847.7	2437
5154	FAM131B	ENSG00000159784.20	ENST00000443739.7	4343
5155	FAM131C	ENSG00000185519.11	ENST00000375662.5	1720
5156	C1QTNF12	ENSG00000184163.4	ENST00000330388.2	1036
5157	FAM133A	ENSG00000179083.9	ENST00000683942.1	3179
5158	FAM133B	ENSG00000234545.10	ENST00000445716.6	2367
5159	RETREG2	ENSG00000144567.13	ENST00000430297.7	4556
5160	RETREG1	ENSG00000154153.16	ENST00000306320.10	3208
5161	RETREG3	ENSG00000141699.13	ENST00000309428.10	3749
5162	FAM135A	ENSG00000082269.19	ENST00000418814.7	6215
5163	FAM135B	ENSG00000147724.13	ENST00000395297.6	7401
5164	FAM136A	ENSG00000035141.12	ENST00000430566.6	2107
5165	FAM13A	ENSG00000138640.17	ENST00000264344.10	5866
5166	FAM13B	ENSG00000031003.13	ENST00000689681.1	5579
5167	FAM13C	ENSG00000148541.15	ENST00000618804.5	3328
5168	FAM149A	ENSG00000109794.16	ENST00000706927.1	6042
5169	ALKAL1	ENSG00000196711.10	ENST00000358543.9	1140
5170	ALKAL2	ENSG00000189292.19	ENST00000403610.9	1184
5171	FAM151A	ENSG00000162391.14	ENST00000302250.7	1975
5172	FAM151B	ENSG00000152380.12	ENST00000282226.5	1586
5173	FAM153A	ENSG00000170074.23	ENST00000697116.2	2176
5174	FAM153CP	ENSG00000204677.14	ENST00000511856.6	1570
5175	SAXO1	ENSG00000155875.16	ENST00000380534.9	2128
5176	SAXO2	ENSG00000188659.11	ENST00000682753.1	3304
5177	NALF1	ENSG00000204442.4	ENST00000375915.4	9264
5178	NALF2	ENSG00000130054.6	ENST00000252338.5	4928
5179	SHISAL2A	ENSG00000182183.16	ENST00000517870.2	924
5180	SHISAL2B	ENSG00000145642.13	ENST00000389074.6	772
5181	FHIP1B	ENSG00000051009.13	ENST00000449352.7	3364
5182	FHIP2A	ENSG00000151553.17	ENST00000369248.9	5774
5183	FHIP2B	ENSG00000158863.24	ENST00000289921.8	4316
5184	FAM161A	ENSG00000170264.15	ENST00000404929.6	3777
5185	FAM161B	ENSG00000156050.11	ENST00000286544.5	3992
5186	FAM162A	ENSG00000114023.17	ENST00000477892.5	3052
5187	FAM162B	ENSG00000183807.10	ENST00000368557.6	1032
5188	FAM163A	ENSG00000143340.9	ENST00000341785.5	2781
5189	FAM163B	ENSG00000196990.12	ENST00000673969.1	2778
5190	CIMIP2A	ENSG00000188163.8	ENST00000344774.6	1091
5191	CIMIP2B	ENSG00000215187.14	ENST00000399742.7	1054
5192	FAM167A	ENSG00000154319.18	ENST00000284486.9	4067
5193	FAM167B	ENSG00000183615.8	ENST00000373582.4	947
5194	FAM168A	ENSG00000054965.13	ENST00000356467.5	7192
5195	FAM168B	ENSG00000152102.20	ENST00000389915.4	5435
5196	FAM169A	ENSG00000198780.15	ENST00000687041.1	6125
5197	FAM169BP	ENSG00000293555.2	ENST00000558256.5	3298
5198	FAM170A	ENSG00000164334.17	ENST00000695508.1	1379
5199	FAM171A1	ENSG00000148468.19	ENST00000378116.9	4182
5200	FAM171B	ENSG00000144369.16	ENST00000304698.10	5731
5201	ARB2A	ENSG00000113391.21	ENST00000395965.8	4684
5202	ANTKMT	ENSG00000103254.12	ENST00000569529.6	870
5203	ATPSCKMT	ENSG00000150756.16	ENST00000511437.6	2651
5204	FAM174A	ENSG00000174132.11	ENST00000312637.5	1287
5205	FAM174B	ENSG00000185442.15	ENST00000327355.6	2604
5206	ABRAXAS1	ENSG00000163322.16	ENST00000321945.12	4210
5207	ABRAXAS2	ENSG00000165660.10	ENST00000298492.6	2955
5208	FAM177A1	ENSG00000151327.16	ENST00000280987.9	3053
5209	FAM177B	ENSG00000197520.13	ENST00000445590.4	1677
5210	SLF2	ENSG00000119906.15	ENST00000238961.9	6892
5211	FAM178B	ENSG00000168754.16	ENST00000490605.3	2698
5212	TOGARAM2	ENSG00000189350.15	ENST00000379558.5	3548
5213	TOGARAM1	ENSG00000198718.15	ENST00000361462.7	6424
5214	FAM180A	ENSG00000189320.9	ENST00000338588.8	1774
5215	FAM180B	ENSG00000196666.7	ENST00000538490.3	1403
5216	FAM181A	ENSG00000140067.8	ENST00000556222.2	1521
5217	FAM181B	ENSG00000182103.5	ENST00000329203.5	3925
5218	CFAP144	ENSG00000186973.13	ENST00000335282.5	536
5219	CFAP144P1	ENSG00000164556.7	ENST00000409072.4	1595
5220	FAM184A	ENSG00000111879.21	ENST00000338891.12	4128
5221	FAM186B	ENSG00000135436.8	ENST00000257894.2	2944
5222	FAM187A	ENSG00000214447.6	ENST00000331733.5	1958
5223	FAM187B	ENSG00000177558.4	ENST00000324675.4	1194
5224	MINDY3	ENSG00000148481.16	ENST00000277632.8	2364
5225	MINDY4	ENSG00000106125.16	ENST00000265299.6	2733
5226	ENTREP1	ENSG00000135063.22	ENST00000303068.14	2559
5227	ENTREP3	ENSG00000160767.25	ENST00000361361.7	3190
5228	PSME3IP1	ENSG00000172775.20	ENST00000309137.13	2823
5229	FAM193A	ENSG00000125386.18	ENST00000637812.2	5522
5230	FAM193B	ENSG00000146067.19	ENST00000514747.6	2968
5231	ERICH6	ENSG00000163645.15	ENST00000295910.11	2021
5232	MCRIP2	ENSG00000172366.22	ENST00000307650.9	931
5233	MCRIP1	ENSG00000225663.10	ENST00000455127.7	1282
5234	INSYN2A	ENSG00000188916.11	ENST00000522781.6	4836
5235	GASK1B	ENSG00000164125.18	ENST00000585682.6	4875
5236	FAM199X	ENSG00000123575.11	ENST00000493442.2	7624
5237	TAFA1	ENSG00000183662.13	ENST00000478136.6	1979
5238	TAFA2	ENSG00000198673.13	ENST00000416284.8	4045
5239	TAFA3	ENSG00000184599.15	ENST00000361886.4	1451
5240	TAFA4	ENSG00000163377.18	ENST00000295569.12	2229
5241	TAFA5	ENSG00000219438.11	ENST00000402357.6	2524
5242	FAM200A	ENSG00000221909.5	ENST00000449309.2	2468
5243	FAM204A	ENSG00000165669.16	ENST00000369183.9	13898
5244	ABITRAM	ENSG00000119328.14	ENST00000322940.11	1901
5245	SLX9	ENSG00000160256.16	ENST00000291634.11	892
5246	TASOR	ENSG00000163946.16	ENST00000683822.1	8177
5247	TASOR2	ENSG00000108021.24	ENST00000695737.1	8699
5248	FAM209A	ENSG00000124103.11	ENST00000371328.5	663
5249	FAM209B	ENSG00000213714.2	ENST00000371325.1	694
5250	FAM20A	ENSG00000108950.14	ENST00000592554.2	4688
5251	FAM20B	ENSG00000116199.14	ENST00000263733.5	5991
5252	FAM20C	ENSG00000177706.11	ENST00000313766.6	3176
5253	FAM210A	ENSG00000177150.15	ENST00000651643.1	4210
5254	FAM210B	ENSG00000124098.11	ENST00000371384.4	2987
5255	LRRC75A	ENSG00000181350.14	ENST00000470794.2	3249
5256	LRRC75B	ENSG00000178026.15	ENST00000318753.13	1233
5257	INKA1	ENSG00000185614.9	ENST00000333323.6	1033
5258	INKA2	ENSG00000197852.13	ENST00000357260.6	5951
5259	PRXL2A	ENSG00000122378.16	ENST00000606162.6	5801
5260	PRXL2B	ENSG00000157870.19	ENST00000419916.8	2747
5261	ATOSA	ENSG00000047346.15	ENST00000619572.5	4726
5262	ATOSB	ENSG00000005238.22	ENST00000322813.10	2998
5263	FAM216A	ENSG00000204856.14	ENST00000377673.10	1101
5264	FAM216B	ENSG00000179813.8	ENST00000313851.3	3274
5265	FAM217A	ENSG00000145975.15	ENST00000274673.8	2176
5266	FAM217B	ENSG00000196227.13	ENST00000360816.8	5086
5267	FAM218A	ENSG00000250486.6	ENST00000648094.2	2177
5268	FAM219A	ENSG00000164970.17	ENST00000651358.1	3645
5269	FAM219B	ENSG00000178761.17	ENST00000357635.10	3275
5270	WASHC2A	ENSG00000099290.19	ENST00000282633.10	4642
5271	FAM220A	ENSG00000178397.14	ENST00000313324.9	2220
5272	FAM221A	ENSG00000188732.13	ENST00000344962.9	1403
5273	FAM221B	ENSG00000204930.10	ENST00000423537.7	3557
5274	FAM222A	ENSG00000139438.8	ENST00000538780.2	3685
5275	FAM222B	ENSG00000173065.16	ENST00000581407.6	4128
5276	FAM227B	ENSG00000166262.18	ENST00000299338.11	3316
5277	FAM228A	ENSG00000186453.15	ENST00000295150.8	1824
5278	FAM228B	ENSG00000219626.11	ENST00000615575.5	1369
5279	FAM229B	ENSG00000203778.10	ENST00000368656.7	2551
5280	FAM24A	ENSG00000203795.4	ENST00000368894.2	687
5281	FAM24B	ENSG00000213185.9	ENST00000368898.8	728
5282	CALHM4	ENSG00000164451.14	ENST00000368596.4	3904
5283	CALHM5	ENSG00000178033.7	ENST00000368599.4	9787
5284	CALHM6	ENSG00000188820.16	ENST00000368605.3	1127
5285	FAM32A	ENSG00000105058.14	ENST00000263384.12	1463
5286	SHLD2	ENSG00000122376.14	ENST00000298786.5	3601
5287	FAM3A	ENSG00000071889.19	ENST00000447601.7	1793
5288	FAM3B	ENSG00000183844.19	ENST00000357985.7	1317
5289	FAM3C	ENSG00000196937.14	ENST00000359943.8	2455
5290	FAM3D	ENSG00000198643.9	ENST00000358781.7	1245
5291	DENND10	ENSG00000119979.20	ENST00000361432.3	2441
5292	TENT5A	ENSG00000112773.18	ENST00000320172.11	5582
5293	TENT5B	ENSG00000158246.9	ENST00000289166.6	2382
5294	TENT5C	ENSG00000183508.7	ENST00000369448.4	5654
5295	TENT5D	ENSG00000174016.13	ENST00000308293.6	3028
5296	FAM47A	ENSG00000185448.12	ENST00000346193.5	2563
5297	FAM47B	ENSG00000189132.6	ENST00000329357.6	2120
5298	FAM47C	ENSG00000198173.5	ENST00000358047.5	3299
5299	FAM47E	ENSG00000189157.16	ENST00000424749.7	1533
5300	FAM47E-STBD1	ENSG00000272414.6	ENST00000515604.5	3029
5301	CYRIA	ENSG00000197872.13	ENST00000381323.7	4670
5302	CYRIB	ENSG00000153310.24	ENST00000694912.1	3904
5303	FAM50A	ENSG00000071859.17	ENST00000393600.8	1337
5304	FAM50B	ENSG00000145945.9	ENST00000648326.1	1643
5305	FAM53A	ENSG00000174137.15	ENST00000308132.11	2848
5306	FAM53B	ENSG00000189319.16	ENST00000337318.8	5759
5307	FAM53C	ENSG00000120709.13	ENST00000239906.10	4143
5308	TLCD3A	ENSG00000167695.16	ENST00000308278.13	2224
5309	TLCD3B	ENSG00000149926.16	ENST00000380495.9	2325
5310	CCNQ	ENSG00000262919.10	ENST00000576892.8	1253
5311	SINHCAF	ENSG00000139146.16	ENST00000337682.9	2941
5312	MINDY1	ENSG00000143409.20	ENST00000683666.2	2542
5313	MINDY2	ENSG00000128923.13	ENST00000559228.6	9250
5314	PIMREG	ENSG00000129195.18	ENST00000572447.6	1908
5315	RIPOR1	ENSG00000039523.22	ENST00000042381.9	4092
5316	RIPOR2	ENSG00000111913.22	ENST00000643898.2	5295
5317	RIPOR3	ENSG00000042062.15	ENST00000327979.8	4391
5318	DIPK1A	ENSG00000154511.14	ENST00000370310.5	2536
5319	DIPK1B	ENSG00000165716.13	ENST00000371692.9	2358
5320	DIPK1C	ENSG00000187773.10	ENST00000343998.8	3035
5321	GARIN4	ENSG00000162771.8	ENST00000294829.5	2302
5322	GARIN3	ENSG00000170613.4	ENST00000302938.4	2515
5323	GARIN6	ENSG00000180219.2	ENST00000324341.2	1864
5324	GARIN2	ENSG00000172717.18	ENST00000696955.1	1620
5325	GARIN5A	ENSG00000142530.13	ENST00000600100.6	1375
5326	GARIN1B	ENSG00000135248.17	ENST00000621392.5	1710
5327	GARIN1A	ENSG00000205085.13	ENST00000682356.1	5727
5328	FAM72B	ENSG00000188610.14	ENST00000369390.7	2396
5329	FAM72D	ENSG00000215784.8	ENST00000400889.3	2423
5330	MIGA1	ENSG00000180488.19	ENST00000370791.9	6382
5331	MIGA2	ENSG00000148343.21	ENST00000684074.1	3610
5332	FAM76A	ENSG00000009780.18	ENST00000373954.11	3579
5333	FAM76B	ENSG00000077458.14	ENST00000358780.10	3932
5334	FAM78A	ENSG00000126882.15	ENST00000372271.4	3927
5335	FAM78B	ENSG00000188859.8	ENST00000354422.4	2481
5336	FAM81A	ENSG00000157470.14	ENST00000288228.10	3458
5337	FAM81B	ENSG00000153347.10	ENST00000283357.10	1542
5338	FAM83A	ENSG00000147689.18	ENST00000690554.1	3887
5339	FAM83B	ENSG00000168143.10	ENST00000306858.8	6244
5340	FAM83C	ENSG00000125998.8	ENST00000374408.4	3169
5341	FAM83D	ENSG00000101447.16	ENST00000619850.2	2370
5342	FAM83E	ENSG00000105523.6	ENST00000263266.4	4112
5343	FAM83F	ENSG00000133477.18	ENST00000333407.11	15561
5344	FAM83G	ENSG00000188522.18	ENST00000388995.11	5226
5345	FAM83H	ENSG00000180921.9	ENST00000388913.4	5632
5346	LRATD1	ENSG00000162981.16	ENST00000295092.3	6319
5347	LRATD2	ENSG00000168672.6	ENST00000304916.4	5488
5348	EEF2KMT	ENSG00000118894.17	ENST00000427587.9	2397
5349	FAM86B1	ENSG00000186523.17	ENST00000448228.7	2403
5350	FAM86B2	ENSG00000145002.15	ENST00000262365.9	2518
5351	FAM86C1P	ENSG00000158483.20	ENST00000675931.1	992
5352	FAM89A	ENSG00000182118.10	ENST00000366654.5	1503
5353	FAM89B	ENSG00000176973.10	ENST00000530349.2	1251
5354	FAM8A1	ENSG00000137414.9	ENST00000259963.4	4726
5355	FAM90A1	ENSG00000171847.13	ENST00000538603.6	2516
5356	FAM91A1	ENSG00000176853.18	ENST00000334705.12	5529
5357	CIBAR1	ENSG00000188343.16	ENST00000518322.6	4198
5358	CIBAR2	ENSG00000153789.15	ENST00000539556.6	1862
5359	CIAO2A	ENSG00000166797.14	ENST00000300030.8	919
5360	CIAO2B	ENSG00000166595.13	ENST00000422424.7	668
5361	FAM98A	ENSG00000119812.21	ENST00000238823.13	2751
5362	FAM98B	ENSG00000171262.12	ENST00000397609.6	4388
5363	FAM98C	ENSG00000130244.15	ENST00000252530.10	1313
5364	FAM9A	ENSG00000183304.10	ENST00000381003.7	1519
5365	FAM9B	ENSG00000177138.17	ENST00000327220.10	2103
5366	FAM9C	ENSG00000187268.13	ENST00000380625.8	1077
5367	FAN1	ENSG00000198690.12	ENST00000362065.9	4849
5368	FANCA	ENSG00000187741.18	ENST00000389301.8	5452
5369	FANCB	ENSG00000181544.18	ENST00000650831.1	3017
5370	FANCC	ENSG00000158169.16	ENST00000289081.8	4592
5371	FANCD2	ENSG00000144554.15	ENST00000675286.1	5096
5372	FANCD2OS	ENSG00000163705.14	ENST00000450660.3	1087
5373	FANCE	ENSG00000112039.8	ENST00000229769.3	2576
5374	FANCF	ENSG00000183161.6	ENST00000327470.6	3291
5375	FANCG	ENSG00000221829.13	ENST00000378643.8	2556
5376	FANCI	ENSG00000140525.22	ENST00000310775.12	4733
5377	FANCL	ENSG00000115392.15	ENST00000233741.9	1658
5378	FANCM	ENSG00000187790.14	ENST00000267430.10	7131
5379	FANK1	ENSG00000203780.14	ENST00000368693.6	1271
5380	FAP	ENSG00000078098.17	ENST00000188790.9	2696
5381	FAR1	ENSG00000197601.17	ENST00000354817.8	5266
5382	FAR2	ENSG00000064763.14	ENST00000536681.8	3538
5383	FARP1	ENSG00000152767.19	ENST00000319562.11	10419
5384	FARP2	ENSG00000006607.16	ENST00000264042.8	4009
5385	FARS2	ENSG00000145982.15	ENST00000274680.9	1679
5386	FARSA	ENSG00000179115.13	ENST00000314606.9	1811
5387	FARSB	ENSG00000116120.13	ENST00000281828.8	6761
5388	FAS	ENSG00000026103.26	ENST00000652046.1	3696
5389	FASLG	ENSG00000117560.10	ENST00000367721.3	1805
5390	FASN	ENSG00000169710.11	ENST00000306749.4	8464
5391	FASTK	ENSG00000164896.23	ENST00000297532.11	1794
5392	FASTKD1	ENSG00000138399.20	ENST00000453153.7	4200
5393	FASTKD2	ENSG00000118246.16	ENST00000402774.8	6712
5394	FASTKD3	ENSG00000124279.14	ENST00000264669.10	2431
5395	FASTKD5	ENSG00000215251.6	ENST00000380266.4	2842
5396	FAT1	ENSG00000083857.17	ENST00000441802.7	14776
5397	FAT2	ENSG00000086570.13	ENST00000261800.6	14710
5398	FAT3	ENSG00000165323.18	ENST00000525166.6	19504
5399	FAT4	ENSG00000196159.15	ENST00000394329.9	17151
5400	FATE1	ENSG00000147378.13	ENST00000370350.7	1072
5401	FAU	ENSG00000149806.13	ENST00000529639.6	506
5402	FAXC	ENSG00000146267.13	ENST00000389677.6	11528
5403	FAXDC2	ENSG00000170271.13	ENST00000326080.10	2947
5404	FBF1	ENSG00000188878.22	ENST00000636174.2	4874
5405	FBL	ENSG00000105202.11	ENST00000221801.8	1125
5406	FBLIM1	ENSG00000162458.15	ENST00000375766.8	3314
5407	FBLN1	ENSG00000077942.21	ENST00000327858.11	2904
5408	FBLN2	ENSG00000163520.16	ENST00000404922.8	4306
5409	FBLN5	ENSG00000140092.18	ENST00000342058.9	2625
5410	FBLN7	ENSG00000144152.15	ENST00000331203.7	2303
5411	FBN1	ENSG00000166147.17	ENST00000316623.10	11609
5412	FBN2	ENSG00000138829.16	ENST00000262464.9	10927
5413	FBN3	ENSG00000142449.15	ENST00000600128.6	9108
5414	FBP1	ENSG00000165140.14	ENST00000375326.9	1473
5415	FBP2	ENSG00000130957.6	ENST00000375337.4	1336
5416	FBRS	ENSG00000156860.17	ENST00000356166.11	5196
5417	FBXL12	ENSG00000127452.10	ENST00000247977.9	1873
5418	FBXL13	ENSG00000161040.21	ENST00000440067.4	4657
5419	FBXL14	ENSG00000171823.9	ENST00000339235.4	2527
5420	FBXL15	ENSG00000107872.16	ENST00000369956.8	1340
5421	FBXL16	ENSG00000127585.15	ENST00000397621.6	3519
5422	FBXL17	ENSG00000145743.19	ENST00000542267.7	5198
5423	FBXL18	ENSG00000155034.23	ENST00000382368.8	8270
5424	FBXL19	ENSG00000099364.19	ENST00000338343.10	4490
5425	FBXL2	ENSG00000153558.19	ENST00000484457.6	3827
5426	FBXL20	ENSG00000108306.15	ENST00000264658.11	10332
5427	FBXL22	ENSG00000197361.9	ENST00000638704.2	904
5428	FBXL3	ENSG00000005812.13	ENST00000355619.10	3506
5429	FBXL4	ENSG00000112234.11	ENST00000369244.7	8058
5430	FBXL5	ENSG00000118564.17	ENST00000341285.8	3488
5431	FBXL6	ENSG00000182325.13	ENST00000331890.6	1745
5432	FBXL7	ENSG00000183580.11	ENST00000504595.2	4580
5433	FBXL8	ENSG00000135722.11	ENST00000258200.8	1630
5434	FBXO10	ENSG00000147912.15	ENST00000432825.7	4702
5435	FBXO11	ENSG00000138081.24	ENST00000403359.8	4760
5436	FBXO15	ENSG00000141665.15	ENST00000419743.7	1675
5437	FBXO16	ENSG00000214050.10	ENST00000380254.7	1254
5438	FBXO17	ENSG00000269190.8	ENST00000292852.9	2218
5439	FBH1	ENSG00000134452.22	ENST00000362091.9	3548
5440	FBXO2	ENSG00000116661.13	ENST00000354287.5	1287
5441	FBXO21	ENSG00000135108.18	ENST00000622495.5	5976
5442	FBXO22	ENSG00000167196.16	ENST00000308275.8	10707
5443	FBXO24	ENSG00000106336.15	ENST00000241071.11	2259
5444	FBXO25	ENSG00000147364.19	ENST00000350302.8	10356
5445	FBXO27	ENSG00000161243.12	ENST00000292853.9	2315
5446	FBXO28	ENSG00000143756.13	ENST00000366862.10	5427
5447	FBXO3	ENSG00000110429.16	ENST00000265651.8	2403
5448	FBXO30	ENSG00000118496.7	ENST00000237281.5	9051
5449	FBXO31	ENSG00000103264.20	ENST00000311635.12	5953
5450	FBXO32	ENSG00000156804.9	ENST00000517956.5	6744
5451	FBXO33	ENSG00000165355.10	ENST00000298097.8	3771
5452	FBXO34	ENSG00000178974.13	ENST00000313833.5	3348
5453	FBXO36	ENSG00000153832.14	ENST00000283946.8	2813
5454	FBXO38	ENSG00000145868.19	ENST00000340253.10	4401
5455	FBXO39	ENSG00000177294.8	ENST00000321535.5	1685
5456	FBXO4	ENSG00000151876.15	ENST00000281623.8	1655
5457	FBXO40	ENSG00000163833.10	ENST00000338040.6	5669
5458	FBXO41	ENSG00000163013.13	ENST00000520530.3	7377
5459	FBXO42	ENSG00000037637.13	ENST00000375592.8	6227
5460	FBXO43	ENSG00000156509.15	ENST00000428847.3	3260
5461	FBXO44	ENSG00000132879.16	ENST00000251547.10	2928
5462	FBXO45	ENSG00000174013.9	ENST00000311630.7	5927
5463	FBXO46	ENSG00000177051.8	ENST00000317683.4	2993
5464	FBXO47	ENSG00000204952.4	ENST00000378079.3	2303
5465	FBXO48	ENSG00000204923.6	ENST00000377957.4	5699
5466	FBXO5	ENSG00000112029.11	ENST00000229758.8	2054
5467	FBXO6	ENSG00000116663.13	ENST00000376753.9	1444
5468	FBXO7	ENSG00000100225.20	ENST00000266087.12	2060
5469	FBXO8	ENSG00000164117.16	ENST00000393674.7	1980
5470	FBXO9	ENSG00000112146.18	ENST00000323557.12	4743
5471	FBXW10	ENSG00000171931.14	ENST00000395665.9	3401
5472	FBXW11	ENSG00000072803.20	ENST00000517395.6	4406
5473	FBXW12	ENSG00000164049.14	ENST00000296438.9	1647
5474	FBXW2	ENSG00000119402.20	ENST00000608872.6	9142
5475	FBXW4	ENSG00000107829.17	ENST00000331272.9	2394
5476	FBXW5	ENSG00000159069.16	ENST00000325285.8	2362
5477	FBXW7	ENSG00000109670.19	ENST00000281708.10	5639
5478	FBXW8	ENSG00000174989.16	ENST00000652555.1	4861
5479	FBXW9	ENSG00000132004.15	ENST00000393261.8	1727
5480	FCAMR	ENSG00000162897.17	ENST00000324852.9	2618
5481	FCAR	ENSG00000186431.20	ENST00000355524.8	2476
5482	FCER1A	ENSG00000179639.12	ENST00000693622.1	1073
5483	FCER1G	ENSG00000158869.13	ENST00000289902.2	590
5484	FCER2	ENSG00000104921.16	ENST00000597921.6	1585
5485	FCF1	ENSG00000119616.12	ENST00000341162.8	4341
5486	FCGR1A	ENSG00000150337.16	ENST00000369168.5	1333
5487	FCGR1BP	ENSG00000198019.15	ENST00000697334.1	1128
5488	FCGR2A	ENSG00000143226.18	ENST00000271450.12	2646
5489	FCGR2B	ENSG00000072694.24	ENST00000358671.10	2133
5490	FCGR3A	ENSG00000203747.15	ENST00000443193.6	2100
5491	FCGR3B	ENSG00000162747.15	ENST00000650385.1	2103
5492	FCGRT	ENSG00000104870.15	ENST00000221466.10	1511
5493	FCHO1	ENSG00000130475.18	ENST00000596536.6	3208
5494	FCHO2	ENSG00000157107.16	ENST00000430046.7	4921
5495	FCHSD1	ENSG00000197948.13	ENST00000435817.7	4319
5496	FCHSD2	ENSG00000137478.17	ENST00000409418.9	4710
5497	FCN1	ENSG00000085265.14	ENST00000371806.4	7588
5498	FCN2	ENSG00000160339.18	ENST00000291744.11	1062
5499	FCN3	ENSG00000142748.16	ENST00000270879.9	1032
5500	FCRL1	ENSG00000163534.18	ENST00000368176.8	3069
5501	FCRL2	ENSG00000132704.18	ENST00000361516.8	2589
5502	FCRL3	ENSG00000160856.23	ENST00000368184.8	4638
5503	FCRL4	ENSG00000163518.11	ENST00000271532.2	3466
5504	FCRL5	ENSG00000143297.21	ENST00000361835.8	5385
5505	FCRL6	ENSG00000181036.16	ENST00000368106.4	1966
5506	FCRLA	ENSG00000132185.20	ENST00000236938.12	2088
5507	FCRLB	ENSG00000162746.16	ENST00000367948.7	1996
5508	FDCSP	ENSG00000181617.7	ENST00000317987.6	513
5509	FDFT1	ENSG00000079459.16	ENST00000220584.9	2035
5510	FDPS	ENSG00000160752.17	ENST00000368356.9	1417
5511	FDX1	ENSG00000137714.5	ENST00000260270.3	3144
5512	FDX2	ENSG00000267673.8	ENST00000393708.3	1012
5513	FDXACB1	ENSG00000255561.9	ENST00000260257.9	2774
5514	FDXR	ENSG00000161513.14	ENST00000293195.10	1846
5515	FECH	ENSG00000066926.15	ENST00000262093.11	7689
5516	FEM1A	ENSG00000141965.5	ENST00000269856.5	9540
5517	FEM1B	ENSG00000169018.7	ENST00000306917.5	7177
5518	FEM1C	ENSG00000145780.10	ENST00000274457.5	5697
5519	FEN1	ENSG00000168496.6	ENST00000305885.3	2016
5520	FER	ENSG00000151422.16	ENST00000281092.9	12044
5521	FER1L6	ENSG00000214814.8	ENST00000522917.5	6051
5522	FERD3L	ENSG00000146618.3	ENST00000275461.3	640
5523	FERMT1	ENSG00000101311.19	ENST00000217289.9	4637
5524	FERMT2	ENSG00000073712.17	ENST00000341590.8	3286
5525	FERMT3	ENSG00000149781.16	ENST00000345728.10	2499
5526	FES	ENSG00000182511.14	ENST00000328850.8	2737
5527	FETUB	ENSG00000090512.14	ENST00000265029.8	1721
5528	FEZ1	ENSG00000149557.16	ENST00000278919.8	4583
5529	FEZ2	ENSG00000171055.17	ENST00000405912.8	1993
5530	FEZF1	ENSG00000128610.14	ENST00000442488.7	2435
5531	FEZF2	ENSG00000153266.15	ENST00000283268.8	2112
5532	FFAR1	ENSG00000126266.5	ENST00000246553.4	5597
5533	FFAR2	ENSG00000126262.5	ENST00000599180.3	2177
5534	FFAR3	ENSG00000185897.8	ENST00000327809.5	1800
5535	FFAR4	ENSG00000186188.13	ENST00000371481.9	3605
5536	FGA	ENSG00000171560.20	ENST00000403106.8	2209
5537	FGB	ENSG00000171564.14	ENST00000302068.9	3641
5538	FGD1	ENSG00000102302.10	ENST00000375135.4	4343
5539	FGD2	ENSG00000146192.18	ENST00000274963.13	3037
5540	FGD3	ENSG00000127084.21	ENST00000375482.8	3246
5541	FGD4	ENSG00000139132.17	ENST00000534526.7	8465
5542	FGD5	ENSG00000154783.14	ENST00000285046.10	5903
5543	FGD6	ENSG00000180263.16	ENST00000343958.9	9291
5544	FGF1	ENSG00000113578.20	ENST00000337706.7	3748
5545	FGF10	ENSG00000070193.7	ENST00000264664.5	6113
5546	FGF11	ENSG00000161958.13	ENST00000293829.9	2578
5547	FGF12	ENSG00000114279.16	ENST00000445105.7	5353
5548	FGF13	ENSG00000129682.18	ENST00000315930.11	19575
5549	FGF14	ENSG00000102466.17	ENST00000376143.5	13071
5550	FGF17	ENSG00000158815.12	ENST00000359441.4	1320
5551	FGF18	ENSG00000156427.10	ENST00000274625.6	1998
5552	FGF19	ENSG00000162344.6	ENST00000294312.4	1821
5553	FGF2	ENSG00000138685.19	ENST00000644866.2	6652
5554	FGF20	ENSG00000078579.10	ENST00000180166.6	1840
5555	FGF21	ENSG00000105550.11	ENST00000593756.6	1347
5556	FGF22	ENSG00000070388.12	ENST00000215530.7	1329
5557	FGF23	ENSG00000118972.4	ENST00000237837.2	3002
5558	FGF3	ENSG00000186895.4	ENST00000334134.4	1540
5559	FGF4	ENSG00000075388.5	ENST00000168712.3	3165
5560	FGF5	ENSG00000138675.18	ENST00000312465.12	5313
5561	FGF6	ENSG00000111241.4	ENST00000228837.3	945
5562	FGF7	ENSG00000140285.14	ENST00000267843.9	5321
5563	FGF8	ENSG00000107831.15	ENST00000320185.7	1169
5564	FGF9	ENSG00000102678.8	ENST00000382353.6	4530
5565	FGFBP1	ENSG00000137440.7	ENST00000382333.2	1351
5566	FGFBP2	ENSG00000137441.10	ENST00000259989.7	1105
5567	FGFBP3	ENSG00000174721.11	ENST00000311575.6	2553
5568	FGFR1	ENSG00000077782.25	ENST00000447712.7	5697
5569	CEP43	ENSG00000213066.16	ENST00000366847.9	13956
5570	FGFR1OP2	ENSG00000111790.16	ENST00000229395.8	2932
5571	FGFR2	ENSG00000066468.26	ENST00000358487.10	4624
5572	FGFR3	ENSG00000068078.22	ENST00000440486.8	4301
5573	FGFR4	ENSG00000160867.17	ENST00000292408.9	3093
5574	FGFRL1	ENSG00000127418.17	ENST00000510644.6	3411
5575	FGG	ENSG00000171557.19	ENST00000336098.8	2072
5576	FGGY	ENSG00000172456.20	ENST00000303721.12	1873
5577	FGL1	ENSG00000104760.19	ENST00000427924.5	1237
5578	FGL2	ENSG00000127951.9	ENST00000248598.6	4256
5579	FGR	ENSG00000000938.15	ENST00000374005.8	2637
5580	FH	ENSG00000091483.10	ENST00000366560.4	1791
5581	FHDC1	ENSG00000137460.12	ENST00000511601.6	6597
5582	FHIT	ENSG00000189283.12	ENST00000492590.6	3116
5583	FHL1	ENSG00000022267.21	ENST00000370683.6	2286
5584	FHL2	ENSG00000115641.21	ENST00000530340.6	1582
5585	FHL3	ENSG00000183386.13	ENST00000373016.4	1656
5586	FHL5	ENSG00000112214.13	ENST00000450218.6	3949
5587	FHOD1	ENSG00000135723.16	ENST00000258201.9	3813
5588	FHOD3	ENSG00000134775.18	ENST00000590592.6	5682
5589	FIBCD1	ENSG00000130720.15	ENST00000372338.9	3650
5590	FIBIN	ENSG00000176971.4	ENST00000318627.4	2976
5591	FIBP	ENSG00000172500.15	ENST00000357519.9	1361
5592	FICD	ENSG00000198855.9	ENST00000552695.6	3255
5593	FIG4	ENSG00000112367.14	ENST00000230124.8	3025
5594	VEGFD	ENSG00000165197.7	ENST00000297904.4	2069
5595	FIGLA	ENSG00000183733.6	ENST00000332372.6	722
5596	FIGN	ENSG00000182263.16	ENST00000333129.4	9537
5597	FIGNL1	ENSG00000132436.15	ENST00000433017.6	3930
5598	FILIP1	ENSG00000118407.17	ENST00000237172.12	4636
5599	FILIP1L	ENSG00000168386.20	ENST00000477258.2	5635
5600	FIP1L1	ENSG00000145216.19	ENST00000337488.11	3396
5601	FIS1	ENSG00000214253.11	ENST00000223136.5	870
5602	FITM1	ENSG00000139914.7	ENST00000267426.6	1808
5603	FITM2	ENSG00000197296.7	ENST00000396825.4	4628
5604	FIZ1	ENSG00000179943.10	ENST00000221665.5	2645
5605	FJX1	ENSG00000179431.7	ENST00000317811.6	2406
5606	FKBP10	ENSG00000141756.22	ENST00000321562.9	2585
5607	FKBP11	ENSG00000134285.13	ENST00000550765.6	691
5608	FKBP14	ENSG00000106080.12	ENST00000222803.10	4978
5609	FKBP15	ENSG00000119321.12	ENST00000238256.8	8766
5610	FKBP1A	ENSG00000088832.20	ENST00000400137.9	1514
5611	FKBP1B	ENSG00000119782.15	ENST00000380986.9	925
5612	FKBP1C	ENSG00000198225.6	ENST00000370659.2	1559
5613	FKBP2	ENSG00000173486.15	ENST00000309366.9	574
5614	FKBP3	ENSG00000100442.13	ENST00000396062.4	1299
5615	FKBP4	ENSG00000004478.10	ENST00000001008.6	3715
5616	FKBP5	ENSG00000096060.17	ENST00000357266.9	3750
5617	FKBP6	ENSG00000077800.14	ENST00000252037.5	1699
5618	FKBP7	ENSG00000079150.20	ENST00000424785.7	2876
5619	FKBP8	ENSG00000105701.18	ENST00000608443.6	1761
5620	FKBP9	ENSG00000122642.13	ENST00000242209.9	3424
5621	FKBPL	ENSG00000204315.6	ENST00000375156.4	1342
5622	FKRP	ENSG00000181027.13	ENST00000318584.10	3411
5623	FKTN	ENSG00000106692.17	ENST00000357998.10	7455
5624	FLAD1	ENSG00000160688.21	ENST00000292180.8	2189
5625	FLCN	ENSG00000154803.15	ENST00000285071.9	3667
5626	FLG2	ENSG00000143520.6	ENST00000388718.5	9124
5627	FLI1	ENSG00000151702.20	ENST00000527786.7	3825
5628	FLII	ENSG00000177731.18	ENST00000327031.9	4181
5629	FLNA	ENSG00000196924.21	ENST00000369850.10	8507
5630	FLNB	ENSG00000136068.18	ENST00000295956.9	9441
5631	FLNC	ENSG00000128591.19	ENST00000325888.13	9159
5632	FLOT1	ENSG00000137312.17	ENST00000376389.8	1866
5633	FLOT2	ENSG00000132589.18	ENST00000394908.9	2668
5634	FLRT1	ENSG00000126500.7	ENST00000682287.1	4170
5635	FLRT2	ENSG00000185070.14	ENST00000330753.6	33681
5636	FLRT3	ENSG00000125848.12	ENST00000341420.5	4977
5637	FLT1	ENSG00000102755.15	ENST00000282397.9	7123
5638	FLT3	ENSG00000122025.17	ENST00000241453.12	3826
5639	FLT3LG	ENSG00000090554.15	ENST00000597551.6	1050
5640	FLT4	ENSG00000037280.18	ENST00000261937.11	5833
5641	FLVCR1	ENSG00000162769.15	ENST00000366971.9	5919
5642	FLVCR2	ENSG00000119686.12	ENST00000238667.9	3629
5643	FLYWCH2	ENSG00000162076.15	ENST00000396958.8	990
5644	FMN1	ENSG00000248905.11	ENST00000616417.5	13511
5645	FMN2	ENSG00000155816.22	ENST00000319653.14	6429
5646	FMNL1	ENSG00000184922.17	ENST00000331495.8	4003
5647	FMNL2	ENSG00000157827.23	ENST00000288670.14	5630
5648	FMNL3	ENSG00000161791.16	ENST00000335154.10	12625
5649	FMO1	ENSG00000010932.18	ENST00000617670.6	2152
5650	FMO2	ENSG00000094963.16	ENST00000209929.10	5215
5651	FMO3	ENSG00000007933.15	ENST00000367755.9	2059
5652	FMO4	ENSG00000076258.12	ENST00000367749.4	2303
5653	FMO5	ENSG00000131781.15	ENST00000254090.9	2331
5654	FMO6P	ENSG00000293458.1	ENST00000367754.3	2130
5655	FMOD	ENSG00000122176.14	ENST00000354955.5	2943
5656	FMR1	ENSG00000102081.18	ENST00000370475.9	4441
5657	FMR1NB	ENSG00000176988.10	ENST00000370467.8	1011
5658	FN1	ENSG00000115414.23	ENST00000354785.11	8390
5659	FN3K	ENSG00000167363.16	ENST00000300784.8	1393
5660	FN3KRP	ENSG00000141560.17	ENST00000269373.11	1822
5661	FNBP1	ENSG00000187239.21	ENST00000446176.7	5420
5662	FNBP1L	ENSG00000137942.20	ENST00000271234.13	4227
5663	FNBP4	ENSG00000109920.15	ENST00000263773.10	4035
5664	FNDC1	ENSG00000164694.19	ENST00000297267.14	6548
5665	FNDC3A	ENSG00000102531.18	ENST00000492622.6	6286
5666	FNDC3B	ENSG00000075420.15	ENST00000415807.7	8031
5667	FNDC4	ENSG00000115226.12	ENST00000264703.4	1612
5668	FNDC5	ENSG00000160097.22	ENST00000373471.10	2831
5669	FNDC7	ENSG00000143107.12	ENST00000370017.9	3090
5670	FNDC8	ENSG00000073598.6	ENST00000158009.6	1352
5671	FNDC9	ENSG00000172568.6	ENST00000312349.5	2083
5672	FNIP1	ENSG00000217128.15	ENST00000510461.6	6568
5673	FNIP2	ENSG00000052795.15	ENST00000264433.11	7038
5674	FNTA	ENSG00000168522.15	ENST00000302279.8	1667
5675	FNTB	ENSG00000257365.10	ENST00000246166.3	2711
5676	FOCAD	ENSG00000188352.15	ENST00000338382.11	5794
5677	FOLH1	ENSG00000086205.20	ENST00000256999.7	4110
5678	FOLR1	ENSG00000110195.16	ENST00000393676.5	930
5679	FOLR2	ENSG00000165457.17	ENST00000298223.11	1112
5680	FOLR3	ENSG00000110203.12	ENST00000611028.3	849
5681	IZUMO1R	ENSG00000183560.10	ENST00000687084.1	1513
5682	CEP20	ENSG00000133393.15	ENST00000255759.11	2264
5683	FOS	ENSG00000170345.13	ENST00000303562.9	2104
5684	FOSB	ENSG00000125740.16	ENST00000353609.8	3775
5685	FOSL1	ENSG00000175592.11	ENST00000312562.7	1702
5686	FOSL2	ENSG00000075426.14	ENST00000264716.9	6713
5687	FOXA1	ENSG00000129514.9	ENST00000250448.5	3509
5688	FOXA2	ENSG00000125798.17	ENST00000419308.7	2538
5689	FOXA3	ENSG00000170608.5	ENST00000302177.3	1923
5690	FOXB1	ENSG00000171956.8	ENST00000396057.6	2871
5691	FOXB2	ENSG00000204612.2	ENST00000376708.1	1299
5692	FOXC1	ENSG00000054598.9	ENST00000645831.2	3983
5693	FOXC2	ENSG00000176692.8	ENST00000649859.1	2900
5694	FOXD2	ENSG00000186564.6	ENST00000334793.6	2648
5695	FOXD3	ENSG00000187140.6	ENST00000371116.4	2562
5696	FOXF1	ENSG00000103241.8	ENST00000262426.6	3520
5697	FOXF2	ENSG00000137273.7	ENST00000645481.2	2451
5698	FOXG1	ENSG00000176165.14	ENST00000313071.7	3491
5699	FOXH1	ENSG00000160973.10	ENST00000377317.5	2017
5700	FOXI1	ENSG00000168269.11	ENST00000306268.8	2321
5701	FOXI2	ENSG00000186766.9	ENST00000388920.5	3264
5702	FOXJ1	ENSG00000129654.10	ENST00000322957.7	2587
5703	FOXJ2	ENSG00000065970.11	ENST00000162391.8	5524
5704	FOXJ3	ENSG00000198815.11	ENST00000361346.6	5225
5705	FOXK1	ENSG00000164916.13	ENST00000328914.5	11194
5706	FOXK2	ENSG00000141568.23	ENST00000335255.10	5243
5707	FOXL1	ENSG00000176678.7	ENST00000320241.5	4930
5708	FOXM1	ENSG00000111206.15	ENST00000359843.8	3552
5709	FOXN1	ENSG00000109101.9	ENST00000579795.6	3521
5710	FOXN2	ENSG00000170802.19	ENST00000340553.8	5437
5711	FOXN3	ENSG00000053254.18	ENST00000557258.6	8021
5712	FOXN4	ENSG00000139445.19	ENST00000299162.10	3416
5713	FOXO1	ENSG00000150907.12	ENST00000379561.6	5779
5714	FOXO3	ENSG00000118689.17	ENST00000406360.2	7296
5715	FOXO4	ENSG00000184481.19	ENST00000374259.8	3644
5716	FOXO6	ENSG00000204060.8	ENST00000641094.2	1479
5717	FOXP1	ENSG00000114861.26	ENST00000649528.3	7177
5718	FOXP2	ENSG00000128573.30	ENST00000350908.9	6543
5719	FOXP3	ENSG00000049768.20	ENST00000376207.10	2264
5720	FOXP4	ENSG00000137166.20	ENST00000307972.10	5994
5721	FOXR1	ENSG00000176302.14	ENST00000317011.8	1101
5722	FOXR2	ENSG00000189299.7	ENST00000339140.5	2793
5723	FOXRED1	ENSG00000110074.14	ENST00000263578.10	1951
5724	FOXRED2	ENSG00000100350.18	ENST00000397224.9	4906
5725	FOXS1	ENSG00000179772.8	ENST00000375978.5	1302
5726	FPGS	ENSG00000136877.18	ENST00000373247.7	2284
5727	FPGT	ENSG00000254685.10	ENST00000370898.9	4692
5728	FPGT-TNNI3K	ENSG00000259030.8	ENST00000557284.7	2855
5729	FPR1	ENSG00000171051.12	ENST00000304748.5	1298
5730	FPR2	ENSG00000171049.10	ENST00000340023.7	1938
5731	FPR3	ENSG00000187474.7	ENST00000339223.5	2627
5732	FRA10AC1	ENSG00000148690.14	ENST00000359204.5	3109
5733	FRAS1	ENSG00000138759.22	ENST00000512123.4	15871
5734	FRAT1	ENSG00000165879.9	ENST00000371021.5	2645
5735	FRAT2	ENSG00000181274.8	ENST00000371019.4	2233
5736	FREM1	ENSG00000164946.22	ENST00000380880.4	7566
5737	FREM2	ENSG00000150893.12	ENST00000280481.9	16122
5738	FRG1	ENSG00000109536.15	ENST00000226798.9	978
5739	FRG1BP	ENSG00000287288.2	ENST00000829738.1	994
5740	FRG2	ENSG00000205097.8	ENST00000504750.6	2086
5741	FRG2B	ENSG00000225899.8	ENST00000425520.2	2094
5742	FRK	ENSG00000111816.10	ENST00000606080.2	13363
5743	FRMD1	ENSG00000153303.18	ENST00000283309.11	5770
5744	FRMD3	ENSG00000172159.18	ENST00000304195.8	5260
5745	FRMD4A	ENSG00000151474.24	ENST00000357447.7	6861
5746	FRMD4B	ENSG00000114541.17	ENST00000398540.8	6283
5747	FRMD5	ENSG00000171877.22	ENST00000417257.6	5051
5748	FRMD6	ENSG00000139926.18	ENST00000344768.10	4800
5749	FRMD7	ENSG00000165694.11	ENST00000298542.9	3203
5750	FRMD8	ENSG00000126391.16	ENST00000317568.10	3685
5751	FRMPD1	ENSG00000070601.11	ENST00000377765.8	5017
5752	FRMPD2	ENSG00000170324.22	ENST00000374201.8	4819
5753	FRMPD3	ENSG00000147234.11	ENST00000683843.1	7573
5754	FRMPD4	ENSG00000169933.17	ENST00000675598.1	8453
5755	FRRS1	ENSG00000156869.16	ENST00000646001.2	6971
5756	FRRS1L	ENSG00000260230.5	ENST00000561981.5	8155
5757	FRS2	ENSG00000166225.11	ENST00000549921.6	6768
5758	FRS3	ENSG00000137218.12	ENST00000373018.7	2174
5759	FRY	ENSG00000073910.24	ENST00000542859.6	12729
5760	FRYL	ENSG00000075539.17	ENST00000358350.9	11692
5761	FRZB	ENSG00000162998.7	ENST00000295113.5	2637
5762	FSBP	ENSG00000265817.5	ENST00000481490.3	5391
5763	FSCB	ENSG00000189139.6	ENST00000340446.5	3135
5764	FSCN1	ENSG00000075618.20	ENST00000382361.8	2784
5765	FSCN2	ENSG00000186765.13	ENST00000417245.7	1684
5766	FSCN3	ENSG00000106328.11	ENST00000265825.6	2137
5767	FSD1	ENSG00000105255.13	ENST00000221856.11	1833
5768	FSD2	ENSG00000186628.14	ENST00000334574.12	6418
5769	FSHB	ENSG00000131808.12	ENST00000533718.2	1856
5770	FSHR	ENSG00000170820.13	ENST00000406846.7	2762
5771	FSIP1	ENSG00000150667.10	ENST00000350221.4	2816
5772	FSIP2	ENSG00000188738.17	ENST00000424728.6	20879
5773	FST	ENSG00000134363.14	ENST00000256759.8	2299
5774	FSTL1	ENSG00000163430.15	ENST00000295633.8	5682
5775	FSTL3	ENSG00000070404.12	ENST00000166139.9	2501
5776	FSTL4	ENSG00000053108.20	ENST00000265342.12	5396
5777	FSTL5	ENSG00000168843.16	ENST00000306100.10	4796
5778	FTCD	ENSG00000160282.17	ENST00000397746.8	1890
5779	FTH1	ENSG00000167996.18	ENST00000273550.12	1203
5780	FTHL17	ENSG00000132446.7	ENST00000359202.5	809
5781	FTL	ENSG00000087086.18	ENST00000331825.11	871
5782	FTMT	ENSG00000181867.3	ENST00000321339.3	952
5783	FTO	ENSG00000140718.24	ENST00000471389.6	11573
5784	FTSJ1	ENSG00000068438.17	ENST00000348411.3	1899
5785	MRM2	ENSG00000122687.21	ENST00000242257.14	1704
5786	FTSJ3	ENSG00000108592.19	ENST00000427159.7	3551
5787	FUBP1	ENSG00000162613.20	ENST00000370768.7	6714
5788	FUBP3	ENSG00000107164.19	ENST00000319725.10	3153
5789	FUCA1	ENSG00000179163.14	ENST00000374479.4	2043
5790	FUCA2	ENSG00000001036.16	ENST00000002165.11	2385
5791	FCSK	ENSG00000157353.19	ENST00000288078.11	3907
5792	FUNDC1	ENSG00000069509.8	ENST00000378045.5	1054
5793	FUNDC2	ENSG00000165775.20	ENST00000369498.8	6297
5794	FUOM	ENSG00000148803.15	ENST00000278025.9	689
5795	FURIN	ENSG00000140564.15	ENST00000268171.8	4247
5796	FUS	ENSG00000089280.22	ENST00000254108.12	1824
5797	FUT1	ENSG00000174951.13	ENST00000645652.2	3425
5798	POFUT3	ENSG00000172728.18	ENST00000327671.10	3549
5799	POFUT4	ENSG00000196968.12	ENST00000372841.8	2071
5800	FUT2	ENSG00000176920.16	ENST00000425340.3	3116
5801	FUT3	ENSG00000171124.15	ENST00000589620.7	2848
5802	FUT4	ENSG00000196371.4	ENST00000358752.4	5975
5803	FUT5	ENSG00000130383.7	ENST00000588525.1	1988
5804	FUT6	ENSG00000156413.16	ENST00000318336.10	3326
5805	FUT7	ENSG00000180549.10	ENST00000314412.7	1662
5806	FUT8	ENSG00000033170.19	ENST00000673929.1	4249
5807	FUT9	ENSG00000172461.13	ENST00000302103.6	12793
5808	FUZ	ENSG00000010361.16	ENST00000313777.9	1728
5809	FXN	ENSG00000165060.17	ENST00000484259.3	6978
5810	FXR1	ENSG00000114416.21	ENST00000357559.9	8343
5811	FXR2	ENSG00000129245.14	ENST00000250113.12	2987
5812	FXYD1	ENSG00000266964.8	ENST00000351325.9	576
5813	FXYD2	ENSG00000137731.16	ENST00000292079.7	589
5814	FXYD3	ENSG00000089356.21	ENST00000604404.6	1378
5815	FXYD4	ENSG00000150201.17	ENST00000476166.6	779
5816	FXYD5	ENSG00000089327.18	ENST00000392219.7	878
5817	FXYD6	ENSG00000137726.19	ENST00000526014.6	1678
5818	FXYD6-FXYD2	ENSG00000255245.4	ENST00000614497.5	634
5819	FXYD7	ENSG00000221946.10	ENST00000270310.7	708
5820	FYB1	ENSG00000082074.21	ENST00000512982.4	4829
5821	FYCO1	ENSG00000163820.18	ENST00000296137.7	8514
5822	FYN	ENSG00000010810.20	ENST00000354650.7	3628
5823	FYTTD1	ENSG00000122068.15	ENST00000241502.9	6733
5824	FZD1	ENSG00000157240.5	ENST00000287934.4	6894
5825	FZD10	ENSG00000111432.5	ENST00000229030.5	3277
5826	FZD2	ENSG00000180340.7	ENST00000315323.5	3779
5827	FZD3	ENSG00000104290.13	ENST00000240093.8	13770
5828	FZD4	ENSG00000174804.5	ENST00000531380.2	7387
5829	FZD5	ENSG00000163251.6	ENST00000295417.4	7039
5830	FZD6	ENSG00000164930.14	ENST00000358755.5	3728
5831	FZD7	ENSG00000155760.3	ENST00000286201.3	4587
5832	FZD8	ENSG00000177283.8	ENST00000374694.3	4050
5833	FZD9	ENSG00000188763.5	ENST00000344575.5	2343
5834	FZR1	ENSG00000105325.17	ENST00000441788.7	5178
5835	G0S2	ENSG00000123689.8	ENST00000367029.5	876
5836	G2E3	ENSG00000092140.18	ENST00000206595.11	5770
5837	G3BP1	ENSG00000145907.18	ENST00000356245.8	10227
5838	G3BP2	ENSG00000138757.17	ENST00000359707.9	4321
5839	G6PC1	ENSG00000131482.12	ENST00000253801.7	4164
5840	G6PC2	ENSG00000152254.11	ENST00000375363.8	3030
5841	G6PC3	ENSG00000141349.12	ENST00000269097.9	1573
5842	G6PD	ENSG00000160211.22	ENST00000393562.10	2223
5843	GAA	ENSG00000171298.17	ENST00000302262.8	3751
5844	GAB1	ENSG00000109458.12	ENST00000262994.9	7774
5845	GAB2	ENSG00000033327.14	ENST00000361507.5	6110
5846	GAB3	ENSG00000160219.14	ENST00000424127.3	4745
5847	GAB4	ENSG00000215568.9	ENST00000400588.5	2630
5848	GABARAP	ENSG00000170296.12	ENST00000302386.10	1319
5849	GABARAPL1	ENSG00000139112.13	ENST00000266458.10	1883
5850	GABARAPL2	ENSG00000034713.9	ENST00000037243.7	974
5851	GABARAPL3	ENSG00000279980.1	ENST00000624044.1	1851
5852	GABBR1	ENSG00000204681.13	ENST00000377034.9	4525
5853	GABBR2	ENSG00000136928.9	ENST00000259455.4	5499
5854	GABPA	ENSG00000154727.13	ENST00000400075.4	5226
5855	GABPB1	ENSG00000104064.20	ENST00000380877.8	4609
5856	GABPB2	ENSG00000143458.14	ENST00000368918.8	8807
5857	GABRA1	ENSG00000022355.20	ENST00000393943.10	4238
5858	GABRA2	ENSG00000151834.18	ENST00000381620.9	8520
5859	GABRA3	ENSG00000011677.15	ENST00000370314.9	3669
5860	GABRA4	ENSG00000109158.13	ENST00000264318.4	11147
5861	GABRA5	ENSG00000186297.14	ENST00000335625.10	2553
5862	GABRA6	ENSG00000145863.11	ENST00000274545.10	2450
5863	GABRB1	ENSG00000163288.15	ENST00000295454.8	1939
5864	GABRB2	ENSG00000145864.16	ENST00000393959.6	7266
5865	GABRB3	ENSG00000166206.17	ENST00000311550.10	5767
5866	GABRD	ENSG00000187730.11	ENST00000378585.7	1914
5867	GABRE	ENSG00000102287.20	ENST00000370328.4	3149
5868	GABRG1	ENSG00000163285.10	ENST00000295452.5	6758
5869	GABRG2	ENSG00000113327.19	ENST00000639213.2	3813
5870	GABRG3	ENSG00000182256.14	ENST00000615808.5	10862
5871	GABRP	ENSG00000094755.19	ENST00000265294.9	3304
5872	GABRQ	ENSG00000268089.4	ENST00000598523.3	6468
5873	GABRR1	ENSG00000146276.15	ENST00000454853.7	2742
5874	GABRR2	ENSG00000111886.11	ENST00000402938.4	4738
5875	GAD1	ENSG00000128683.16	ENST00000358196.8	3279
5876	GAD2	ENSG00000136750.14	ENST00000376261.8	5391
5877	GADD45A	ENSG00000116717.14	ENST00000370986.9	1352
5878	GADD45B	ENSG00000099860.12	ENST00000215631.9	1371
5879	GADD45G	ENSG00000130222.13	ENST00000252506.11	1066
5880	GADD45GIP1	ENSG00000179271.5	ENST00000316939.3	1769
5881	GADL1	ENSG00000144644.17	ENST00000282538.10	3658
5882	GAGE1	ENSG00000205777.19	ENST00000381700.11	2993
5883	GAGE10	ENSG00000215274.7	ENST00000407599.4	558
5884	GAGE12J	ENSG00000224659.4	ENST00000442437.3	561
5885	GAK	ENSG00000178950.20	ENST00000314167.9	4461
5886	GAL	ENSG00000069482.9	ENST00000265643.4	749
5887	GAL3ST1	ENSG00000128242.15	ENST00000406361.6	1909
5888	GAL3ST2	ENSG00000154252.13	ENST00000192314.7	1452
5889	GAL3ST3	ENSG00000175229.9	ENST00000312006.5	3301
5890	GAL3ST4	ENSG00000197093.13	ENST00000360039.9	2405
5891	GALC	ENSG00000054983.19	ENST00000261304.7	3794
5892	GALE	ENSG00000117308.17	ENST00000617979.5	1516
5893	GALK1	ENSG00000108479.15	ENST00000588479.6	1397
5894	GALK2	ENSG00000156958.17	ENST00000560031.6	5176
5895	GALM	ENSG00000143891.19	ENST00000272252.10	2277
5896	GALNS	ENSG00000141012.15	ENST00000268695.10	2344
5897	GALNT1	ENSG00000141429.16	ENST00000269195.6	3970
5898	GALNT10	ENSG00000164574.18	ENST00000297107.11	5958
5899	GALNT11	ENSG00000178234.16	ENST00000430044.7	2739
5900	GALNT12	ENSG00000119514.9	ENST00000375011.4	2764
5901	GALNT13	ENSG00000144278.17	ENST00000392825.8	5657
5902	GALNT14	ENSG00000158089.17	ENST00000349752.10	2447
5903	GALNT15	ENSG00000131386.22	ENST00000339732.10	5057
5904	GALNT16	ENSG00000100626.19	ENST00000448469.8	4108
5905	GALNT18	ENSG00000110328.8	ENST00000227756.5	2503
5906	GALNT2	ENSG00000143641.12	ENST00000366672.5	4423
5907	GALNT3	ENSG00000115339.17	ENST00000392701.8	3436
5908	GALNT4	ENSG00000257594.4	ENST00000529983.3	5385
5909	GALNT5	ENSG00000136542.11	ENST00000259056.5	10344
5910	GALNT6	ENSG00000139629.18	ENST00000356317.8	5307
5911	GALNT7	ENSG00000109586.14	ENST00000265000.9	4249
5912	GALNT8	ENSG00000130035.11	ENST00000252318.7	2321
5913	GALNT9	ENSG00000182870.15	ENST00000328957.13	2933
5914	GALNTL5	ENSG00000106648.15	ENST00000392800.7	1663
5915	GALNTL6	ENSG00000174473.18	ENST00000506823.6	4021
5916	GALP	ENSG00000197487.11	ENST00000357330.7	950
5917	GALR1	ENSG00000166573.7	ENST00000299727.5	10749
5918	GALR2	ENSG00000182687.5	ENST00000329003.4	1373
5919	GALR3	ENSG00000128310.5	ENST00000249041.3	1147
5920	GALT	ENSG00000213930.14	ENST00000378842.8	1756
5921	GAMT	ENSG00000130005.15	ENST00000252288.8	1110
5922	GAN	ENSG00000261609.11	ENST00000648994.2	15159
5923	GANAB	ENSG00000089597.20	ENST00000356638.8	3835
5924	GANC	ENSG00000214013.11	ENST00000318010.13	5553
5925	GAP43	ENSG00000172020.15	ENST00000305124.11	1498
5926	GAPDH	ENSG00000111640.17	ENST00000229239.10	1285
5927	GAPDHS	ENSG00000105679.9	ENST00000222286.9	1448
5928	GAPT	ENSG00000175857.10	ENST00000502276.6	3079
5929	GAPVD1	ENSG00000165219.25	ENST00000297933.11	9176
5930	GAR1	ENSG00000109534.19	ENST00000226796.7	1015
5931	GAREM1	ENSG00000141441.18	ENST00000269209.7	7434
5932	GARNL3	ENSG00000136895.20	ENST00000373387.9	3552
5933	GARS1	ENSG00000106105.17	ENST00000389266.8	2437
5934	GART	ENSG00000159131.19	ENST00000381815.9	3318
5935	GAS1	ENSG00000180447.7	ENST00000298743.9	3145
5936	GAS2	ENSG00000148935.14	ENST00000454584.7	2236
5937	GAS2L1	ENSG00000185340.18	ENST00000616432.5	2859
5938	GAS2L2	ENSG00000270765.9	ENST00000604641.6	3375
5939	GAS2L3	ENSG00000139354.13	ENST00000547754.6	5736
5940	GAS6	ENSG00000183087.17	ENST00000327773.7	2508
5941	GAS7	ENSG00000007237.21	ENST00000432992.7	8269
5942	DRC4	ENSG00000141013.19	ENST00000268699.9	3094
5943	GAST	ENSG00000184502.5	ENST00000329402.4	465
5944	GATA1	ENSG00000102145.17	ENST00000376670.9	1464
5945	GATA2	ENSG00000179348.15	ENST00000341105.7	3383
5946	GATA3	ENSG00000107485.20	ENST00000379328.9	3083
5947	GATA4	ENSG00000136574.21	ENST00000532059.6	3419
5948	GATA5	ENSG00000130700.9	ENST00000252997.3	2620
5949	GATA6	ENSG00000141448.13	ENST00000269216.10	3624
5950	GATAD1	ENSG00000157259.9	ENST00000287957.5	4571
5951	GATAD2A	ENSG00000167491.20	ENST00000683918.1	5714
5952	GATAD2B	ENSG00000143614.13	ENST00000368655.5	7475
5953	GATC	ENSG00000257218.8	ENST00000551765.6	4238
5954	GATM	ENSG00000171766.19	ENST00000396659.8	2348
5955	CASTOR3P	ENSG00000239521.12	ENST00000647868.1	664
5956	CASTOR1	ENSG00000239282.10	ENST00000407689.8	1501
5957	GBA1	ENSG00000177628.18	ENST00000368373.8	2291
5958	GBA2	ENSG00000070610.16	ENST00000378103.7	3611
5959	NIPSNAP2	ENSG00000146729.12	ENST00000322090.8	1993
5960	GBE1	ENSG00000114480.15	ENST00000429644.7	2941
5961	GBF1	ENSG00000107862.9	ENST00000369983.5	6403
5962	GBGT1	ENSG00000148288.15	ENST00000372040.9	1954
5963	GBP1	ENSG00000117228.13	ENST00000370473.5	2883
5964	GBP2	ENSG00000162645.15	ENST00000370466.4	4088
5965	GBP3	ENSG00000117226.15	ENST00000370481.9	3037
5966	GBP4	ENSG00000162654.11	ENST00000355754.7	6141
5967	GBP5	ENSG00000154451.17	ENST00000370459.8	6812
5968	GBP6	ENSG00000183347.17	ENST00000370456.5	4685
5969	GBP7	ENSG00000213512.5	ENST00000294671.3	2426
5970	GBX1	ENSG00000164900.6	ENST00000297537.5	1818
5971	GBX2	ENSG00000168505.8	ENST00000306318.5	2140
5972	GC	ENSG00000145321.15	ENST00000273951.13	1685
5973	GCA	ENSG00000115271.13	ENST00000437150.7	3651
5974	GCAT	ENSG00000100116.19	ENST00000248924.11	1473
5975	GCC1	ENSG00000179562.4	ENST00000321407.3	4128
5976	GCC2	ENSG00000135968.24	ENST00000309863.11	6909
5977	GCDH	ENSG00000105607.16	ENST00000222214.10	1852
5978	GCFC2	ENSG00000005436.16	ENST00000321027.8	4367
5979	GCG	ENSG00000115263.16	ENST00000418842.7	1124
5980	GCGR	ENSG00000215644.12	ENST00000400723.8	2030
5981	GCH1	ENSG00000131979.22	ENST00000491895.7	2916
5982	GCHFR	ENSG00000137880.7	ENST00000260447.6	727
5983	GCK	ENSG00000106633.18	ENST00000403799.8	2745
5984	GCKR	ENSG00000084734.11	ENST00000264717.7	2189
5985	GCLC	ENSG00000001084.15	ENST00000650454.1	3785
5986	GCLM	ENSG00000023909.12	ENST00000370238.8	4883
5987	GCM1	ENSG00000137270.12	ENST00000259803.8	2780
5988	GCM2	ENSG00000124827.7	ENST00000379491.5	2541
5989	GCN1	ENSG00000089154.13	ENST00000300648.7	8681
5990	GCNT1	ENSG00000187210.16	ENST00000376730.5	5566
5991	GCNT2	ENSG00000111846.22	ENST00000495262.7	4505
5992	GCNT3	ENSG00000140297.15	ENST00000396065.3	4934
5993	GCNT4	ENSG00000176928.9	ENST00000652361.2	5023
5994	GCNT7	ENSG00000124091.10	ENST00000243913.8	2064
5995	GCOM1	ENSG00000137878.18	ENST00000587652.5	2329
5996	GCSAM	ENSG00000174500.14	ENST00000308910.9	3281
5997	GCSAML	ENSG00000169224.13	ENST00000366488.5	3774
5998	GCSH	ENSG00000140905.13	ENST00000315467.9	1560
5999	GDA	ENSG00000119125.19	ENST00000358399.8	5367
6000	GDAP1	ENSG00000104381.16	ENST00000220822.12	3645
6001	GDAP1L1	ENSG00000124194.19	ENST00000342560.10	2778
6002	GDAP2	ENSG00000196505.13	ENST00000369443.10	8819
6003	GDE1	ENSG00000006007.14	ENST00000353258.8	2907
6004	GDF1	ENSG00000130283.10	ENST00000247005.8	2579
6005	GDF10	ENSG00000266524.5	ENST00000580279.2	2677
6006	GDF11	ENSG00000135414.10	ENST00000257868.10	8801
6007	GDF15	ENSG00000130513.8	ENST00000252809.3	1200
6008	GDF2	ENSG00000263761.4	ENST00000581492.3	3309
6009	GDF3	ENSG00000184344.5	ENST00000329913.4	1236
6010	GDF5	ENSG00000125965.11	ENST00000374369.8	2368
6011	GDF5-AS1	ENSG00000204183.3	ENST00000374375.1	1734
6012	GDF6	ENSG00000156466.12	ENST00000287020.7	3712
6013	GDF7	ENSG00000143869.8	ENST00000272224.5	9267
6014	GDF9	ENSG00000164404.10	ENST00000687138.1	3705
6015	GDI1	ENSG00000203879.14	ENST00000447750.7	2240
6016	GDI2	ENSG00000057608.20	ENST00000380191.9	2297
6017	GDNF	ENSG00000168621.17	ENST00000326524.7	4171
6018	GDPD1	ENSG00000153982.11	ENST00000284116.9	3241
6019	GDPD2	ENSG00000130055.16	ENST00000374382.4	1993
6020	GDPD3	ENSG00000102886.16	ENST00000406256.8	1078
6021	GDPD4	ENSG00000178795.11	ENST00000315938.5	2617
6022	GDPD5	ENSG00000158555.17	ENST00000336898.8	3561
6023	GDPGP1	ENSG00000183208.15	ENST00000329600.8	5128
6024	GEM	ENSG00000164949.10	ENST00000297596.3	2187
6025	GEMIN2	ENSG00000092208.21	ENST00000308317.12	1320
6026	GEMIN4	ENSG00000179409.12	ENST00000319004.6	3744
6027	GEMIN5	ENSG00000082516.10	ENST00000285873.8	5404
6028	GEMIN6	ENSG00000152147.13	ENST00000281950.8	3705
6029	GEMIN7	ENSG00000142252.13	ENST00000270257.9	1653
6030	GEMIN8	ENSG00000046647.17	ENST00000680255.1	3147
6031	GEN1	ENSG00000178295.17	ENST00000381254.7	9957
6032	GET4	ENSG00000239857.9	ENST00000265857.8	2090
6033	GFAP	ENSG00000131095.16	ENST00000588735.3	5501
6034	GFER	ENSG00000127554.14	ENST00000248114.7	2365
6035	GFI1	ENSG00000162676.15	ENST00000294702.6	4554
6036	GFI1B	ENSG00000165702.16	ENST00000372122.4	1798
6037	GFM1	ENSG00000168827.17	ENST00000486715.6	6478
6038	GFM2	ENSG00000164347.20	ENST00000296805.8	2993
6039	GFOD1	ENSG00000145990.12	ENST00000379287.4	8796
6040	GFOD2	ENSG00000141098.15	ENST00000268797.12	2018
6041	GFPT1	ENSG00000198380.15	ENST00000357308.9	8665
6042	GFPT2	ENSG00000131459.15	ENST00000253778.13	3034
6043	GFRA1	ENSG00000151892.18	ENST00000355422.11	9161
6044	GFRA2	ENSG00000168546.13	ENST00000524240.6	4991
6045	GFRA3	ENSG00000146013.14	ENST00000274721.8	1988
6046	GFRA4	ENSG00000125861.17	ENST00000290417.7	1471
6047	GFRAL	ENSG00000187871.2	ENST00000340465.2	1911
6048	GGA1	ENSG00000100083.22	ENST00000343632.9	2800
6049	GGA2	ENSG00000103365.18	ENST00000309859.8	5973
6050	GGA3	ENSG00000125447.20	ENST00000537686.6	3871
6051	GGCT	ENSG00000006625.20	ENST00000275428.9	1158
6052	GGCX	ENSG00000115486.15	ENST00000233838.9	7556
6053	GGH	ENSG00000137563.15	ENST00000260118.7	1248
6054	GGN	ENSG00000179168.16	ENST00000334928.11	2245
6055	GGNBP2	ENSG00000278311.7	ENST00000613102.5	2816
6056	GGPS1	ENSG00000152904.13	ENST00000282841.9	2895
6057	GGT1	ENSG00000100031.21	ENST00000400382.6	2630
6058	GGT2P	ENSG00000133475.19	ENST00000697421.2	1879
6059	GGT5	ENSG00000099998.21	ENST00000327365.10	2428
6060	GGT6	ENSG00000167741.12	ENST00000381550.8	2644
6061	GGT7	ENSG00000131067.19	ENST00000336431.10	2638
6062	GGTLC1	ENSG00000149435.14	ENST00000335694.4	1046
6063	GGTLC2	ENSG00000100121.14	ENST00000448514.3	943
6064	GH1	ENSG00000259384.8	ENST00000323322.10	823
6065	GH2	ENSG00000136487.19	ENST00000423893.7	903
6066	GHDC	ENSG00000167925.19	ENST00000587427.6	2408
6067	GHITM	ENSG00000165678.24	ENST00000372134.6	2382
6068	GHR	ENSG00000112964.16	ENST00000230882.9	4899
6069	GHRH	ENSG00000118702.13	ENST00000373614.7	545
6070	GHRHR	ENSG00000106128.20	ENST00000326139.7	1672
6071	GHRL	ENSG00000157017.18	ENST00000335542.13	1434
6072	GHSR	ENSG00000121853.5	ENST00000241256.3	3014
6073	GID4	ENSG00000141034.12	ENST00000268719.9	4122
6074	GID8	ENSG00000101193.10	ENST00000266069.5	4369
6075	CBLIF	ENSG00000134812.8	ENST00000257248.3	1511
6076	GIGYF1	ENSG00000146830.13	ENST00000678049.1	6559
6077	GIGYF2	ENSG00000204120.18	ENST00000373563.9	7816
6078	GIMAP1	ENSG00000213203.5	ENST00000307194.6	4364
6079	GIMAP2	ENSG00000106560.12	ENST00000223293.10	1443
6080	GIMAP4	ENSG00000133574.12	ENST00000255945.4	1945
6081	GIMAP5	ENSG00000196329.14	ENST00000358647.5	1804
6082	GIMAP6	ENSG00000133561.17	ENST00000328902.9	3440
6083	GIMAP7	ENSG00000179144.7	ENST00000313543.5	1214
6084	GIMAP8	ENSG00000171115.6	ENST00000307271.4	4185
6085	GIN1	ENSG00000145723.19	ENST00000399004.7	3549
6086	GINM1	ENSG00000055211.16	ENST00000367419.10	1943
6087	GINS1	ENSG00000101003.13	ENST00000262460.5	3311
6088	GINS2	ENSG00000131153.11	ENST00000253462.8	2628
6089	GINS3	ENSG00000181938.16	ENST00000318129.6	2200
6090	GINS4	ENSG00000147536.13	ENST00000276533.4	3770
6091	GIP	ENSG00000159224.4	ENST00000357424.2	716
6092	GIPC1	ENSG00000123159.18	ENST00000393033.9	1921
6093	GIPC2	ENSG00000137960.8	ENST00000370759.4	3778
6094	GIPC3	ENSG00000179855.11	ENST00000644452.3	4410
6095	GIPR	ENSG00000010310.11	ENST00000590918.6	3310
6096	GIT1	ENSG00000108262.18	ENST00000225394.8	3783
6097	GIT2	ENSG00000139436.24	ENST00000355312.8	5598
6098	GJA1	ENSG00000152661.11	ENST00000282561.4	3083
6099	GJA10	ENSG00000135355.4	ENST00000369352.1	1652
6100	GJA3	ENSG00000121743.6	ENST00000241125.4	5214
6101	GJA4	ENSG00000187513.11	ENST00000342280.5	1621
6102	GJA5	ENSG00000265107.5	ENST00000579774.3	3177
6103	GJA8	ENSG00000121634.6	ENST00000369235.2	1392
6104	GJA9	ENSG00000131233.10	ENST00000357771.5	2281
6105	GJB1	ENSG00000169562.15	ENST00000361726.7	1937
6106	GJB2	ENSG00000165474.10	ENST00000382848.5	2290
6107	GJB3	ENSG00000188910.10	ENST00000373366.3	2192
6108	GJB4	ENSG00000189433.9	ENST00000339480.3	1444
6109	GJB5	ENSG00000189280.5	ENST00000338513.1	1355
6110	GJB6	ENSG00000121742.20	ENST00000647029.1	2064
6111	GJB7	ENSG00000164411.13	ENST00000525899.6	2279
6112	GJC1	ENSG00000182963.13	ENST00000592524.6	7692
6113	GJC2	ENSG00000198835.6	ENST00000366714.3	2165
6114	GJC3	ENSG00000176402.6	ENST00000312891.3	1119
6115	GJD2	ENSG00000159248.6	ENST00000290374.5	2922
6116	GJD3	ENSG00000183153.7	ENST00000578689.2	4086
6117	GJD4	ENSG00000177291.4	ENST00000321660.2	1649
6118	GK	ENSG00000198814.16	ENST00000427190.6	4515
6119	GK2	ENSG00000196475.6	ENST00000358842.5	1868
6120	GK5	ENSG00000175066.17	ENST00000392993.7	9815
6121	GKAP1	ENSG00000165113.15	ENST00000376371.7	1801
6122	GKN1	ENSG00000169605.8	ENST00000377938.4	753
6123	GKN2	ENSG00000183607.12	ENST00000328895.9	723
6124	GLA	ENSG00000102393.16	ENST00000218516.4	1318
6125	GLB1	ENSG00000170266.17	ENST00000307363.10	2523
6126	GLB1L	ENSG00000163521.18	ENST00000295759.12	2725
6127	GLB1L2	ENSG00000149328.18	ENST00000535456.7	3251
6128	GLB1L3	ENSG00000166105.18	ENST00000431683.7	2946
6129	GLCCI1	ENSG00000106415.15	ENST00000223145.10	4741
6130	GLCE	ENSG00000138604.12	ENST00000261858.7	5044
6131	GLDC	ENSG00000178445.12	ENST00000321612.8	3843
6132	GLDN	ENSG00000186417.17	ENST00000335449.11	4932
6133	GLE1	ENSG00000119392.18	ENST00000309971.9	3302
6134	GLG1	ENSG00000090863.14	ENST00000422840.7	9287
6135	GLI1	ENSG00000111087.12	ENST00000228682.7	3972
6136	GLI2	ENSG00000074047.23	ENST00000361492.9	7136
6137	GLI3	ENSG00000106571.17	ENST00000395925.8	8405
6138	GLI4	ENSG00000250571.9	ENST00000340042.2	1335
6139	GLIPR1	ENSG00000139278.11	ENST00000266659.8	5812
6140	GLIPR1L1	ENSG00000173401.10	ENST00000378695.9	1172
6141	GLIPR1L2	ENSG00000180481.13	ENST00000550916.6	2590
6142	GLIPR2	ENSG00000122694.18	ENST00000377960.9	1895
6143	GLIS1	ENSG00000174332.8	ENST00000628545.2	2870
6144	GLIS2	ENSG00000126603.11	ENST00000433375.2	3900
6145	GLIS3	ENSG00000107249.25	ENST00000381971.8	7684
6146	GLMN	ENSG00000174842.19	ENST00000370360.8	2006
6147	GLO1	ENSG00000124767.9	ENST00000373365.5	2016
6148	GLOD4	ENSG00000167699.16	ENST00000301329.11	1765
6149	GLOD5	ENSG00000171433.13	ENST00000303227.11	740
6150	GLP1R	ENSG00000112164.7	ENST00000373256.5	6682
6151	GLP2R	ENSG00000065325.15	ENST00000262441.10	4196
6152	GLRA1	ENSG00000145888.11	ENST00000274576.9	1812
6153	GLRA2	ENSG00000101958.14	ENST00000218075.9	3208
6154	GLRA3	ENSG00000145451.13	ENST00000274093.8	8697
6155	GLRA4	ENSG00000188828.14	ENST00000674183.1	1374
6156	GLRB	ENSG00000109738.13	ENST00000264428.9	3033
6157	GLRX	ENSG00000173221.16	ENST00000237858.11	932
6158	GLRX2	ENSG00000023572.11	ENST00000367439.8	682
6159	GLRX3	ENSG00000108010.14	ENST00000331244.10	1318
6160	GLRX5	ENSG00000182512.7	ENST00000331334.5	1103
6161	GLS	ENSG00000115419.16	ENST00000320717.8	4840
6162	GLS2	ENSG00000135423.15	ENST00000311966.9	2387
6163	GLT1D1	ENSG00000151948.14	ENST00000442111.7	3023
6164	GLT6D1	ENSG00000204007.9	ENST00000371763.6	1534
6165	GLT8D1	ENSG00000016864.21	ENST00000266014.11	1856
6166	GLT8D2	ENSG00000120820.15	ENST00000360814.9	1927
6167	GLTP	ENSG00000139433.13	ENST00000318348.9	2407
6168	CPTP	ENSG00000224051.9	ENST00000343938.9	2154
6169	GLTPD2	ENSG00000182327.9	ENST00000331264.8	1217
6170	BICRA	ENSG00000063169.13	ENST00000594866.3	5687
6171	BICRAL	ENSG00000112624.16	ENST00000314073.10	6501
6172	NOP53	ENSG00000105373.21	ENST00000246802.10	1504
6173	GLUD1	ENSG00000148672.12	ENST00000277865.5	3300
6174	GLUD2	ENSG00000182890.5	ENST00000328078.3	2485
6175	GLUL	ENSG00000135821.20	ENST00000331872.11	7554
6176	GLYAT	ENSG00000149124.12	ENST00000344743.8	2024
6177	GLYATL1	ENSG00000166840.15	ENST00000532726.6	1617
6178	GLYATL2	ENSG00000156689.7	ENST00000287275.6	1560
6179	GLYCTK	ENSG00000168237.20	ENST00000436784.7	3791
6180	GLYR1	ENSG00000140632.19	ENST00000321919.14	3718
6181	GM2A	ENSG00000196743.11	ENST00000357164.4	3603
6182	GMCL1	ENSG00000087338.7	ENST00000282570.4	4161
6183	GMDS	ENSG00000112699.13	ENST00000380815.5	1665
6184	GMEB1	ENSG00000162419.15	ENST00000373816.6	6358
6185	GMEB2	ENSG00000101216.13	ENST00000370077.2	4280
6186	GMFB	ENSG00000197045.16	ENST00000358056.8	4085
6187	GMFG	ENSG00000130755.15	ENST00000597595.6	614
6188	GMIP	ENSG00000089639.13	ENST00000203556.9	3528
6189	GML	ENSG00000104499.8	ENST00000220940.2	728
6190	GMNN	ENSG00000112312.12	ENST00000230056.8	1263
6191	GMPPA	ENSG00000144591.22	ENST00000313597.10	1522
6192	GMPPB	ENSG00000173540.16	ENST00000308388.7	3144
6193	GMPR	ENSG00000137198.12	ENST00000259727.5	1508
6194	GMPR2	ENSG00000100938.21	ENST00000399440.7	1595
6195	GMPS	ENSG00000163655.18	ENST00000496455.7	8631
6196	GNA11	ENSG00000088256.10	ENST00000078429.9	4190
6197	GNA12	ENSG00000146535.17	ENST00000275364.8	4369
6198	GNA13	ENSG00000120063.12	ENST00000439174.7	6249
6199	GNA14	ENSG00000156049.8	ENST00000341700.7	2497
6200	GNA15	ENSG00000060558.5	ENST00000262958.4	2273
6201	GNAI1	ENSG00000127955.19	ENST00000649796.2	10083
6202	GNAI2	ENSG00000114353.19	ENST00000313601.11	2219
6203	GNAI3	ENSG00000065135.14	ENST00000369851.7	9044
6204	GNAL	ENSG00000141404.18	ENST00000334049.11	6227
6205	GNAO1	ENSG00000087258.18	ENST00000262493.12	3182
6206	GNAQ	ENSG00000156052.13	ENST00000286548.9	6882
6207	GNAS	ENSG00000087460.30	ENST00000371085.8	1854
6208	GNAT1	ENSG00000114349.11	ENST00000232461.8	3599
6209	GNAT2	ENSG00000134183.15	ENST00000679935.1	1515
6210	GNAT3	ENSG00000214415.4	ENST00000398291.4	1239
6211	GNAZ	ENSG00000128266.11	ENST00000615612.2	3170
6212	GNB1	ENSG00000078369.21	ENST00000378609.9	3163
6213	GNB1L	ENSG00000185838.16	ENST00000329517.11	6642
6214	GNB2	ENSG00000172354.12	ENST00000303210.9	1664
6215	RACK1	ENSG00000204628.14	ENST00000512805.6	1140
6216	GNB3	ENSG00000111664.12	ENST00000229264.8	1657
6217	GNB4	ENSG00000114450.13	ENST00000232564.8	6315
6218	GNB5	ENSG00000069966.19	ENST00000261837.12	8934
6219	GNE	ENSG00000159921.22	ENST00000642385.2	5263
6220	GNG10	ENSG00000242616.6	ENST00000374293.5	1201
6221	GNG11	ENSG00000127920.7	ENST00000248564.6	3019
6222	GNG12	ENSG00000172380.8	ENST00000370982.4	4395
6223	GNG13	ENSG00000127588.7	ENST00000248150.5	985
6224	GNG2	ENSG00000186469.11	ENST00000556766.6	3573
6225	GNG3	ENSG00000162188.9	ENST00000294117.6	864
6226	GNG4	ENSG00000168243.13	ENST00000391854.7	4897
6227	GNG5	ENSG00000174021.14	ENST00000370645.9	806
6228	GNG5B	ENSG00000133136.6	ENST00000697560.1	520
6229	GNG7	ENSG00000176533.15	ENST00000382159.8	4193
6230	GNG8	ENSG00000167414.7	ENST00000693335.1	435
6231	GNGT1	ENSG00000127928.15	ENST00000248572.10	661
6232	GNGT2	ENSG00000167083.9	ENST00000507680.6	993
6233	GNL1	ENSG00000204590.15	ENST00000376621.8	6801
6234	GNL2	ENSG00000134697.15	ENST00000373062.8	2350
6235	GNL3	ENSG00000163938.19	ENST00000418458.6	1933
6236	GNL3L	ENSG00000130119.19	ENST00000360845.3	8684
6237	GNLY	ENSG00000115523.19	ENST00000263863.9	777
6238	GNMT	ENSG00000124713.8	ENST00000372808.4	1076
6239	GNPAT	ENSG00000116906.15	ENST00000366647.9	2641
6240	GNPDA1	ENSG00000113552.18	ENST00000311337.11	2267
6241	GNPDA2	ENSG00000163281.14	ENST00000295448.8	2235
6242	GNPNAT1	ENSG00000100522.12	ENST00000216410.8	3867
6243	GNPTAB	ENSG00000111670.18	ENST00000299314.12	5720
6244	GNPTG	ENSG00000090581.13	ENST00000204679.9	1975
6245	GNRH1	ENSG00000147437.12	ENST00000421054.7	502
6246	GNRH2	ENSG00000125787.13	ENST00000359100.6	404
6247	GNRHR	ENSG00000109163.8	ENST00000226413.5	4402
6248	GNS	ENSG00000135677.13	ENST00000258145.8	5081
6249	GOLGA1	ENSG00000136935.16	ENST00000373555.9	4877
6250	GOLGA2	ENSG00000167110.21	ENST00000611957.5	4359
6251	GOLGA3	ENSG00000090615.18	ENST00000450791.8	8938
6252	GOLGA4	ENSG00000144674.21	ENST00000361924.7	7806
6253	GOLGA5	ENSG00000066455.15	ENST00000163416.7	2879
6254	GOLGA6A	ENSG00000159289.6	ENST00000290438.3	3176
6255	GOLGA6B	ENSG00000215186.8	ENST00000421285.4	5380
6256	GOLGA6C	ENSG00000167195.8	ENST00000300576.6	5603
6257	GOLGA6D	ENSG00000140478.17	ENST00000434739.4	3178
6258	GOLGA6L10	ENSG00000278662.7	ENST00000610657.2	4452
6259	GOLGA6L2	ENSG00000174450.14	ENST00000567107.6	3499
6260	GOLGA6L4	ENSG00000184206.13	ENST00000510439.7	4553
6261	GOLGA6L6	ENSG00000277322.1	ENST00000619213.1	4013
6262	GOLGA7	ENSG00000147533.20	ENST00000357743.9	2099
6263	GOLGA7B	ENSG00000155265.14	ENST00000370602.6	6843
6264	GOLGA8A	ENSG00000175265.21	ENST00000359187.5	5777
6265	GOLGA8B	ENSG00000215252.14	ENST00000683415.1	5607
6266	GOLGA8F	ENSG00000153684.16	ENST00000526619.7	4967
6267	GOLGA8G	ENSG00000183629.14	ENST00000525590.3	4971
6268	GOLGA8H	ENSG00000261794.2	ENST00000566740.2	5188
6269	GOLGA8IP	ENSG00000291261.2	ENST00000757967.1	2420
6270	GOLGA8J	ENSG00000179938.13	ENST00000567927.2	5188
6271	GOLGA8K	ENSG00000249931.5	ENST00000512626.3	5174
6272	GOLGA8M	ENSG00000188626.7	ENST00000563027.2	5368
6273	GOLGA8Q	ENSG00000178115.12	ENST00000562783.2	5110
6274	GOLGA8R	ENSG00000186399.11	ENST00000327271.11	5172
6275	GOLGA8S	ENSG00000261739.3	ENST00000562295.3	5186
6276	GOLGA8T	ENSG00000261247.2	ENST00000569052.2	5175
6277	GOLGB1	ENSG00000173230.19	ENST00000614479.5	11186
6278	GOLIM4	ENSG00000173905.11	ENST00000470487.6	4310
6279	GOLM1	ENSG00000135052.18	ENST00000388712.7	3046
6280	GOLPH3	ENSG00000113384.16	ENST00000265070.7	2678
6281	GOLPH3L	ENSG00000143457.13	ENST00000271732.8	3124
6282	GOLT1A	ENSG00000174567.10	ENST00000308302.4	776
6283	GOLT1B	ENSG00000111711.11	ENST00000229314.10	3253
6284	GON4L	ENSG00000116580.22	ENST00000368331.6	7745
6285	GOPC	ENSG00000047932.16	ENST00000368498.7	4597
6286	GORAB	ENSG00000120370.15	ENST00000367763.8	2540
6287	GORASP1	ENSG00000114745.17	ENST00000319283.8	3046
6288	GORASP2	ENSG00000115806.15	ENST00000234160.5	2447
6289	GOSR1	ENSG00000108587.18	ENST00000451249.7	5987
6290	GOSR2	ENSG00000108433.18	ENST00000640051.2	3932
6291	GOT1	ENSG00000120053.14	ENST00000370508.7	1978
6292	GOT1L1	ENSG00000169154.8	ENST00000307599.5	1373
6293	GOT2	ENSG00000125166.15	ENST00000245206.10	2421
6294	GP1BA	ENSG00000185245.10	ENST00000329125.6	2514
6295	GP1BB	ENSG00000203618.8	ENST00000366425.4	959
6296	GP2	ENSG00000169347.19	ENST00000302555.10	3337
6297	GP5	ENSG00000178732.6	ENST00000692618.1	3493
6298	GP6	ENSG00000088053.13	ENST00000417454.5	2264
6299	GP9	ENSG00000169704.7	ENST00000307395.5	877
6300	GPA33	ENSG00000143167.14	ENST00000367868.4	2548
6301	GPAA1	ENSG00000197858.14	ENST00000355091.9	2054
6302	GPALPP1	ENSG00000133114.20	ENST00000379151.9	3442
6303	GPAM	ENSG00000119927.16	ENST00000348367.9	6372
6304	GPANK1	ENSG00000204438.13	ENST00000375896.9	2365
6305	GPAT2	ENSG00000186281.15	ENST00000434632.6	2743
6306	GPATCH1	ENSG00000076650.9	ENST00000170564.7	3191
6307	GPATCH11	ENSG00000152133.19	ENST00000674370.2	3839
6308	GPATCH2	ENSG00000092978.13	ENST00000366935.8	5859
6309	GPATCH2L	ENSG00000089916.20	ENST00000261530.12	14021
6310	GPATCH3	ENSG00000198746.15	ENST00000361720.10	2125
6311	GPATCH4	ENSG00000160818.18	ENST00000368232.9	2154
6312	GPATCH8	ENSG00000186566.15	ENST00000591680.6	6832
6313	GPBAR1	ENSG00000179921.16	ENST00000519574.2	1384
6314	GPBP1	ENSG00000062194.18	ENST00000506184.7	4506
6315	GPBP1L1	ENSG00000159592.13	ENST00000355105.8	3641
6316	GPC1	ENSG00000063660.11	ENST00000264039.7	3719
6317	GPC2	ENSG00000213420.10	ENST00000292377.4	2546
6318	GPC3	ENSG00000147257.18	ENST00000370818.8	2267
6319	GPC4	ENSG00000076716.11	ENST00000370828.4	4959
6320	GPC5	ENSG00000179399.17	ENST00000377067.9	2943
6321	GPC6	ENSG00000183098.12	ENST00000377047.9	7121
6322	GPCPD1	ENSG00000125772.17	ENST00000379019.7	5434
6323	GPD1	ENSG00000167588.15	ENST00000301149.8	2887
6324	GPD1L	ENSG00000152642.13	ENST00000282541.10	3947
6325	GPD2	ENSG00000115159.19	ENST00000438166.7	5812
6326	GPER1	ENSG00000164850.18	ENST00000397088.4	2613
6327	GPHA2	ENSG00000149735.8	ENST00000279168.7	752
6328	GPHN	ENSG00000171723.18	ENST00000478722.6	3557
6329	GPI	ENSG00000105220.18	ENST00000356487.11	4125
6330	GPIHBP1	ENSG00000277494.4	ENST00000622500.2	2257
6331	GPKOW	ENSG00000068394.13	ENST00000156109.7	1658
6332	GPLD1	ENSG00000112293.17	ENST00000230036.2	5790
6333	GPM6A	ENSG00000150625.19	ENST00000393658.7	2842
6334	GPM6B	ENSG00000046653.16	ENST00000316715.9	3118
6335	GPN1	ENSG00000198522.16	ENST00000610189.2	2445
6336	GPN2	ENSG00000142751.17	ENST00000374135.9	4665
6337	GPN3	ENSG00000111231.11	ENST00000228827.8	1457
6338	GPNMB	ENSG00000136235.19	ENST00000258733.9	2650
6339	CMKLR2	ENSG00000183671.14	ENST00000621141.5	2025
6340	GPR101	ENSG00000165370.3	ENST00000651716.2	8032
6341	GPR107	ENSG00000148358.23	ENST00000347136.11	6729
6342	GPR108	ENSG00000125734.18	ENST00000264080.12	2034
6343	ADGRF1	ENSG00000153292.18	ENST00000371253.7	5432
6344	ADGRF2P	ENSG00000164393.11	ENST00000507065.6	2013
6345	ADGRG4	ENSG00000156920.11	ENST00000394143.6	9933
6346	ADGRF3	ENSG00000173567.17	ENST00000651242.2	4481
6347	ADGRG5	ENSG00000159618.18	ENST00000349457.8	3335
6348	ADGRF4	ENSG00000153294.14	ENST00000283303.3	3128
6349	ADGRF5	ENSG00000069122.21	ENST00000283296.12	5761
6350	GPR119	ENSG00000147262.5	ENST00000682440.1	4342
6351	GPR12	ENSG00000132975.10	ENST00000405846.5	4851
6352	ADGRA1	ENSG00000197177.18	ENST00000392607.8	4264
6353	ADGRA2	ENSG00000020181.20	ENST00000412232.3	6944
6354	ADGRA3	ENSG00000152990.16	ENST00000334304.10	4577
6355	ADGRG6	ENSG00000112414.17	ENST00000367609.8	6822
6356	ADGRG7	ENSG00000144820.10	ENST00000273352.8	3128
6357	GPR132	ENSG00000183484.14	ENST00000329797.8	3654
6358	ADGRD1	ENSG00000111452.15	ENST00000261654.10	5390
6359	GPR135	ENSG00000181619.12	ENST00000395116.2	4622
6360	GPR137	ENSG00000173264.18	ENST00000438980.7	2166
6361	GPR137B	ENSG00000077585.16	ENST00000366592.8	2033
6362	GPR137C	ENSG00000180998.14	ENST00000321662.11	4200
6363	GPR139	ENSG00000180269.8	ENST00000570682.2	4832
6364	GPR141	ENSG00000187037.11	ENST00000334425.2	3718
6365	GPR142	ENSG00000257008.7	ENST00000582579.6	1487
6366	GPR143	ENSG00000101850.15	ENST00000467482.6	1645
6367	ADGRD2	ENSG00000180264.13	ENST00000696331.1	3515
6368	GPR146	ENSG00000164849.12	ENST00000444847.2	1883
6369	GPR148	ENSG00000173302.5	ENST00000309926.4	1267
6370	GPR149	ENSG00000174948.6	ENST00000389740.3	5527
6371	GPR15	ENSG00000154165.5	ENST00000284311.5	2704
6372	GPR150	ENSG00000178015.5	ENST00000380007.3	2056
6373	GPR151	ENSG00000173250.3	ENST00000311104.3	3047
6374	GPR152	ENSG00000175514.2	ENST00000312457.2	1429
6375	GPR153	ENSG00000158292.9	ENST00000377893.3	4198
6376	GPR155	ENSG00000163328.16	ENST00000392552.7	7346
6377	GPR156	ENSG00000175697.13	ENST00000464295.6	4573
6378	GPR157	ENSG00000180758.14	ENST00000377411.5	5197
6379	GPR158	ENSG00000151025.12	ENST00000376351.4	7023
6380	GPR160	ENSG00000173890.19	ENST00000355897.10	1962
6381	GPR161	ENSG00000143147.17	ENST00000682931.1	7815
6382	GPR162	ENSG00000250510.10	ENST00000311268.8	2495
6383	GPR17	ENSG00000144230.19	ENST00000486700.2	2016
6384	GPR171	ENSG00000174946.7	ENST00000309180.6	1810
6385	GPR173	ENSG00000184194.8	ENST00000332582.5	4787
6386	GPR174	ENSG00000147138.5	ENST00000645147.2	5494
6387	GPR176	ENSG00000166073.13	ENST00000561100.2	3912
6388	GPR179	ENSG00000277399.6	ENST00000616987.5	9165
6389	GPR18	ENSG00000125245.15	ENST00000397470.5	1394
6390	GPR180	ENSG00000152749.10	ENST00000376958.5	8884
6391	ACKR5	ENSG00000166856.5	ENST00000300098.3	3411
6392	GPR183	ENSG00000169508.9	ENST00000376414.5	1685
6393	GPR19	ENSG00000183150.10	ENST00000651487.1	1910
6394	GPR20	ENSG00000204882.6	ENST00000377741.4	1564
6395	GPR21	ENSG00000188394.9	ENST00000616002.3	1571
6396	GPR22	ENSG00000172209.8	ENST00000304402.6	2970
6397	GPR25	ENSG00000170128.5	ENST00000304244.5	1198
6398	GPR26	ENSG00000154478.4	ENST00000284674.2	10306
6399	GPR27	ENSG00000170837.3	ENST00000304411.3	2642
6400	GPR3	ENSG00000181773.9	ENST00000374024.4	2137
6401	GPR31	ENSG00000120436.4	ENST00000366834.2	2734
6402	GPR32	ENSG00000142511.4	ENST00000270590.4	1269
6403	GPR34	ENSG00000171659.18	ENST00000378142.9	1926
6404	GPR35	ENSG00000178623.15	ENST00000407714.2	3300
6405	GPR37	ENSG00000170775.4	ENST00000303921.3	5298
6406	GPR37L1	ENSG00000170075.11	ENST00000367282.6	6529
6407	GPR39	ENSG00000183840.8	ENST00000329321.4	2576
6408	GPR4	ENSG00000177464.7	ENST00000323040.5	3052
6409	GPR42	ENSG00000126251.7	ENST00000454971.3	1665
6410	GPR45	ENSG00000135973.3	ENST00000258456.3	1725
6411	GPR50	ENSG00000102195.10	ENST00000218316.4	2020
6412	GPR52	ENSG00000203737.5	ENST00000367685.5	1582
6413	GPR55	ENSG00000135898.12	ENST00000650999.1	3844
6414	ADGRG1	ENSG00000205336.16	ENST00000562631.7	4257
6415	GPR6	ENSG00000146360.10	ENST00000275169.5	1783
6416	GPR61	ENSG00000156097.13	ENST00000527748.5	4921
6417	GPR62	ENSG00000180929.6	ENST00000322241.6	2119
6418	GPR63	ENSG00000112218.11	ENST00000229955.4	5967
6419	ADGRG2	ENSG00000173698.20	ENST00000379869.8	4684
6420	GPR65	ENSG00000140030.8	ENST00000267549.5	4511
6421	GPR68	ENSG00000119714.13	ENST00000650645.1	3056
6422	GPR75	ENSG00000119737.7	ENST00000394705.3	2094
6423	GPR78	ENSG00000155269.12	ENST00000382487.5	4343
6424	GPR82	ENSG00000171657.8	ENST00000302548.5	3318
6425	GPR83	ENSG00000123901.10	ENST00000243673.7	4277
6426	GPR84	ENSG00000139572.6	ENST00000267015.4	1509
6427	GPR85	ENSG00000164604.16	ENST00000424100.2	3231
6428	GPR87	ENSG00000138271.6	ENST00000260843.5	1493
6429	GPR88	ENSG00000181656.8	ENST00000315033.5	3492
6430	GPR89A	ENSG00000117262.21	ENST00000313835.14	2124
6431	GPR89B	ENSG00000188092.17	ENST00000314163.12	2160
6432	ADGRG3	ENSG00000182885.19	ENST00000333493.9	2609
6433	ADGRV1	ENSG00000164199.19	ENST00000405460.9	19557
6434	GPRASP1	ENSG00000198932.15	ENST00000537097.2	5901
6435	GPRASP2	ENSG00000158301.22	ENST00000483720.7	3536
6436	GPRC5A	ENSG00000013588.12	ENST00000014914.6	6582
6437	GPRC5B	ENSG00000167191.14	ENST00000300571.7	5144
6438	GPRC5C	ENSG00000170412.20	ENST00000392627.7	1813
6439	GPRC5D	ENSG00000111291.10	ENST00000228887.6	1347
6440	GPRC6A	ENSG00000173612.10	ENST00000310357.8	2908
6441	GPRIN1	ENSG00000169258.9	ENST00000303991.5	4234
6442	GPRIN2	ENSG00000204175.8	ENST00000374314.6	9279
6443	GPRIN3	ENSG00000185477.8	ENST00000609438.2	14037
6444	GPS1	ENSG00000169727.16	ENST00000578552.6	1841
6445	GPS2	ENSG00000132522.18	ENST00000380728.7	1176
6446	GPSM1	ENSG00000160360.14	ENST00000440944.6	3566
6447	GPSM2	ENSG00000121957.17	ENST00000264126.9	7152
6448	GPSM3	ENSG00000213654.12	ENST00000375040.8	1213
6449	GPT	ENSG00000167701.16	ENST00000394955.3	1828
6450	GPT2	ENSG00000166123.16	ENST00000340124.9	3992
6451	GPX1	ENSG00000233276.10	ENST00000419783.3	899
6452	GPX2	ENSG00000176153.13	ENST00000389614.6	922
6453	GPX3	ENSG00000211445.14	ENST00000388825.9	1603
6454	GPX4	ENSG00000167468.21	ENST00000354171.13	851
6455	GPX5	ENSG00000224586.7	ENST00000412168.7	1587
6456	GPX6	ENSG00000198704.10	ENST00000361902.5	1712
6457	GPX7	ENSG00000116157.7	ENST00000361314.5	1229
6458	GPX8	ENSG00000164294.16	ENST00000503787.6	3731
6459	GRAMD1A	ENSG00000089351.17	ENST00000317991.10	2659
6460	GRAMD1B	ENSG00000023171.22	ENST00000635736.2	8330
6461	GRAMD1C	ENSG00000178075.22	ENST00000358160.9	3807
6462	GRAMD2A	ENSG00000175318.14	ENST00000309731.12	3284
6463	GRAMD2B	ENSG00000155324.12	ENST00000285689.8	2905
6464	GRAMD4	ENSG00000075240.19	ENST00000406902.6	4500
6465	GRAP	ENSG00000154016.16	ENST00000284154.10	1988
6466	GRAP2	ENSG00000100351.19	ENST00000344138.9	3891
6467	TAMALIN	ENSG00000161835.12	ENST00000293662.9	1952
6468	GRB10	ENSG00000106070.22	ENST00000401949.6	5468
6469	GRB14	ENSG00000115290.13	ENST00000263915.8	2415
6470	GRB2	ENSG00000177885.17	ENST00000316804.10	3273
6471	GRB7	ENSG00000141738.16	ENST00000309156.9	2233
6472	GREB1	ENSG00000196208.16	ENST00000381486.7	8555
6473	GREM1	ENSG00000166923.13	ENST00000651154.1	14575
6474	GREM2	ENSG00000180875.7	ENST00000318160.5	4176
6475	GRHL1	ENSG00000134317.19	ENST00000324907.14	3568
6476	GRHL2	ENSG00000083307.14	ENST00000646743.1	5232
6477	GRHL3	ENSG00000158055.18	ENST00000361548.9	2834
6478	GRHPR	ENSG00000137106.20	ENST00000318158.11	1250
6479	GRIA1	ENSG00000155511.20	ENST00000285900.10	5584
6480	GRIA2	ENSG00000120251.23	ENST00000264426.14	5611
6481	GRIA3	ENSG00000125675.22	ENST00000620443.2	5148
6482	GRIA4	ENSG00000152578.17	ENST00000282499.10	5506
6483	GRID1	ENSG00000182771.20	ENST00000327946.12	6154
6484	GRID2	ENSG00000152208.14	ENST00000282020.9	5783
6485	GRID2IP	ENSG00000215045.9	ENST00000457091.3	4657
6486	GRIK1	ENSG00000171189.19	ENST00000327783.9	3643
6487	GRIK2	ENSG00000164418.23	ENST00000369134.9	4722
6488	GRIK3	ENSG00000163873.11	ENST00000373091.8	9491
6489	GRIK4	ENSG00000149403.15	ENST00000527524.8	5815
6490	GRIK5	ENSG00000105737.12	ENST00000593562.6	4506
6491	GRIN1	ENSG00000176884.18	ENST00000371561.8	4379
6492	GRIN2A	ENSG00000183454.20	ENST00000330684.4	14706
6493	GRIN2B	ENSG00000273079.8	ENST00000609686.4	30609
6494	GRIN2C	ENSG00000161509.16	ENST00000293190.10	4271
6495	GRIN2D	ENSG00000105464.5	ENST00000263269.4	5511
6496	GRIN3A	ENSG00000198785.8	ENST00000361820.6	7838
6497	GRIN3B	ENSG00000116032.5	ENST00000234389.3	3281
6498	GRINA	ENSG00000178719.19	ENST00000395068.9	1858
6499	GRIP1	ENSG00000155974.15	ENST00000359742.9	5147
6500	GRIPAP1	ENSG00000068400.16	ENST00000376423.8	3031
6501	GRK1	ENSG00000185974.8	ENST00000335678.7	4233
6502	GRK4	ENSG00000125388.22	ENST00000398052.9	2372
6503	GRK5	ENSG00000198873.14	ENST00000392870.3	6798
6504	GRK6	ENSG00000198055.13	ENST00000355472.10	3002
6505	GRK7	ENSG00000114124.3	ENST00000682958.1	6509
6506	GRM1	ENSG00000152822.16	ENST00000282753.6	6846
6507	GRM2	ENSG00000164082.17	ENST00000395052.8	3356
6508	GRM3	ENSG00000198822.13	ENST00000361669.7	4268
6509	GRM4	ENSG00000124493.16	ENST00000538487.7	7368
6510	GRM5	ENSG00000168959.17	ENST00000305447.5	7996
6511	GRM6	ENSG00000113262.16	ENST00000517717.3	6025
6512	GRM7	ENSG00000196277.18	ENST00000357716.9	4149
6513	GRM8	ENSG00000179603.20	ENST00000339582.7	3704
6514	GRN	ENSG00000030582.21	ENST00000053867.8	2130
6515	GRP	ENSG00000134443.11	ENST00000256857.7	858
6516	GRPEL1	ENSG00000109519.16	ENST00000264954.5	2653
6517	GRPEL2	ENSG00000164284.17	ENST00000329271.8	4020
6518	GRPR	ENSG00000126010.7	ENST00000380289.3	2417
6519	GRSF1	ENSG00000132463.17	ENST00000254799.11	6610
6520	GRTP1	ENSG00000139835.16	ENST00000375431.9	1415
6521	GRWD1	ENSG00000105447.15	ENST00000253237.10	5361
6522	GRXCR1	ENSG00000215203.3	ENST00000399770.3	1545
6523	GRXCR2	ENSG00000204928.3	ENST00000377976.3	2005
6524	GSAP	ENSG00000186088.18	ENST00000257626.12	3200
6525	GSC	ENSG00000133937.6	ENST00000238558.5	1140
6526	GSC2	ENSG00000063515.3	ENST00000086933.3	2625
6527	GSDMA	ENSG00000167914.13	ENST00000301659.9	2135
6528	GSDMB	ENSG00000073605.21	ENST00000418519.6	1584
6529	GSDMC	ENSG00000147697.10	ENST00000276708.9	2450
6530	GSDMD	ENSG00000104518.12	ENST00000262580.9	1723
6531	GSE1	ENSG00000131149.21	ENST00000253458.12	7385
6532	GSG1	ENSG00000111305.20	ENST00000651961.1	2613
6533	GSG1L	ENSG00000169181.15	ENST00000447459.7	5128
6534	HASPIN	ENSG00000177602.5	ENST00000325418.5	2797
6535	GSK3A	ENSG00000105723.13	ENST00000222330.8	2193
6536	GSK3B	ENSG00000082701.19	ENST00000264235.13	7743
6537	GSKIP	ENSG00000100744.17	ENST00000555181.6	2169
6538	GSN	ENSG00000148180.24	ENST00000432226.7	2595
6539	GSPT1	ENSG00000103342.15	ENST00000434724.7	7141
6540	GSPT2	ENSG00000189369.9	ENST00000340438.6	2791
6541	GSR	ENSG00000104687.16	ENST00000221130.11	3034
6542	GSS	ENSG00000100983.14	ENST00000651619.1	1909
6543	GSTA1	ENSG00000243955.8	ENST00000334575.6	1218
6544	GSTA2	ENSG00000244067.5	ENST00000493422.3	1221
6545	GSTA3	ENSG00000174156.17	ENST00000211122.4	908
6546	GSTA4	ENSG00000170899.13	ENST00000370963.9	1240
6547	GSTA5	ENSG00000182793.12	ENST00000370989.7	669
6548	GSTCD	ENSG00000138780.17	ENST00000515279.6	4304
6549	GSTK1	ENSG00000197448.16	ENST00000358406.10	1032
6550	GSTM1	ENSG00000134184.15	ENST00000309851.10	1164
6551	GSTM2	ENSG00000213366.15	ENST00000241337.9	1166
6552	GSTM3	ENSG00000134202.14	ENST00000361066.7	4122
6553	GSTM4	ENSG00000168765.21	ENST00000369836.9	1394
6554	GSTM5	ENSG00000134201.14	ENST00000256593.8	1561
6555	GSTO1	ENSG00000148834.15	ENST00000369713.10	813
6556	GSTO2	ENSG00000065621.17	ENST00000338595.7	6715
6557	GSTP1	ENSG00000084207.20	ENST00000398606.10	741
6558	GSTT2	ENSG00000099984.12	ENST00000634759.1	1184
6559	GSTT2B	ENSG00000133433.13	ENST00000290765.9	1108
6560	GSTZ1	ENSG00000100577.21	ENST00000216465.10	1186
6561	GSX1	ENSG00000169840.5	ENST00000302945.3	1823
6562	GSX2	ENSG00000180613.11	ENST00000326902.7	1673
6563	QTMAN	ENSG00000121964.17	ENST00000682281.1	10585
6564	GTF2A1	ENSG00000165417.14	ENST00000553612.6	6343
6565	GTF2A1L	ENSG00000242441.9	ENST00000403751.8	1618
6566	GTF2A2	ENSG00000140307.13	ENST00000396060.7	1559
6567	GTF2B	ENSG00000137947.14	ENST00000370500.10	1599
6568	GTF2E1	ENSG00000153767.12	ENST00000283875.6	3000
6569	GTF2E2	ENSG00000197265.11	ENST00000355904.9	1747
6570	GTF2F1	ENSG00000125651.16	ENST00000394456.10	2432
6571	GTF2F2	ENSG00000188342.15	ENST00000340473.8	2228
6572	GTF2H1	ENSG00000110768.14	ENST00000265963.9	3012
6573	GTF2H2	ENSG00000145736.17	ENST00000274400.10	1734
6574	GTF2H2C	ENSG00000183474.18	ENST00000380729.8	4555
6575	GTF2H3	ENSG00000111358.15	ENST00000543341.7	3327
6576	GTF2H4	ENSG00000213780.13	ENST00000259895.9	1712
6577	GTF2H5	ENSG00000272047.6	ENST00000607778.2	7483
6578	GTF2I	ENSG00000263001.11	ENST00000573035.6	4515
6579	GTF2IRD1	ENSG00000006704.13	ENST00000424337.7	3284
6580	GTF3A	ENSG00000122034.18	ENST00000381140.10	1443
6581	GTF3C1	ENSG00000077235.20	ENST00000356183.9	7090
6582	GTF3C2	ENSG00000115207.17	ENST00000264720.8	3607
6583	GTF3C3	ENSG00000119041.13	ENST00000263956.8	4261
6584	GTF3C4	ENSG00000125484.14	ENST00000372146.5	8612
6585	GTF3C5	ENSG00000148308.20	ENST00000372097.10	2098
6586	GTF3C6	ENSG00000155115.9	ENST00000329970.8	788
6587	GTPBP1	ENSG00000100226.18	ENST00000216044.10	4905
6588	GTPBP10	ENSG00000105793.18	ENST00000222511.11	7489
6589	GTPBP2	ENSG00000172432.21	ENST00000307126.10	3031
6590	GTPBP3	ENSG00000130299.19	ENST00000324894.13	2566
6591	GTPBP4	ENSG00000107937.21	ENST00000360803.9	4656
6592	GTPBP8	ENSG00000163607.20	ENST00000383678.8	1921
6593	GTSE1	ENSG00000075218.21	ENST00000454366.2	2983
6594	GTSF1	ENSG00000170627.13	ENST00000305879.8	807
6595	GTSF1L	ENSG00000124196.6	ENST00000373003.2	839
6596	GUCA1A	ENSG00000048545.19	ENST00000372958.2	1509
6597	GUCA1B	ENSG00000112599.9	ENST00000230361.4	2270
6598	GUCA1C	ENSG00000138472.12	ENST00000261047.8	977
6599	GUCA2A	ENSG00000197273.6	ENST00000357001.3	597
6600	GUCA2B	ENSG00000044012.5	ENST00000372581.2	604
6601	GUCD1	ENSG00000138867.19	ENST00000435822.6	3435
6602	GUCY1A2	ENSG00000152402.12	ENST00000526355.7	16150
6603	GUCY1A1	ENSG00000164116.19	ENST00000506455.6	9205
6604	GUCY1B1	ENSG00000061918.16	ENST00000264424.13	3382
6605	GUCY2C	ENSG00000070019.7	ENST00000261170.5	3858
6606	GUCY2D	ENSG00000132518.7	ENST00000254854.5	3680
6607	GUCY2F	ENSG00000101890.5	ENST00000218006.3	3728
6608	GUF1	ENSG00000151806.16	ENST00000281543.6	4460
6609	GUK1	ENSG00000143774.20	ENST00000453943.6	935
6610	GULP1	ENSG00000144366.19	ENST00000409830.6	3294
6611	GUSB	ENSG00000169919.19	ENST00000304895.9	2199
6612	GXYLT1	ENSG00000151233.13	ENST00000398675.8	7492
6613	GXYLT2	ENSG00000172986.14	ENST00000389617.9	3276
6614	GYG1	ENSG00000163754.20	ENST00000345003.9	5996
6615	GYG2	ENSG00000056998.23	ENST00000398806.8	3192
6616	LARGE2	ENSG00000165905.20	ENST00000401752.6	2552
6617	GYPA	ENSG00000170180.23	ENST00000641688.3	2627
6618	GYPB	ENSG00000250361.11	ENST00000502664.6	564
6619	GYPC	ENSG00000136732.18	ENST00000259254.9	1018
6620	GYPE	ENSG00000197465.15	ENST00000358615.9	1687
6621	GYS1	ENSG00000104812.17	ENST00000323798.8	3569
6622	GYS2	ENSG00000111713.5	ENST00000261195.3	3214
6623	GZF1	ENSG00000125812.18	ENST00000338121.10	4834
6624	GZMA	ENSG00000145649.9	ENST00000274306.7	896
6625	GZMB	ENSG00000100453.16	ENST00000216341.9	891
6626	GZMH	ENSG00000100450.15	ENST00000216338.9	936
6627	GZMK	ENSG00000113088.7	ENST00000231009.3	1506
6628	GZMM	ENSG00000197540.9	ENST00000264553.6	924
6629	H1-0	ENSG00000189060.6	ENST00000340857.4	2204
6630	H1-7	ENSG00000187166.1	ENST00000335017.1	1300
6631	H1-8	ENSG00000178804.8	ENST00000324382.7	1212
6632	H1-10	ENSG00000184897.7	ENST00000333762.6	1516
6633	H2AJ	ENSG00000246705.5	ENST00000544848.3	620
6634	H2AZ2	ENSG00000105968.21	ENST00000308153.9	3026
6635	H2AX	ENSG00000188486.4	ENST00000530167.2	1592
6636	MACROH2A1	ENSG00000113648.19	ENST00000511689.6	1917
6637	MACROH2A2	ENSG00000099284.16	ENST00000373255.9	1932
6638	H2AZ1	ENSG00000164032.14	ENST00000296417.6	866
6639	H2BW2	ENSG00000101812.15	ENST00000675318.3	870
6640	H2BW1	ENSG00000123569.11	ENST00000217926.7	915
6641	H3-3A	ENSG00000163041.15	ENST00000366815.10	1070
6642	H3-3B	ENSG00000132475.12	ENST00000254810.8	2705
6643	H3-5	ENSG00000188375.5	ENST00000340398.5	1114
6644	H6PD	ENSG00000049239.15	ENST00000377403.7	9147
6645	HAAO	ENSG00000162882.17	ENST00000294973.11	1256
6646	HABP2	ENSG00000148702.17	ENST00000351270.4	2985
6647	HABP4	ENSG00000130956.16	ENST00000375249.5	2651
6648	HACE1	ENSG00000085382.14	ENST00000262903.9	4575
6649	HACL1	ENSG00000131373.17	ENST00000321169.10	2009
6650	HADH	ENSG00000138796.20	ENST00000309522.8	1803
6651	HADHA	ENSG00000084754.14	ENST00000380649.8	2943
6652	HADHB	ENSG00000138029.16	ENST00000317799.10	1997
6653	HAGH	ENSG00000063854.15	ENST00000397356.8	2619
6654	HAGHL	ENSG00000103253.21	ENST00000389703.8	1512
6655	HAL	ENSG00000084110.13	ENST00000261208.8	3892
6656	HAMP	ENSG00000105697.11	ENST00000222304.5	406
6657	HAND1	ENSG00000113196.5	ENST00000231121.3	1701
6658	HAND2	ENSG00000164107.10	ENST00000359562.4	2780
6659	HAO1	ENSG00000101323.7	ENST00000378789.4	1757
6660	HAO2	ENSG00000116882.17	ENST00000325945.4	1472
6661	HAP1	ENSG00000173805.18	ENST00000347901.9	3930
6662	HAPLN1	ENSG00000145681.13	ENST00000274341.9	4849
6663	HAPLN2	ENSG00000132702.15	ENST00000255039.6	1650
6664	HAPLN3	ENSG00000140511.14	ENST00000359595.8	1892
6665	HAPLN4	ENSG00000187664.11	ENST00000291481.8	4342
6666	HARBI1	ENSG00000180423.6	ENST00000326737.3	1967
6667	HARS1	ENSG00000170445.18	ENST00000504156.7	1948
6668	HARS2	ENSG00000112855.19	ENST00000230771.9	2468
6669	HAS1	ENSG00000105509.13	ENST00000540069.7	2107
6670	HAS2	ENSG00000170961.8	ENST00000303924.5	4240
6671	HAS3	ENSG00000103044.13	ENST00000569188.6	4191
6672	HAT1	ENSG00000128708.15	ENST00000264108.5	1634
6673	HAUS1	ENSG00000152240.15	ENST00000282058.11	1072
6674	HAUS2	ENSG00000137814.14	ENST00000260372.8	3921
6675	HAUS3	ENSG00000214367.11	ENST00000443786.3	5879
6676	HAUS4	ENSG00000092036.21	ENST00000541587.6	1586
6677	HAUS5	ENSG00000249115.11	ENST00000203166.10	4324
6678	HAUS6	ENSG00000147874.13	ENST00000380502.8	6323
6679	HAUS7	ENSG00000213397.14	ENST00000370211.10	1306
6680	HAUS8	ENSG00000131351.17	ENST00000253669.10	1407
6681	HAVCR1	ENSG00000113249.16	ENST00000523175.6	1623
6682	HAVCR2	ENSG00000135077.12	ENST00000307851.9	2237
6683	HAX1	ENSG00000143575.18	ENST00000328703.12	1109
6684	HBA1	ENSG00000206172.10	ENST00000320868.9	577
6685	HBA2	ENSG00000188536.15	ENST00000251595.11	576
6686	HBB	ENSG00000244734.6	ENST00000335295.4	628
6687	HBD	ENSG00000223609.12	ENST00000650601.1	620
6688	HBE1	ENSG00000213931.7	ENST00000396895.3	623
6689	HBEGF	ENSG00000113070.10	ENST00000230990.7	2358
6690	HBG1	ENSG00000213934.10	ENST00000330597.5	587
6691	HBG2	ENSG00000196565.16	ENST00000336906.6	586
6692	HBM	ENSG00000206177.8	ENST00000356815.4	502
6693	HBP1	ENSG00000105856.16	ENST00000222574.9	2834
6694	HBQ1	ENSG00000086506.4	ENST00000199708.3	528
6695	HBS1L	ENSG00000112339.17	ENST00000367837.10	7087
6696	HBZ	ENSG00000130656.7	ENST00000252951.3	798
6697	HCAR1	ENSG00000196917.6	ENST00000432564.3	4769
6698	HCAR2	ENSG00000182782.8	ENST00000328880.6	2065
6699	HCAR3	ENSG00000255398.3	ENST00000528880.3	2056
6700	HCCS	ENSG00000004961.17	ENST00000380762.5	2312
6701	HCFC1	ENSG00000172534.16	ENST00000310441.12	8876
6702	HCFC1R1	ENSG00000103145.13	ENST00000248089.8	656
6703	HCFC2	ENSG00000111727.14	ENST00000229330.9	5660
6704	HCK	ENSG00000101336.19	ENST00000375852.5	2101
6705	HCLS1	ENSG00000180353.13	ENST00000314583.8	1992
6706	HCN1	ENSG00000164588.10	ENST00000303230.6	9933
6707	HCN2	ENSG00000099822.3	ENST00000251287.3	3420
6708	HCN3	ENSG00000143630.12	ENST00000368358.4	3838
6709	HCN4	ENSG00000138622.4	ENST00000261917.4	6922
6710	HCRT	ENSG00000161610.1	ENST00000293330.1	577
6711	HCRTR1	ENSG00000121764.14	ENST00000403528.7	2307
6712	HCRTR2	ENSG00000137252.11	ENST00000370862.4	1571
6713	HCST	ENSG00000126264.12	ENST00000246551.9	564
6714	HDAC1	ENSG00000116478.15	ENST00000373548.8	2118
6715	HDAC10	ENSG00000100429.20	ENST00000216271.10	2567
6716	HDAC11	ENSG00000163517.17	ENST00000295757.8	2819
6717	HDAC2	ENSG00000196591.14	ENST00000519065.6	9737
6718	HDAC3	ENSG00000171720.12	ENST00000305264.8	1933
6719	HDAC4	ENSG00000068024.20	ENST00000543185.6	8461
6720	HDAC5	ENSG00000108840.19	ENST00000682912.1	5319
6721	HDAC6	ENSG00000094631.24	ENST00000334136.11	4118
6722	HDAC7	ENSG00000061273.20	ENST00000080059.12	4213
6723	HDAC8	ENSG00000147099.23	ENST00000373573.9	1754
6724	HDAC9	ENSG00000048052.27	ENST00000686413.1	9880
6725	HDC	ENSG00000140287.13	ENST00000267845.8	2405
6726	HDDC2	ENSG00000111906.20	ENST00000398153.7	1446
6727	HDDC3	ENSG00000184508.13	ENST00000394272.8	1856
6728	HDGF	ENSG00000143321.19	ENST00000357325.10	2309
6729	HDGFL1	ENSG00000112273.7	ENST00000510882.4	2101
6730	PUDP	ENSG00000130021.17	ENST00000381077.10	2103
6731	HDHD2	ENSG00000167220.14	ENST00000300605.11	2185
6732	HDHD3	ENSG00000119431.12	ENST00000374180.4	1481
6733	HDLBP	ENSG00000115677.20	ENST00000310931.10	6322
6734	HDX	ENSG00000165259.16	ENST00000373177.3	6305
6735	HEATR1	ENSG00000119285.13	ENST00000366582.8	8459
6736	DNAAF5	ENSG00000164818.18	ENST00000297440.11	3412
6737	HEATR3	ENSG00000155393.16	ENST00000299192.8	4416
6738	HEATR4	ENSG00000187105.9	ENST00000553558.6	3551
6739	HEATR5A	ENSG00000129493.17	ENST00000543095.7	7811
6740	HEATR5B	ENSG00000008869.14	ENST00000233099.6	6937
6741	HEATR6	ENSG00000068097.18	ENST00000184956.11	6108
6742	HEBP1	ENSG00000013583.12	ENST00000014930.9	1159
6743	HEBP2	ENSG00000051620.13	ENST00000607197.6	10010
6744	HECA	ENSG00000112406.7	ENST00000367658.3	5646
6745	HECTD1	ENSG00000092148.16	ENST00000399332.6	9445
6746	HECTD2	ENSG00000165338.18	ENST00000298068.10	4862
6747	HECTD3	ENSG00000126107.17	ENST00000372172.5	3597
6748	HECTD4	ENSG00000173064.15	ENST00000682272.1	15752
6749	HECW1	ENSG00000002746.17	ENST00000395891.7	9453
6750	HECW2	ENSG00000138411.15	ENST00000644978.2	12006
6751	HEG1	ENSG00000173706.16	ENST00000311127.9	9195
6752	HELB	ENSG00000127311.12	ENST00000247815.9	3472
6753	HELLS	ENSG00000119969.18	ENST00000348459.10	3128
6754	HELQ	ENSG00000163312.13	ENST00000295488.8	3543
6755	HELT	ENSG00000187821.10	ENST00000515777.6	1349
6756	HELZ	ENSG00000198265.14	ENST00000358691.10	13817
6757	HELZ2	ENSG00000130589.16	ENST00000467148.2	10002
6758	HEMGN	ENSG00000136929.14	ENST00000616898.2	2084
6759	HEMK1	ENSG00000114735.12	ENST00000232854.9	16993
6760	HENMT1	ENSG00000162639.18	ENST00000651461.1	1662
6761	HEPACAM	ENSG00000165478.10	ENST00000298251.5	3225
6762	HEPACAM2	ENSG00000188175.12	ENST00000394468.7	2145
6763	HEPH	ENSG00000089472.20	ENST00000343002.7	4431
6764	HEPHL1	ENSG00000181333.12	ENST00000315765.10	5809
6765	HEPN1	ENSG00000221932.7	ENST00000408930.7	1428
6766	HERC1	ENSG00000103657.15	ENST00000443617.7	15197
6767	HERC2	ENSG00000128731.19	ENST00000261609.13	15364
6768	HERC3	ENSG00000138641.21	ENST00000402738.6	4914
6769	HERC4	ENSG00000148634.18	ENST00000373700.9	4424
6770	HERC5	ENSG00000138646.11	ENST00000264350.8	3511
6771	HERC6	ENSG00000138642.18	ENST00000264346.12	3776
6772	HERPUD1	ENSG00000051108.17	ENST00000439977.7	2853
6773	HERPUD2	ENSG00000122557.13	ENST00000311350.8	2884
6774	HES1	ENSG00000114315.6	ENST00000232424.4	1575
6775	HES2	ENSG00000069812.13	ENST00000377834.8	4262
6776	HES3	ENSG00000173673.10	ENST00000377898.4	710
6777	HES4	ENSG00000188290.13	ENST00000304952.11	885
6778	HES5	ENSG00000197921.7	ENST00000378453.4	1324
6779	HES6	ENSG00000144485.13	ENST00000272937.10	1368
6780	HES7	ENSG00000179111.10	ENST00000541682.7	1694
6781	HESX1	ENSG00000163666.12	ENST00000295934.8	977
6782	HEXA	ENSG00000213614.13	ENST00000268097.10	4785
6783	HEXB	ENSG00000049860.15	ENST00000261416.12	1812
6784	HEXD	ENSG00000169660.19	ENST00000327949.15	2167
6785	HEXIM1	ENSG00000186834.4	ENST00000332499.4	3625
6786	HEXIM2	ENSG00000168517.13	ENST00000589230.6	1436
6787	HEY1	ENSG00000164683.20	ENST00000354724.8	2197
6788	HEY2	ENSG00000135547.10	ENST00000368364.4	2626
6789	HEYL	ENSG00000163909.10	ENST00000372852.4	4077
6790	HFE	ENSG00000010704.21	ENST00000357618.10	5176
6791	HJV	ENSG00000168509.22	ENST00000336751.11	2126
6792	HFM1	ENSG00000162669.17	ENST00000370425.8	4899
6793	HGD	ENSG00000113924.14	ENST00000283871.10	1674
6794	HGF	ENSG00000019991.19	ENST00000222390.11	5834
6795	HGFAC	ENSG00000109758.11	ENST00000382774.8	2069
6796	HGS	ENSG00000185359.16	ENST00000329138.9	2893
6797	HGSNAT	ENSG00000165102.17	ENST00000379644.9	5227
6798	HHAT	ENSG00000054392.15	ENST00000261458.8	3639
6799	HHATL	ENSG00000010282.17	ENST00000441594.6	1836
6800	HHEX	ENSG00000152804.13	ENST00000282728.10	1724
6801	HHIP	ENSG00000164161.12	ENST00000296575.8	9937
6802	HHIPL1	ENSG00000182218.12	ENST00000330710.10	7371
6803	HHIPL2	ENSG00000143512.14	ENST00000343410.7	2572
6804	HHLA2	ENSG00000114455.17	ENST00000467761.6	2417
6805	ANKRD13C-DT	ENSG00000197568.16	ENST00000531950.1	541
6806	SLC71A1	ENSG00000156875.16	ENST00000370152.8	2779
6807	SLC71A2	ENSG00000148110.19	ENST00000375344.8	3402
6808	SLC71A3P	ENSG00000196312.16	ENST00000650909.1	395
6809	HIBADH	ENSG00000106049.11	ENST00000265395.7	1878
6810	HIBCH	ENSG00000198130.18	ENST00000359678.10	2434
6811	HIC1	ENSG00000177374.15	ENST00000619757.5	6707
6812	HIC2	ENSG00000169635.12	ENST00000407464.7	6831
6813	HID1	ENSG00000167861.18	ENST00000425042.7	3298
6814	HIF1A	ENSG00000100644.19	ENST00000337138.9	3946
6815	HIF1AN	ENSG00000166135.16	ENST00000299163.7	12927
6816	HIF3A	ENSG00000124440.17	ENST00000377670.9	5856
6817	HIGD1A	ENSG00000181061.16	ENST00000321331.12	2722
6818	HIGD1B	ENSG00000131097.9	ENST00000253410.3	650
6819	HIGD1C	ENSG00000214511.5	ENST00000695931.1	630
6820	HIGD2A	ENSG00000146066.4	ENST00000274787.3	654
6821	HIGD2B	ENSG00000175202.8	ENST00000311755.6	1134
6822	HILPDA	ENSG00000135245.12	ENST00000257696.5	1364
6823	HINFP	ENSG00000172273.15	ENST00000350777.7	3185
6824	HINT1	ENSG00000169567.15	ENST00000304043.10	852
6825	HINT2	ENSG00000137133.13	ENST00000259667.6	649
6826	HINT3	ENSG00000111911.9	ENST00000229633.7	3325
6827	HIP1	ENSG00000127946.19	ENST00000336926.11	8009
6828	HIP1R	ENSG00000130787.16	ENST00000253083.9	4509
6829	HIPK1	ENSG00000163349.23	ENST00000426820.7	8201
6830	HIPK2	ENSG00000064393.18	ENST00000406875.8	15329
6831	HIPK3	ENSG00000110422.14	ENST00000303296.9	7614
6832	HIPK4	ENSG00000160396.9	ENST00000291823.3	2446
6833	HIRA	ENSG00000100084.16	ENST00000263208.5	4053
6834	HIRIP3	ENSG00000149929.18	ENST00000279392.8	2560
6835	H1-1	ENSG00000124610.5	ENST00000244573.5	756
6836	H1-5	ENSG00000184357.5	ENST00000331442.5	797
6837	H1-2	ENSG00000187837.5	ENST00000343677.4	731
6838	H1-3	ENSG00000124575.7	ENST00000244534.7	776
6839	H1-4	ENSG00000168298.7	ENST00000304218.6	787
6840	H1-6	ENSG00000187475.6	ENST00000338379.6	724
6841	H2AC1	ENSG00000164508.6	ENST00000297012.5	500
6842	H2AC4	ENSG00000278463.2	ENST00000615868.2	527
6843	H2AC6	ENSG00000180573.11	ENST00000377791.4	519
6844	H2AC7	ENSG00000196866.3	ENST00000341023.2	510
6845	H2AC8	ENSG00000277075.4	ENST00000303910.5	517
6846	H2AC11	ENSG00000196787.5	ENST00000359193.4	493
6847	H2AC12	ENSG00000274997.2	ENST00000377459.3	457
6848	H2AC13	ENSG00000196747.5	ENST00000358739.5	495
6849	H2AC14	ENSG00000276368.2	ENST00000333151.5	476
6850	H2AC15	ENSG00000275221.3	ENST00000618958.2	496
6851	H2AC16	ENSG00000276903.2	ENST00000613174.2	482
6852	H2AC17	ENSG00000278677.2	ENST00000359611.4	487
6853	H2BC1	ENSG00000146047.7	ENST00000274764.5	569
6854	H2BC3	ENSG00000276410.5	ENST00000615966.2	487
6855	H2BC4	ENSG00000180596.11	ENST00000396984.2	460
6856	H2BC5	ENSG00000158373.11	ENST00000377777.6	486
6857	H2BC6	ENSG00000274290.3	ENST00000614097.3	470
6858	H2BC7	ENSG00000277224.3	ENST00000356530.6	473
6859	H2BC8	ENSG00000273802.4	ENST00000541790.4	489
6860	H2BC9	ENSG00000275713.3	ENST00000619466.3	462
6861	H2BC10	ENSG00000278588.2	ENST00000377733.4	482
6862	H2BC11	ENSG00000124635.12	ENST00000339812.3	480
6863	H2BC12	ENSG00000197903.11	ENST00000356950.2	495
6864	H2BC13	ENSG00000185130.7	ENST00000377401.4	451
6865	H2BC14	ENSG00000273703.2	ENST00000621112.2	468
6866	H2BC15	ENSG00000233822.8	ENST00000612898.2	542
6867	H2BC17	ENSG00000274641.2	ENST00000616182.2	467
6868	H3C1	ENSG00000275714.3	ENST00000613854.2	508
6869	H3C2	ENSG00000286522.3	ENST00000621411.3	511
6870	H3C3	ENSG00000287080.2	ENST00000612966.3	486
6871	H3C4	ENSG00000197409.9	ENST00000356476.3	503
6872	H3C6	ENSG00000274750.5	ENST00000614911.3	482
6873	H3C7	ENSG00000277775.2	ENST00000618052.2	494
6874	H3C8	ENSG00000273983.2	ENST00000614378.2	496
6875	H3C10	ENSG00000278828.2	ENST00000685041.1	486
6876	H3C11	ENSG00000275379.2	ENST00000616365.2	502
6877	H3C12	ENSG00000197153.5	ENST00000359303.4	512
6878	H4C1	ENSG00000278637.3	ENST00000617569.2	402
6879	H4C2	ENSG00000278705.4	ENST00000377745.5	388
6880	H4C3	ENSG00000197061.5	ENST00000377803.4	405
6881	H4C4	ENSG00000277157.2	ENST00000614247.2	403
6882	H4C5	ENSG00000276966.3	ENST00000615164.3	412
6883	H4C6	ENSG00000274618.2	ENST00000244537.6	401
6884	H4C7	ENSG00000275663.2	ENST00000611444.2	386
6885	H4C8	ENSG00000158406.6	ENST00000377727.2	409
6886	H4C9	ENSG00000276180.3	ENST00000615353.2	397
6887	H4C11	ENSG00000197238.5	ENST00000355057.3	389
6888	H4C12	ENSG00000273542.3	ENST00000611927.2	387
6889	H4C13	ENSG00000275126.2	ENST00000618305.2	387
6890	H2AC21	ENSG00000184270.6	ENST00000331128.6	497
6891	H2AC20	ENSG00000184260.6	ENST00000331380.4	494
6892	H2BC21	ENSG00000184678.11	ENST00000369155.4	2224
6893	H2BC18	ENSG00000203814.8	ENST00000369167.3	492
6894	H3C13	ENSG00000183598.4	ENST00000331491.2	469
6895	H3-7	ENSG00000273213.4	ENST00000392948.5	468
6896	H2AC25	ENSG00000181218.6	ENST00000689584.1	510
6897	H2BC26	ENSG00000196890.5	ENST00000693095.1	456
6898	H3-4	ENSG00000168148.4	ENST00000366696.2	516
6899	H4C16	ENSG00000197837.4	ENST00000539745.2	412
6900	HIVEP1	ENSG00000095951.20	ENST00000379388.7	9053
6901	HIVEP2	ENSG00000010818.13	ENST00000367603.8	9697
6902	HIVEP3	ENSG00000127124.16	ENST00000372583.6	12617
6903	HJURP	ENSG00000123485.13	ENST00000411486.7	3157
6904	HK1	ENSG00000156515.27	ENST00000359426.7	3602
6905	HK2	ENSG00000159399.12	ENST00000290573.7	5626
6906	HK3	ENSG00000160883.13	ENST00000292432.10	3082
6907	HKDC1	ENSG00000156510.15	ENST00000354624.6	3653
6908	ZNF875	ENSG00000181666.21	ENST00000392153.8	2785
6909	HLA-A	ENSG00000206503.17	ENST00000376809.10	1535
6910	HLA-B	ENSG00000234745.16	ENST00000412585.7	1536
6911	HLA-C	ENSG00000204525.20	ENST00000376228.10	1542
6912	HLA-DMA	ENSG00000204257.17	ENST00000374843.9	1093
6913	HLA-DMB	ENSG00000242574.11	ENST00000418107.3	1348
6914	HLA-DOA	ENSG00000204252.16	ENST00000229829.7	3464
6915	HLA-DOB	ENSG00000241106.10	ENST00000438763.7	1326
6916	HLA-DPA1	ENSG00000231389.10	ENST00000692443.1	1653
6917	HLA-DPB1	ENSG00000223865.14	ENST00000418931.7	3991
6918	HLA-DQA1	ENSG00000196735.15	ENST00000343139.11	1574
6919	HLA-DQA2	ENSG00000237541.4	ENST00000374940.4	1458
6920	HLA-DQB1	ENSG00000179344.19	ENST00000434651.7	1605
6921	HLA-DQB2	ENSG00000232629.11	ENST00000437316.7	1212
6922	HLA-DRA	ENSG00000204287.16	ENST00000395388.7	1235
6923	HLA-DRB1	ENSG00000196126.14	ENST00000360004.6	1223
6924	HLA-DRB5	ENSG00000198502.9	ENST00000374975.4	1250
6925	HLA-E	ENSG00000204592.11	ENST00000376630.5	2548
6926	HLA-F	ENSG00000204642.16	ENST00000259951.12	1480
6927	HLA-G	ENSG00000204632.15	ENST00000360323.11	1319
6928	HLCS	ENSG00000159267.19	ENST00000674895.3	8273
6929	HLF	ENSG00000108924.15	ENST00000226067.10	5721
6930	HLTF	ENSG00000071794.18	ENST00000310053.10	5320
6931	HLX	ENSG00000136630.15	ENST00000366903.8	2237
6932	HM13	ENSG00000101294.22	ENST00000398174.9	1715
6933	HMBOX1	ENSG00000147421.20	ENST00000287701.15	3711
6934	HMBS	ENSG00000256269.13	ENST00000652429.1	1505
6935	HMCES	ENSG00000183624.16	ENST00000383463.9	2485
6936	HMCN1	ENSG00000143341.13	ENST00000271588.9	18368
6937	HMG20A	ENSG00000140382.17	ENST00000336216.9	3805
6938	HMG20B	ENSG00000064961.21	ENST00000333651.11	1585
6939	HMGA1	ENSG00000137309.23	ENST00000311487.9	1920
6940	HMGA2	ENSG00000149948.16	ENST00000403681.7	4117
6941	HMGB1	ENSG00000189403.17	ENST00000341423.10	5456
6942	HMGB2	ENSG00000164104.14	ENST00000296503.10	1441
6943	HMGB3	ENSG00000029993.17	ENST00000325307.12	3507
6944	HMGB4	ENSG00000176256.11	ENST00000681531.1	713
6945	HMGCL	ENSG00000117305.17	ENST00000374490.8	1570
6946	HMGCLL1	ENSG00000146151.16	ENST00000274901.9	2449
6947	HMGCR	ENSG00000113161.19	ENST00000287936.9	4530
6948	HMGCS1	ENSG00000112972.16	ENST00000325110.11	5350
6949	HMGCS2	ENSG00000134240.14	ENST00000369406.8	2433
6950	HMGN1	ENSG00000205581.13	ENST00000380749.10	1271
6951	HMGN2	ENSG00000198830.15	ENST00000361427.6	1940
6952	HMGN3	ENSG00000118418.18	ENST00000620514.2	958
6953	HMGN4	ENSG00000182952.7	ENST00000377575.3	1943
6954	HMGN5	ENSG00000198157.13	ENST00000358130.7	2099
6955	HMGXB4	ENSG00000100281.15	ENST00000216106.6	4095
6956	ARHGAP45	ENSG00000180448.13	ENST00000313093.7	4272
6957	HMMR	ENSG00000072571.22	ENST00000393915.9	3016
6958	HMOX1	ENSG00000100292.19	ENST00000216117.9	1554
6959	HMOX2	ENSG00000103415.14	ENST00000570646.6	1673
6960	HMSD	ENSG00000221887.7	ENST00000408945.5	2102
6961	HMX1	ENSG00000215612.9	ENST00000400677.5	1917
6962	HMX2	ENSG00000188816.5	ENST00000339992.4	1614
6963	HMX3	ENSG00000188620.12	ENST00000357878.7	2847
6964	JPT1	ENSG00000189159.18	ENST00000409753.8	1434
6965	JPT2	ENSG00000206053.15	ENST00000248098.8	3695
6966	HNF1A	ENSG00000135100.21	ENST00000257555.11	3442
6967	HNF1B	ENSG00000275410.8	ENST00000617811.5	2790
6968	HNF4A	ENSG00000101076.22	ENST00000316673.9	4645
6969	HNF4G	ENSG00000164749.14	ENST00000396423.4	4200
6970	HNMT	ENSG00000150540.16	ENST00000280097.5	3132
6971	HNRNPA0	ENSG00000177733.8	ENST00000314940.7	8713
6972	HNRNPA1	ENSG00000135486.21	ENST00000340913.11	3744
6973	HNRNPA1L2	ENSG00000139675.13	ENST00000357495.5	1343
6974	HNRNPA2B1	ENSG00000122566.25	ENST00000618183.5	3628
6975	HNRNPA3	ENSG00000170144.25	ENST00000392524.7	5710
6976	HNRNPAB	ENSG00000197451.14	ENST00000358344.8	1770
6977	HNRNPC	ENSG00000092199.21	ENST00000553300.6	3165
6978	HNRNPCL1	ENSG00000179172.10	ENST00000317869.7	1134
6979	HNRNPD	ENSG00000138668.22	ENST00000313899.12	3068
6980	HNRNPDL	ENSG00000152795.20	ENST00000295470.10	4372
6981	HNRNPF	ENSG00000169813.19	ENST00000682386.1	2569
6982	HNRNPH1	ENSG00000169045.21	ENST00000393432.9	2240
6983	HNRNPH2	ENSG00000126945.11	ENST00000316594.6	2296
6984	HNRNPH3	ENSG00000096746.20	ENST00000265866.12	2356
6985	HNRNPK	ENSG00000165119.25	ENST00000376263.8	2889
6986	HNRNPL	ENSG00000104824.20	ENST00000221419.10	2142
6987	HNRNPLL	ENSG00000143889.17	ENST00000449105.8	4144
6988	HNRNPM	ENSG00000099783.15	ENST00000325495.9	2477
6989	HNRNPR	ENSG00000125944.24	ENST00000302271.11	7751
6990	HNRNPU	ENSG00000153187.23	ENST00000640218.2	6867
6991	HNRNPUL1	ENSG00000105323.20	ENST00000392006.8	3925
6992	HNRNPUL2	ENSG00000214753.6	ENST00000301785.7	5214
6993	HNRNPUL2-BSCL2	ENSG00000234857.2	ENST00000403734.2	4001
6994	HOGA1	ENSG00000241935.11	ENST00000370646.9	2442
6995	HOMER1	ENSG00000152413.17	ENST00000334082.11	5798
6996	HOMER2	ENSG00000103942.15	ENST00000450735.7	1949
6997	HOMER3	ENSG00000051128.21	ENST00000392351.8	1560
6998	HOMEZ	ENSG00000290292.11	ENST00000357460.7	4986
6999	HOOK1	ENSG00000134709.15	ENST00000371208.5	5713
7000	HOOK2	ENSG00000095066.14	ENST00000397668.8	2542
7001	HOOK3	ENSG00000168172.11	ENST00000307602.9	14348
7002	HOPX	ENSG00000171476.25	ENST00000420433.6	1123
7003	HORMAD1	ENSG00000143452.17	ENST00000361824.7	1904
7004	HORMAD2	ENSG00000176635.20	ENST00000336726.11	1897
7005	HOXA1	ENSG00000105991.11	ENST00000643460.2	2543
7006	HOXA10	ENSG00000253293.7	ENST00000283921.5	2541
7007	HOXA11	ENSG00000005073.7	ENST00000006015.4	2669
7008	HOXA2	ENSG00000105996.8	ENST00000222718.7	1686
7009	HOXA3	ENSG00000105997.25	ENST00000612286.5	3026
7010	HOXA4	ENSG00000197576.16	ENST00000360046.10	1687
7011	HOXA5	ENSG00000106004.6	ENST00000222726.4	1670
7012	HOXA6	ENSG00000106006.7	ENST00000222728.3	989
7013	HOXA7	ENSG00000122592.9	ENST00000242159.5	2016
7014	HOXA9	ENSG00000078399.20	ENST00000343483.7	2064
7015	HOXB1	ENSG00000120094.9	ENST00000239174.7	2034
7016	HOXB13	ENSG00000159184.9	ENST00000290295.8	3039
7017	HOXB2	ENSG00000173917.12	ENST00000330070.6	1682
7018	HOXB3	ENSG00000120093.13	ENST00000498678.6	3301
7019	HOXB4	ENSG00000182742.7	ENST00000332503.6	2002
7020	HOXB5	ENSG00000120075.7	ENST00000239151.6	1859
7021	HOXB6	ENSG00000108511.12	ENST00000225648.4	1676
7022	HOXB7	ENSG00000260027.6	ENST00000239165.9	1363
7023	HOXB8	ENSG00000120068.8	ENST00000239144.5	2176
7024	HOXB9	ENSG00000170689.11	ENST00000311177.7	2586
7025	HOXC10	ENSG00000180818.6	ENST00000303460.5	1976
7026	HOXC11	ENSG00000123388.4	ENST00000546378.1	3261
7027	HOXC12	ENSG00000123407.4	ENST00000243103.4	3266
7028	HOXC13	ENSG00000123364.6	ENST00000243056.5	2357
7029	HOXC4	ENSG00000198353.9	ENST00000430889.3	1708
7030	HOXC5	ENSG00000172789.5	ENST00000312492.3	1611
7031	HOXC6	ENSG00000197757.9	ENST00000243108.5	1651
7032	HOXC8	ENSG00000037965.7	ENST00000040584.6	2417
7033	HOXC9	ENSG00000180806.6	ENST00000303450.5	1474
7034	HOXD1	ENSG00000128645.17	ENST00000331462.6	1886
7035	HOXD10	ENSG00000128710.7	ENST00000249501.5	1785
7036	HOXD11	ENSG00000128713.15	ENST00000249504.7	1705
7037	HOXD12	ENSG00000170178.7	ENST00000406506.4	2549
7038	HOXD13	ENSG00000128714.7	ENST00000392539.4	2416
7039	HOXD3	ENSG00000128652.14	ENST00000683222.1	2449
7040	HOXD4	ENSG00000170166.7	ENST00000306324.4	1136
7041	HOXD8	ENSG00000175879.10	ENST00000313173.6	2618
7042	HOXD9	ENSG00000128709.14	ENST00000249499.8	1871
7043	HP	ENSG00000257017.12	ENST00000355906.10	1534
7044	HP1BP3	ENSG00000127483.22	ENST00000438032.6	6406
7045	HPCA	ENSG00000121905.12	ENST00000373467.4	1412
7046	HPCAL1	ENSG00000115756.15	ENST00000307845.8	1749
7047	HPCAL4	ENSG00000116983.15	ENST00000372844.8	4600
7048	HPD	ENSG00000158104.13	ENST00000289004.8	1419
7049	HPDL	ENSG00000186603.7	ENST00000334815.6	1816
7050	HPGD	ENSG00000164120.15	ENST00000296522.11	2619
7051	HPGDS	ENSG00000163106.13	ENST00000295256.10	1596
7052	HPN	ENSG00000105707.17	ENST00000672452.2	1746
7053	HPR	ENSG00000261701.11	ENST00000540303.7	1242
7054	HPRT1	ENSG00000165704.17	ENST00000298556.8	1395
7055	HPS1	ENSG00000107521.23	ENST00000361490.9	3703
7056	HPS3	ENSG00000163755.11	ENST00000296051.7	4611
7057	HPS4	ENSG00000100099.24	ENST00000398145.7	5066
7058	HPS5	ENSG00000110756.20	ENST00000349215.8	4840
7059	HPS6	ENSG00000166189.8	ENST00000299238.7	2688
7060	HPSE	ENSG00000173083.18	ENST00000311412.10	4581
7061	HPSE2	ENSG00000172987.15	ENST00000370552.8	4326
7062	HPX	ENSG00000110169.14	ENST00000265983.8	1575
7063	HR	ENSG00000168453.18	ENST00000381418.9	5474
7064	HRAS	ENSG00000174775.20	ENST00000311189.8	1070
7065	PLAAT1	ENSG00000127252.9	ENST00000264735.4	969
7066	PLAAT2	ENSG00000133328.6	ENST00000255695.2	738
7067	PLAAT5	ENSG00000168004.12	ENST00000540857.6	3042
7068	HRC	ENSG00000130528.14	ENST00000252825.9	2357
7069	HRCT1	ENSG00000196196.3	ENST00000354323.3	935
7070	HRG	ENSG00000113905.7	ENST00000232003.5	1947
7071	HRH1	ENSG00000196639.9	ENST00000431010.3	4617
7072	HRH2	ENSG00000113749.10	ENST00000636584.2	4664
7073	HRH3	ENSG00000101180.19	ENST00000340177.10	2692
7074	HRH4	ENSG00000134489.8	ENST00000256906.5	3664
7075	HRNR	ENSG00000197915.7	ENST00000368801.4	9629
7076	RIDA	ENSG00000132541.13	ENST00000254878.8	987
7077	HS1BP3	ENSG00000118960.15	ENST00000304031.8	2383
7078	HS2ST1	ENSG00000153936.19	ENST00000370550.10	6759
7079	HS3ST1	ENSG00000002587.12	ENST00000002596.6	7160
7080	HS3ST2	ENSG00000122254.8	ENST00000261374.4	2329
7081	HS3ST3B1	ENSG00000125430.10	ENST00000360954.3	5369
7082	HS3ST4	ENSG00000182601.7	ENST00000331351.6	3267
7083	HS3ST5	ENSG00000249853.11	ENST00000312719.10	3869
7084	HS3ST6	ENSG00000162040.7	ENST00000454677.3	1236
7085	HS6ST1	ENSG00000136720.8	ENST00000259241.7	4223
7086	HS6ST2	ENSG00000171004.19	ENST00000370833.7	4173
7087	HS6ST3	ENSG00000185352.11	ENST00000376705.4	8536
7088	HSBP1	ENSG00000230989.10	ENST00000433866.7	8649
7089	HSCB	ENSG00000100209.13	ENST00000216027.8	1106
7090	HSD11B1	ENSG00000117594.12	ENST00000367027.5	1384
7091	HSD11B1L	ENSG00000167733.16	ENST00000339423.7	1697
7092	HSD11B2	ENSG00000176387.9	ENST00000326152.6	1896
7093	HSD17B1	ENSG00000108786.12	ENST00000585807.6	1274
7094	HSD17B10	ENSG00000072506.16	ENST00000168216.11	954
7095	HSD17B11	ENSG00000198189.13	ENST00000358290.9	1782
7096	HSD17B12	ENSG00000149084.15	ENST00000278353.10	2396
7097	HSD17B13	ENSG00000170509.14	ENST00000328546.5	2368
7098	HSD17B14	ENSG00000087076.11	ENST00000263278.9	1050
7099	HSD17B2	ENSG00000086696.13	ENST00000199936.9	1434
7100	HSD17B3	ENSG00000130948.11	ENST00000375263.8	1159
7101	HSD17B4	ENSG00000133835.20	ENST00000510025.7	2628
7102	HSD17B6	ENSG00000025423.13	ENST00000322165.1	1512
7103	HSD17B7	ENSG00000132196.18	ENST00000254521.8	1528
7104	HSD17B8	ENSG00000204228.6	ENST00000374662.4	977
7105	HSD3B1	ENSG00000203857.11	ENST00000369413.8	1669
7106	HSD3B2	ENSG00000203859.12	ENST00000369416.4	1675
7107	HSD3B7	ENSG00000099377.16	ENST00000297679.10	2171
7108	HSDL1	ENSG00000103160.14	ENST00000219439.9	3648
7109	HSDL2	ENSG00000119471.17	ENST00000398805.8	3174
7110	HSF1	ENSG00000185122.13	ENST00000528838.6	2134
7111	HSF2	ENSG00000025156.15	ENST00000368455.9	2596
7112	HSF2BP	ENSG00000160207.11	ENST00000291560.7	1900
7113	HSF4	ENSG00000102878.20	ENST00000521374.6	1702
7114	HSF5	ENSG00000176160.11	ENST00000323777.8	4118
7115	HSP90AA1	ENSG00000080824.21	ENST00000216281.13	3228
7116	HSP90AB1	ENSG00000096384.22	ENST00000371646.10	2555
7117	HSP90B1	ENSG00000166598.18	ENST00000299767.10	2782
7118	HSPA12A	ENSG00000165868.17	ENST00000369209.8	5714
7119	HSPA12B	ENSG00000132622.13	ENST00000254963.7	3133
7120	HSPA13	ENSG00000155304.8	ENST00000285667.4	3945
7121	HSPA14	ENSG00000187522.17	ENST00000378372.8	1762
7122	HSPA1L	ENSG00000204390.12	ENST00000375654.5	2762
7123	HSPA2	ENSG00000126803.10	ENST00000247207.7	2497
7124	HSPA4	ENSG00000170606.18	ENST00000304858.7	4774
7125	HSPA4L	ENSG00000164070.14	ENST00000296464.9	10608
7126	HSPA5	ENSG00000044574.11	ENST00000324460.7	3921
7127	HSPA6	ENSG00000173110.8	ENST00000309758.6	2355
7128	HSPA8	ENSG00000109971.16	ENST00000534624.6	2264
7129	HSPA9	ENSG00000113013.18	ENST00000297185.9	4404
7130	HSPB1	ENSG00000106211.12	ENST00000248553.7	777
7131	IFT25	ENSG00000081870.14	ENST00000194214.10	685
7132	HSPB2	ENSG00000170276.8	ENST00000304298.4	843
7133	HSPB2-C11orf52	ENSG00000254445.1	ENST00000527616.1	892
7134	HSPB3	ENSG00000169271.3	ENST00000302005.3	679
7135	HSPB6	ENSG00000004776.15	ENST00000004982.6	1460
7136	HSPB7	ENSG00000173641.20	ENST00000311890.14	2144
7137	HSPB8	ENSG00000152137.9	ENST00000281938.7	1861
7138	HSPB9	ENSG00000260325.2	ENST00000565659.2	549
7139	HSPBAP1	ENSG00000169087.13	ENST00000306103.3	1964
7140	HSPBP1	ENSG00000133265.13	ENST00000433386.7	1635
7141	HSPD1	ENSG00000144381.20	ENST00000388968.8	2245
7142	HSPE1	ENSG00000115541.13	ENST00000233893.10	557
7143	HSPE1-MOB4	ENSG00000270757.1	ENST00000604458.1	890
7144	HSPG2	ENSG00000142798.21	ENST00000374695.8	14341
7145	HSPH1	ENSG00000120694.22	ENST00000320027.10	5244
7146	HTATIP2	ENSG00000109854.16	ENST00000451739.7	1830
7147	HTATSF1	ENSG00000102241.14	ENST00000218364.5	2694
7148	HTN1	ENSG00000126550.10	ENST00000246896.8	547
7149	HTN3	ENSG00000205649.10	ENST00000673563.1	532
7150	HTR1A	ENSG00000178394.5	ENST00000323865.5	4572
7151	HTR1B	ENSG00000135312.7	ENST00000369947.5	2568
7152	HTR1D	ENSG00000179546.7	ENST00000374619.2	3319
7153	HTR1E	ENSG00000168830.10	ENST00000305344.7	1826
7154	HTR1F	ENSG00000179097.9	ENST00000319595.7	3386
7155	HTR2A	ENSG00000102468.13	ENST00000542664.4	5415
7156	HTR2B	ENSG00000135914.8	ENST00000258400.4	2170
7157	HTR2C	ENSG00000147246.12	ENST00000276198.6	4743
7158	HTR3A	ENSG00000166736.14	ENST00000504030.7	2205
7159	HTR3B	ENSG00000149305.8	ENST00000260191.8	4406
7160	HTR3C	ENSG00000178084.2	ENST00000318351.2	1699
7161	HTR3D	ENSG00000186090.11	ENST00000428798.7	1609
7162	HTR3E	ENSG00000186038.9	ENST00000415389.6	2139
7163	HTR4	ENSG00000164270.21	ENST00000377888.8	3336
7164	HTR5A	ENSG00000157219.6	ENST00000287907.3	4555
7165	HTR5A-AS1	ENSG00000220575.8	ENST00000671665.1	3629
7166	HTR6	ENSG00000158748.5	ENST00000289753.2	3800
7167	HTR7	ENSG00000148680.17	ENST00000336152.8	3467
7168	HTRA1	ENSG00000166033.15	ENST00000368984.8	2091
7169	HTRA2	ENSG00000115317.15	ENST00000258080.8	1785
7170	HTRA3	ENSG00000170801.12	ENST00000307358.7	2539
7171	HTRA4	ENSG00000169495.6	ENST00000302495.5	2032
7172	HTT	ENSG00000197386.15	ENST00000355072.11	13472
7173	HUNK	ENSG00000142149.11	ENST00000270112.7	7680
7174	HUS1	ENSG00000136273.16	ENST00000258774.10	3007
7175	HUS1B	ENSG00000188996.5	ENST00000380907.3	1162
7176	HUWE1	ENSG00000086758.19	ENST00000262854.11	14731
7177	HVCN1	ENSG00000122986.16	ENST00000242607.13	1685
7178	HYAL1	ENSG00000114378.19	ENST00000395144.7	2031
7179	HYAL2	ENSG00000068001.16	ENST00000357750.9	1882
7180	HYAL3	ENSG00000186792.19	ENST00000336307.6	1878
7181	HYAL4	ENSG00000106302.11	ENST00000223026.9	2410
7182	HYI	ENSG00000178922.20	ENST00000372430.9	1221
7183	HYKK	ENSG00000188266.15	ENST00000388988.9	4197
7184	HYLS1	ENSG00000198331.13	ENST00000425380.7	1451
7185	HYOU1	ENSG00000149428.23	ENST00000617285.5	4598
7186	HYPK	ENSG00000242028.10	ENST00000442995.4	3011
7187	IAH1	ENSG00000134330.20	ENST00000497473.6	2176
7188	IAPP	ENSG00000121351.9	ENST00000240652.8	1942
7189	IARS1	ENSG00000196305.21	ENST00000443024.7	4483
7190	IARS2	ENSG00000067704.12	ENST00000366922.3	3530
7191	IBA57	ENSG00000181873.15	ENST00000366711.4	7828
7192	IBSP	ENSG00000029559.9	ENST00000226284.7	1573
7193	IBTK	ENSG00000005700.17	ENST00000306270.12	6040
7194	ICA1	ENSG00000003147.21	ENST00000402384.8	2344
7195	ICA1L	ENSG00000163596.19	ENST00000358299.7	7961
7196	ICAM1	ENSG00000090339.11	ENST00000264832.8	2967
7197	ICAM2	ENSG00000108622.13	ENST00000579788.6	1135
7198	ICAM3	ENSG00000076662.13	ENST00000160262.10	1735
7199	ICAM4	ENSG00000105371.12	ENST00000380770.5	1290
7200	ICAM5	ENSG00000105376.7	ENST00000221980.5	3029
7201	CILK1	ENSG00000112144.17	ENST00000676107.1	6146
7202	ICMT	ENSG00000116237.18	ENST00000343813.10	4795
7203	ICOS	ENSG00000163600.15	ENST00000316386.11	2630
7204	ICOSLG	ENSG00000160223.20	ENST00000407780.8	7078
7205	MRPL58	ENSG00000167862.12	ENST00000301585.10	894
7206	ID1	ENSG00000125968.12	ENST00000376112.4	983
7207	ID2	ENSG00000115738.12	ENST00000396290.2	1299
7208	ID3	ENSG00000117318.11	ENST00000374561.6	950
7209	ID4	ENSG00000172201.14	ENST00000378700.8	3873
7210	IDE	ENSG00000119912.20	ENST00000265986.11	5894
7211	IDH1	ENSG00000138413.16	ENST00000345146.7	2318
7212	IDH2	ENSG00000182054.12	ENST00000330062.8	2658
7213	IDH3A	ENSG00000166411.16	ENST00000299518.7	4083
7214	IDH3B	ENSG00000101365.24	ENST00000380843.9	1542
7215	IDH3G	ENSG00000067829.22	ENST00000217901.10	1335
7216	IDI1	ENSG00000067064.14	ENST00000381344.8	2739
7217	IDI2	ENSG00000148377.8	ENST00000277517.2	1356
7218	IDNK	ENSG00000148057.18	ENST00000376419.5	936
7219	IDO1	ENSG00000131203.14	ENST00000518237.6	1849
7220	IDO2	ENSG00000188676.17	ENST00000502986.4	2599
7221	IDS	ENSG00000010404.20	ENST00000340855.11	7580
7222	IDUA	ENSG00000127415.15	ENST00000514224.2	2174
7223	IER2	ENSG00000160888.10	ENST00000292433.4	2110
7224	IER3	ENSG00000137331.14	ENST00000259874.6	1237
7225	IER3IP1	ENSG00000134049.8	ENST00000256433.6	3679
7226	IER5	ENSG00000162783.11	ENST00000367577.7	4201
7227	IER5L	ENSG00000188483.8	ENST00000372491.4	2710
7228	IFFO1	ENSG00000010295.22	ENST00000619571.5	2673
7229	IFFO2	ENSG00000169991.12	ENST00000455833.7	6179
7230	IFI16	ENSG00000163565.22	ENST00000295809.12	2883
7231	IFI27	ENSG00000165949.15	ENST00000621160.5	652
7232	IFI27L1	ENSG00000165948.13	ENST00000555523.6	647
7233	IFI27L2	ENSG00000119632.6	ENST00000238609.4	451
7234	IFI30	ENSG00000216490.6	ENST00000407280.4	988
7235	IFI35	ENSG00000068079.9	ENST00000415816.7	1182
7236	IFI44	ENSG00000137965.13	ENST00000370747.9	1682
7237	IFI44L	ENSG00000137959.19	ENST00000370751.10	5829
7238	IFI6	ENSG00000126709.17	ENST00000361157.11	812
7239	IFIH1	ENSG00000115267.11	ENST00000649979.2	3581
7240	IFIT1	ENSG00000185745.11	ENST00000371804.4	4302
7241	IFIT1B	ENSG00000204010.4	ENST00000371809.3	1972
7242	IFIT2	ENSG00000119922.12	ENST00000371826.4	3393
7243	IFIT3	ENSG00000119917.16	ENST00000371818.9	2390
7244	IFIT5	ENSG00000152778.10	ENST00000371795.5	4029
7245	IFITM1	ENSG00000185885.19	ENST00000408968.4	668
7246	IFITM2	ENSG00000185201.19	ENST00000616316.3	1006
7247	IFITM3	ENSG00000142089.19	ENST00000399808.5	611
7248	IFITM5	ENSG00000206013.3	ENST00000382614.2	736
7249	LMNTD1	ENSG00000152936.12	ENST00000458174.7	1876
7250	IFNA1	ENSG00000197919.6	ENST00000276927.3	878
7251	IFNA10	ENSG00000186803.3	ENST00000357374.2	963
7252	IFNA13	ENSG00000233816.4	ENST00000610660.2	686
7253	IFNA16	ENSG00000147885.4	ENST00000380216.1	939
7254	IFNA17	ENSG00000234829.4	ENST00000413767.2	980
7255	IFNA2	ENSG00000188379.7	ENST00000380206.4	1144
7256	IFNA21	ENSG00000137080.4	ENST00000380225.1	1024
7257	IFNA4	ENSG00000236637.5	ENST00000421715.3	970
7258	IFNA5	ENSG00000147873.6	ENST00000610521.2	988
7259	IFNA6	ENSG00000120235.5	ENST00000380210.2	570
7260	IFNA7	ENSG00000214042.1	ENST00000239347.3	737
7261	IFNA8	ENSG00000120242.4	ENST00000380205.2	1069
7262	IFNAR1	ENSG00000142166.17	ENST00000270139.8	6075
7263	IFNAR2	ENSG00000159110.24	ENST00000342136.9	4074
7264	IFNB1	ENSG00000171855.7	ENST00000380232.4	839
7265	IFNE	ENSG00000184995.7	ENST00000448696.4	1475
7266	IFNG	ENSG00000111537.6	ENST00000229135.4	1211
7267	IFNGR1	ENSG00000027697.18	ENST00000367739.9	2074
7268	IFNGR2	ENSG00000159128.18	ENST00000290219.11	1699
7269	IFNK	ENSG00000147896.4	ENST00000276943.3	1164
7270	IFNL1	ENSG00000182393.3	ENST00000333625.3	775
7271	IFNL2	ENSG00000183709.8	ENST00000331982.6	951
7272	IFNL3	ENSG00000197110.11	ENST00000413851.3	709
7273	IFNLR1	ENSG00000185436.14	ENST00000327535.6	4566
7274	IFNW1	ENSG00000177047.7	ENST00000380229.4	1201
7275	IFRD1	ENSG00000006652.16	ENST00000403825.8	3269
7276	IFRD2	ENSG00000214706.14	ENST00000417626.8	1943
7277	IFT122	ENSG00000163913.16	ENST00000348417.7	4075
7278	IFT140	ENSG00000187535.16	ENST00000426508.7	5232
7279	IFT172	ENSG00000138002.18	ENST00000260570.8	5395
7280	IFT20	ENSG00000109083.16	ENST00000395418.8	860
7281	IFT27	ENSG00000100360.17	ENST00000433985.7	1073
7282	IFT43	ENSG00000119650.15	ENST00000314067.11	816
7283	IFT46	ENSG00000118096.11	ENST00000264021.8	1562
7284	IFT52	ENSG00000101052.15	ENST00000373030.8	1754
7285	IFT57	ENSG00000114446.7	ENST00000264538.4	3057
7286	IFT74	ENSG00000096872.19	ENST00000380062.10	5325
7287	IFT80	ENSG00000068885.17	ENST00000326448.12	3999
7288	IFT81	ENSG00000122970.18	ENST00000242591.10	3124
7289	IFT88	ENSG00000032742.20	ENST00000351808.10	2850
7290	IGBP1	ENSG00000089289.18	ENST00000356413.5	1682
7291	IGDCC3	ENSG00000174498.16	ENST00000327987.9	4441
7292	IGDCC4	ENSG00000103742.14	ENST00000352385.3	6363
7293	IGF1	ENSG00000017427.19	ENST00000337514.11	7277
7294	IGF1R	ENSG00000140443.15	ENST00000650285.1	12235
7295	IGF2	ENSG00000167244.23	ENST00000416167.7	5580
7296	IGF2BP1	ENSG00000159217.12	ENST00000290341.8	8796
7297	IGF2BP2	ENSG00000073792.18	ENST00000382199.7	4283
7298	IGF2BP3	ENSG00000136231.16	ENST00000258729.8	4274
7299	IGF2R	ENSG00000197081.17	ENST00000356956.6	14061
7300	IGFALS	ENSG00000099769.8	ENST00000215539.4	2058
7301	IGFBP1	ENSG00000146678.11	ENST00000275525.8	1514
7302	IGFBP2	ENSG00000115457.12	ENST00000233809.9	1414
7303	IGFBP3	ENSG00000146674.18	ENST00000613132.5	2613
7304	IGFBP4	ENSG00000141753.9	ENST00000269593.5	2205
7305	IGFBP5	ENSG00000115461.7	ENST00000233813.5	6239
7306	IGFBP6	ENSG00000167779.11	ENST00000301464.4	947
7307	IGFBP7	ENSG00000163453.13	ENST00000295666.6	1427
7308	IGFBPL1	ENSG00000137142.7	ENST00000377694.2	3566
7309	IGFL1	ENSG00000188293.8	ENST00000437936.2	779
7310	IGFL2	ENSG00000204866.10	ENST00000377693.5	602
7311	IGFL3	ENSG00000188624.4	ENST00000341415.3	680
7312	IGFL4	ENSG00000204869.9	ENST00000377697.2	1125
7313	IGFLR1	ENSG00000126246.12	ENST00000246532.6	1647
7314	IGFN1	ENSG00000163395.17	ENST00000335211.9	11811
7315	IGHMBP2	ENSG00000132740.12	ENST00000255078.8	3914
7316	IGIP	ENSG00000182700.5	ENST00000333305.5	3456
7317	JCHAIN	ENSG00000132465.14	ENST00000254801.9	1286
7318	IGLL1	ENSG00000128322.7	ENST00000330377.3	883
7319	IGLON5	ENSG00000142549.11	ENST00000270642.9	3347
7320	IGSF1	ENSG00000147255.21	ENST00000361420.8	4461
7321	IGSF10	ENSG00000152580.11	ENST00000282466.4	8562
7322	IGSF11	ENSG00000144847.15	ENST00000393775.7	3523
7323	IGSF21	ENSG00000117154.14	ENST00000251296.4	1892
7324	IGSF22	ENSG00000179057.14	ENST00000513874.6	4285
7325	IGSF3	ENSG00000143061.20	ENST00000369486.8	7235
7326	IGSF5	ENSG00000183067.7	ENST00000380588.5	2275
7327	IGSF6	ENSG00000140749.11	ENST00000268389.6	2720
7328	IGSF8	ENSG00000162729.16	ENST00000314485.12	2270
7329	IGSF9	ENSG00000085552.20	ENST00000368094.6	4059
7330	IGSF9B	ENSG00000080854.17	ENST00000533871.8	17159
7331	IHH	ENSG00000163501.8	ENST00000295731.7	2473
7332	IK	ENSG00000113141.20	ENST00000417647.7	1905
7333	IKBIP	ENSG00000166130.16	ENST00000299157.5	2902
7334	ELP1	ENSG00000070061.18	ENST00000374647.10	5913
7335	IKBKB	ENSG00000104365.18	ENST00000520810.6	3938
7336	IKBKE	ENSG00000263528.10	ENST00000581977.7	3240
7337	IKBKG	ENSG00000269335.9	ENST00000594239.6	1973
7338	IKZF1	ENSG00000185811.23	ENST00000331340.8	6255
7339	IKZF2	ENSG00000030419.19	ENST00000434687.6	9562
7340	IKZF3	ENSG00000161405.19	ENST00000346872.8	9788
7341	IKZF4	ENSG00000123411.17	ENST00000547167.6	5313
7342	IKZF5	ENSG00000095574.14	ENST00000368886.10	4532
7343	IL10	ENSG00000136634.7	ENST00000423557.1	1630
7344	IL10RA	ENSG00000110324.14	ENST00000227752.8	3653
7345	IL10RB	ENSG00000243646.13	ENST00000290200.7	1941
7346	IL11	ENSG00000095752.7	ENST00000264563.7	2378
7347	IL11RA	ENSG00000137070.21	ENST00000441545.7	1722
7348	IL12A	ENSG00000168811.9	ENST00000699704.1	1444
7349	IL12B	ENSG00000113302.7	ENST00000231228.3	2364
7350	IL12RB1	ENSG00000096996.17	ENST00000593993.7	2713
7351	IL12RB2	ENSG00000081985.16	ENST00000674203.2	5443
7352	IL13	ENSG00000169194.10	ENST00000304506.7	1283
7353	IL13RA1	ENSG00000131724.13	ENST00000371666.8	3996
7354	IL13RA2	ENSG00000123496.10	ENST00000243213.2	1338
7355	IL15	ENSG00000164136.19	ENST00000320650.9	2015
7356	IL15RA	ENSG00000134470.23	ENST00000379977.8	1566
7357	IL16	ENSG00000172349.20	ENST00000683961.1	9634
7358	IL17A	ENSG00000112115.7	ENST00000648244.1	1871
7359	IL17B	ENSG00000127743.7	ENST00000261796.4	712
7360	IL17C	ENSG00000124391.6	ENST00000244241.5	1060
7361	IL17D	ENSG00000172458.7	ENST00000682841.1	2056
7362	IL17F	ENSG00000112116.11	ENST00000336123.5	813
7363	IL17RA	ENSG00000177663.17	ENST00000319363.11	8566
7364	IL17RB	ENSG00000056736.12	ENST00000288167.8	2016
7365	IL17RC	ENSG00000163702.23	ENST00000403601.8	2409
7366	IL17RD	ENSG00000144730.21	ENST00000296318.12	8698
7367	IL17RE	ENSG00000163701.21	ENST00000383814.8	2679
7368	IL17REL	ENSG00000188263.11	ENST00000695950.1	6507
7369	IL18	ENSG00000150782.15	ENST00000280357.12	1115
7370	IL18BP	ENSG00000137496.21	ENST00000393703.9	1697
7371	IL18R1	ENSG00000115604.14	ENST00000233957.7	4149
7372	IL18RAP	ENSG00000115607.12	ENST00000687160.1	2302
7373	IL19	ENSG00000142224.18	ENST00000659997.3	1347
7374	IL1A	ENSG00000115008.8	ENST00000263339.4	2017
7375	IL1B	ENSG00000125538.13	ENST00000263341.7	1507
7376	IL1F10	ENSG00000136697.13	ENST00000341010.6	1013
7377	IL1R1	ENSG00000115594.14	ENST00000410023.6	5183
7378	IL1R2	ENSG00000115590.16	ENST00000332549.8	1462
7379	IL1RAP	ENSG00000196083.13	ENST00000447382.6	4745
7380	IL1RAPL1	ENSG00000169306.12	ENST00000378993.6	3615
7381	IL1RAPL2	ENSG00000189108.15	ENST00000372582.6	3101
7382	IL1RL1	ENSG00000115602.19	ENST00000233954.6	1997
7383	IL1RL2	ENSG00000115598.12	ENST00000264257.7	2565
7384	IL1RN	ENSG00000136689.21	ENST00000409930.4	1704
7385	IL2	ENSG00000109471.5	ENST00000226730.5	1029
7386	IL20	ENSG00000162891.12	ENST00000367098.6	1284
7387	IL20RA	ENSG00000016402.16	ENST00000316649.10	3486
7388	IL20RB	ENSG00000174564.15	ENST00000329582.9	1929
7389	IL21	ENSG00000138684.9	ENST00000648588.1	3146
7390	IL21R	ENSG00000103522.19	ENST00000337929.8	4837
7391	IL22	ENSG00000127318.11	ENST00000538666.6	1165
7392	IL22RA1	ENSG00000142677.6	ENST00000270800.2	2817
7393	IL22RA2	ENSG00000164485.16	ENST00000296980.7	2893
7394	IL23A	ENSG00000110944.10	ENST00000228534.6	1037
7395	IL23R	ENSG00000162594.18	ENST00000347310.10	2858
7396	IL24	ENSG00000162892.16	ENST00000294984.7	1976
7397	IL25	ENSG00000166090.8	ENST00000397242.3	1167
7398	IL26	ENSG00000111536.6	ENST00000229134.5	1066
7399	IL27	ENSG00000197272.3	ENST00000356897.1	1044
7400	IL27RA	ENSG00000104998.6	ENST00000263379.4	2950
7401	IL2RA	ENSG00000134460.19	ENST00000379959.8	3218
7402	IL2RB	ENSG00000100385.17	ENST00000216223.10	4034
7403	IL2RG	ENSG00000147168.15	ENST00000374202.7	1480
7404	IL3	ENSG00000164399.5	ENST00000296870.3	924
7405	IL31	ENSG00000204671.2	ENST00000377035.2	927
7406	IL31RA	ENSG00000164509.17	ENST00000652347.2	8239
7407	IL32	ENSG00000008517.21	ENST00000525643.7	818
7408	IL33	ENSG00000137033.14	ENST00000682010.1	2685
7409	IL34	ENSG00000157368.14	ENST00000288098.7	1613
7410	IL36A	ENSG00000136694.9	ENST00000259211.7	890
7411	IL36B	ENSG00000136696.11	ENST00000327407.2	1052
7412	IL36G	ENSG00000136688.12	ENST00000259205.5	1211
7413	IL36RN	ENSG00000136695.16	ENST00000393200.7	2606
7414	IL37	ENSG00000125571.12	ENST00000263326.8	864
7415	IL3RA	ENSG00000185291.14	ENST00000331035.10	1541
7416	IL4	ENSG00000113520.12	ENST00000231449.7	615
7417	IL4I1	ENSG00000104951.18	ENST00000391826.7	1795
7418	IL4R	ENSG00000077238.16	ENST00000395762.7	3624
7419	IL5	ENSG00000113525.12	ENST00000231454.6	815
7420	IL5RA	ENSG00000091181.21	ENST00000446632.7	5739
7421	IL6	ENSG00000136244.14	ENST00000258743.10	1127
7422	IL6R	ENSG00000160712.15	ENST00000368485.8	5764
7423	IL6ST	ENSG00000134352.23	ENST00000381298.7	9027
7424	IL7	ENSG00000104432.17	ENST00000263851.9	2016
7425	IL7R	ENSG00000168685.17	ENST00000303115.8	4584
7426	CXCL8	ENSG00000169429.14	ENST00000307407.8	1642
7427	IL9	ENSG00000145839.2	ENST00000274520.2	605
7428	IL9R	ENSG00000124334.21	ENST00000244174.11	2038
7429	ILDR1	ENSG00000145103.17	ENST00000344209.10	2855
7430	ILDR2	ENSG00000143195.15	ENST00000271417.8	13360
7431	ILF2	ENSG00000143621.19	ENST00000361891.9	1852
7432	ILF3	ENSG00000129351.20	ENST00000588657.6	6017
7433	ILK	ENSG00000166333.16	ENST00000299421.9	1759
7434	ILKAP	ENSG00000132323.11	ENST00000254654.8	1455
7435	HACL2	ENSG00000105135.18	ENST00000263383.8	2305
7436	IMMP1L	ENSG00000148950.13	ENST00000532287.6	733
7437	IMMP2L	ENSG00000184903.11	ENST00000405709.7	2130
7438	IMMT	ENSG00000132305.24	ENST00000410111.8	2689
7439	IMP3	ENSG00000177971.9	ENST00000403490.3	1132
7440	IMP4	ENSG00000136718.12	ENST00000259239.8	2411
7441	IMPA1	ENSG00000133731.12	ENST00000256108.10	3369
7442	IMPA2	ENSG00000141401.14	ENST00000269159.8	1449
7443	IMPACT	ENSG00000154059.13	ENST00000284202.9	3734
7444	BPNT2	ENSG00000104331.11	ENST00000262644.9	7224
7445	IMPDH1	ENSG00000106348.21	ENST00000338791.11	2611
7446	IMPDH2	ENSG00000178035.15	ENST00000326739.9	1651
7447	IMPG1	ENSG00000112706.13	ENST00000369950.8	3543
7448	IMPG2	ENSG00000081148.12	ENST00000193391.8	8352
7449	INA	ENSG00000148798.13	ENST00000369849.9	3251
7450	PATJ	ENSG00000132849.23	ENST00000642238.2	8621
7451	INCA1	ENSG00000196388.11	ENST00000695324.1	1051
7452	INCENP	ENSG00000149503.16	ENST00000394818.8	4114
7453	INF2	ENSG00000203485.16	ENST00000392634.9	7623
7454	ING1	ENSG00000153487.15	ENST00000333219.9	4697
7455	ING2	ENSG00000168556.8	ENST00000302327.4	2458
7456	ING3	ENSG00000071243.18	ENST00000315870.10	3749
7457	ING4	ENSG00000111653.22	ENST00000341550.9	1659
7458	ING5	ENSG00000168395.18	ENST00000313552.11	5197
7459	INHA	ENSG00000123999.6	ENST00000243786.3	1351
7460	INHBA	ENSG00000122641.13	ENST00000242208.5	6046
7461	INHBB	ENSG00000163083.7	ENST00000295228.4	3206
7462	INHBC	ENSG00000175189.5	ENST00000309668.3	3202
7463	INHBE	ENSG00000139269.5	ENST00000266646.3	2460
7464	INIP	ENSG00000148153.16	ENST00000374242.9	4114
7465	INMT	ENSG00000241644.3	ENST00000013222.5	2559
7466	INMT-MINDY4	ENSG00000254959.6	ENST00000458257.5	2877
7467	INO80	ENSG00000128908.21	ENST00000648947.1	6365
7468	INO80B	ENSG00000115274.16	ENST00000233331.12	1181
7469	INO80C	ENSG00000153391.18	ENST00000334598.12	943
7470	INO80D	ENSG00000114933.18	ENST00000403263.6	14128
7471	INO80E	ENSG00000169592.17	ENST00000563197.6	1154
7472	INPP1	ENSG00000151689.15	ENST00000392329.7	2044
7473	INPP4A	ENSG00000040933.19	ENST00000409851.8	10096
7474	INPP4B	ENSG00000109452.15	ENST00000262992.9	8743
7475	INPP5A	ENSG00000068383.21	ENST00000368594.8	3000
7476	INPP5B	ENSG00000204084.16	ENST00000373024.8	4450
7477	INPP5D	ENSG00000168918.15	ENST00000445964.6	4902
7478	INPP5E	ENSG00000148384.16	ENST00000371712.4	3417
7479	INPP5F	ENSG00000198825.17	ENST00000650623.2	4979
7480	INPP5J	ENSG00000185133.16	ENST00000331075.10	3348
7481	INPP5K	ENSG00000132376.22	ENST00000421807.7	2706
7482	INPPL1	ENSG00000165458.17	ENST00000298229.7	4789
7483	INS	ENSG00000254647.8	ENST00000381330.5	465
7484	INS-IGF2	ENSG00000129965.15	ENST00000397270.1	828
7485	INSC	ENSG00000188487.14	ENST00000379556.8	2893
7486	INSIG1	ENSG00000186480.15	ENST00000340368.9	2908
7487	INSIG2	ENSG00000125629.18	ENST00000245787.9	3562
7488	INSL3	ENSG00000248099.4	ENST00000317306.8	751
7489	INSL4	ENSG00000120211.5	ENST00000239316.4	1952
7490	INSL5	ENSG00000172410.5	ENST00000304526.3	736
7491	INSL6	ENSG00000120210.9	ENST00000381641.4	724
7492	INSM2	ENSG00000168348.4	ENST00000307169.4	2891
7493	INSR	ENSG00000171105.16	ENST00000302850.10	9463
7494	INSRR	ENSG00000027644.6	ENST00000368195.4	5200
7495	INTS1	ENSG00000164880.18	ENST00000404767.8	6981
7496	INTS10	ENSG00000104613.14	ENST00000397977.8	2517
7497	INTS12	ENSG00000138785.18	ENST00000340139.10	1718
7498	INTS2	ENSG00000108506.16	ENST00000251334.7	6128
7499	INTS3	ENSG00000143624.16	ENST00000318967.7	5252
7500	INTS4	ENSG00000149262.21	ENST00000534064.6	3146
7501	INTS5	ENSG00000185085.3	ENST00000330574.2	3285
7502	INTS6	ENSG00000102786.17	ENST00000311234.9	7350
7503	INTS7	ENSG00000143493.15	ENST00000366994.8	4430
7504	INTS8	ENSG00000164941.16	ENST00000523731.6	4645
7505	INTS9	ENSG00000104299.17	ENST00000521022.6	2549
7506	INTU	ENSG00000164066.15	ENST00000335251.11	13208
7507	INVS	ENSG00000119509.15	ENST00000262457.7	4897
7508	IP6K1	ENSG00000176095.14	ENST00000321599.9	4471
7509	IP6K2	ENSG00000068745.17	ENST00000328631.10	1746
7510	IP6K3	ENSG00000161896.14	ENST00000293756.5	2618
7511	IPCEF1	ENSG00000074706.16	ENST00000367220.9	6842
7512	IPMK	ENSG00000151151.8	ENST00000373935.4	6093
7513	IPO11	ENSG00000086200.19	ENST00000325324.11	4365
7514	IPO13	ENSG00000117408.13	ENST00000372343.8	3883
7515	IPO4	ENSG00000196497.19	ENST00000354464.11	3498
7516	IPO5	ENSG00000065150.23	ENST00000651721.2	6002
7517	IPO7	ENSG00000205339.12	ENST00000379719.8	6162
7518	IPO8	ENSG00000133704.12	ENST00000256079.9	5208
7519	IPO9	ENSG00000198700.12	ENST00000361565.9	11416
7520	IPP	ENSG00000197429.13	ENST00000396478.4	3117
7521	IPPK	ENSG00000127080.12	ENST00000287996.8	4268
7522	IQCB1	ENSG00000173226.19	ENST00000310864.11	2577
7523	IQCC	ENSG00000160051.14	ENST00000291358.11	2012
7524	IQCE	ENSG00000106012.21	ENST00000402050.7	6857
7525	IQCF1	ENSG00000173389.17	ENST00000310914.10	713
7526	IQCF2	ENSG00000184345.5	ENST00000333127.4	601
7527	IQCF3	ENSG00000229972.11	ENST00000440739.4	570
7528	IQCF5	ENSG00000214681.4	ENST00000446461.2	529
7529	DRC9	ENSG00000114473.16	ENST00000265239.11	2232
7530	IQCH	ENSG00000103599.22	ENST00000335894.9	4253
7531	IQCJ	ENSG00000214216.12	ENST00000397832.7	1469
7532	IQCJ-SCHIP1	ENSG00000283154.4	ENST00000485419.7	2445
7533	IQCK	ENSG00000174628.19	ENST00000695302.1	2819
7534	IQGAP1	ENSG00000140575.15	ENST00000268182.10	7205
7535	IQGAP2	ENSG00000145703.18	ENST00000274364.11	5808
7536	IQGAP3	ENSG00000183856.13	ENST00000361170.7	6013
7537	IQSEC1	ENSG00000144711.18	ENST00000613206.2	7700
7538	IQSEC2	ENSG00000124313.20	ENST00000642864.1	6037
7539	IQSEC3	ENSG00000120645.13	ENST00000538872.6	7087
7540	IQUB	ENSG00000164675.13	ENST00000324698.11	3034
7541	IRAK1	ENSG00000184216.17	ENST00000369980.8	3581
7542	IRAK1BP1	ENSG00000146243.15	ENST00000369940.7	5577
7543	IRAK2	ENSG00000134070.7	ENST00000256458.5	3431
7544	IRAK3	ENSG00000090376.13	ENST00000261233.9	8328
7545	IRAK4	ENSG00000198001.18	ENST00000613694.5	4284
7546	IREB2	ENSG00000136381.15	ENST00000258886.13	6324
7547	IRF1	ENSG00000125347.17	ENST00000245414.9	3554
7548	IRF2	ENSG00000168310.14	ENST00000393593.8	2257
7549	IRF2BP1	ENSG00000170604.5	ENST00000302165.5	2534
7550	IRF2BP2	ENSG00000168264.14	ENST00000366609.4	5316
7551	IRF2BPL	ENSG00000119669.5	ENST00000238647.5	4166
7552	IRF3	ENSG00000126456.18	ENST00000377139.8	1595
7553	IRF4	ENSG00000137265.18	ENST00000380956.9	5314
7554	IRF5	ENSG00000128604.23	ENST00000357234.10	2899
7555	IRF6	ENSG00000117595.15	ENST00000367021.8	4478
7556	IRF7	ENSG00000185507.23	ENST00000525445.6	1923
7557	IRF8	ENSG00000140968.14	ENST00000268638.10	2668
7558	IRF9	ENSG00000213928.12	ENST00000396864.8	1626
7559	IRGC	ENSG00000124449.7	ENST00000244314.6	1596
7560	IRGQ	ENSG00000167378.12	ENST00000422989.6	9686
7561	IRS1	ENSG00000169047.8	ENST00000305123.6	9771
7562	IRS2	ENSG00000185950.10	ENST00000375856.5	8156
7563	IRS4	ENSG00000133124.12	ENST00000372129.4	6563
7564	IRX1	ENSG00000170549.5	ENST00000302006.4	2080
7565	IRX2	ENSG00000170561.15	ENST00000302057.6	3079
7566	IRX3	ENSG00000177508.13	ENST00000329734.4	2625
7567	IRX4	ENSG00000113430.13	ENST00000231357.7	2394
7568	IRX5	ENSG00000176842.18	ENST00000394636.9	2398
7569	IRX6	ENSG00000159387.10	ENST00000290552.8	2681
7570	ISCA1	ENSG00000135070.16	ENST00000375991.9	1967
7571	ISCA2	ENSG00000165898.16	ENST00000556816.6	2581
7572	ISCU	ENSG00000136003.18	ENST00000311893.14	983
7573	ISG15	ENSG00000187608.11	ENST00000649529.1	637
7574	ISG20	ENSG00000172183.18	ENST00000306072.10	1583
7575	ISG20L2	ENSG00000143319.20	ENST00000368219.2	2985
7576	ISL1	ENSG00000016082.17	ENST00000230658.12	2394
7577	ISL2	ENSG00000159556.11	ENST00000290759.9	1831
7578	ISLR	ENSG00000129009.15	ENST00000249842.8	2331
7579	ISM1	ENSG00000101230.7	ENST00000262487.5	3090
7580	ISM2	ENSG00000100593.20	ENST00000342219.9	2940
7581	ISOC1	ENSG00000066583.14	ENST00000173527.6	1942
7582	ISOC2	ENSG00000063241.10	ENST00000425675.7	1075
7583	CRPPA	ENSG00000214960.13	ENST00000407010.7	5742
7584	IST1	ENSG00000182149.23	ENST00000378799.11	4561
7585	ISX	ENSG00000175329.15	ENST00000404699.7	3073
7586	ISY1	ENSG00000240682.12	ENST00000393295.8	3612
7587	ISY1-RAB43	ENSG00000261796.1	ENST00000418265.1	4868
7588	ISYNA1	ENSG00000105655.21	ENST00000338128.13	2252
7589	ITCH	ENSG00000078747.19	ENST00000374864.10	6743
7590	ITFG1	ENSG00000129636.15	ENST00000320640.11	3185
7591	ITFG2	ENSG00000111203.15	ENST00000228799.7	2320
7592	FAM234A	ENSG00000167930.19	ENST00000399932.8	2909
7593	ITGA1	ENSG00000213949.11	ENST00000282588.7	10736
7594	ITGA10	ENSG00000143127.15	ENST00000369304.8	5130
7595	ITGA11	ENSG00000137809.19	ENST00000315757.9	10191
7596	ITGA2	ENSG00000164171.13	ENST00000296585.10	7843
7597	ITGA2B	ENSG00000005961.21	ENST00000262407.6	3479
7598	ITGA3	ENSG00000005884.20	ENST00000320031.13	4889
7599	ITGA4	ENSG00000115232.15	ENST00000397033.7	6781
7600	ITGA5	ENSG00000161638.13	ENST00000293379.9	4250
7601	ITGA6	ENSG00000091409.19	ENST00000684293.1	5816
7602	ITGA7	ENSG00000135424.21	ENST00000257879.11	4126
7603	ITGA8	ENSG00000077943.10	ENST00000378076.4	6547
7604	ITGA9	ENSG00000144668.14	ENST00000264741.10	7860
7605	ITGAD	ENSG00000156886.13	ENST00000389202.3	3889
7606	ITGAE	ENSG00000083457.14	ENST00000263087.9	3803
7607	ITGAL	ENSG00000005844.21	ENST00000356798.11	5129
7608	ITGAM	ENSG00000169896.20	ENST00000544665.9	4719
7609	ITGAV	ENSG00000138448.15	ENST00000261023.8	7039
7610	ITGAX	ENSG00000140678.19	ENST00000268296.9	4663
7611	ITGB1	ENSG00000150093.22	ENST00000302278.8	3735
7612	ITGB1BP1	ENSG00000119185.15	ENST00000355346.9	4153
7613	ITGB1BP2	ENSG00000147166.13	ENST00000373829.8	1280
7614	ITGB2	ENSG00000160255.21	ENST00000652462.1	2807
7615	ITGB3	ENSG00000259207.11	ENST00000559488.7	5941
7616	ITGB3BP	ENSG00000142856.20	ENST00000271002.15	961
7617	ITGB4	ENSG00000132470.16	ENST00000200181.8	5896
7618	ITGB5	ENSG00000082781.14	ENST00000296181.9	4440
7619	ITGB6	ENSG00000115221.15	ENST00000283249.7	4641
7620	ITGB7	ENSG00000139626.18	ENST00000267082.10	2806
7621	ITGB8	ENSG00000105855.12	ENST00000222573.5	8974
7622	ITGBL1	ENSG00000198542.17	ENST00000376180.8	2436
7623	ITIH1	ENSG00000055957.13	ENST00000273283.7	2904
7624	ITIH2	ENSG00000151655.21	ENST00000358415.9	3146
7625	ITIH3	ENSG00000162267.16	ENST00000449956.3	2797
7626	ITIH4	ENSG00000055955.19	ENST00000266041.9	3282
7627	ITIH5	ENSG00000123243.17	ENST00000397146.7	6716
7628	ITIH6	ENSG00000102313.9	ENST00000218436.7	4964
7629	ITK	ENSG00000113263.16	ENST00000422843.8	4508
7630	ITLN1	ENSG00000179914.7	ENST00000326245.4	1192
7631	ITLN2	ENSG00000158764.9	ENST00000368029.4	1161
7632	ITM2A	ENSG00000078596.13	ENST00000373298.7	1616
7633	ITM2B	ENSG00000136156.17	ENST00000647800.2	10089
7634	ITM2C	ENSG00000135916.17	ENST00000326427.11	2037
7635	ITPA	ENSG00000125877.15	ENST00000380113.8	1037
7636	ITPK1	ENSG00000100605.19	ENST00000267615.11	6188
7637	ITPKA	ENSG00000137825.13	ENST00000260386.7	1825
7638	ITPKB	ENSG00000143772.13	ENST00000429204.6	6269
7639	ITPKC	ENSG00000086544.5	ENST00000263370.3	3376
7640	ITPR1	ENSG00000150995.22	ENST00000649015.2	9908
7641	ITPR2	ENSG00000123104.13	ENST00000381340.8	12564
7642	ITPR3	ENSG00000096433.13	ENST00000605930.3	9079
7643	ITPRIP	ENSG00000148841.19	ENST00000337478.3	6585
7644	ITPRIPL1	ENSG00000198885.12	ENST00000439118.3	2064
7645	ITPRIPL2	ENSG00000205730.7	ENST00000381440.5	7666
7646	ITSN1	ENSG00000205726.17	ENST00000381318.8	16972
7647	ITSN2	ENSG00000198399.18	ENST00000355123.9	6122
7648	IVD	ENSG00000128928.12	ENST00000487418.8	4350
7649	IVL	ENSG00000163207.8	ENST00000368764.4	2152
7650	IVNS1ABP	ENSG00000116679.19	ENST00000367498.8	4113
7651	IWS1	ENSG00000163166.17	ENST00000295321.9	2973
7652	IYD	ENSG00000009765.17	ENST00000344419.8	8622
7653	IZUMO1	ENSG00000182264.9	ENST00000332955.7	1657
7654	IZUMO2	ENSG00000161652.15	ENST00000293405.8	814
7655	IZUMO4	ENSG00000099840.15	ENST00000395301.8	975
7656	JAG1	ENSG00000101384.14	ENST00000254958.10	5940
7657	JAG2	ENSG00000184916.11	ENST00000331782.8	5773
7658	JAGN1	ENSG00000171135.17	ENST00000647897.1	1637
7659	JAK1	ENSG00000162434.16	ENST00000342505.5	5092
7660	JAK2	ENSG00000096968.16	ENST00000381652.4	7023
7661	JAK3	ENSG00000105639.22	ENST00000458235.7	5386
7662	JAKMIP1	ENSG00000152969.22	ENST00000409021.9	2969
7663	JAKMIP2	ENSG00000176049.18	ENST00000616793.5	9153
7664	JAKMIP3	ENSG00000188385.14	ENST00000684848.1	6399
7665	JAM2	ENSG00000154721.17	ENST00000480456.6	4351
7666	JAM3	ENSG00000166086.15	ENST00000299106.9	3765
7667	JARID2	ENSG00000008083.16	ENST00000341776.7	6003
7668	JAZF1	ENSG00000153814.15	ENST00000283928.10	3173
7669	JDP2	ENSG00000140044.15	ENST00000651602.1	5378
7670	KDM7A	ENSG00000006459.13	ENST00000397560.7	9220
7671	JKAMP	ENSG00000050130.20	ENST00000616435.5	2347
7672	JMJD1C	ENSG00000171988.21	ENST00000399262.7	8758
7673	JMJD4	ENSG00000081692.15	ENST00000620518.5	2484
7674	JMJD6	ENSG00000070495.17	ENST00000397625.9	1621
7675	JMJD7	ENSG00000243789.13	ENST00000397299.9	1409
7676	JMJD7-PLA2G4B	ENSG00000168970.22	ENST00000382448.8	3331
7677	JMJD8	ENSG00000161999.15	ENST00000609261.6	1934
7678	JMY	ENSG00000152409.12	ENST00000396137.5	9096
7679	JOSD1	ENSG00000100221.13	ENST00000683374.1	3743
7680	JOSD2	ENSG00000161677.14	ENST00000598418.6	834
7681	JPH1	ENSG00000104369.7	ENST00000342232.5	4590
7682	JPH2	ENSG00000149596.9	ENST00000372980.4	9502
7683	JPH3	ENSG00000154118.14	ENST00000284262.3	4382
7684	JPH4	ENSG00000092051.20	ENST00000356300.9	4265
7685	JRKL	ENSG00000183340.9	ENST00000332349.5	3140
7686	JSRP1	ENSG00000167476.12	ENST00000300961.10	1138
7687	JTB	ENSG00000143543.17	ENST00000271843.9	1273
7688	JUN	ENSG00000177606.9	ENST00000371222.4	3257
7689	JUNB	ENSG00000171223.6	ENST00000302754.6	1830
7690	JUND	ENSG00000130522.6	ENST00000252818.5	1929
7691	JUP	ENSG00000173801.19	ENST00000393931.8	3505
7692	KAAG1	ENSG00000146049.2	ENST00000274766.2	1383
7693	ANOS1	ENSG00000011201.14	ENST00000262648.8	6265
7694	KALRN	ENSG00000160145.17	ENST00000682506.1	16188
7695	KANK1	ENSG00000107104.23	ENST00000382297.7	5070
7696	KANK2	ENSG00000197256.13	ENST00000586659.6	5183
7697	KANK3	ENSG00000186994.14	ENST00000330915.7	2787
7698	KANK4	ENSG00000132854.21	ENST00000371153.9	5499
7699	KANSL1	ENSG00000120071.17	ENST00000432791.7	5574
7700	KANSL1L	ENSG00000144445.19	ENST00000281772.14	4782
7701	KANSL2	ENSG00000139620.15	ENST00000420613.7	2373
7702	KANSL3	ENSG00000114982.21	ENST00000431828.6	5156
7703	KARS1	ENSG00000065427.17	ENST00000302445.8	1991
7704	KAT2A	ENSG00000108773.13	ENST00000225916.10	3115
7705	KAT2B	ENSG00000114166.10	ENST00000263754.5	4410
7706	KAT5	ENSG00000172977.15	ENST00000341318.9	2080
7707	KAT6A	ENSG00000083168.13	ENST00000265713.8	9153
7708	KAT6B	ENSG00000156650.16	ENST00000287239.10	8314
7709	KAT7	ENSG00000136504.16	ENST00000259021.9	9514
7710	KAT8	ENSG00000103510.21	ENST00000219797.9	1495
7711	KATNA1	ENSG00000186625.16	ENST00000367411.7	1898
7712	KATNAL1	ENSG00000102781.16	ENST00000380615.8	7618
7713	KATNAL2	ENSG00000167216.21	ENST00000683218.1	3689
7714	KATNB1	ENSG00000140854.15	ENST00000379661.8	2618
7715	KATNBL1	ENSG00000134152.13	ENST00000256544.8	2740
7716	KAZALD1	ENSG00000107821.17	ENST00000370200.6	3232
7717	KAZN	ENSG00000189337.17	ENST00000376030.7	6049
7718	KBTBD11	ENSG00000176595.6	ENST00000320248.4	6911
7719	KBTBD12	ENSG00000187715.15	ENST00000405109.5	5727
7720	KBTBD13	ENSG00000234438.5	ENST00000432196.5	3203
7721	KBTBD2	ENSG00000170852.14	ENST00000304056.9	3608
7722	KBTBD3	ENSG00000182359.17	ENST00000531837.2	3840
7723	KBTBD4	ENSG00000123444.16	ENST00000430070.7	2357
7724	KBTBD6	ENSG00000165572.8	ENST00000379485.2	5234
7725	KBTBD7	ENSG00000120696.9	ENST00000379483.4	4736
7726	KBTBD8	ENSG00000163376.11	ENST00000417314.2	4680
7727	KCMF1	ENSG00000176407.20	ENST00000409785.9	7500
7728	KCNA1	ENSG00000111262.6	ENST00000382545.5	7985
7729	KCNA10	ENSG00000143105.7	ENST00000369771.4	1959
7730	KCNA2	ENSG00000177301.18	ENST00000316361.10	11829
7731	KCNA3	ENSG00000177272.10	ENST00000369769.4	2476
7732	KCNA4	ENSG00000182255.9	ENST00000328224.7	4190
7733	KCNA5	ENSG00000130037.6	ENST00000252321.5	2910
7734	KCNA6	ENSG00000151079.8	ENST00000280684.4	3985
7735	KCNA7	ENSG00000104848.3	ENST00000221444.2	4151
7736	KCNAB1	ENSG00000169282.20	ENST00000490337.6	3152
7737	KCNAB2	ENSG00000069424.17	ENST00000378083.8	4176
7738	KCNAB3	ENSG00000170049.12	ENST00000303790.3	2879
7739	KCNB1	ENSG00000158445.11	ENST00000371741.6	11871
7740	KCNB2	ENSG00000182674.7	ENST00000523207.2	3748
7741	KCNC1	ENSG00000129159.10	ENST00000265969.8	4303
7742	KCNC2	ENSG00000166006.16	ENST00000549446.6	5596
7743	KCNC3	ENSG00000131398.15	ENST00000477616.2	6747
7744	KCNC4	ENSG00000116396.16	ENST00000438661.3	4139
7745	KCND1	ENSG00000102057.13	ENST00000218176.4	4718
7746	KCND2	ENSG00000184408.11	ENST00000331113.9	5830
7747	KCND3	ENSG00000171385.13	ENST00000302127.5	7619
7748	KCNE1	ENSG00000180509.15	ENST00000399286.3	3505
7749	KCNE5	ENSG00000176076.7	ENST00000372101.3	1473
7750	KCNE2	ENSG00000159197.6	ENST00000290310.4	1061
7751	KCNE3	ENSG00000175538.13	ENST00000310128.9	3064
7752	KCNE4	ENSG00000152049.7	ENST00000281830.4	2915
7753	KCNF1	ENSG00000162975.6	ENST00000295082.3	2292
7754	KCNG1	ENSG00000026559.16	ENST00000371571.5	2189
7755	KCNG2	ENSG00000178342.7	ENST00000316249.4	1876
7756	KCNG3	ENSG00000171126.9	ENST00000306078.2	3709
7757	KCNG4	ENSG00000168418.9	ENST00000308251.6	5503
7758	KCNH1	ENSG00000143473.16	ENST00000271751.10	8140
7759	KCNH2	ENSG00000055118.20	ENST00000262186.10	4292
7760	KCNH3	ENSG00000135519.10	ENST00000257981.7	4023
7761	KCNH4	ENSG00000089558.10	ENST00000264661.4	3788
7762	KCNH5	ENSG00000140015.21	ENST00000322893.12	11283
7763	KCNH6	ENSG00000173826.17	ENST00000314672.10	3758
7764	KCNH7	ENSG00000184611.15	ENST00000332142.10	4262
7765	KCNH8	ENSG00000183960.11	ENST00000328405.7	5077
7766	KCNIP1	ENSG00000182132.15	ENST00000328939.9	2030
7767	KCNIP2	ENSG00000120049.22	ENST00000356640.7	2424
7768	KCNIP3	ENSG00000115041.16	ENST00000295225.10	2891
7769	KCNIP4	ENSG00000185774.18	ENST00000382152.7	2370
7770	KCNJ1	ENSG00000151704.18	ENST00000392666.6	2539
7771	KCNJ10	ENSG00000177807.12	ENST00000644903.1	5205
7772	KCNJ11	ENSG00000187486.9	ENST00000339994.5	3412
7773	KCNJ12	ENSG00000184185.12	ENST00000583088.6	5263
7774	KCNJ13	ENSG00000115474.8	ENST00000233826.4	3609
7775	KCNJ14	ENSG00000182324.8	ENST00000342291.3	3854
7776	KCNJ15	ENSG00000157551.21	ENST00000398938.7	8407
7777	KCNJ16	ENSG00000153822.17	ENST00000392671.6	3986
7778	KCNJ2	ENSG00000123700.7	ENST00000243457.4	5391
7779	KCNJ3	ENSG00000162989.6	ENST00000295101.3	4628
7780	KCNJ4	ENSG00000168135.6	ENST00000303592.3	2065
7781	KCNJ5	ENSG00000120457.14	ENST00000529694.6	6068
7782	KCNJ6	ENSG00000157542.13	ENST00000609713.2	19659
7783	KCNJ8	ENSG00000121361.7	ENST00000240662.3	2274
7784	KCNJ9	ENSG00000162728.7	ENST00000368088.4	4202
7785	KCNK1	ENSG00000135750.17	ENST00000366621.8	2061
7786	KCNK10	ENSG00000100433.18	ENST00000319231.10	7530
7787	KCNK12	ENSG00000184261.6	ENST00000327876.5	13564
7788	KCNK13	ENSG00000152315.7	ENST00000282146.5	2289
7789	KCNK15	ENSG00000124249.8	ENST00000372861.5	2514
7790	KCNK16	ENSG00000095981.11	ENST00000437525.3	1095
7791	KCNK17	ENSG00000124780.16	ENST00000373231.9	1524
7792	KCNK18	ENSG00000186795.2	ENST00000334549.1	1155
7793	KCNK2	ENSG00000082482.16	ENST00000444842.7	3875
7794	KCNK3	ENSG00000171303.9	ENST00000302909.4	6191
7795	KCNK4	ENSG00000182450.16	ENST00000422670.7	1829
7796	KCNK5	ENSG00000164626.11	ENST00000359534.4	3783
7797	KCNK6	ENSG00000099337.7	ENST00000263372.5	5721
7798	KCNK7	ENSG00000173338.14	ENST00000340313.5	1121
7799	KCNK9	ENSG00000169427.9	ENST00000520439.3	2393
7800	KCNMA1	ENSG00000156113.26	ENST00000286628.14	6261
7801	KCNMB1	ENSG00000145936.11	ENST00000274629.9	4742
7802	KCNMB2	ENSG00000197584.15	ENST00000452583.6	2543
7803	KCNMB3	ENSG00000171121.18	ENST00000392685.7	1085
7804	KCNMB4	ENSG00000135643.6	ENST00000258111.5	4717
7805	KCNN1	ENSG00000105642.18	ENST00000684775.1	3603
7806	KCNN2	ENSG00000080709.18	ENST00000673685.1	2760
7807	KCNN3	ENSG00000143603.21	ENST00000271915.9	13034
7808	KCNN4	ENSG00000104783.17	ENST00000648319.1	1956
7809	KCNQ1	ENSG00000053918.22	ENST00000155840.12	3224
7810	KCNQ2	ENSG00000075043.23	ENST00000359125.7	9247
7811	KCNQ3	ENSG00000184156.18	ENST00000388996.10	11583
7812	KCNQ4	ENSG00000117013.19	ENST00000347132.10	4324
7813	KCNQ5	ENSG00000185760.19	ENST00000370398.6	6364
7814	KCNRG	ENSG00000198553.10	ENST00000312942.2	1337
7815	KCNS1	ENSG00000124134.10	ENST00000537075.3	5447
7816	KCNS2	ENSG00000156486.9	ENST00000287042.5	5288
7817	KCNS3	ENSG00000170745.14	ENST00000304101.9	2341
7818	KCNT1	ENSG00000107147.16	ENST00000371757.7	7123
7819	KCNT2	ENSG00000162687.20	ENST00000294725.14	5984
7820	KCNU1	ENSG00000215262.8	ENST00000399881.8	3692
7821	KCNV1	ENSG00000164794.10	ENST00000524391.6	6912
7822	KCNV2	ENSG00000168263.9	ENST00000382082.4	2178
7823	KCTD1	ENSG00000134504.16	ENST00000580059.7	3448
7824	KCTD10	ENSG00000110906.15	ENST00000228495.11	3920
7825	KCTD11	ENSG00000213859.8	ENST00000333751.8	2783
7826	KCTD12	ENSG00000178695.6	ENST00000377474.4	6231
7827	KCTD13	ENSG00000174943.13	ENST00000568000.6	1716
7828	KCTD14	ENSG00000151364.18	ENST00000353172.6	1673
7829	KCTD15	ENSG00000153885.17	ENST00000683859.1	3909
7830	KCTD16	ENSG00000183775.12	ENST00000512467.6	13488
7831	KCTD17	ENSG00000100379.20	ENST00000403888.8	1760
7832	KCTD18	ENSG00000155729.15	ENST00000359878.8	2939
7833	KCTD19	ENSG00000168676.12	ENST00000304372.6	2952
7834	KCTD2	ENSG00000180901.11	ENST00000322444.7	3657
7835	KCTD20	ENSG00000112078.16	ENST00000373731.7	5384
7836	KCTD21	ENSG00000188997.10	ENST00000340067.4	3389
7837	KCTD3	ENSG00000136636.15	ENST00000259154.9	4019
7838	KCTD4	ENSG00000180332.7	ENST00000379108.2	2124
7839	KCTD5	ENSG00000167977.11	ENST00000301738.9	2434
7840	KCTD6	ENSG00000168301.15	ENST00000404589.8	1555
7841	KCTD7	ENSG00000243335.11	ENST00000639828.2	4869
7842	KCTD8	ENSG00000183783.9	ENST00000360029.4	2595
7843	KCTD9	ENSG00000104756.18	ENST00000221200.9	3367
7844	POGLUT2	ENSG00000134901.16	ENST00000376004.5	2029
7845	POGLUT3	ENSG00000178202.15	ENST00000323468.10	4253
7846	KDELR1	ENSG00000105438.11	ENST00000330720.7	1550
7847	KDELR2	ENSG00000136240.12	ENST00000258739.9	2786
7848	KDELR3	ENSG00000100196.13	ENST00000216014.9	1694
7849	KDM1A	ENSG00000004487.20	ENST00000400181.9	3085
7850	KDM1B	ENSG00000165097.18	ENST00000650836.2	4538
7851	KDM2A	ENSG00000173120.17	ENST00000529006.7	7386
7852	KDM2B	ENSG00000089094.22	ENST00000377071.9	5315
7853	KDM3A	ENSG00000115548.19	ENST00000312912.10	4667
7854	KDM3B	ENSG00000120733.17	ENST00000314358.10	6724
7855	KDM4A	ENSG00000066135.15	ENST00000372396.4	4486
7856	KDM4B	ENSG00000127663.18	ENST00000159111.9	5604
7857	KDM4C	ENSG00000107077.23	ENST00000381309.8	4338
7858	KDM4D	ENSG00000186280.8	ENST00000335080.6	2951
7859	KDM4E	ENSG00000235268.2	ENST00000450979.2	2339
7860	KDM5A	ENSG00000073614.14	ENST00000399788.7	10701
7861	KDM5B	ENSG00000117139.20	ENST00000367265.9	9292
7862	KDM5C	ENSG00000126012.16	ENST00000375401.8	5810
7863	KDM5D	ENSG00000012817.18	ENST00000317961.9	6825
7864	KDM6A	ENSG00000147050.20	ENST00000611820.5	6094
7865	KDM6B	ENSG00000132510.13	ENST00000448097.7	6728
7866	KDM8	ENSG00000155666.14	ENST00000286096.9	2431
7867	KDR	ENSG00000128052.12	ENST00000263923.5	5833
7868	KDSR	ENSG00000119537.20	ENST00000645214.2	5143
7869	KEAP1	ENSG00000079999.16	ENST00000171111.10	2565
7870	KEL	ENSG00000197993.11	ENST00000355265.7	2494
7871	KERA	ENSG00000139330.6	ENST00000266719.4	2203
7872	KHDC1	ENSG00000135314.16	ENST00000257765.10	1146
7873	KHDC1L	ENSG00000256980.5	ENST00000370388.4	679
7874	KHDC3L	ENSG00000203908.5	ENST00000370367.4	1037
7875	KHDRBS1	ENSG00000121774.20	ENST00000327300.12	2713
7876	KHDRBS2	ENSG00000112232.13	ENST00000281156.5	2329
7877	KHDRBS3	ENSG00000131773.16	ENST00000355849.10	1978
7878	KHK	ENSG00000138030.16	ENST00000260598.10	2397
7879	KHNYN	ENSG00000100441.12	ENST00000553935.6	6778
7880	KHSRP	ENSG00000088247.20	ENST00000600480.2	4276
7881	PUM3	ENSG00000080608.12	ENST00000397885.3	2187
7882	BLTP2	ENSG00000007202.18	ENST00000528896.7	7428
7883	PCLAF	ENSG00000166803.16	ENST00000300035.9	2132
7884	DELE1	ENSG00000081791.11	ENST00000432126.7	4907
7885	TMEM94	ENSG00000177728.19	ENST00000314256.12	5412
7886	WASHC5	ENSG00000164961.18	ENST00000318410.12	4139
7887	RUBCN	ENSG00000145016.19	ENST00000296343.10	9255
7888	RUBCNL	ENSG00000102445.22	ENST00000429979.6	11050
7889	KIAA0232	ENSG00000170871.13	ENST00000307659.6	7854
7890	SUSD6	ENSG00000100647.10	ENST00000342745.5	5390
7891	KIAA0319	ENSG00000137261.17	ENST00000378214.8	6838
7892	KIAA0319L	ENSG00000142687.21	ENST00000325722.8	4777
7893	GARRE1	ENSG00000166398.16	ENST00000299505.8	6680
7894	ECPAS	ENSG00000136813.17	ENST00000684092.1	7215
7895	PRORP	ENSG00000100890.18	ENST00000534898.9	6186
7896	KIAA0408	ENSG00000189367.17	ENST00000483725.8	8123
7897	MARF1	ENSG00000166783.24	ENST00000396368.8	7730
7898	KIAA0513	ENSG00000135709.16	ENST00000683363.1	7365
7899	KATNIP	ENSG00000047578.16	ENST00000261588.10	6599
7900	KIAA0586	ENSG00000100578.19	ENST00000652326.2	8558
7901	KIAA0753	ENSG00000198920.12	ENST00000361413.8	4647
7902	KIAA0825	ENSG00000185261.17	ENST00000682413.1	7241
7903	MATCAP2	ENSG00000164542.15	ENST00000440378.6	4462
7904	MATCAP1	ENSG00000196123.15	ENST00000563902.2	3386
7905	KHDC4	ENSG00000132680.13	ENST00000368321.8	2961
7906	TMEM131L	ENSG00000121210.18	ENST00000409959.8	5006
7907	KIAA0930	ENSG00000100364.21	ENST00000336156.10	6338
7908	ICE1	ENSG00000164151.13	ENST00000296564.9	7930
7909	CEP162	ENSG00000135315.14	ENST00000403245.8	5155
7910	MINAR1	ENSG00000169330.11	ENST00000305428.8	6926
7911	WASHC4	ENSG00000136051.17	ENST00000332180.10	5791
7912	PHF24	ENSG00000122733.14	ENST00000242315.4	5757
7913	BLTP1	ENSG00000138688.18	ENST00000679879.1	16162
7914	KIAA1143	ENSG00000163807.8	ENST00000296121.6	5079
7915	DENND11	ENSG00000257093.8	ENST00000536163.6	7309
7916	MYORG	ENSG00000164976.11	ENST00000297625.8	6447
7917	KIAA1191	ENSG00000122203.17	ENST00000298569.9	2786
7918	CEMIP	ENSG00000103888.19	ENST00000394685.8	7353
7919	KIAA1210	ENSG00000250423.3	ENST00000691062.1	7392
7920	CRACD	ENSG00000109265.17	ENST00000682029.1	7044
7921	CRACDL	ENSG00000196872.14	ENST00000397899.7	3873
7922	KIAA1217	ENSG00000120549.21	ENST00000376454.8	7407
7923	ARFGEF3	ENSG00000112379.11	ENST00000251691.5	14859
7924	CFAP92	ENSG00000114656.14	ENST00000645291.3	3870
7925	KIFBP	ENSG00000198954.11	ENST00000361983.7	2462
7926	ELAPOR1	ENSG00000116299.19	ENST00000369939.8	6880
7927	ELAPOR2	ENSG00000164659.17	ENST00000450689.7	6796
7928	KIAA1328	ENSG00000150477.17	ENST00000280020.10	4853
7929	CEP126	ENSG00000110318.17	ENST00000263468.13	7048
7930	CCDC191	ENSG00000163617.13	ENST00000295878.8	3889
7931	VIRMA	ENSG00000164944.14	ENST00000297591.10	6478
7932	CFAP97	ENSG00000164323.17	ENST00000458385.7	4851
7933	RIC1	ENSG00000107036.14	ENST00000414202.7	6786
7934	JCAD	ENSG00000165757.10	ENST00000375377.2	9324
7935	FAM234B	ENSG00000084444.16	ENST00000197268.13	4711
7936	RELCH	ENSG00000134444.17	ENST00000644646.2	8617
7937	NHSL3	ENSG00000162522.13	ENST00000401073.7	5493
7938	CIP2A	ENSG00000163507.17	ENST00000295746.13	4066
7939	KIAA1549	ENSG00000122778.12	ENST00000422774.2	12498
7940	KIAA1549L	ENSG00000110427.19	ENST00000658780.2	12933
7941	RESF1	ENSG00000174718.14	ENST00000312561.9	6234
7942	KIAA1586	ENSG00000168116.17	ENST00000370733.5	2789
7943	SHTN1	ENSG00000187164.22	ENST00000355371.9	6871
7944	KIAA1614	ENSG00000135835.14	ENST00000367588.9	9946
7945	SHISAL1	ENSG00000138944.9	ENST00000381176.5	6853
7946	IQCN	ENSG00000130518.20	ENST00000392413.5	4345
7947	LNPK	ENSG00000144320.16	ENST00000272748.9	7542
7948	CEP295	ENSG00000166004.16	ENST00000325212.11	8014
7949	CIPC	ENSG00000198894.10	ENST00000361786.7	4325
7950	KIAA1755	ENSG00000149633.14	ENST00000279024.9	6377
7951	SANBR	ENSG00000162929.16	ENST00000402291.6	4578
7952	SLC60A2	ENSG00000173214.8	ENST00000671876.2	14805
7953	KIAA1958	ENSG00000165185.17	ENST00000337530.11	11795
7954	CCDC183	ENSG00000213213.15	ENST00000338005.7	1716
7955	KIAA2013	ENSG00000116685.19	ENST00000376572.8	2819
7956	USF3	ENSG00000176542.11	ENST00000316407.9	13704
7957	NEXMIF	ENSG00000050030.17	ENST00000055682.12	11717
7958	BRD10	ENSG00000183354.13	ENST00000399933.8	7669
7959	KIDINS220	ENSG00000134313.19	ENST00000256707.8	7348
7960	KIF11	ENSG00000138160.9	ENST00000260731.5	5016
7961	KIF12	ENSG00000136883.18	ENST00000640217.2	2195
7962	KIF13A	ENSG00000137177.21	ENST00000259711.11	6007
7963	KIF13B	ENSG00000197892.14	ENST00000524189.6	8743
7964	KIF14	ENSG00000118193.14	ENST00000367350.5	7291
7965	KIF15	ENSG00000163808.19	ENST00000326047.9	4760
7966	KIF16B	ENSG00000089177.22	ENST00000354981.7	5276
7967	KIF17	ENSG00000117245.15	ENST00000400463.8	3958
7968	KIF18A	ENSG00000121621.9	ENST00000263181.7	3417
7969	KIF18B	ENSG00000186185.16	ENST00000593135.6	4088
7970	KIF19	ENSG00000196169.17	ENST00000389916.5	3629
7971	KIF1A	ENSG00000130294.20	ENST00000498729.9	9131
7972	KIF1B	ENSG00000054523.22	ENST00000676179.1	10855
7973	KIF1C	ENSG00000129250.14	ENST00000320785.10	7917
7974	KIF20A	ENSG00000112984.14	ENST00000394894.8	3095
7975	KIF20B	ENSG00000138182.17	ENST00000371728.8	6441
7976	KIF21A	ENSG00000139116.21	ENST00000361418.10	6371
7977	KIF21B	ENSG00000116852.16	ENST00000461742.7	9334
7978	KIF22	ENSG00000079616.16	ENST00000160827.9	2081
7979	KIF23	ENSG00000137807.18	ENST00000679126.1	3660
7980	KIF24	ENSG00000186638.19	ENST00000402558.7	6295
7981	KIF25	ENSG00000125337.23	ENST00000643607.3	3048
7982	KIF26A	ENSG00000066735.18	ENST00000423312.7	6889
7983	KIF26B	ENSG00000162849.17	ENST00000407071.7	13593
7984	KIF27	ENSG00000165115.17	ENST00000297814.7	7257
7985	KIF2A	ENSG00000068796.21	ENST00000407818.8	7958
7986	KIF2B	ENSG00000141200.8	ENST00000268919.6	2267
7987	KIF2C	ENSG00000142945.15	ENST00000372224.9	2862
7988	KIF3A	ENSG00000131437.18	ENST00000403231.6	6311
7989	KIF3B	ENSG00000101350.10	ENST00000375712.4	6116
7990	KIF3C	ENSG00000084731.17	ENST00000264712.8	5342
7991	KIF4A	ENSG00000090889.14	ENST00000374403.4	4388
7992	KIF4B	ENSG00000226650.6	ENST00000435029.6	4387
7993	KIF5A	ENSG00000155980.15	ENST00000455537.7	5779
7994	KIF5B	ENSG00000170759.13	ENST00000302418.5	5866
7995	KIF5C	ENSG00000168280.19	ENST00000435030.6	6954
7996	KIF6	ENSG00000164627.19	ENST00000287152.12	9085
7997	KIF7	ENSG00000166813.19	ENST00000394412.8	4567
7998	KIF9	ENSG00000088727.16	ENST00000684063.1	3337
7999	KIFAP3	ENSG00000075945.14	ENST00000361580.7	2954
8000	KIFC1	ENSG00000237649.10	ENST00000428849.7	2391
8001	KIFC2	ENSG00000167702.15	ENST00000645548.2	3272
8002	KIFC3	ENSG00000140859.18	ENST00000445690.7	3359
8003	KIN	ENSG00000151657.14	ENST00000379562.9	6360
8004	KIR2DL1	ENSG00000125498.22	ENST00000336077.11	1614
8005	KIR2DL3	ENSG00000243772.10	ENST00000342376.4	1592
8006	KIR2DL4	ENSG00000189013.18	ENST00000345540.10	1477
8007	KIR3DL1	ENSG00000167633.19	ENST00000391728.8	1871
8008	KIR3DL2	ENSG00000240403.8	ENST00000326321.7	1877
8009	KIR3DL3	ENSG00000242019.2	ENST00000291860.2	1824
8010	KIR3DX1	ENSG00000104970.12	ENST00000649033.1	1367
8011	KIRREL1	ENSG00000183853.20	ENST00000359209.11	7448
8012	KIRREL2	ENSG00000126259.22	ENST00000360202.10	2980
8013	KIRREL3	ENSG00000149571.13	ENST00000525144.7	3820
8014	KISS1	ENSG00000170498.12	ENST00000367194.5	714
8015	KISS1R	ENSG00000116014.12	ENST00000234371.10	1624
8016	KIT	ENSG00000157404.19	ENST00000288135.6	5147
8017	KITLG	ENSG00000049130.18	ENST00000644744.1	5441
8018	KL	ENSG00000133116.9	ENST00000380099.4	5014
8019	KLB	ENSG00000134962.9	ENST00000257408.5	6002
8020	KLC1	ENSG00000126214.24	ENST00000334553.11	2550
8021	KLC2	ENSG00000174996.14	ENST00000394067.7	2953
8022	KLC3	ENSG00000104892.19	ENST00000391946.7	1782
8023	KLC4	ENSG00000137171.17	ENST00000347162.10	2361
8024	KLF1	ENSG00000105610.8	ENST00000264834.6	1613
8025	KLF10	ENSG00000155090.17	ENST00000285407.11	2915
8026	KLF11	ENSG00000172059.13	ENST00000305883.6	4035
8027	KLF12	ENSG00000118922.21	ENST00000703967.1	11074
8028	KLF13	ENSG00000169926.13	ENST00000307145.4	6845
8029	KLF14	ENSG00000266265.4	ENST00000583337.4	3511
8030	KLF15	ENSG00000163884.6	ENST00000296233.4	2540
8031	KLF16	ENSG00000129911.10	ENST00000250916.6	2901
8032	KLF17	ENSG00000171872.6	ENST00000372299.4	3160
8033	KLF2	ENSG00000127528.7	ENST00000248071.6	2820
8034	KLF3	ENSG00000109787.15	ENST00000261438.10	5594
8035	KLF4	ENSG00000136826.17	ENST00000374672.5	2936
8036	KLF5	ENSG00000102554.16	ENST00000377687.6	3349
8037	KLF6	ENSG00000067082.17	ENST00000497571.6	4590
8038	KLF7	ENSG00000118263.18	ENST00000309446.11	8365
8039	KLF8	ENSG00000102349.20	ENST00000468660.6	9096
8040	KLF9	ENSG00000119138.6	ENST00000377126.4	5201
8041	KLHDC1	ENSG00000197776.10	ENST00000359332.7	2674
8042	KLHDC10	ENSG00000128607.16	ENST00000335420.10	6398
8043	KLHDC2	ENSG00000165516.13	ENST00000298307.10	4969
8044	KLHDC3	ENSG00000124702.21	ENST00000326974.9	1869
8045	KLHDC4	ENSG00000104731.16	ENST00000270583.10	1924
8046	KLHDC7A	ENSG00000179023.9	ENST00000400664.3	5045
8047	KLHDC7B	ENSG00000130487.10	ENST00000648057.3	5125
8048	KLHDC8A	ENSG00000162873.17	ENST00000367155.8	2970
8049	KLHDC8B	ENSG00000185909.17	ENST00000332780.4	1972
8050	KLHDC9	ENSG00000162755.16	ENST00000368011.9	1347
8051	KLHL1	ENSG00000150361.13	ENST00000377844.9	4105
8052	KLHL10	ENSG00000161594.8	ENST00000293303.5	2012
8053	KLHL11	ENSG00000178502.7	ENST00000319121.4	7402
8054	KLHL12	ENSG00000117153.18	ENST00000367261.8	3311
8055	KLHL13	ENSG00000003096.17	ENST00000540167.6	3342
8056	KLHL14	ENSG00000197705.12	ENST00000359358.9	4271
8057	KLHL15	ENSG00000174010.11	ENST00000328046.8	6272
8058	KLHL17	ENSG00000187961.17	ENST00000338591.8	2567
8059	KLHL18	ENSG00000114648.14	ENST00000232766.6	4622
8060	KLHL2	ENSG00000109466.16	ENST00000226725.11	3185
8061	KLHL20	ENSG00000076321.13	ENST00000209884.5	3414
8062	KLHL21	ENSG00000162413.18	ENST00000377658.8	4487
8063	KLHL22	ENSG00000099910.19	ENST00000328879.9	2528
8064	KLHL23	ENSG00000213160.12	ENST00000392647.7	4081
8065	KLHL24	ENSG00000114796.18	ENST00000242810.11	7331
8066	KLHL25	ENSG00000183655.15	ENST00000337975.6	3650
8067	KLHL26	ENSG00000167487.13	ENST00000300976.9	4351
8068	KLHL28	ENSG00000179454.16	ENST00000396128.9	6522
8069	KLHL3	ENSG00000146021.17	ENST00000309755.9	6805
8070	KLHL30	ENSG00000168427.11	ENST00000409223.2	3780
8071	KLHL31	ENSG00000124743.7	ENST00000370905.4	5776
8072	KLHL32	ENSG00000186231.19	ENST00000369261.9	3698
8073	KLHL34	ENSG00000185915.5	ENST00000379499.3	3641
8074	KLHL35	ENSG00000149243.18	ENST00000539798.3	2100
8075	KLHL36	ENSG00000135686.15	ENST00000564996.6	7559
8076	KLHL38	ENSG00000175946.10	ENST00000684634.1	3260
8077	KLHL4	ENSG00000102271.16	ENST00000373119.9	5765
8078	KLHL40	ENSG00000157119.14	ENST00000287777.5	2499
8079	KLHL41	ENSG00000239474.9	ENST00000284669.2	2460
8080	KLHL42	ENSG00000087448.13	ENST00000381271.7	6490
8081	KLHL5	ENSG00000109790.20	ENST00000504108.7	7718
8082	KLHL6	ENSG00000172578.13	ENST00000341319.8	6295
8083	KLHL7	ENSG00000122550.20	ENST00000339077.10	5619
8084	KLHL8	ENSG00000145332.16	ENST00000273963.10	5631
8085	KLHL9	ENSG00000198642.9	ENST00000359039.5	5740
8086	KLK1	ENSG00000167748.12	ENST00000301420.3	876
8087	KLK10	ENSG00000129451.14	ENST00000358789.8	2984
8088	KLK11	ENSG00000167757.16	ENST00000453757.8	1176
8089	KLK12	ENSG00000186474.18	ENST00000684732.1	1171
8090	KLK13	ENSG00000167759.14	ENST00000595793.6	1820
8091	KLK14	ENSG00000129437.13	ENST00000650543.2	1054
8092	KLK15	ENSG00000174562.16	ENST00000598239.6	1357
8093	KLK2	ENSG00000167751.14	ENST00000325321.8	2829
8094	KLK3	ENSG00000142515.17	ENST00000326003.7	1464
8095	KLK4	ENSG00000167749.12	ENST00000324041.6	1416
8096	KLK5	ENSG00000167754.15	ENST00000336334.8	1513
8097	KLK6	ENSG00000167755.16	ENST00000310157.7	1429
8098	KLK7	ENSG00000169035.14	ENST00000595820.6	1955
8099	KLK8	ENSG00000129455.18	ENST00000695909.1	915
8100	KLK9	ENSG00000213022.6	ENST00000594211.2	1401
8101	KLKB1	ENSG00000164344.19	ENST00000264690.11	2258
8102	KLRB1	ENSG00000111796.5	ENST00000229402.4	1478
8103	KLRC1	ENSG00000134545.15	ENST00000359151.8	1436
8104	KLRC2	ENSG00000205809.12	ENST00000381902.7	1238
8105	KLRC3	ENSG00000205810.10	ENST00000396439.7	1025
8106	KLRC4	ENSG00000183542.8	ENST00000309384.3	928
8107	KLRC4-KLRK1	ENSG00000255819.7	ENST00000539300.5	1507
8108	KLRD1	ENSG00000134539.19	ENST00000336164.9	15563
8109	KLRF1	ENSG00000150045.13	ENST00000617889.5	1239
8110	KLRG1	ENSG00000139187.11	ENST00000356986.8	1874
8111	KLRG2	ENSG00000188883.7	ENST00000340940.5	2158
8112	KLRK1	ENSG00000213809.10	ENST00000240618.11	1576
8113	KMO	ENSG00000117009.14	ENST00000366559.9	5017
8114	KMT2A	ENSG00000118058.26	ENST00000534358.8	16600
8115	KMT2B	ENSG00000272333.9	ENST00000420124.4	8485
8116	KMT2C	ENSG00000055609.22	ENST00000262189.11	16860
8117	KMT2D	ENSG00000167548.19	ENST00000301067.12	20635
8118	KMT2E	ENSG00000005483.24	ENST00000311117.8	7782
8119	KNCN	ENSG00000162456.10	ENST00000481882.7	2896
8120	KNDC1	ENSG00000171798.21	ENST00000304613.8	7021
8121	KNG1	ENSG00000113889.16	ENST00000644859.2	4198
8122	KNOP1	ENSG00000103550.16	ENST00000219837.12	6422
8123	KNSTRN	ENSG00000128944.15	ENST00000249776.13	1757
8124	KNTC1	ENSG00000184445.13	ENST00000333479.12	6974
8125	KPNA1	ENSG00000114030.15	ENST00000344337.11	6888
8126	KPNA2	ENSG00000182481.12	ENST00000330459.8	1977
8127	KPNA3	ENSG00000102753.12	ENST00000261667.8	4222
8128	KPNA4	ENSG00000186432.12	ENST00000334256.9	8952
8129	KPNA5	ENSG00000196911.14	ENST00000368564.7	11288
8130	KPNA6	ENSG00000025800.15	ENST00000373625.8	7355
8131	KPNB1	ENSG00000108424.13	ENST00000290158.9	6058
8132	KPRP	ENSG00000203786.7	ENST00000606109.2	2531
8133	KPTN	ENSG00000118162.16	ENST00000338134.8	1636
8134	KRAS	ENSG00000133703.16	ENST00000311936.8	5306
8135	KRABD3	ENSG00000133619.20	ENST00000496259.6	3827
8136	KRABD2	ENSG00000184619.9	ENST00000396267.3	12370
8137	KRABD1	ENSG00000240747.10	ENST00000383748.9	648
8138	KRABD4	ENSG00000147121.18	ENST00000344302.9	2334
8139	KRCC1	ENSG00000172086.11	ENST00000347055.4	1807
8140	KREMEN1	ENSG00000183762.15	ENST00000400335.9	6181
8141	KREMEN2	ENSG00000131650.17	ENST00000303746.10	1995
8142	KRI1	ENSG00000129347.23	ENST00000312962.12	2989
8143	KRIT1	ENSG00000001631.19	ENST00000394505.7	4079
8144	KRR1	ENSG00000111615.16	ENST00000229214.9	10104
8145	KRT1	ENSG00000167768.4	ENST00000252244.3	2451
8146	KRT10	ENSG00000186395.10	ENST00000269576.6	2143
8147	KRT12	ENSG00000187242.7	ENST00000251643.5	1880
8148	KRT13	ENSG00000171401.17	ENST00000246635.8	1714
8149	KRT14	ENSG00000186847.7	ENST00000167586.7	1636
8150	KRT15	ENSG00000171346.17	ENST00000254043.8	1712
8151	KRT16	ENSG00000186832.10	ENST00000301653.9	1658
8152	KRT17	ENSG00000128422.20	ENST00000311208.13	1517
8153	KRT18	ENSG00000111057.13	ENST00000388835.4	1413
8154	KRT19	ENSG00000171345.15	ENST00000361566.7	1390
8155	KRT2	ENSG00000172867.4	ENST00000309680.4	2450
8156	KRT20	ENSG00000171431.6	ENST00000167588.4	1804
8157	KRT222	ENSG00000213424.11	ENST00000394052.5	2703
8158	KRT23	ENSG00000108244.18	ENST00000209718.8	2209
8159	KRT24	ENSG00000167916.6	ENST00000264651.3	1883
8160	KRT25	ENSG00000204897.7	ENST00000312150.5	1669
8161	KRT26	ENSG00000186393.6	ENST00000335552.5	1772
8162	KRT27	ENSG00000171446.7	ENST00000301656.4	1628
8163	KRT28	ENSG00000173908.9	ENST00000306658.8	1692
8164	KRT3	ENSG00000186442.7	ENST00000417996.2	2319
8165	KRT31	ENSG00000094796.6	ENST00000251645.3	1615
8166	KRT32	ENSG00000108759.4	ENST00000225899.4	2005
8167	KRT33A	ENSG00000006059.5	ENST00000007735.4	1303
8168	KRT33B	ENSG00000131738.11	ENST00000251646.8	1616
8169	KRT34	ENSG00000131737.7	ENST00000394001.3	1635
8170	KRT35	ENSG00000197079.9	ENST00000246639.7	1768
8171	KRT36	ENSG00000126337.14	ENST00000328119.11	1690
8172	KRT37	ENSG00000108417.4	ENST00000225550.4	1743
8173	KRT38	ENSG00000171360.4	ENST00000246646.4	2691
8174	KRT39	ENSG00000196859.9	ENST00000355612.7	1752
8175	KRT4	ENSG00000170477.13	ENST00000551956.2	2141
8176	KRT40	ENSG00000204889.11	ENST00000377755.9	1831
8177	KRT5	ENSG00000186081.12	ENST00000252242.9	2238
8178	KRT6A	ENSG00000205420.12	ENST00000330722.7	2308
8179	KRT6B	ENSG00000185479.7	ENST00000252252.4	2302
8180	KRT6C	ENSG00000170465.10	ENST00000252250.7	2309
8181	KRT7	ENSG00000135480.19	ENST00000331817.6	1625
8182	KRT71	ENSG00000139648.7	ENST00000267119.6	2263
8183	KRT72	ENSG00000170486.12	ENST00000293745.7	1940
8184	KRT73	ENSG00000186049.8	ENST00000305748.7	2284
8185	KRT74	ENSG00000170484.11	ENST00000305620.3	2843
8186	KRT75	ENSG00000170454.7	ENST00000252245.6	2170
8187	KRT76	ENSG00000185069.2	ENST00000332411.2	2529
8188	KRT77	ENSG00000189182.10	ENST00000341809.8	3366
8189	KRT78	ENSG00000170423.14	ENST00000304620.5	2933
8190	KRT79	ENSG00000185640.7	ENST00000330553.6	2123
8191	KRT8	ENSG00000170421.15	ENST00000692008.1	1784
8192	KRT80	ENSG00000167767.15	ENST00000394815.3	3873
8193	KRT81	ENSG00000205426.11	ENST00000327741.9	1929
8194	KRT82	ENSG00000161850.3	ENST00000257974.3	2644
8195	KRT83	ENSG00000170523.3	ENST00000293670.3	1875
8196	KRT84	ENSG00000161849.3	ENST00000257951.3	2092
8197	KRT85	ENSG00000135443.8	ENST00000257901.7	2447
8198	KRT86	ENSG00000170442.13	ENST00000423955.7	2247
8199	KRT9	ENSG00000171403.10	ENST00000246662.9	2296
8200	KRTAP1-1	ENSG00000188581.9	ENST00000306271.5	910
8201	KRTAP1-3	ENSG00000221880.4	ENST00000344363.7	991
8202	KRTAP1-4	ENSG00000204887.5	ENST00000377747.5	845
8203	KRTAP1-5	ENSG00000221852.5	ENST00000361883.6	1183
8204	KRTAP10-1	ENSG00000215455.4	ENST00000400375.1	1215
8205	KRTAP10-10	ENSG00000221859.2	ENST00000380095.2	1100
8206	KRTAP10-11	ENSG00000243489.4	ENST00000334670.9	1237
8207	KRTAP10-12	ENSG00000189169.8	ENST00000400365.3	873
8208	KRTAP10-2	ENSG00000205445.3	ENST00000391621.1	1149
8209	KRTAP10-3	ENSG00000212935.2	ENST00000391620.2	1006
8210	KRTAP10-4	ENSG00000215454.7	ENST00000400374.4	1643
8211	KRTAP10-5	ENSG00000241123.1	ENST00000400372.1	1150
8212	KRTAP10-6	ENSG00000188155.11	ENST00000400368.1	1238
8213	KRTAP10-7	ENSG00000272804.3	ENST00000609664.2	1578
8214	KRTAP10-8	ENSG00000187766.1	ENST00000334662.2	876
8215	KRTAP10-9	ENSG00000221837.7	ENST00000397911.5	1286
8216	KRTAP11-1	ENSG00000182591.6	ENST00000332378.6	937
8217	KRTAP12-1	ENSG00000187175.5	ENST00000391617.1	588
8218	KRTAP12-2	ENSG00000221864.4	ENST00000360770.3	739
8219	KRTAP12-3	ENSG00000205439.10	ENST00000397907.1	410
8220	KRTAP12-4	ENSG00000212933.1	ENST00000391618.1	447
8221	KRTAP13-1	ENSG00000198390.5	ENST00000355459.4	792
8222	KRTAP13-2	ENSG00000182816.9	ENST00000399889.4	882
8223	KRTAP13-3	ENSG00000240432.4	ENST00000390690.3	547
8224	KRTAP13-4	ENSG00000186971.4	ENST00000334068.4	807
8225	KRTAP15-1	ENSG00000186970.5	ENST00000334067.5	595
8226	KRTAP17-1	ENSG00000186860.5	ENST00000334202.5	799
8227	KRTAP19-1	ENSG00000184351.8	ENST00000390689.3	662
8228	KRTAP19-2	ENSG00000186965.5	ENST00000334055.5	394
8229	KRTAP19-3	ENSG00000244025.5	ENST00000334063.6	552
8230	KRTAP19-4	ENSG00000186967.7	ENST00000334058.3	342
8231	KRTAP19-5	ENSG00000186977.3	ENST00000334151.3	485
8232	KRTAP19-6	ENSG00000186925.6	ENST00000334046.5	330
8233	KRTAP19-7	ENSG00000244362.3	ENST00000334849.2	440
8234	KRTAP19-8	ENSG00000206102.2	ENST00000382822.2	318
8235	KRTAP2-3	ENSG00000212724.3	ENST00000391418.3	875
8236	KRTAP2-4	ENSG00000213417.3	ENST00000394015.3	764
8237	KRTAP20-1	ENSG00000244624.3	ENST00000334664.3	275
8238	KRTAP20-2	ENSG00000184032.3	ENST00000330798.3	414
8239	KRTAP21-1	ENSG00000187005.5	ENST00000335093.5	414
8240	KRTAP21-2	ENSG00000187026.3	ENST00000333892.3	466
8241	KRTAP22-1	ENSG00000186924.3	ENST00000334680.3	296
8242	KRTAP23-1	ENSG00000186980.7	ENST00000334160.6	208
8243	KRTAP24-1	ENSG00000188694.6	ENST00000340345.6	1642
8244	KRTAP26-1	ENSG00000197683.5	ENST00000360542.5	1192
8245	KRTAP27-1	ENSG00000206107.2	ENST00000382835.2	682
8246	KRTAP3-1	ENSG00000212901.4	ENST00000391588.3	608
8247	KRTAP3-2	ENSG00000212900.3	ENST00000391587.3	714
8248	KRTAP3-3	ENSG00000212899.3	ENST00000391586.3	735
8249	KRTAP4-1	ENSG00000198443.8	ENST00000398472.2	812
8250	KRTAP4-11	ENSG00000212721.4	ENST00000391413.4	1193
8251	KRTAP4-12	ENSG00000213416.4	ENST00000394014.2	1092
8252	KRTAP4-16	ENSG00000241241.1	ENST00000440582.1	708
8253	KRTAP4-2	ENSG00000244537.3	ENST00000377726.3	776
8254	KRTAP4-3	ENSG00000196156.5	ENST00000391356.4	991
8255	KRTAP4-4	ENSG00000171396.12	ENST00000390661.5	1100
8256	KRTAP4-5	ENSG00000198271.5	ENST00000343246.6	902
8257	KRTAP4-6	ENSG00000198090.4	ENST00000345847.5	1112
8258	KRTAP4-7	ENSG00000240871.7	ENST00000391417.6	995
8259	KRTAP4-8	ENSG00000204880.9	ENST00000333822.5	1162
8260	KRTAP4-9	ENSG00000212722.9	ENST00000391415.2	1100
8261	KRTAP5-1	ENSG00000205869.2	ENST00000382171.2	942
8262	KRTAP5-10	ENSG00000204572.10	ENST00000398531.3	1173
8263	KRTAP5-11	ENSG00000204571.7	ENST00000398530.1	1021
8264	KRTAP5-2	ENSG00000205867.3	ENST00000412090.2	1118
8265	KRTAP5-3	ENSG00000196224.7	ENST00000399685.1	899
8266	KRTAP5-4	ENSG00000241598.6	ENST00000399682.1	1181
8267	KRTAP5-5	ENSG00000185940.11	ENST00000399676.4	1156
8268	KRTAP5-6	ENSG00000205864.1	ENST00000382160.1	561
8269	KRTAP5-7	ENSG00000244411.4	ENST00000398536.6	1403
8270	KRTAP5-8	ENSG00000241233.4	ENST00000398534.4	1185
8271	KRTAP5-9	ENSG00000254997.4	ENST00000528743.4	1189
8272	KRTAP6-1	ENSG00000184724.5	ENST00000329122.2	500
8273	KRTAP6-2	ENSG00000186930.4	ENST00000334897.4	313
8274	KRTAP6-3	ENSG00000212938.4	ENST00000391624.2	616
8275	KRTAP8-1	ENSG00000183640.6	ENST00000329621.6	578
8276	KRTAP9-1	ENSG00000240542.6	ENST00000398470.1	753
8277	KRTAP9-2	ENSG00000239886.5	ENST00000377721.3	1005
8278	KRTAP9-3	ENSG00000204873.5	ENST00000411528.4	1006
8279	KRTAP9-4	ENSG00000241595.2	ENST00000334109.3	967
8280	KRTAP9-6	ENSG00000212659.2	ENST00000391355.2	483
8281	KRTAP9-7	ENSG00000180386.8	ENST00000391354.2	510
8282	KRTAP9-8	ENSG00000187272.7	ENST00000254072.7	1006
8283	KRTAP9-9	ENSG00000198083.9	ENST00000394008.1	981
8284	KRTCAP2	ENSG00000163463.15	ENST00000295682.6	523
8285	KRTCAP3	ENSG00000157992.14	ENST00000288873.7	872
8286	KRTDAP	ENSG00000188508.12	ENST00000338897.4	426
8287	KSR1	ENSG00000141068.18	ENST00000644974.2	6026
8288	KSR2	ENSG00000171435.16	ENST00000339824.7	17775
8289	KTI12	ENSG00000198841.4	ENST00000371614.2	1708
8290	KTN1	ENSG00000126777.20	ENST00000395314.8	4728
8291	KXD1	ENSG00000105700.13	ENST00000222307.9	1344
8292	KY	ENSG00000174611.14	ENST00000423778.7	5704
8293	KYNU	ENSG00000115919.17	ENST00000264170.9	15151
8294	L1CAM	ENSG00000198910.16	ENST00000370060.7	5138
8295	L1TD1	ENSG00000240563.5	ENST00000498273.2	3831
8296	L2HGDH	ENSG00000087299.14	ENST00000267436.9	6095
8297	L3HYPDH	ENSG00000126790.14	ENST00000247194.9	1516
8298	L3MBTL1	ENSG00000185513.19	ENST00000418998.7	3432
8299	L3MBTL2	ENSG00000100395.17	ENST00000216237.10	3189
8300	L3MBTL3	ENSG00000198945.10	ENST00000361794.7	4206
8301	L3MBTL4	ENSG00000154655.18	ENST00000317931.12	3549
8302	LACC1	ENSG00000179630.13	ENST00000325686.7	4028
8303	AFG1L	ENSG00000135537.19	ENST00000368977.9	5048
8304	LACRT	ENSG00000135413.9	ENST00000257867.5	552
8305	LACTB	ENSG00000103642.13	ENST00000261893.9	1911
8306	LACTB2	ENSG00000147592.11	ENST00000276590.5	1526
8307	LAD1	ENSG00000159166.17	ENST00000391967.7	2627
8308	LAG3	ENSG00000089692.11	ENST00000203629.3	1976
8309	LAGE3	ENSG00000196976.9	ENST00000357360.5	967
8310	LAIR1	ENSG00000167613.18	ENST00000391742.7	4875
8311	LAIR2	ENSG00000167618.12	ENST00000301202.7	665
8312	LALBA	ENSG00000167531.7	ENST00000301046.6	728
8313	LAMA1	ENSG00000101680.18	ENST00000389658.4	9642
8314	LAMA2	ENSG00000196569.15	ENST00000421865.3	9696
8315	LAMA3	ENSG00000053747.18	ENST00000313654.14	10651
8316	LAMA4	ENSG00000112769.22	ENST00000230538.12	7228
8317	LAMA5	ENSG00000130702.16	ENST00000252999.7	11426
8318	LAMB1	ENSG00000091136.17	ENST00000222399.11	5650
8319	LAMB2	ENSG00000172037.16	ENST00000305544.9	5692
8320	LAMB3	ENSG00000196878.17	ENST00000356082.9	4014
8321	LAMB4	ENSG00000091128.14	ENST00000388781.8	5861
8322	LAMC1	ENSG00000135862.8	ENST00000258341.5	7929
8323	LAMC2	ENSG00000058085.17	ENST00000264144.5	5398
8324	LAMC3	ENSG00000050555.21	ENST00000361069.9	7455
8325	LAMP1	ENSG00000185896.13	ENST00000332556.5	2701
8326	LAMP2	ENSG00000005893.19	ENST00000200639.9	6535
8327	LAMP3	ENSG00000078081.10	ENST00000265598.8	3196
8328	LAMP5	ENSG00000125869.12	ENST00000246070.3	1810
8329	LAMTOR1	ENSG00000149357.12	ENST00000278671.10	1089
8330	LAMTOR2	ENSG00000116586.14	ENST00000368305.9	621
8331	LAMTOR3	ENSG00000109270.15	ENST00000499666.7	4163
8332	LAMTOR4	ENSG00000188186.12	ENST00000341942.10	594
8333	LAMTOR5	ENSG00000134248.16	ENST00000602318.6	620
8334	LANCL1	ENSG00000115365.15	ENST00000450366.7	4592
8335	LANCL2	ENSG00000132434.12	ENST00000254770.3	4459
8336	LANCL3	ENSG00000147036.13	ENST00000378619.4	10123
8337	LAP3	ENSG00000002549.15	ENST00000226299.9	2209
8338	LAPTM4A	ENSG00000068697.9	ENST00000175091.5	1365
8339	LAPTM4B	ENSG00000104341.19	ENST00000521545.7	2442
8340	LAPTM5	ENSG00000162511.10	ENST00000294507.4	2177
8341	LARGE1	ENSG00000133424.24	ENST00000397394.8	4753
8342	LARP1	ENSG00000155506.21	ENST00000518297.6	7181
8343	LARP1B	ENSG00000138709.22	ENST00000326639.11	4847
8344	LARP4	ENSG00000161813.25	ENST00000398473.7	6441
8345	LARP4B	ENSG00000107929.18	ENST00000316157.8	5963
8346	LARP6	ENSG00000166173.12	ENST00000299213.10	4467
8347	LARP7	ENSG00000174720.20	ENST00000344442.10	2107
8348	LARS1	ENSG00000133706.22	ENST00000394434.7	4760
8349	LARS2	ENSG00000011376.14	ENST00000645846.2	4781
8350	LAS1L	ENSG00000001497.20	ENST00000374811.8	2470
8351	LASP1	ENSG00000002834.21	ENST00000318008.11	3910
8352	LAT	ENSG00000213658.14	ENST00000395456.7	1671
8353	LAT2	ENSG00000086730.19	ENST00000460943.6	1942
8354	LATS1	ENSG00000131023.15	ENST00000543571.6	7362
8355	LATS2	ENSG00000150457.11	ENST00000382592.5	5546
8356	LAX1	ENSG00000122188.15	ENST00000442561.7	3271
8357	LAYN	ENSG00000204381.14	ENST00000375614.7	2536
8358	LBH	ENSG00000213626.14	ENST00000395323.9	2930
8359	LBP	ENSG00000129988.8	ENST00000217407.3	1825
8360	LBR	ENSG00000143815.17	ENST00000272163.9	3748
8361	LBX1	ENSG00000138136.9	ENST00000370193.4	1770
8362	LBX2	ENSG00000179528.17	ENST00000377566.9	1073
8363	LCA5	ENSG00000135338.16	ENST00000369846.9	4564
8364	LCA5L	ENSG00000157578.16	ENST00000288350.8	2533
8365	LCAT	ENSG00000213398.9	ENST00000264005.10	1496
8366	LCE1A	ENSG00000186844.6	ENST00000335123.4	625
8367	LCE1B	ENSG00000196734.9	ENST00000360090.4	1138
8368	LCE1C	ENSG00000197084.6	ENST00000607093.2	718
8369	LCE1D	ENSG00000172155.10	ENST00000326233.7	460
8370	LCE1E	ENSG00000186226.9	ENST00000368770.4	1200
8371	LCE1F	ENSG00000240386.4	ENST00000334371.4	726
8372	LCE2A	ENSG00000187173.4	ENST00000368779.2	611
8373	LCE2B	ENSG00000159455.9	ENST00000368780.4	608
8374	LCE2C	ENSG00000187180.4	ENST00000368783.2	625
8375	LCE2D	ENSG00000187223.5	ENST00000368784.2	625
8376	LCE3A	ENSG00000185962.1	ENST00000335674.1	270
8377	LCE3B	ENSG00000187238.5	ENST00000335633.1	288
8378	LCE3C	ENSG00000244057.5	ENST00000684028.1	431
8379	LCE3D	ENSG00000163202.5	ENST00000368787.4	625
8380	LCE3E	ENSG00000185966.4	ENST00000368789.2	619
8381	LCE4A	ENSG00000187170.6	ENST00000368777.2	615
8382	LCE5A	ENSG00000186207.5	ENST00000334269.3	860
8383	LCK	ENSG00000182866.20	ENST00000336890.10	2091
8384	LCLAT1	ENSG00000172954.16	ENST00000379509.8	4879
8385	LCMT1	ENSG00000205629.14	ENST00000399069.8	1352
8386	LCMT2	ENSG00000168806.8	ENST00000305641.7	6925
8387	LCN1	ENSG00000160349.11	ENST00000371781.4	787
8388	LCN10	ENSG00000187922.16	ENST00000497771.6	1995
8389	LCN12	ENSG00000184925.14	ENST00000371633.8	732
8390	LCN15	ENSG00000177984.8	ENST00000316144.6	767
8391	LCN2	ENSG00000148346.14	ENST00000277480.7	820
8392	LCN6	ENSG00000267206.8	ENST00000341206.9	708
8393	LCN8	ENSG00000204001.12	ENST00000371688.8	884
8394	LCN9	ENSG00000148386.10	ENST00000619315.2	1597
8395	LCNL1	ENSG00000214402.8	ENST00000408973.3	1836
8396	LCOR	ENSG00000196233.16	ENST00000421806.4	16001
8397	LCORL	ENSG00000178177.19	ENST00000635767.2	10321
8398	LCP1	ENSG00000136167.17	ENST00000323076.7	3643
8399	LCP2	ENSG00000043462.15	ENST00000046794.10	4232
8400	LCT	ENSG00000115850.11	ENST00000264162.7	6273
8401	LCTL	ENSG00000188501.13	ENST00000695545.1	2826
8402	LDB1	ENSG00000198728.12	ENST00000673968.1	3098
8403	LDB2	ENSG00000169744.15	ENST00000304523.10	2384
8404	LDB3	ENSG00000122367.23	ENST00000361373.9	5363
8405	LDHA	ENSG00000134333.17	ENST00000422447.8	2241
8406	LDHAL6A	ENSG00000166800.12	ENST00000280706.3	2555
8407	LDHAL6B	ENSG00000171989.6	ENST00000307144.6	1746
8408	LDHB	ENSG00000111716.16	ENST00000350669.5	1303
8409	LDHC	ENSG00000166796.14	ENST00000541669.6	2035
8410	LDHD	ENSG00000166816.17	ENST00000450168.3	2007
8411	LDLR	ENSG00000130164.18	ENST00000558518.6	5173
8412	LDLRAD1	ENSG00000203985.13	ENST00000371360.2	2376
8413	LDLRAD2	ENSG00000187942.12	ENST00000344642.7	4016
8414	LDLRAD3	ENSG00000179241.15	ENST00000315571.6	3814
8415	LDLRAD4	ENSG00000168675.21	ENST00000359446.11	8710
8416	LDLRAP1	ENSG00000157978.15	ENST00000374338.5	2914
8417	LDOC1	ENSG00000182195.10	ENST00000370526.5	3895
8418	RTL6	ENSG00000188636.5	ENST00000341255.4	5419
8419	LEAP2	ENSG00000164406.10	ENST00000296877.3	861
8420	CNMD	ENSG00000136110.15	ENST00000377962.8	1455
8421	LECT2	ENSG00000145826.10	ENST00000274507.6	1033
8422	LEF1	ENSG00000138795.12	ENST00000265165.6	3575
8423	LEFTY1	ENSG00000243709.3	ENST00000272134.5	1626
8424	LEFTY2	ENSG00000143768.14	ENST00000366820.10	2019
8425	LEKR1	ENSG00000197980.15	ENST00000356539.9	2526
8426	LELP1	ENSG00000203784.3	ENST00000368747.2	536
8427	LEMD1	ENSG00000186007.11	ENST00000367153.9	931
8428	LEMD2	ENSG00000161904.15	ENST00000293760.10	2941
8429	LEMD3	ENSG00000174106.5	ENST00000308330.3	4780
8430	LENEP	ENSG00000163352.6	ENST00000392487.2	730
8431	LENG1	ENSG00000105617.5	ENST00000222224.4	1381
8432	LENG8	ENSG00000167615.20	ENST00000326764.10	3658
8433	LENG9	ENSG00000275183.2	ENST00000611161.2	2047
8434	LEO1	ENSG00000166477.15	ENST00000299601.10	2165
8435	LEP	ENSG00000174697.7	ENST00000308868.5	3427
8436	LEPR	ENSG00000116678.21	ENST00000349533.11	8211
8437	P3H1	ENSG00000117385.18	ENST00000296388.10	2591
8438	P3H2	ENSG00000090530.12	ENST00000319332.10	3477
8439	P3H3	ENSG00000110811.22	ENST00000290510.10	2631
8440	P3H4	ENSG00000141696.15	ENST00000393928.6	2352
8441	LEPROT	ENSG00000213625.10	ENST00000371065.9	4541
8442	LEPROTL1	ENSG00000104660.20	ENST00000321250.13	3163
8443	LETM1	ENSG00000168924.17	ENST00000302787.3	5371
8444	LETM2	ENSG00000165046.15	ENST00000379957.9	2856
8445	LETMD1	ENSG00000050426.18	ENST00000262055.9	2106
8446	LFNG	ENSG00000106003.14	ENST00000222725.10	2445
8447	LGALS1	ENSG00000100097.14	ENST00000215909.10	528
8448	LGALS12	ENSG00000133317.18	ENST00000394618.9	1699
8449	LGALS13	ENSG00000105198.13	ENST00000221797.5	600
8450	LGALS14	ENSG00000006659.14	ENST00000392052.8	599
8451	LGALS16	ENSG00000249861.5	ENST00000392051.4	605
8452	LGALS2	ENSG00000100079.8	ENST00000215886.6	596
8453	LGALS3	ENSG00000131981.18	ENST00000254301.14	958
8454	LGALS3BP	ENSG00000108679.15	ENST00000262776.8	2202
8455	LGALS4	ENSG00000171747.11	ENST00000307751.9	1121
8456	LGALS7	ENSG00000205076.6	ENST00000378626.5	494
8457	LGALS7B	ENSG00000178934.6	ENST00000314980.5	499
8458	LGALS8	ENSG00000116977.21	ENST00000366584.9	5957
8459	LGALS9	ENSG00000168961.19	ENST00000395473.7	1724
8460	LGALS9C	ENSG00000171916.19	ENST00000328114.11	1715
8461	LGALSL	ENSG00000119862.15	ENST00000238875.10	3856
8462	LGI1	ENSG00000108231.15	ENST00000371418.9	2239
8463	LGI2	ENSG00000153012.14	ENST00000382114.9	6495
8464	LGI3	ENSG00000168481.11	ENST00000306317.7	3241
8465	LGI4	ENSG00000153902.16	ENST00000310123.8	2673
8466	LGMN	ENSG00000100600.17	ENST00000334869.9	1980
8467	LGR4	ENSG00000205213.16	ENST00000379214.9	5250
8468	LGR5	ENSG00000139292.15	ENST00000266674.10	4583
8469	LGR6	ENSG00000133067.20	ENST00000367278.8	3649
8470	LGSN	ENSG00000146166.18	ENST00000370657.9	5640
8471	LHB	ENSG00000104826.15	ENST00000649238.3	524
8472	LHCGR	ENSG00000138039.17	ENST00000294954.12	3076
8473	LHFPL6	ENSG00000183722.11	ENST00000379589.4	2132
8474	LHFPL1	ENSG00000182508.16	ENST00000371968.8	1559
8475	LHFPL2	ENSG00000145685.16	ENST00000380345.7	4977
8476	LHFPL3	ENSG00000187416.13	ENST00000424859.7	3234
8477	LHFPL4	ENSG00000156959.11	ENST00000287585.8	4900
8478	LHFPL5	ENSG00000197753.12	ENST00000360215.3	2084
8479	LHPP	ENSG00000107902.16	ENST00000368842.10	1634
8480	LHX1	ENSG00000273706.7	ENST00000614239.1	3425
8481	LHX2	ENSG00000106689.12	ENST00000373615.9	2396
8482	LHX3	ENSG00000107187.17	ENST00000371748.10	2385
8483	LHX4	ENSG00000121454.8	ENST00000263726.4	5844
8484	LHX5	ENSG00000089116.4	ENST00000261731.4	2739
8485	LHX6	ENSG00000106852.17	ENST00000394319.9	3574
8486	LHX8	ENSG00000162624.17	ENST00000356261.4	2258
8487	LHX9	ENSG00000143355.17	ENST00000367387.6	7865
8488	LIAS	ENSG00000121897.17	ENST00000640888.2	3572
8489	LIF	ENSG00000128342.6	ENST00000249075.4	3871
8490	LIFR	ENSG00000113594.12	ENST00000453190.7	10553
8491	LIG1	ENSG00000105486.17	ENST00000263274.12	3125
8492	LIG3	ENSG00000005156.14	ENST00000378526.9	8382
8493	LIG4	ENSG00000174405.17	ENST00000442234.6	3981
8494	LILRA1	ENSG00000104974.13	ENST00000251372.8	3232
8495	LILRA2	ENSG00000239998.9	ENST00000391738.8	4482
8496	LILRA4	ENSG00000239961.3	ENST00000291759.5	1956
8497	LILRA5	ENSG00000187116.16	ENST00000432233.8	1390
8498	LILRA6	ENSG00000244482.12	ENST00000396365.7	3848
8499	LILRB1	ENSG00000104972.18	ENST00000324602.12	3301
8500	LILRB2	ENSG00000131042.17	ENST00000314446.10	2863
8501	LILRB3	ENSG00000204577.14	ENST00000445347.2	2742
8502	LILRB4	ENSG00000186818.15	ENST00000695418.1	2095
8503	LILRB5	ENSG00000105609.19	ENST00000449561.3	3221
8504	LIM2	ENSG00000105370.10	ENST00000596399.2	876
8505	LIMA1	ENSG00000050405.16	ENST00000341247.9	3680
8506	LIMCH1	ENSG00000064042.20	ENST00000503057.6	7697
8507	LIMD1	ENSG00000144791.12	ENST00000273317.5	11442
8508	LIMD2	ENSG00000136490.11	ENST00000259006.8	3192
8509	LIME1	ENSG00000203896.12	ENST00000309546.8	1157
8510	LIMK1	ENSG00000106683.17	ENST00000336180.7	3355
8511	LIMK2	ENSG00000182541.20	ENST00000331728.9	3667
8512	LIMS1	ENSG00000169756.19	ENST00000544547.6	4354
8513	LIMS2	ENSG00000072163.22	ENST00000355119.9	2387
8514	LIN28A	ENSG00000131914.12	ENST00000326279.11	3975
8515	LIN28B	ENSG00000187772.8	ENST00000345080.5	5446
8516	LIN37	ENSG00000267796.10	ENST00000301159.14	935
8517	LIN52	ENSG00000205659.14	ENST00000555028.7	2874
8518	LIN54	ENSG00000189308.13	ENST00000340417.8	6121
8519	LIN7A	ENSG00000111052.10	ENST00000552864.6	6121
8520	LIN7B	ENSG00000104863.14	ENST00000221459.7	746
8521	LIN7C	ENSG00000148943.13	ENST00000278193.7	4842
8522	LIN9	ENSG00000183814.18	ENST00000681046.1	2998
8523	LINGO1	ENSG00000169783.14	ENST00000355300.7	3477
8524	LINGO2	ENSG00000174482.12	ENST00000698399.1	14226
8525	LINGO4	ENSG00000213171.3	ENST00000368820.4	2644
8526	LINS1	ENSG00000140471.19	ENST00000314742.13	4755
8527	LIPA	ENSG00000107798.20	ENST00000336233.10	2496
8528	LIPC	ENSG00000166035.13	ENST00000299022.10	2559
8529	LIPE	ENSG00000079435.11	ENST00000244289.9	3768
8530	LIPF	ENSG00000182333.15	ENST00000238983.9	1391
8531	LIPG	ENSG00000101670.14	ENST00000261292.9	10418
8532	LIPH	ENSG00000163898.12	ENST00000296252.9	4001
8533	LIPI	ENSG00000188992.12	ENST00000681601.1	1673
8534	LIPJ	ENSG00000204022.10	ENST00000371939.7	1484
8535	LIPK	ENSG00000204021.5	ENST00000404190.3	1303
8536	LIPM	ENSG00000173239.14	ENST00000404743.9	1484
8537	LIPN	ENSG00000204020.7	ENST00000404459.2	2676
8538	LIPT1	ENSG00000144182.19	ENST00000651691.1	1266
8539	LITAF	ENSG00000189067.17	ENST00000622633.5	2440
8540	LIX1	ENSG00000145721.14	ENST00000274382.9	3765
8541	LIX1L	ENSG00000271601.6	ENST00000604000.4	3991
8542	LLGL1	ENSG00000131899.15	ENST00000316843.9	4212
8543	LLGL2	ENSG00000073350.16	ENST00000392550.8	3553
8544	LLPH	ENSG00000139233.9	ENST00000266604.7	7728
8545	LMAN1	ENSG00000074695.8	ENST00000251047.6	4824
8546	LMAN1L	ENSG00000140506.19	ENST00000309664.10	1750
8547	LMAN2	ENSG00000169223.18	ENST00000303127.12	1611
8548	LMAN2L	ENSG00000114988.14	ENST00000264963.9	2398
8549	LMBR1	ENSG00000105983.25	ENST00000353442.10	7950
8550	LMBR1L	ENSG00000139636.18	ENST00000267102.13	2295
8551	LMBRD1	ENSG00000168216.15	ENST00000649934.3	3900
8552	LMBRD2	ENSG00000164187.9	ENST00000296603.5	8116
8553	LMCD1	ENSG00000071282.14	ENST00000157600.8	8284
8554	LMF1	ENSG00000103227.21	ENST00000262301.16	2606
8555	LMF2	ENSG00000100258.20	ENST00000474879.7	2593
8556	LMLN	ENSG00000185621.13	ENST00000420910.7	7137
8557	LMNA	ENSG00000160789.27	ENST00000368300.9	3178
8558	LMNB1	ENSG00000113368.14	ENST00000261366.10	2890
8559	LMNB2	ENSG00000176619.15	ENST00000325327.4	4634
8560	LMO1	ENSG00000166407.16	ENST00000335790.8	1294
8561	LMO2	ENSG00000135363.14	ENST00000257818.3	2081
8562	LMO3	ENSG00000048540.18	ENST00000537304.6	3393
8563	LMO4	ENSG00000143013.15	ENST00000370544.10	4993
8564	LMO7	ENSG00000136153.23	ENST00000377534.8	7147
8565	LMOD1	ENSG00000163431.16	ENST00000367288.5	3927
8566	LMOD2	ENSG00000170807.13	ENST00000458573.3	2287
8567	LMOD3	ENSG00000163380.18	ENST00000420581.7	4922
8568	LMTK2	ENSG00000164715.8	ENST00000297293.6	8974
8569	LMTK3	ENSG00000142235.14	ENST00000600059.6	5144
8570	LMX1A	ENSG00000162761.15	ENST00000342310.7	3545
8571	LMX1B	ENSG00000136944.20	ENST00000373474.9	6312
8572	LNP1	ENSG00000206535.10	ENST00000383693.8	1864
8573	LNPEP	ENSG00000113441.18	ENST00000231368.10	12134
8574	LNX1	ENSG00000072201.16	ENST00000263925.8	3978
8575	LNX2	ENSG00000139517.11	ENST00000316334.5	4750
8576	BORCS5	ENSG00000165714.13	ENST00000314565.9	6422
8577	LONP1	ENSG00000196365.14	ENST00000360614.8	3092
8578	LONP2	ENSG00000102910.16	ENST00000285737.9	8195
8579	LONRF1	ENSG00000154359.15	ENST00000398246.8	3618
8580	LONRF2	ENSG00000170500.14	ENST00000393437.8	15096
8581	LONRF3	ENSG00000175556.20	ENST00000371628.8	3108
8582	LORICRIN	ENSG00000203782.6	ENST00000368742.4	1245
8583	LOX	ENSG00000113083.17	ENST00000231004.5	5076
8584	LOXL1	ENSG00000129038.18	ENST00000261921.8	2346
8585	LOXL2	ENSG00000134013.18	ENST00000389131.8	3721
8586	LOXL3	ENSG00000115318.14	ENST00000264094.8	3689
8587	LOXL4	ENSG00000138131.6	ENST00000260702.4	3597
8588	LPA	ENSG00000198670.15	ENST00000316300.10	6431
8589	LPAR1	ENSG00000198121.17	ENST00000683809.1	3818
8590	LPAR2	ENSG00000064547.16	ENST00000407877.8	1786
8591	LPAR3	ENSG00000171517.8	ENST00000370611.4	3515
8592	LPAR4	ENSG00000147145.16	ENST00000614823.5	4454
8593	LPAR5	ENSG00000184574.12	ENST00000329858.9	2683
8594	LPAR6	ENSG00000139679.18	ENST00000620633.5	1976
8595	LPCAT1	ENSG00000153395.13	ENST00000283415.4	3945
8596	LPCAT2	ENSG00000087253.15	ENST00000262134.10	5313
8597	LPCAT3	ENSG00000111684.13	ENST00000261407.9	2235
8598	LPCAT4	ENSG00000176454.17	ENST00000314891.11	2165
8599	LPGAT1	ENSG00000123684.15	ENST00000366997.9	7773
8600	ADGRL1	ENSG00000072071.19	ENST00000361434.8	7820
8601	ADGRL2	ENSG00000117114.23	ENST00000686636.1	7432
8602	ADGRL3	ENSG00000150471.19	ENST00000683033.1	13738
8603	LPIN1	ENSG00000134324.14	ENST00000674199.1	5448
8604	LPIN2	ENSG00000101577.13	ENST00000677752.1	6052
8605	LPIN3	ENSG00000132793.14	ENST00000373257.8	4462
8606	LPL	ENSG00000175445.19	ENST00000650287.1	3565
8607	LPO	ENSG00000167419.13	ENST00000262290.9	2821
8608	LPP	ENSG00000145012.17	ENST00000617246.5	18316
8609	PLPPR1	ENSG00000148123.17	ENST00000374874.8	2477
8610	PLPPR3	ENSG00000129951.21	ENST00000520876.8	2306
8611	PLPPR4	ENSG00000117600.16	ENST00000370185.9	4824
8612	PLPPR5	ENSG00000117598.16	ENST00000263177.5	3983
8613	LPXN	ENSG00000110031.14	ENST00000395074.7	1828
8614	LRAT	ENSG00000121207.14	ENST00000336356.4	4901
8615	LRBA	ENSG00000198589.17	ENST00000651943.2	10148
8616	LRCH1	ENSG00000136141.16	ENST00000389797.8	5569
8617	LRCH2	ENSG00000130224.17	ENST00000317135.13	4953
8618	LRCH3	ENSG00000186001.16	ENST00000425562.7	7129
8619	LRCH4	ENSG00000077454.19	ENST00000310300.11	3177
8620	LRFN1	ENSG00000128011.7	ENST00000248668.5	3579
8621	LRFN2	ENSG00000156564.11	ENST00000338305.7	3164
8622	LRFN3	ENSG00000126243.10	ENST00000246529.4	4690
8623	LRFN4	ENSG00000173621.11	ENST00000309602.5	2869
8624	LRFN5	ENSG00000165379.16	ENST00000298119.9	4417
8625	LRG1	ENSG00000171236.12	ENST00000306390.7	2605
8626	LRGUK	ENSG00000155530.5	ENST00000285928.3	3126
8627	LRIF1	ENSG00000121931.18	ENST00000369763.5	3313
8628	LRIG1	ENSG00000144749.16	ENST00000273261.8	5363
8629	LRIG2	ENSG00000198799.14	ENST00000361127.6	11566
8630	LRIG3	ENSG00000139263.14	ENST00000320743.8	4046
8631	LRIT1	ENSG00000148602.7	ENST00000372105.4	2386
8632	LRIT2	ENSG00000204033.10	ENST00000372113.7	3026
8633	LRIT3	ENSG00000183423.14	ENST00000594814.6	3661
8634	IRAG2	ENSG00000118308.18	ENST00000556887.6	2472
8635	LRP1	ENSG00000123384.15	ENST00000243077.8	14923
8636	LRP10	ENSG00000197324.11	ENST00000359591.9	6892
8637	LRP11	ENSG00000120256.13	ENST00000239367.7	3634
8638	LRP12	ENSG00000147650.13	ENST00000276654.10	4378
8639	LRP1B	ENSG00000168702.19	ENST00000389484.8	15850
8640	LRP2	ENSG00000081479.16	ENST00000649046.1	15657
8641	LRP2BP	ENSG00000109771.18	ENST00000505916.6	5519
8642	LRP3	ENSG00000130881.15	ENST00000253193.9	4058
8643	LRP4	ENSG00000134569.12	ENST00000378623.6	8155
8644	LRP5	ENSG00000162337.14	ENST00000294304.12	5177
8645	LRP5L	ENSG00000100068.15	ENST00000650500.2	1676
8646	LRP6	ENSG00000070018.11	ENST00000261349.9	10252
8647	LRP8	ENSG00000157193.20	ENST00000306052.12	7704
8648	LRPAP1	ENSG00000163956.15	ENST00000650182.1	10446
8649	LRPPRC	ENSG00000138095.22	ENST00000260665.12	6603
8650	LRR1	ENSG00000165501.19	ENST00000298288.11	1502
8651	LRRC1	ENSG00000137269.17	ENST00000370888.6	3159
8652	LRRC10	ENSG00000198812.5	ENST00000361484.5	2344
8653	LRRC14	ENSG00000160959.10	ENST00000292524.6	5337
8654	LRRC14B	ENSG00000185028.5	ENST00000328278.4	2570
8655	LRRC15	ENSG00000172061.9	ENST00000347624.4	5881
8656	CARMIL1	ENSG00000079691.21	ENST00000329474.7	5485
8657	CARMIL3	ENSG00000186648.17	ENST00000342740.6	4589
8658	LRRC17	ENSG00000128606.14	ENST00000339431.9	2116
8659	LRRC18	ENSG00000165383.13	ENST00000374160.8	1814
8660	LRRC19	ENSG00000184434.10	ENST00000380055.6	3588
8661	LRRC2	ENSG00000163827.16	ENST00000395905.8	4890
8662	LRRC20	ENSG00000172731.17	ENST00000446961.4	3074
8663	LRRC23	ENSG00000010626.17	ENST00000443597.7	1698
8664	LRRC24	ENSG00000254402.8	ENST00000529415.7	1762
8665	LRRC25	ENSG00000175489.11	ENST00000339007.4	2427
8666	LRRC26	ENSG00000184709.8	ENST00000371542.3	1209
8667	LRRC27	ENSG00000148814.20	ENST00000368614.8	7971
8668	LRRC28	ENSG00000168904.17	ENST00000301981.8	5852
8669	FBXL9P	ENSG00000125122.19	ENST00000637079.1	1634
8670	LRRC3	ENSG00000160233.10	ENST00000291592.6	5845
8671	LRRC30	ENSG00000206422.3	ENST00000383467.3	956
8672	LRRC31	ENSG00000114248.12	ENST00000316428.10	2597
8673	LRRC32	ENSG00000137507.13	ENST00000260061.9	4207
8674	LRRC34	ENSG00000171757.19	ENST00000446859.7	2383
8675	LRRC36	ENSG00000159708.19	ENST00000329956.11	2428
8676	LRRC37A	ENSG00000176681.16	ENST00000320254.5	5177
8677	LRRC37A3	ENSG00000176809.12	ENST00000584306.6	6038
8678	LRRC37B	ENSG00000185158.15	ENST00000543378.7	3697
8679	LRRC39	ENSG00000122477.16	ENST00000370137.6	1842
8680	LRRC3B	ENSG00000179796.15	ENST00000396641.7	1730
8681	LRRC4	ENSG00000128594.10	ENST00000249363.4	4195
8682	LRRC40	ENSG00000066557.8	ENST00000370952.4	2843
8683	LRRC41	ENSG00000132128.20	ENST00000617190.5	4136
8684	LRRC42	ENSG00000116212.18	ENST00000371370.8	1764
8685	LRRC43	ENSG00000158113.15	ENST00000339777.5	2022
8686	LRRC45	ENSG00000169683.10	ENST00000306688.8	2698
8687	LRRC46	ENSG00000141294.11	ENST00000269025.9	1885
8688	LRRC47	ENSG00000130764.12	ENST00000378251.3	4303
8689	DRC3	ENSG00000171962.21	ENST00000399187.6	2031
8690	LRRC49	ENSG00000137821.14	ENST00000260382.10	6176
8691	LRRC4B	ENSG00000131409.14	ENST00000652263.1	3348
8692	LRRC4C	ENSG00000148948.10	ENST00000528697.6	2801
8693	LRRC52	ENSG00000162763.4	ENST00000294818.2	1372
8694	LRRC55	ENSG00000183908.8	ENST00000497933.3	5204
8695	LRRC56	ENSG00000161328.13	ENST00000270115.8	2765
8696	LRRC57	ENSG00000180979.12	ENST00000397130.8	7097
8697	LRRC58	ENSG00000163428.6	ENST00000295628.4	7918
8698	LRRC59	ENSG00000108829.12	ENST00000225972.8	2880
8699	DNAAF11	ENSG00000129295.12	ENST00000620350.5	3343
8700	LRRC61	ENSG00000127399.16	ENST00000359623.9	1815
8701	LRRC66	ENSG00000188993.6	ENST00000682860.1	3435
8702	LRRC7	ENSG00000033122.23	ENST00000651989.2	27923
8703	LRRC71	ENSG00000160838.16	ENST00000337428.8	1977
8704	LRRC73	ENSG00000204052.7	ENST00000372441.2	1782
8705	LRRC8A	ENSG00000136802.14	ENST00000372600.9	4334
8706	LRRC8B	ENSG00000197147.17	ENST00000330947.7	7664
8707	LRRC8C	ENSG00000171488.17	ENST00000370454.9	7170
8708	LRRC8D	ENSG00000171492.16	ENST00000337338.9	3950
8709	LRRC8E	ENSG00000171017.13	ENST00000306708.11	3590
8710	LRRCC1	ENSG00000133739.18	ENST00000360375.8	3726
8711	LRRD1	ENSG00000240720.11	ENST00000458448.6	2839
8712	LRRFIP1	ENSG00000124831.22	ENST00000308482.14	4092
8713	LRRFIP2	ENSG00000093167.20	ENST00000336686.9	3490
8714	LRRIQ1	ENSG00000133640.20	ENST00000393217.7	5414
8715	LRRIQ3	ENSG00000162620.17	ENST00000354431.9	2854
8716	LRRIQ4	ENSG00000188306.7	ENST00000340806.7	2033
8717	LRRK1	ENSG00000154237.14	ENST00000388948.8	15674
8718	LRRK2	ENSG00000188906.19	ENST00000298910.12	9239
8719	LRRN1	ENSG00000175928.8	ENST00000319331.4	5960
8720	LRRN2	ENSG00000170382.14	ENST00000367177.4	3468
8721	LRRN3	ENSG00000173114.15	ENST00000308478.10	3500
8722	LRRN4	ENSG00000125872.11	ENST00000378858.5	2935
8723	LRRN4CL	ENSG00000177363.6	ENST00000317449.5	2212
8724	LRRTM1	ENSG00000162951.13	ENST00000295057.4	2602
8725	LRRTM2	ENSG00000146006.9	ENST00000274711.7	6064
8726	LRRTM3	ENSG00000198739.12	ENST00000361320.5	6049
8727	LRRTM4	ENSG00000176204.15	ENST00000409884.6	3198
8728	LRSAM1	ENSG00000148356.17	ENST00000300417.11	3120
8729	LRTM1	ENSG00000144771.8	ENST00000273286.6	1414
8730	LRTM2	ENSG00000166159.12	ENST00000299194.6	3653
8731	LRTOMT	ENSG00000284922.2	ENST00000307198.11	3604
8732	LRWD1	ENSG00000161036.15	ENST00000292616.10	2160
8733	LSAMP	ENSG00000185565.15	ENST00000490035.7	9416
8734	LSG1	ENSG00000041802.13	ENST00000265245.10	3283
8735	LSM1	ENSG00000175324.12	ENST00000311351.9	906
8736	LSM10	ENSG00000181817.8	ENST00000315732.3	860
8737	LSM11	ENSG00000155858.7	ENST00000286307.6	6567
8738	LSM12	ENSG00000161654.12	ENST00000293406.8	2552
8739	LSM14A	ENSG00000257103.11	ENST00000544216.8	3431
8740	LSM14B	ENSG00000149657.22	ENST00000279068.11	2576
8741	LSM2	ENSG00000204392.13	ENST00000375661.6	858
8742	LSM3	ENSG00000170860.6	ENST00000306024.4	3359
8743	LSM4	ENSG00000130520.13	ENST00000593829.6	1704
8744	LSM5	ENSG00000106355.12	ENST00000450169.7	2214
8745	LSM6	ENSG00000164167.15	ENST00000296581.11	2226
8746	LSM7	ENSG00000130332.17	ENST00000252622.15	491
8747	LSMEM1	ENSG00000181016.11	ENST00000312849.4	1870
8748	LSMEM2	ENSG00000179564.6	ENST00000316436.4	1434
8749	LSP1	ENSG00000130592.19	ENST00000311604.8	1585
8750	LSR	ENSG00000105699.19	ENST00000605618.6	1932
8751	LSS	ENSG00000160285.17	ENST00000397728.8	4886
8752	LST1	ENSG00000204482.13	ENST00000438075.7	666
8753	LTA	ENSG00000226979.10	ENST00000418386.3	1416
8754	LTA4H	ENSG00000111144.12	ENST00000228740.7	2140
8755	LTB	ENSG00000227507.4	ENST00000429299.3	893
8756	LTB4R	ENSG00000213903.11	ENST00000345363.8	2703
8757	LTB4R2	ENSG00000213906.10	ENST00000533293.2	1500
8758	LTBP1	ENSG00000049323.18	ENST00000404816.7	6502
8759	LTBP2	ENSG00000119681.14	ENST00000261978.9	8460
8760	LTBP3	ENSG00000168056.20	ENST00000301873.11	4833
8761	LTBP4	ENSG00000090006.20	ENST00000396819.8	4961
8762	LTBR	ENSG00000111321.13	ENST00000228918.9	2134
8763	LTC4S	ENSG00000213316.12	ENST00000292596.15	801
8764	LTF	ENSG00000012223.15	ENST00000231751.9	2721
8765	LTK	ENSG00000062524.18	ENST00000263800.11	3072
8766	LTN1	ENSG00000198862.16	ENST00000361371.10	7677
8767	LTV1	ENSG00000135521.11	ENST00000367576.6	1853
8768	LUC7L	ENSG00000007392.19	ENST00000293872.13	1434
8769	LUC7L2	ENSG00000146963.20	ENST00000354926.9	2661
8770	LUC7L3	ENSG00000108848.17	ENST00000505658.6	6987
8771	LUM	ENSG00000139329.7	ENST00000266718.5	2671
8772	LURAP1	ENSG00000171357.7	ENST00000371980.4	1849
8773	LURAP1L	ENSG00000153714.7	ENST00000319264.4	2683
8774	LUZP1	ENSG00000169641.16	ENST00000302291.9	8412
8775	LUZP2	ENSG00000187398.13	ENST00000336930.11	5212
8776	LUZP4	ENSG00000102021.12	ENST00000371920.4	1746
8777	LXN	ENSG00000079257.9	ENST00000264265.4	1071
8778	LY6D	ENSG00000167656.6	ENST00000301263.5	749
8779	LY6E	ENSG00000160932.13	ENST00000292494.11	1131
8780	LY6G5B	ENSG00000240053.9	ENST00000375864.5	2845
8781	LY6G5C	ENSG00000204428.12	ENST00000383237.5	1420
8782	LY6G6C	ENSG00000204421.3	ENST00000375819.3	893
8783	LY6G6D	ENSG00000244355.9	ENST00000375825.8	525
8784	LY6G6F	ENSG00000204424.11	ENST00000375832.5	1023
8785	LY6H	ENSG00000176956.14	ENST00000342752.9	942
8786	LY6K	ENSG00000160886.14	ENST00000292430.10	2671
8787	LY75	ENSG00000054219.13	ENST00000263636.5	6932
8788	LY75-CD302	ENSG00000248672.5	ENST00000504764.5	5650
8789	LY86	ENSG00000112799.11	ENST00000230568.5	859
8790	LY9	ENSG00000122224.21	ENST00000263285.11	2421
8791	LY96	ENSG00000154589.9	ENST00000284818.7	559
8792	LYAR	ENSG00000145220.16	ENST00000343470.9	1554
8793	LYG1	ENSG00000144214.12	ENST00000308528.9	1011
8794	LYG2	ENSG00000185674.12	ENST00000333017.7	964
8795	LYL1	ENSG00000104903.7	ENST00000264824.5	1481
8796	LYN	ENSG00000254087.10	ENST00000519728.6	5872
8797	LYNX1	ENSG00000180155.22	ENST00000652477.1	4577
8798	LYPD1	ENSG00000150551.13	ENST00000397463.3	3458
8799	LYPD2	ENSG00000197353.5	ENST00000359228.4	592
8800	LYPD3	ENSG00000124466.9	ENST00000244333.4	1642
8801	LYPD4	ENSG00000273111.7	ENST00000609812.6	2036
8802	LYPD5	ENSG00000159871.16	ENST00000377950.8	2487
8803	LYPD6	ENSG00000187123.17	ENST00000334166.9	4011
8804	LYPD6B	ENSG00000150556.19	ENST00000409642.8	1345
8805	LYPLA1	ENSG00000120992.20	ENST00000316963.8	2515
8806	LYPLA2	ENSG00000011009.14	ENST00000374514.8	1635
8807	LYPLAL1	ENSG00000143353.14	ENST00000366928.10	1857
8808	LYRM1	ENSG00000102897.12	ENST00000567954.6	1378
8809	LYRM2	ENSG00000083099.13	ENST00000523377.2	5347
8810	LYRM4	ENSG00000214113.13	ENST00000330636.9	1497
8811	ETFRF1	ENSG00000205707.13	ENST00000381356.9	1242
8812	LYRM7	ENSG00000186687.18	ENST00000379380.9	6219
8813	LYRM9	ENSG00000232859.12	ENST00000379102.8	1419
8814	LYSMD1	ENSG00000163155.12	ENST00000368908.10	2462
8815	LYSMD2	ENSG00000140280.16	ENST00000267838.7	1277
8816	LYSMD3	ENSG00000176018.15	ENST00000315948.11	4262
8817	LYSMD4	ENSG00000183060.18	ENST00000684762.1	2710
8818	LYST	ENSG00000143669.17	ENST00000389793.7	13466
8819	LYVE1	ENSG00000133800.11	ENST00000256178.8	3247
8820	LYZ	ENSG00000090382.8	ENST00000261267.7	1490
8821	LYZL1	ENSG00000120563.11	ENST00000649382.2	806
8822	LYZL2	ENSG00000151033.11	ENST00000647634.2	809
8823	LYZL4	ENSG00000157093.9	ENST00000287748.8	909
8824	LYZL6	ENSG00000275722.6	ENST00000615905.5	1074
8825	LZIC	ENSG00000162441.14	ENST00000377223.6	4989
8826	LZTFL1	ENSG00000163818.22	ENST00000296135.11	4026
8827	LZTR1	ENSG00000099949.24	ENST00000646124.2	4282
8828	LZTS1	ENSG00000061337.17	ENST00000381569.5	5706
8829	LZTS2	ENSG00000107816.19	ENST00000454422.2	2862
8830	LZTS3	ENSG00000088899.18	ENST00000337576.7	4196
8831	M1AP	ENSG00000159374.20	ENST00000421985.2	2544
8832	M6PR	ENSG00000003056.10	ENST00000000412.8	2450
8833	CFAP91	ENSG00000183833.18	ENST00000273390.9	4433
8834	MAB21L1	ENSG00000180660.10	ENST00000379919.6	2901
8835	MAB21L2	ENSG00000181541.6	ENST00000317605.6	2543
8836	MAB21L3	ENSG00000173212.7	ENST00000369500.4	6376
8837	MACC1	ENSG00000183742.15	ENST00000400331.10	9153
8838	MACF1	ENSG00000127603.33	ENST00000564288.6	24340
8839	MACROD1	ENSG00000133315.14	ENST00000255681.7	1257
8840	MACROD2	ENSG00000172264.20	ENST00000684519.1	4916
8841	MAD1L1	ENSG00000002822.18	ENST00000265854.12	2695
8842	MAD2L1	ENSG00000164109.16	ENST00000296509.11	5227
8843	MAD2L1BP	ENSG00000124688.16	ENST00000372171.5	1269
8844	MAD2L2	ENSG00000116670.19	ENST00000376692.9	1053
8845	MADCAM1	ENSG00000099866.18	ENST00000215637.8	1541
8846	MADD	ENSG00000110514.22	ENST00000706887.1	6036
8847	MAEA	ENSG00000090316.18	ENST00000303400.9	2182
8848	MAEL	ENSG00000143194.14	ENST00000367872.9	1737
8849	MAF	ENSG00000178573.8	ENST00000326043.5	2669
8850	MAF1	ENSG00000179632.13	ENST00000322428.10	1715
8851	MAFB	ENSG00000204103.4	ENST00000373313.3	3389
8852	MAFF	ENSG00000185022.15	ENST00000338483.7	2374
8853	MAFG	ENSG00000197063.13	ENST00000357736.9	5061
8854	MAFK	ENSG00000198517.12	ENST00000343242.9	3380
8855	MAG	ENSG00000105695.17	ENST00000392213.8	2357
8856	MAGEA1	ENSG00000198681.7	ENST00000356661.7	1711
8857	MAGEA10	ENSG00000124260.13	ENST00000370323.9	2652
8858	MAGEA11	ENSG00000185247.15	ENST00000355220.6	1902
8859	MAGEA12	ENSG00000213401.12	ENST00000393869.8	1792
8860	MAGEA3	ENSG00000221867.11	ENST00000370278.4	1682
8861	MAGEA4	ENSG00000147381.14	ENST00000276344.6	1724
8862	MAGEA6	ENSG00000197172.13	ENST00000329342.10	1682
8863	MAGEA8	ENSG00000156009.11	ENST00000286482.6	1781
8864	MAGEB1	ENSG00000214107.11	ENST00000397548.4	1718
8865	MAGEB10	ENSG00000177689.10	ENST00000356790.2	1953
8866	MAGEB16	ENSG00000189023.11	ENST00000399988.6	1719
8867	MAGEB17	ENSG00000182798.10	ENST00000400004.6	1434
8868	MAGEB18	ENSG00000176774.6	ENST00000325250.2	1812
8869	MAGEB2	ENSG00000099399.7	ENST00000378988.5	1607
8870	MAGEB3	ENSG00000198798.6	ENST00000361644.4	2087
8871	MAGEB4	ENSG00000120289.12	ENST00000378982.4	2188
8872	MAGEB5	ENSG00000188408.5	ENST00000602297.1	1216
8873	MAGEB6	ENSG00000176746.6	ENST00000379034.1	1949
8874	MAGEC2	ENSG00000046774.10	ENST00000247452.4	1994
8875	MAGEC3	ENSG00000165509.15	ENST00000298296.1	1932
8876	MAGED1	ENSG00000179222.20	ENST00000326587.12	2723
8877	MAGED2	ENSG00000102316.19	ENST00000375068.6	2051
8878	MAGEE1	ENSG00000198934.5	ENST00000361470.4	3633
8879	MAGEE2	ENSG00000186675.7	ENST00000373359.4	2268
8880	MAGEF1	ENSG00000177383.6	ENST00000317897.5	1701
8881	MAGEH1	ENSG00000187601.5	ENST00000342972.3	1440
8882	MAGEL2	ENSG00000254585.5	ENST00000650528.1	4319
8883	MAGI1	ENSG00000151276.25	ENST00000402939.7	7851
8884	MAGI2	ENSG00000187391.24	ENST00000354212.9	6975
8885	MAGI3	ENSG00000081026.21	ENST00000307546.14	6874
8886	MAGIX	ENSG00000269313.8	ENST00000595224.6	3512
8887	MAGOH	ENSG00000162385.13	ENST00000371470.8	656
8888	MAGOHB	ENSG00000111196.13	ENST00000320756.7	2606
8889	MAGT1	ENSG00000102158.24	ENST00000618282.5	4506
8890	MAK	ENSG00000111837.12	ENST00000354489.7	3942
8891	MAK16	ENSG00000198042.13	ENST00000360128.11	3561
8892	MAL	ENSG00000172005.13	ENST00000309988.9	1084
8893	MAL2	ENSG00000147676.16	ENST00000614891.5	2826
8894	MALL	ENSG00000144063.6	ENST00000272462.3	2317
8895	MALSU1	ENSG00000156928.7	ENST00000466681.2	2905
8896	MALT1	ENSG00000172175.18	ENST00000649217.2	9289
8897	MAMDC2	ENSG00000165072.12	ENST00000377182.5	3351
8898	MAMDC4	ENSG00000177943.16	ENST00000317446.7	3681
8899	MAML1	ENSG00000161021.15	ENST00000292599.4	5748
8900	MAML2	ENSG00000184384.16	ENST00000524717.6	7121
8901	MAML3	ENSG00000196782.15	ENST00000509479.6	6844
8902	MAMLD1	ENSG00000013619.17	ENST00000370401.7	4816
8903	MAMSTR	ENSG00000176909.14	ENST00000318083.11	1858
8904	MAN1A1	ENSG00000111885.9	ENST00000368468.4	5018
8905	MAN1A2	ENSG00000198162.13	ENST00000356554.7	8576
8906	MAN1B1	ENSG00000177239.18	ENST00000371589.9	2707
8907	MAN1C1	ENSG00000117643.18	ENST00000374332.9	3561
8908	MAN2A1	ENSG00000112893.12	ENST00000261483.5	6553
8909	MAN2A2	ENSG00000196547.18	ENST00000559717.6	6394
8910	MAN2B1	ENSG00000104774.16	ENST00000456935.7	3185
8911	MAN2B2	ENSG00000013288.11	ENST00000285599.8	5129
8912	MAN2C1	ENSG00000140400.20	ENST00000267978.10	3261
8913	MANBA	ENSG00000109323.13	ENST00000647097.2	4001
8914	MANBAL	ENSG00000101363.15	ENST00000373606.8	1191
8915	MANEA	ENSG00000172469.19	ENST00000358812.9	4578
8916	MANEAL	ENSG00000185090.17	ENST00000373045.11	2640
8917	MANF	ENSG00000145050.20	ENST00000528157.7	909
8918	MANSC1	ENSG00000111261.16	ENST00000535902.6	5532
8919	MAOA	ENSG00000189221.13	ENST00000338702.4	3931
8920	MAOB	ENSG00000069535.16	ENST00000378069.5	2570
8921	MAP10	ENSG00000212916.6	ENST00000418460.4	4514
8922	MAP1A	ENSG00000166963.14	ENST00000300231.6	10266
8923	MAP1B	ENSG00000131711.16	ENST00000296755.12	11790
8924	MAP1LC3A	ENSG00000101460.15	ENST00000360668.8	964
8925	MAP1LC3B	ENSG00000140941.16	ENST00000268607.10	2147
8926	MAP1LC3B2	ENSG00000258102.5	ENST00000556529.4	818
8927	MAP1LC3C	ENSG00000197769.8	ENST00000357246.4	1207
8928	MAP1S	ENSG00000130479.13	ENST00000324096.9	3288
8929	MAP2	ENSG00000078018.24	ENST00000682079.1	9650
8930	MAP2K1	ENSG00000169032.13	ENST00000307102.10	2547
8931	MAP2K2	ENSG00000126934.17	ENST00000262948.10	1727
8932	MAP2K3	ENSG00000034152.22	ENST00000342679.9	2256
8933	MAP2K4	ENSG00000065559.17	ENST00000353533.10	3778
8934	MAP2K5	ENSG00000137764.22	ENST00000178640.10	2344
8935	MAP2K6	ENSG00000108984.18	ENST00000590474.7	13405
8936	MAP2K7	ENSG00000076984.20	ENST00000397979.4	3375
8937	MAP3K1	ENSG00000095015.8	ENST00000399503.4	7036
8938	MAP3K10	ENSG00000130758.10	ENST00000253055.8	3754
8939	MAP3K11	ENSG00000173327.11	ENST00000309100.8	3543
8940	MAP3K12	ENSG00000139625.15	ENST00000547488.6	4261
8941	MAP3K13	ENSG00000073803.16	ENST00000265026.8	9857
8942	MAP3K15	ENSG00000180815.17	ENST00000338883.9	4879
8943	MAP3K19	ENSG00000176601.15	ENST00000392915.7	5032
8944	MAP3K2	ENSG00000169967.19	ENST00000682094.1	11360
8945	MAP3K3	ENSG00000198909.10	ENST00000361733.8	4752
8946	MAP3K4	ENSG00000085511.22	ENST00000392142.9	5500
8947	MAP3K5	ENSG00000197442.13	ENST00000359015.5	5157
8948	MAP3K6	ENSG00000142733.20	ENST00000357582.3	4438
8949	MAP3K7	ENSG00000135341.21	ENST00000369329.8	4932
8950	MAP3K7CL	ENSG00000156265.19	ENST00000399928.6	1743
8951	MAP3K8	ENSG00000107968.12	ENST00000263056.6	2850
8952	MAP3K9	ENSG00000006432.18	ENST00000554752.7	11511
8953	MAP4	ENSG00000047849.24	ENST00000683076.1	9232
8954	MAP4K1	ENSG00000104814.14	ENST00000396857.7	2631
8955	MAP4K2	ENSG00000168067.14	ENST00000294066.7	7147
8956	MAP4K3	ENSG00000011566.17	ENST00000263881.8	4335
8957	MAP4K4	ENSG00000071054.19	ENST00000324219.9	7970
8958	MAP4K5	ENSG00000012983.14	ENST00000682126.1	4270
8959	MAP6	ENSG00000171533.14	ENST00000304771.8	3252
8960	MAP6D1	ENSG00000180834.10	ENST00000318631.8	2064
8961	MAP7	ENSG00000135525.21	ENST00000354570.8	3758
8962	MAP7D1	ENSG00000116871.18	ENST00000474796.2	3372
8963	MAP7D2	ENSG00000184368.18	ENST00000379643.10	4062
8964	MAP7D3	ENSG00000129680.18	ENST00000316077.14	4385
8965	MAP9	ENSG00000164114.20	ENST00000311277.9	7328
8966	MAPK1	ENSG00000100030.17	ENST00000215832.11	5881
8967	MAPK10	ENSG00000109339.26	ENST00000641462.2	8735
8968	MAPK11	ENSG00000185386.17	ENST00000330651.11	2418
8969	MAPK12	ENSG00000188130.16	ENST00000215659.13	1778
8970	MAPK13	ENSG00000156711.19	ENST00000211287.9	6316
8971	MAPK14	ENSG00000112062.15	ENST00000229794.9	4222
8972	MAPK15	ENSG00000181085.17	ENST00000338033.9	1871
8973	MAPK1IP1L	ENSG00000168175.18	ENST00000395468.9	6466
8974	MAPK3	ENSG00000102882.14	ENST00000263025.9	1787
8975	MAPK4	ENSG00000141639.14	ENST00000400384.7	4763
8976	MAPK6	ENSG00000069956.16	ENST00000261845.7	5330
8977	MAPK7	ENSG00000166484.22	ENST00000395604.8	2902
8978	MAPK8	ENSG00000107643.19	ENST00000374189.6	5809
8979	MAPK8IP1	ENSG00000121653.13	ENST00000241014.6	3050
8980	MAPK8IP2	ENSG00000008735.16	ENST00000329492.6	5700
8981	MAPK8IP3	ENSG00000138834.16	ENST00000610761.2	5686
8982	MAPK9	ENSG00000050748.20	ENST00000452135.7	4799
8983	MAPKAP1	ENSG00000119487.19	ENST00000265960.8	3369
8984	MAPKAPK2	ENSG00000162889.13	ENST00000367103.4	3091
8985	MAPKAPK3	ENSG00000114738.13	ENST00000621469.5	2537
8986	MAPKAPK5	ENSG00000089022.16	ENST00000550735.7	11083
8987	MAPKBP1	ENSG00000137802.17	ENST00000457542.7	7182
8988	MAPRE1	ENSG00000101367.11	ENST00000375571.6	2562
8989	MAPRE2	ENSG00000166974.15	ENST00000300249.10	4212
8990	MAPRE3	ENSG00000084764.14	ENST00000233121.7	1890
8991	MAPT	ENSG00000186868.20	ENST00000262410.10	6815
8992	MTARC1	ENSG00000186205.16	ENST00000366910.10	7287
8993	MTARC2	ENSG00000117791.18	ENST00000366913.8	2146
8994	MARCHF1	ENSG00000145416.15	ENST00000514618.6	6140
8995	MARCHF10	ENSG00000173838.14	ENST00000311269.10	3071
8996	MARCHF11	ENSG00000183654.10	ENST00000332432.9	1757
8997	MARCHF2	ENSG00000099785.13	ENST00000215555.7	1380
8998	MARCHF3	ENSG00000173926.8	ENST00000308660.6	3946
8999	MARCHF4	ENSG00000144583.5	ENST00000273067.5	4903
9000	MARCHF5	ENSG00000198060.12	ENST00000358935.3	3922
9001	MARCHF6	ENSG00000145495.19	ENST00000274140.10	9641
9002	MARCHF7	ENSG00000136536.17	ENST00000409175.6	6043
9003	MARCHF8	ENSG00000165406.18	ENST00000453424.7	5615
9004	MARCHF9	ENSG00000139266.7	ENST00000266643.6	2981
9005	MARCKS	ENSG00000277443.5	ENST00000612661.2	4296
9006	MARCKSL1	ENSG00000175130.9	ENST00000329421.8	1546
9007	MARCO	ENSG00000019169.13	ENST00000327097.5	1810
9008	MARK1	ENSG00000116141.19	ENST00000366917.6	5370
9009	MARK2	ENSG00000072518.25	ENST00000402010.8	4547
9010	MARK3	ENSG00000075413.21	ENST00000429436.7	3481
9011	MARK4	ENSG00000007047.18	ENST00000262891.9	5151
9012	MARS1	ENSG00000166986.17	ENST00000262027.10	2797
9013	MARS2	ENSG00000247626.5	ENST00000282276.8	3027
9014	MARVELD2	ENSG00000152939.19	ENST00000325631.10	4423
9015	MARVELD3	ENSG00000140832.12	ENST00000268485.8	2914
9016	MAS1	ENSG00000130368.8	ENST00000674077.2	10881
9017	MAS1L	ENSG00000204687.4	ENST00000377127.4	1260
9018	MASP1	ENSG00000127241.20	ENST00000296280.11	3894
9019	MASP2	ENSG00000009724.20	ENST00000400897.8	2455
9020	MAST1	ENSG00000105613.11	ENST00000251472.9	4853
9021	MAST2	ENSG00000086015.25	ENST00000361297.7	5737
9022	MAST3	ENSG00000099308.15	ENST00000687212.1	6020
9023	MAST4	ENSG00000069020.20	ENST00000403625.7	10677
9024	MASTL	ENSG00000120539.17	ENST00000375940.9	4132
9025	MAT1A	ENSG00000151224.15	ENST00000372213.8	3384
9026	MAT2A	ENSG00000168906.15	ENST00000306434.8	2817
9027	MAT2B	ENSG00000038274.20	ENST00000321757.11	2064
9028	MATK	ENSG00000007264.17	ENST00000310132.11	2098
9029	MATN1	ENSG00000162510.6	ENST00000373765.5	3830
9030	MATN2	ENSG00000132561.16	ENST00000254898.7	4133
9031	MATN3	ENSG00000132031.15	ENST00000407540.8	2557
9032	MATN4	ENSG00000124159.19	ENST00000372756.6	2222
9033	MATR3	ENSG00000015479.22	ENST00000394805.8	5069
9034	MAU2	ENSG00000129933.23	ENST00000262815.13	4845
9035	MAVS	ENSG00000088888.20	ENST00000428216.4	11731
9036	MAX	ENSG00000125952.23	ENST00000358664.9	2010
9037	MAZ	ENSG00000103495.16	ENST00000322945.11	2540
9038	MB	ENSG00000198125.15	ENST00000397326.7	1070
9039	CGAS	ENSG00000164430.19	ENST00000370315.4	3201
9040	MB21D2	ENSG00000180611.8	ENST00000392452.3	3063
9041	MBD1	ENSG00000141644.21	ENST00000269468.10	3009
9042	MBD2	ENSG00000134046.14	ENST00000256429.8	5064
9043	MBD3	ENSG00000071655.20	ENST00000434436.8	5678
9044	MBD3L1	ENSG00000170948.5	ENST00000595891.2	893
9045	MBD3L3	ENSG00000182315.10	ENST00000333843.9	813
9046	MBD4	ENSG00000129071.12	ENST00000429544.7	2394
9047	MBD5	ENSG00000204406.14	ENST00000642680.2	10732
9048	MBD6	ENSG00000166987.17	ENST00000355673.8	4202
9049	MBIP	ENSG00000151332.22	ENST00000416007.9	1603
9050	MBL2	ENSG00000165471.9	ENST00000674931.1	3561
9051	MBLAC1	ENSG00000214309.7	ENST00000398075.4	1226
9052	MBLAC2	ENSG00000176055.11	ENST00000316610.7	4277
9053	MBNL1	ENSG00000152601.20	ENST00000324210.10	5516
9054	MBNL2	ENSG00000139793.23	ENST00000679496.1	4650
9055	MBNL3	ENSG00000076770.18	ENST00000370853.8	12302
9056	MBOAT1	ENSG00000172197.13	ENST00000324607.8	4325
9057	MBOAT2	ENSG00000143797.14	ENST00000305997.8	7622
9058	MBOAT7	ENSG00000125505.19	ENST00000245615.6	2294
9059	MBP	ENSG00000197971.17	ENST00000355994.7	2738
9060	MBTD1	ENSG00000011258.18	ENST00000586178.6	5365
9061	MBTPS1	ENSG00000140943.19	ENST00000343411.8	4377
9062	MBTPS2	ENSG00000012174.14	ENST00000379484.10	4446
9063	MC1R	ENSG00000258839.5	ENST00000555147.2	2111
9064	MC2R	ENSG00000185231.7	ENST00000327606.4	3652
9065	MC3R	ENSG00000124089.4	ENST00000243911.2	1084
9066	MC4R	ENSG00000166603.5	ENST00000299766.5	1714
9067	MC5R	ENSG00000176136.6	ENST00000589410.2	1723
9068	MCAM	ENSG00000076706.19	ENST00000264036.6	3327
9069	MCAT	ENSG00000100294.15	ENST00000290429.11	2057
9070	MCC	ENSG00000171444.20	ENST00000408903.7	8295
9071	MCCC1	ENSG00000078070.16	ENST00000265594.9	2454
9072	MCCC2	ENSG00000131844.19	ENST00000340941.11	3624
9073	MCCD1	ENSG00000204511.3	ENST00000376191.3	710
9074	MCEE	ENSG00000124370.13	ENST00000244217.6	824
9075	MCF2	ENSG00000101977.23	ENST00000519895.6	3813
9076	MCF2L	ENSG00000126217.24	ENST00000535094.7	6427
9077	MCF2L2	ENSG00000053524.14	ENST00000328913.8	5326
9078	MCFD2	ENSG00000180398.15	ENST00000319466.9	4120
9079	MCHR1	ENSG00000128285.5	ENST00000249016.5	2115
9080	MCHR2	ENSG00000152034.13	ENST00000281806.7	3759
9081	MCL1	ENSG00000143384.15	ENST00000369026.3	3950
9082	MCM10	ENSG00000065328.19	ENST00000378714.8	4549
9083	MCM2	ENSG00000073111.17	ENST00000265056.12	3434
9084	MCM3	ENSG00000112118.22	ENST00000596288.7	3068
9085	MCM3AP	ENSG00000160294.12	ENST00000291688.6	6403
9086	MCM4	ENSG00000104738.21	ENST00000649973.1	4062
9087	MCM5	ENSG00000100297.18	ENST00000216122.9	3458
9088	MCM6	ENSG00000076003.7	ENST00000264156.3	3753
9089	MCM7	ENSG00000166508.21	ENST00000303887.10	2467
9090	MCM8	ENSG00000125885.15	ENST00000610722.4	7486
9091	MCM9	ENSG00000111877.20	ENST00000619706.5	5219
9092	MCMBP	ENSG00000197771.15	ENST00000369077.4	4216
9093	MCMDC2	ENSG00000178460.20	ENST00000422365.7	5074
9094	MCOLN1	ENSG00000090674.18	ENST00000264079.11	2084
9095	MCOLN2	ENSG00000153898.15	ENST00000370608.8	3044
9096	MCOLN3	ENSG00000055732.15	ENST00000370589.7	2810
9097	MCPH1	ENSG00000147316.17	ENST00000344683.10	8008
9098	MCRS1	ENSG00000187778.16	ENST00000343810.9	1938
9099	MCTP1	ENSG00000175471.20	ENST00000515393.6	7325
9100	MCTP2	ENSG00000140563.18	ENST00000357742.10	7724
9101	MCTS1	ENSG00000232119.10	ENST00000371317.10	9577
9102	MCU	ENSG00000156026.17	ENST00000373053.8	2937
9103	MCUR1	ENSG00000050393.14	ENST00000379170.9	5460
9104	MDC1	ENSG00000137337.18	ENST00000376406.8	6968
9105	MDFI	ENSG00000112559.17	ENST00000230321.11	1606
9106	MDGA1	ENSG00000112139.19	ENST00000434837.8	10629
9107	MDGA2	ENSG00000139915.23	ENST00000399232.8	5726
9108	MDH1	ENSG00000014641.23	ENST00000233114.13	1296
9109	MDH1B	ENSG00000138400.14	ENST00000374412.8	2334
9110	MDH2	ENSG00000146701.14	ENST00000315758.10	2170
9111	MDK	ENSG00000110492.19	ENST00000395566.9	830
9112	MDM1	ENSG00000111554.17	ENST00000682720.1	2980
9113	MDM2	ENSG00000135679.29	ENST00000258149.11	7490
9114	MDM4	ENSG00000198625.17	ENST00000367182.8	10050
9115	MDN1	ENSG00000112159.14	ENST00000369393.8	18485
9116	MDP1	ENSG00000213920.11	ENST00000288087.12	723
9117	MDS2	ENSG00000197880.11	ENST00000477916.5	1781
9118	ME1	ENSG00000065833.11	ENST00000369705.4	3338
9119	ME2	ENSG00000082212.15	ENST00000321341.11	9031
9120	ME3	ENSG00000151376.21	ENST00000543262.6	2293
9121	MEA1	ENSG00000124733.6	ENST00000244711.4	2018
9122	MEAF6	ENSG00000163875.18	ENST00000296214.10	4702
9123	MECOM	ENSG00000085276.20	ENST00000651503.2	5462
9124	MECP2	ENSG00000169057.27	ENST00000453960.7	10343
9125	MECR	ENSG00000116353.18	ENST00000263702.11	2515
9126	MED1	ENSG00000125686.14	ENST00000300651.11	8137
9127	MED10	ENSG00000133398.6	ENST00000255764.4	1101
9128	MED11	ENSG00000161920.13	ENST00000293777.6	836
9129	MED12	ENSG00000184634.19	ENST00000374080.8	6925
9130	MED12L	ENSG00000144893.15	ENST00000687756.1	10794
9131	MED13	ENSG00000108510.12	ENST00000397786.7	10461
9132	MED13L	ENSG00000123066.10	ENST00000281928.9	9885
9133	MED14	ENSG00000180182.13	ENST00000324817.6	7996
9134	MED15	ENSG00000099917.19	ENST00000263205.11	3351
9135	MED16	ENSG00000175221.18	ENST00000325464.6	2892
9136	MED17	ENSG00000042429.14	ENST00000251871.9	5087
9137	MED18	ENSG00000130772.15	ENST00000373842.9	1829
9138	MED19	ENSG00000156603.22	ENST00000431606.5	1099
9139	MED20	ENSG00000124641.18	ENST00000265350.9	2478
9140	MED21	ENSG00000152944.11	ENST00000282892.4	2669
9141	MED22	ENSG00000148297.18	ENST00000343730.10	4044
9142	MED23	ENSG00000112282.20	ENST00000368068.8	5247
9143	MED24	ENSG00000008838.23	ENST00000394128.7	3480
9144	MED25	ENSG00000104973.21	ENST00000312865.10	2332
9145	MED26	ENSG00000105085.12	ENST00000263390.8	3172
9146	MED27	ENSG00000160563.16	ENST00000292035.10	1385
9147	MED28	ENSG00000118579.14	ENST00000237380.12	10858
9148	MED29	ENSG00000063322.17	ENST00000315588.11	3590
9149	MED30	ENSG00000164758.9	ENST00000297347.7	985
9150	MED31	ENSG00000108590.12	ENST00000225728.8	1629
9151	MED4	ENSG00000136146.17	ENST00000258648.7	2254
9152	MED6	ENSG00000133997.14	ENST00000256379.10	2351
9153	MED7	ENSG00000155868.10	ENST00000286317.6	2071
9154	MED8	ENSG00000159479.19	ENST00000372457.9	1968
9155	MED9	ENSG00000141026.7	ENST00000268711.4	2209
9156	MEDAG	ENSG00000102802.12	ENST00000380482.9	2294
9157	MEF2A	ENSG00000068305.21	ENST00000557942.6	5580
9158	MEF2B	ENSG00000213999.19	ENST00000424583.7	1425
9159	BORCS8-MEF2B	ENSG00000064489.23	ENST00000514819.7	1406
9160	MEF2C	ENSG00000081189.19	ENST00000504921.7	7281
9161	MEF2D	ENSG00000116604.21	ENST00000348159.9	5912
9162	MEFV	ENSG00000103313.16	ENST00000219596.6	3506
9163	MEGF10	ENSG00000145794.18	ENST00000503335.7	7606
9164	MEGF11	ENSG00000157890.21	ENST00000395614.6	6212
9165	MEGF6	ENSG00000162591.19	ENST00000356575.9	7443
9166	MEGF8	ENSG00000105429.14	ENST00000251268.11	11137
9167	MEGF9	ENSG00000106780.11	ENST00000373930.4	6300
9168	MEI1	ENSG00000167077.15	ENST00000401548.8	4016
9169	MEIG1	ENSG00000197889.12	ENST00000407572.6	682
9170	MEIOB	ENSG00000162039.20	ENST00000325962.9	1867
9171	MEIS1	ENSG00000143995.22	ENST00000272369.14	4566
9172	MEIS2	ENSG00000134138.24	ENST00000561208.6	5486
9173	MEIS3	ENSG00000105419.20	ENST00000558555.6	2021
9174	MELK	ENSG00000165304.10	ENST00000298048.7	2452
9175	MEMO1	ENSG00000162959.16	ENST00000404530.6	1516
9176	MEN1	ENSG00000133895.21	ENST00000450708.7	2712
9177	MEOX1	ENSG00000005102.16	ENST00000318579.9	2674
9178	MEOX2	ENSG00000106511.8	ENST00000262041.6	2371
9179	MEP1A	ENSG00000112818.13	ENST00000230588.9	2893
9180	MEP1B	ENSG00000141434.13	ENST00000269202.11	2297
9181	MEPCE	ENSG00000146834.17	ENST00000310512.4	2822
9182	MEPE	ENSG00000152595.18	ENST00000361056.4	1982
9183	MERTK	ENSG00000153208.21	ENST00000295408.9	3826
9184	TLNRD1	ENSG00000140406.4	ENST00000267984.4	4866
9185	MESD	ENSG00000117899.13	ENST00000261758.6	4200
9186	MESP1	ENSG00000166823.7	ENST00000300057.5	1094
9187	MESP2	ENSG00000188095.6	ENST00000341735.5	1640
9188	MEST	ENSG00000106484.17	ENST00000223215.10	2646
9189	MET	ENSG00000105976.18	ENST00000397752.8	6822
9190	METAP1	ENSG00000164024.14	ENST00000296411.11	2686
9191	METAP1D	ENSG00000172878.16	ENST00000315796.5	3049
9192	METAP2	ENSG00000111142.16	ENST00000323666.10	3400
9193	METRN	ENSG00000103260.11	ENST00000568223.7	3322
9194	METRNL	ENSG00000176845.14	ENST00000320095.12	1690
9195	METTL1	ENSG00000037897.19	ENST00000324871.12	1378
9196	EEF1AKMT2	ENSG00000203791.17	ENST00000368836.7	3599
9197	CSKMT	ENSG00000214756.9	ENST00000532971.2	2034
9198	METTL13	ENSG00000010165.22	ENST00000361735.4	3368
9199	METTL14	ENSG00000145388.17	ENST00000388822.10	6642
9200	METTL15	ENSG00000169519.23	ENST00000407364.8	4208
9201	METTL16	ENSG00000127804.14	ENST00000263092.11	5740
9202	METTL17	ENSG00000165792.20	ENST00000339374.11	1539
9203	METTL18	ENSG00000171806.14	ENST00000310392.5	1462
9204	ETFBKMT	ENSG00000139160.15	ENST00000357721.3	6128
9205	METTL21A	ENSG00000144401.16	ENST00000411432.6	1326
9206	EEF1AKMT3	ENSG00000123427.18	ENST00000300209.13	2687
9207	METTL21C	ENSG00000139780.9	ENST00000267273.7	1625
9208	METTL22	ENSG00000067365.17	ENST00000381920.8	4974
9209	METTL23	ENSG00000181038.16	ENST00000341249.11	1128
9210	METTL24	ENSG00000053328.11	ENST00000338882.5	3184
9211	METTL25	ENSG00000127720.10	ENST00000248306.8	2064
9212	METTL2A	ENSG00000087995.18	ENST00000311506.10	5799
9213	METTL2B	ENSG00000165055.18	ENST00000262432.13	5841
9214	METTL3	ENSG00000165819.14	ENST00000298717.9	1980
9215	METTL4	ENSG00000101574.17	ENST00000574538.2	3684
9216	METTL5	ENSG00000138382.17	ENST00000260953.10	1001
9217	METTL6	ENSG00000206562.14	ENST00000383790.8	2618
9218	TMT1A	ENSG00000185432.14	ENST00000332160.5	3117
9219	TMT1B	ENSG00000170439.9	ENST00000394252.4	1316
9220	METTL8	ENSG00000123600.23	ENST00000375258.9	9770
9221	METTL9	ENSG00000197006.17	ENST00000358154.8	3153
9222	MEX3A	ENSG00000254726.3	ENST00000532414.3	6591
9223	MEX3B	ENSG00000183496.7	ENST00000329713.5	3405
9224	MEX3C	ENSG00000176624.13	ENST00000406189.4	4142
9225	MEX3D	ENSG00000181588.18	ENST00000402693.5	3114
9226	MFAP1	ENSG00000140259.9	ENST00000267812.4	2043
9227	MFAP2	ENSG00000117122.16	ENST00000375535.4	1045
9228	MFAP3	ENSG00000037749.15	ENST00000522782.6	5037
9229	MFAP3L	ENSG00000198948.14	ENST00000361618.4	6301
9230	MFAP4	ENSG00000166482.14	ENST00000299610.5	1820
9231	MFAP5	ENSG00000197614.13	ENST00000359478.7	2872
9232	MFF	ENSG00000168958.23	ENST00000304593.14	1921
9233	MFGE8	ENSG00000140545.18	ENST00000268150.13	1936
9234	MFHAS1	ENSG00000147324.12	ENST00000276282.7	6399
9235	MELTF	ENSG00000163975.16	ENST00000296350.10	3964
9236	MFN1	ENSG00000171109.21	ENST00000471841.6	5212
9237	MFN2	ENSG00000116688.20	ENST00000235329.10	4407
9238	MFNG	ENSG00000100060.20	ENST00000356998.8	2073
9239	MFRP	ENSG00000235718.9	ENST00000619721.6	3949
9240	MFSD1	ENSG00000118855.23	ENST00000415822.8	2231
9241	SLC75A1	ENSG00000109736.17	ENST00000355443.9	1717
9242	MFSD11	ENSG00000092931.14	ENST00000685175.1	2573
9243	MFSD12	ENSG00000161091.17	ENST00000355415.7	2137
9244	MFSD2A	ENSG00000168389.20	ENST00000372811.10	2129
9245	MFSD2B	ENSG00000205639.13	ENST00000338315.6	2846
9246	SLC33A2	ENSG00000167700.11	ENST00000301327.5	1552
9247	SLC60A1	ENSG00000174514.15	ENST00000367147.9	4058
9248	SLC61A1	ENSG00000182544.10	ENST00000329548.5	1763
9249	MFSD6	ENSG00000151690.17	ENST00000392328.6	4796
9250	MFSD6L	ENSG00000185156.6	ENST00000329805.6	2256
9251	SLC49A3	ENSG00000169026.15	ENST00000322224.9	1833
9252	MFSD8	ENSG00000164073.13	ENST00000641686.2	4422
9253	SLC67A2	ENSG00000135953.13	ENST00000258436.10	5293
9254	MGA	ENSG00000174197.21	ENST00000703841.1	12193
9255	MGAM	ENSG00000257335.9	ENST00000475668.6	9172
9256	MGARP	ENSG00000137463.7	ENST00000398955.2	1224
9257	MGAT1	ENSG00000131446.19	ENST00000307826.5	8445
9258	MGAT2	ENSG00000168282.7	ENST00000305386.4	2683
9259	MGAT3	ENSG00000128268.13	ENST00000341184.7	5394
9260	MGAT4A	ENSG00000071073.15	ENST00000393487.6	8388
9261	MGAT4B	ENSG00000161013.19	ENST00000292591.12	2365
9262	MGAT4C	ENSG00000182050.16	ENST00000611864.5	25268
9263	MGAT5	ENSG00000152127.11	ENST00000281923.4	8332
9264	MGAT5B	ENSG00000167889.15	ENST00000569840.7	4560
9265	OGA	ENSG00000198408.16	ENST00000361464.8	5174
9266	MGLL	ENSG00000074416.18	ENST00000265052.10	4271
9267	MGME1	ENSG00000125871.16	ENST00000377710.10	2231
9268	MGMT	ENSG00000170430.12	ENST00000651593.1	4678
9269	MGP	ENSG00000111341.12	ENST00000539261.6	1650
9270	MGRN1	ENSG00000102858.15	ENST00000262370.12	3930
9271	MGST1	ENSG00000008394.15	ENST00000396210.8	925
9272	MGST2	ENSG00000085871.11	ENST00000265498.6	740
9273	MGST3	ENSG00000143198.15	ENST00000367889.8	1158
9274	MIA	ENSG00000261857.9	ENST00000263369.4	488
9275	MIA-RAB4B	ENSG00000268975.2	ENST00000600729.2	1809
9276	MIA2	ENSG00000150527.20	ENST00000640607.2	4869
9277	MIA3	ENSG00000154305.20	ENST00000344922.10	8126
9278	MIB1	ENSG00000101752.15	ENST00000261537.7	10100
9279	MIB2	ENSG00000197530.15	ENST00000355826.10	3206
9280	MICA	ENSG00000204520.16	ENST00000449934.7	1370
9281	MICAL1	ENSG00000135596.20	ENST00000358807.8	3430
9282	MICAL2	ENSG00000133816.22	ENST00000683283.1	3903
9283	MICAL3	ENSG00000243156.10	ENST00000441493.7	9447
9284	MICALL1	ENSG00000100139.16	ENST00000215957.10	4710
9285	MICALL2	ENSG00000164877.21	ENST00000297508.8	3096
9286	MICB	ENSG00000204516.11	ENST00000252229.7	2416
9287	MICU1	ENSG00000107745.22	ENST00000361114.10	2357
9288	MICU2	ENSG00000165487.16	ENST00000382374.9	1885
9289	MICU3	ENSG00000155970.15	ENST00000318063.10	3990
9290	MID1	ENSG00000101871.19	ENST00000317552.9	6168
9291	MID1IP1	ENSG00000165175.19	ENST00000614558.3	3758
9292	MID2	ENSG00000080561.16	ENST00000262843.11	7333
9293	MIDN	ENSG00000167470.16	ENST00000682408.1	3892
9294	MIEF1	ENSG00000100335.17	ENST00000325301.7	5688
9295	MIEF2	ENSG00000177427.15	ENST00000323019.9	3236
9296	MIEN1	ENSG00000141741.14	ENST00000394231.8	1397
9297	MIER1	ENSG00000198160.16	ENST00000401041.6	5456
9298	MIER2	ENSG00000105556.14	ENST00000264819.7	2769
9299	MIER3	ENSG00000155545.22	ENST00000381199.8	5199
9300	MIF	ENSG00000240972.4	ENST00000215754.8	557
9301	MIF4GD	ENSG00000125457.17	ENST00000325102.13	1319
9302	MIIP	ENSG00000116691.13	ENST00000235332.6	1541
9303	MILR1	ENSG00000271605.8	ENST00000619286.5	1448
9304	RIOX2	ENSG00000170854.20	ENST00000394198.7	4854
9305	MINK1	ENSG00000141503.19	ENST00000355280.11	5017
9306	MICOS10	ENSG00000173436.17	ENST00000322753.7	3723
9307	MICOS10-NBL1	ENSG00000270136.6	ENST00000602384.5	999
9308	MINPP1	ENSG00000107789.17	ENST00000371996.9	2470
9309	MIOS	ENSG00000164654.18	ENST00000340080.9	4877
9310	MIOX	ENSG00000100253.15	ENST00000216075.11	1689
9311	MIP	ENSG00000135517.9	ENST00000652304.1	2614
9312	MIPEP	ENSG00000027001.12	ENST00000382172.4	2381
9313	MIPOL1	ENSG00000151338.23	ENST00000684589.1	5983
9314	MIR3654	ENSG00000284135.1	ENST00000639535.1	56
9315	MIS12	ENSG00000167842.18	ENST00000611091.5	2502
9316	MIS18A	ENSG00000159055.6	ENST00000290130.4	1546
9317	MIS18BP1	ENSG00000129534.16	ENST00000310806.9	4577
9318	MISP	ENSG00000099812.11	ENST00000215582.8	2885
9319	MITD1	ENSG00000158411.12	ENST00000289359.6	939
9320	MITF	ENSG00000187098.20	ENST00000352241.9	4799
9321	MIXL1	ENSG00000185155.13	ENST00000366810.6	1965
9322	MKI67	ENSG00000148773.16	ENST00000368654.8	12716
9323	NIFK	ENSG00000155438.14	ENST00000285814.9	1686
9324	MKKS	ENSG00000125863.21	ENST00000347364.7	6714
9325	MRTFA	ENSG00000196588.22	ENST00000355630.10	4522
9326	MRTFB	ENSG00000186260.19	ENST00000571589.6	8804
9327	MKLN1	ENSG00000128585.20	ENST00000352689.11	11136
9328	MKNK1	ENSG00000079277.24	ENST00000371945.10	2661
9329	MKNK2	ENSG00000099875.18	ENST00000250896.9	3785
9330	MKRN1	ENSG00000133606.13	ENST00000255977.7	3094
9331	MKRN2	ENSG00000075975.19	ENST00000170447.12	2775
9332	MKRN3	ENSG00000179455.10	ENST00000314520.6	2371
9333	MKS1	ENSG00000011143.21	ENST00000393119.7	2343
9334	MKX	ENSG00000150051.16	ENST00000419761.6	3609
9335	MLANA	ENSG00000120215.11	ENST00000381477.8	2328
9336	MLC1	ENSG00000100427.18	ENST00000311597.10	3457
9337	MLEC	ENSG00000110917.11	ENST00000228506.8	6341
9338	MLF1	ENSG00000178053.22	ENST00000466246.7	2213
9339	CENPU	ENSG00000151725.14	ENST00000281453.10	2494
9340	MLF2	ENSG00000089693.13	ENST00000203630.10	1555
9341	MLH1	ENSG00000076242.20	ENST00000231790.8	2494
9342	MLH3	ENSG00000119684.18	ENST00000355774.7	7820
9343	MLIP	ENSG00000146147.17	ENST00000502396.6	3344
9344	MAP3K21	ENSG00000143674.13	ENST00000366624.8	5853
9345	MLKL	ENSG00000168404.15	ENST00000308807.12	2477
9346	MLLT1	ENSG00000130382.11	ENST00000252674.9	4532
9347	MLLT10	ENSG00000078403.19	ENST00000307729.12	5143
9348	MLLT11	ENSG00000213190.6	ENST00000368921.5	2483
9349	MLLT3	ENSG00000171843.18	ENST00000380338.9	6724
9350	AFDN	ENSG00000130396.24	ENST00000683244.1	7806
9351	MLLT6	ENSG00000275023.7	ENST00000621332.5	7839
9352	MLN	ENSG00000096395.13	ENST00000430124.7	558
9353	MLNR	ENSG00000102539.6	ENST00000218721.1	1239
9354	MLPH	ENSG00000115648.16	ENST00000264605.8	3744
9355	MLST8	ENSG00000167965.20	ENST00000569417.6	1671
9356	MAP3K20	ENSG00000091436.19	ENST00000375213.8	3859
9357	MLX	ENSG00000108788.14	ENST00000435881.7	2360
9358	MLXIP	ENSG00000175727.17	ENST00000319080.12	8390
9359	MLXIPL	ENSG00000009950.18	ENST00000313375.8	3252
9360	MLYCD	ENSG00000103150.9	ENST00000262430.6	13054
9361	MMAA	ENSG00000151611.19	ENST00000649156.2	5944
9362	MMAB	ENSG00000139428.14	ENST00000545712.7	4090
9363	MMACHC	ENSG00000132763.17	ENST00000401061.9	5049
9364	MMADHC	ENSG00000168288.15	ENST00000303319.10	1392
9365	MMD	ENSG00000108960.11	ENST00000262065.8	2569
9366	MMD2	ENSG00000136297.18	ENST00000401401.8	2309
9367	MME	ENSG00000196549.15	ENST00000360490.7	5656
9368	MMEL1	ENSG00000142606.17	ENST00000378412.8	2879
9369	MMGT1	ENSG00000169446.8	ENST00000305963.3	5145
9370	MMP1	ENSG00000196611.7	ENST00000315274.7	1971
9371	MMP10	ENSG00000166670.10	ENST00000279441.9	1759
9372	MMP11	ENSG00000099953.12	ENST00000215743.8	2261
9373	MMP13	ENSG00000137745.15	ENST00000260302.8	2714
9374	MMP14	ENSG00000157227.16	ENST00000311852.11	3701
9375	MMP15	ENSG00000102996.7	ENST00000219271.4	4062
9376	MMP16	ENSG00000156103.17	ENST00000286614.11	11551
9377	MMP17	ENSG00000198598.9	ENST00000360564.5	2411
9378	MMP19	ENSG00000123342.18	ENST00000322569.9	3236
9379	MMP2	ENSG00000087245.14	ENST00000219070.9	3514
9380	MMP20	ENSG00000137674.4	ENST00000260228.3	1959
9381	MMP21	ENSG00000154485.6	ENST00000368808.3	1919
9382	MMP24	ENSG00000125966.12	ENST00000246186.8	4376
9383	MMP25	ENSG00000008516.21	ENST00000336577.9	3674
9384	MMP26	ENSG00000167346.10	ENST00000380390.6	1451
9385	MMP27	ENSG00000137675.6	ENST00000260229.5	1876
9386	MMP28	ENSG00000271447.8	ENST00000605424.6	2462
9387	MMP3	ENSG00000149968.13	ENST00000299855.10	1822
9388	MMP7	ENSG00000137673.11	ENST00000260227.5	1119
9389	MMP8	ENSG00000118113.12	ENST00000236826.8	3055
9390	MMP9	ENSG00000100985.9	ENST00000372330.3	2336
9391	MMRN1	ENSG00000138722.12	ENST00000264790.7	5001
9392	MMRN2	ENSG00000173269.16	ENST00000372027.10	4127
9393	MMS19	ENSG00000155229.23	ENST00000438925.7	3499
9394	MMS22L	ENSG00000146263.14	ENST00000683635.1	8574
9395	MN1	ENSG00000169184.7	ENST00000302326.5	7814
9396	MNAT1	ENSG00000020426.13	ENST00000261245.9	2648
9397	MND1	ENSG00000121211.10	ENST00000240488.8	929
9398	MNDA	ENSG00000163563.10	ENST00000368141.5	1716
9399	MNS1	ENSG00000138587.8	ENST00000260453.4	2030
9400	MNT	ENSG00000070444.17	ENST00000174618.5	4925
9401	MOAP1	ENSG00000165943.7	ENST00000298894.5	2407
9402	MOB1A	ENSG00000114978.20	ENST00000396049.5	4896
9403	MOB1B	ENSG00000173542.10	ENST00000309395.7	6930
9404	MOB2	ENSG00000182208.16	ENST00000329957.7	1745
9405	MOB3A	ENSG00000172081.16	ENST00000357066.8	3387
9406	MOB3B	ENSG00000120162.12	ENST00000262244.6	6487
9407	MOB3C	ENSG00000142961.18	ENST00000319928.9	2738
9408	MOB4	ENSG00000115540.17	ENST00000323303.9	3752
9409	MOBP	ENSG00000168314.21	ENST00000684792.1	848
9410	MOCOS	ENSG00000075643.8	ENST00000261326.6	6182
9411	MOCS1	ENSG00000124615.23	ENST00000340692.10	4143
9412	MOCS2	ENSG00000164172.22	ENST00000396954.8	4166
9413	MOCS3	ENSG00000124217.5	ENST00000244051.3	5112
9414	MOG	ENSG00000204655.14	ENST00000376917.8	2042
9415	MOGAT1	ENSG00000124003.14	ENST00000446656.4	1176
9416	MOGAT2	ENSG00000166391.17	ENST00000198801.10	2723
9417	MOGAT3	ENSG00000106384.14	ENST00000223114.9	2147
9418	MOGS	ENSG00000115275.16	ENST00000448666.7	2867
9419	MOK	ENSG00000080823.25	ENST00000361847.7	1909
9420	MON1A	ENSG00000164077.17	ENST00000296473.8	2025
9421	MON1B	ENSG00000103111.16	ENST00000248248.8	5813
9422	MON2	ENSG00000061987.18	ENST00000393630.8	13263
9423	MORC1	ENSG00000114487.10	ENST00000232603.10	3747
9424	MORC2	ENSG00000133422.16	ENST00000397641.8	5657
9425	MORC3	ENSG00000159256.14	ENST00000400485.6	4224
9426	MORC4	ENSG00000133131.17	ENST00000355610.9	3798
9427	MORF4L1	ENSG00000185787.18	ENST00000426013.7	2172
9428	MORF4L2	ENSG00000123562.20	ENST00000441076.7	1866
9429	MORN1	ENSG00000116151.16	ENST00000378531.8	1645
9430	MORN3	ENSG00000139714.14	ENST00000355329.7	3803
9431	MORN4	ENSG00000171160.20	ENST00000307450.11	2333
9432	MORN5	ENSG00000185681.15	ENST00000373764.8	703
9433	MOS	ENSG00000172680.1	ENST00000311923.1	1041
9434	MOSPD1	ENSG00000101928.15	ENST00000370783.8	2348
9435	MOSPD2	ENSG00000130150.14	ENST00000380492.8	4183
9436	MOSPD3	ENSG00000106330.14	ENST00000393950.7	1154
9437	MOV10	ENSG00000155363.21	ENST00000369645.6	3380
9438	MOV10L1	ENSG00000073146.18	ENST00000262794.10	3957
9439	MOXD1	ENSG00000079931.17	ENST00000367963.8	2989
9440	MPC1	ENSG00000060762.22	ENST00000360961.11	904
9441	MPC2	ENSG00000143158.13	ENST00000271373.9	2223
9442	MPDU1	ENSG00000129255.18	ENST00000250124.11	1416
9443	MPDZ	ENSG00000107186.19	ENST00000319217.12	7821
9444	MPEG1	ENSG00000197629.7	ENST00000361050.4	4418
9445	MPG	ENSG00000103152.13	ENST00000356432.8	1036
9446	MPHOSPH10	ENSG00000124383.13	ENST00000244230.7	2164
9447	MPHOSPH6	ENSG00000135698.12	ENST00000258169.9	1101
9448	MPHOSPH8	ENSG00000196199.16	ENST00000361479.10	4239
9449	MPHOSPH9	ENSG00000051825.17	ENST00000606320.6	6369
9450	MPI	ENSG00000178802.20	ENST00000352410.9	5793
9451	MPL	ENSG00000117400.19	ENST00000372470.9	3633
9452	MPLKIP	ENSG00000168303.10	ENST00000306984.8	7627
9453	MPND	ENSG00000008382.18	ENST00000599840.6	1614
9454	MPO	ENSG00000005381.9	ENST00000225275.4	3216
9455	MPP1	ENSG00000130830.17	ENST00000369534.8	2006
9456	MPP2	ENSG00000108852.18	ENST00000269095.9	4202
9457	MPP3	ENSG00000161647.21	ENST00000398389.9	2790
9458	MPP4	ENSG00000082126.20	ENST00000409474.8	2408
9459	PALS1	ENSG00000072415.12	ENST00000261681.9	5468
9460	PALS2	ENSG00000105926.18	ENST00000222644.10	8346
9461	MPP7	ENSG00000150054.21	ENST00000683449.1	5138
9462	MPPE1	ENSG00000154889.19	ENST00000588072.6	3330
9463	MPPED1	ENSG00000186732.16	ENST00000443721.2	3436
9464	MPPED2	ENSG00000066382.19	ENST00000358117.10	2562
9465	MPRIP	ENSG00000133030.24	ENST00000651222.2	15419
9466	MPST	ENSG00000128309.20	ENST00000429360.6	1350
9467	MPV17	ENSG00000115204.17	ENST00000380044.6	1002
9468	MPV17L	ENSG00000156968.10	ENST00000396385.4	5894
9469	MPV17L2	ENSG00000254858.12	ENST00000599612.3	1578
9470	MPZ	ENSG00000158887.22	ENST00000533357.5	1951
9471	MPZL1	ENSG00000197965.14	ENST00000359523.7	4978
9472	MPZL2	ENSG00000149573.11	ENST00000278937.7	2622
9473	MPZL3	ENSG00000160588.11	ENST00000278949.9	3983
9474	MR1	ENSG00000153029.18	ENST00000367580.6	7724
9475	MRAP	ENSG00000170262.15	ENST00000303645.10	930
9476	MRAP2	ENSG00000135324.8	ENST00000257776.5	2137
9477	MRAS	ENSG00000158186.15	ENST00000423968.7	4098
9478	MRC1	ENSG00000260314.5	ENST00000569591.3	5188
9479	MRC2	ENSG00000011028.15	ENST00000303375.10	5719
9480	MRE11	ENSG00000020922.15	ENST00000323929.8	6841
9481	MREG	ENSG00000118242.18	ENST00000263268.11	3148
9482	MRFAP1	ENSG00000179010.18	ENST00000382581.5	1574
9483	MRFAP1L1	ENSG00000178988.13	ENST00000320848.7	1578
9484	MRGBP	ENSG00000101189.9	ENST00000370487.5	2752
9485	MRGPRD	ENSG00000172938.3	ENST00000309106.3	966
9486	MRGPRE	ENSG00000184350.12	ENST00000389832.7	4108
9487	MRGPRF	ENSG00000172935.12	ENST00000309099.7	2132
9488	MRGPRX1	ENSG00000170255.8	ENST00000526914.2	1446
9489	MRGPRX2	ENSG00000183695.3	ENST00000329773.3	2072
9490	MRGPRX3	ENSG00000179826.8	ENST00000621697.2	1480
9491	MRGPRX4	ENSG00000179817.5	ENST00000314254.3	1444
9492	MRI1	ENSG00000037757.16	ENST00000040663.8	3178
9493	MRM1	ENSG00000278619.7	ENST00000614766.5	1839
9494	MRO	ENSG00000134042.16	ENST00000398439.8	5200
9495	MROH1	ENSG00000179832.20	ENST00000326134.10	5349
9496	MROH2A	ENSG00000185038.16	ENST00000389758.4	5350
9497	MROH2B	ENSG00000171495.17	ENST00000399564.5	5280
9498	MROH6	ENSG00000204839.10	ENST00000398882.8	3265
9499	MROH7	ENSG00000184313.21	ENST00000421030.7	4343
9500	MROH7-TTC4	ENSG00000271723.5	ENST00000414150.6	5867
9501	MROH8	ENSG00000101353.17	ENST00000343811.11	3453
9502	MROH9	ENSG00000117501.17	ENST00000367759.9	3102
9503	MRPL57	ENSG00000173141.7	ENST00000309594.5	2233
9504	MRPL1	ENSG00000169288.20	ENST00000315567.13	1175
9505	MRPL10	ENSG00000159111.15	ENST00000351111.7	1749
9506	MRPL11	ENSG00000174547.15	ENST00000310999.11	1605
9507	MRPL12	ENSG00000262814.10	ENST00000333676.8	1009
9508	MRPL13	ENSG00000172172.10	ENST00000306185.8	1260
9509	MRPL14	ENSG00000180992.9	ENST00000372014.5	957
9510	MRPL15	ENSG00000137547.11	ENST00000260102.9	1729
9511	MRPL16	ENSG00000166902.7	ENST00000300151.5	1083
9512	MRPL17	ENSG00000158042.11	ENST00000288937.7	2305
9513	MRPL18	ENSG00000112110.12	ENST00000367034.5	970
9514	MRPL19	ENSG00000115364.16	ENST00000393909.7	7825
9515	MRPL2	ENSG00000112651.14	ENST00000388752.8	1216
9516	MRPL20	ENSG00000242485.8	ENST00000344843.12	700
9517	MRPL21	ENSG00000197345.15	ENST00000362034.7	693
9518	MRPL22	ENSG00000082515.20	ENST00000523037.6	3173
9519	MRPL23	ENSG00000214026.13	ENST00000397298.8	673
9520	MRPL24	ENSG00000143314.14	ENST00000361531.6	883
9521	MRPL27	ENSG00000108826.18	ENST00000225969.9	686
9522	MRPL28	ENSG00000086504.20	ENST00000199706.13	1524
9523	MRPL3	ENSG00000114686.11	ENST00000264995.8	1708
9524	MRPL30	ENSG00000185414.22	ENST00000338148.8	4435
9525	MRPL32	ENSG00000106591.6	ENST00000223324.3	859
9526	MRPL33	ENSG00000243147.10	ENST00000296102.8	508
9527	MRPL34	ENSG00000130312.8	ENST00000252602.2	764
9528	MRPL35	ENSG00000132313.16	ENST00000337109.9	3723
9529	MRPL36	ENSG00000171421.15	ENST00000505059.7	609
9530	MRPL37	ENSG00000116221.17	ENST00000360840.9	1483
9531	MRPL38	ENSG00000204316.15	ENST00000309352.4	1358
9532	MRPL39	ENSG00000154719.16	ENST00000352957.9	1074
9533	MRPL4	ENSG00000105364.16	ENST00000253099.11	1218
9534	MRPL40	ENSG00000185608.11	ENST00000333130.4	744
9535	MRPL41	ENSG00000182154.9	ENST00000371443.6	582
9536	MRPL42	ENSG00000198015.16	ENST00000549982.6	15557
9537	MRPL43	ENSG00000055950.19	ENST00000318364.13	999
9538	MRPL44	ENSG00000135900.6	ENST00000258383.4	1689
9539	MRPL45	ENSG00000278845.7	ENST00000613675.5	1553
9540	MRPL46	ENSG00000259494.4	ENST00000312475.5	986
9541	MRPL47	ENSG00000136522.16	ENST00000476781.6	1354
9542	MRPL48	ENSG00000175581.16	ENST00000310614.12	1500
9543	MRPL49	ENSG00000149792.11	ENST00000279242.7	2026
9544	MRPL50	ENSG00000136897.9	ENST00000374865.5	3336
9545	MRPL51	ENSG00000111639.10	ENST00000229238.5	898
9546	MRPL52	ENSG00000172590.20	ENST00000397496.7	1111
9547	MRPL53	ENSG00000204822.9	ENST00000258105.8	496
9548	MRPL54	ENSG00000183617.7	ENST00000330133.5	608
9549	MRPL55	ENSG00000162910.21	ENST00000336520.8	738
9550	MRPL9	ENSG00000143436.12	ENST00000368830.8	1224
9551	MRPS10	ENSG00000048544.9	ENST00000053468.4	2100
9552	MRPS11	ENSG00000181991.18	ENST00000325844.9	3392
9553	MRPS12	ENSG00000128626.14	ENST00000308018.9	959
9554	MRPS14	ENSG00000120333.6	ENST00000476371.1	2115
9555	MRPS15	ENSG00000116898.14	ENST00000373116.6	953
9556	MRPS16	ENSG00000182180.16	ENST00000372945.8	2579
9557	MRPS17	ENSG00000239789.8	ENST00000285298.9	1786
9558	MRPS18A	ENSG00000096080.14	ENST00000372133.8	1163
9559	MRPS18B	ENSG00000204568.14	ENST00000259873.5	1398
9560	MRPS18C	ENSG00000163319.13	ENST00000295491.9	1550
9561	MRPS2	ENSG00000122140.15	ENST00000241600.10	1458
9562	MRPS21	ENSG00000266472.8	ENST00000614145.5	1085
9563	MRPS22	ENSG00000175110.16	ENST00000680020.1	1205
9564	MRPS23	ENSG00000181610.15	ENST00000313608.13	5609
9565	MRPS24	ENSG00000062582.16	ENST00000317534.6	667
9566	MRPS25	ENSG00000131368.11	ENST00000253686.7	4572
9567	MRPS26	ENSG00000125901.8	ENST00000380325.4	1016
9568	MRPS27	ENSG00000113048.21	ENST00000261413.10	2770
9569	MRPS28	ENSG00000147586.12	ENST00000276585.9	838
9570	MRPS30	ENSG00000112996.13	ENST00000507110.6	1648
9571	MRPS31	ENSG00000102738.10	ENST00000323563.8	1486
9572	MRPS33	ENSG00000090263.18	ENST00000324787.10	4210
9573	MRPS34	ENSG00000074071.17	ENST00000397375.7	998
9574	MRPS35	ENSG00000061794.15	ENST00000081029.8	1829
9575	KGD4	ENSG00000134056.14	ENST00000256441.5	1315
9576	MRPS5	ENSG00000144029.16	ENST00000272418.7	3298
9577	MRPS6	ENSG00000243927.8	ENST00000399312.3	931
9578	MRPS7	ENSG00000125445.13	ENST00000245539.11	1204
9579	MRPS9	ENSG00000135972.11	ENST00000258455.8	1414
9580	MRRF	ENSG00000148187.20	ENST00000344641.8	9594
9581	MRS2	ENSG00000124532.17	ENST00000378386.8	3939
9582	MRTO4	ENSG00000053372.7	ENST00000330263.5	2049
9583	IRAG1	ENSG00000072952.23	ENST00000423302.7	6129
9584	MS4A1	ENSG00000156738.20	ENST00000345732.9	3556
9585	MS4A10	ENSG00000172689.2	ENST00000308287.2	2311
9586	MS4A12	ENSG00000071203.11	ENST00000016913.8	1167
9587	MS4A13	ENSG00000204979.8	ENST00000378186.7	949
9588	MS4A14	ENSG00000166928.12	ENST00000300187.11	2908
9589	MS4A15	ENSG00000166961.17	ENST00000405633.4	1961
9590	MS4A2	ENSG00000149534.9	ENST00000278888.8	3648
9591	MS4A3	ENSG00000149516.16	ENST00000278865.8	1618
9592	MS4A4A	ENSG00000110079.21	ENST00000337908.5	1522
9593	MS4A4E	ENSG00000214787.12	ENST00000651255.1	2465
9594	MS4A5	ENSG00000166930.7	ENST00000300190.7	739
9595	MS4A6A	ENSG00000110077.18	ENST00000528851.6	1302
9596	MS4A6E	ENSG00000166926.11	ENST00000684409.1	1187
9597	MS4A7	ENSG00000166927.15	ENST00000300184.8	2956
9598	MS4A8	ENSG00000166959.10	ENST00000300226.7	1311
9599	MSANTD1	ENSG00000188981.11	ENST00000438480.7	1549
9600	MSANTD2	ENSG00000120458.14	ENST00000374979.8	2384
9601	MSANTD3	ENSG00000066697.17	ENST00000395067.7	1880
9602	MSANTD3-TMEFF1	ENSG00000251349.3	ENST00000502978.1	2069
9603	MSANTD4	ENSG00000170903.14	ENST00000301919.9	4103
9604	MSC	ENSG00000178860.11	ENST00000325509.5	1956
9605	MSGN1	ENSG00000151379.4	ENST00000281047.4	1339
9606	MSH2	ENSG00000095002.18	ENST00000233146.7	3115
9607	MSH3	ENSG00000113318.13	ENST00000265081.7	4443
9608	MSH4	ENSG00000057468.7	ENST00000263187.4	3270
9609	MSH5	ENSG00000204410.17	ENST00000375750.9	2721
9610	MSH5-SAPCD1	ENSG00000255152.8	ENST00000493662.6	3991
9611	MSH6	ENSG00000116062.21	ENST00000234420.11	4265
9612	MSI1	ENSG00000135097.9	ENST00000257552.7	2959
9613	MSI2	ENSG00000153944.14	ENST00000284073.7	6379
9614	MSL1	ENSG00000188895.14	ENST00000398532.9	5035
9615	MSL2	ENSG00000174579.6	ENST00000309993.3	5186
9616	MSL3	ENSG00000005302.20	ENST00000312196.10	2286
9617	MSLN	ENSG00000102854.18	ENST00000545450.7	2197
9618	MSLNL	ENSG00000162006.10	ENST00000543963.5	2259
9619	MSMB	ENSG00000263639.8	ENST00000582163.3	486
9620	MSMO1	ENSG00000052802.15	ENST00000261507.11	2227
9621	MSMP	ENSG00000215183.6	ENST00000436428.3	677
9622	MSN	ENSG00000147065.20	ENST00000360270.7	3960
9623	MSR1	ENSG00000038945.17	ENST00000262101.10	3618
9624	MSRA	ENSG00000175806.17	ENST00000317173.9	1512
9625	MSRB1	ENSG00000198736.14	ENST00000361871.8	1277
9626	MSRB2	ENSG00000148450.15	ENST00000376510.8	1730
9627	MSRB3	ENSG00000174099.14	ENST00000308259.10	4377
9628	MSS51	ENSG00000166343.11	ENST00000299432.7	2423
9629	MST1	ENSG00000173531.17	ENST00000449682.3	3042
9630	MST1R	ENSG00000164078.17	ENST00000296474.8	4772
9631	STK26	ENSG00000134602.18	ENST00000394334.7	3251
9632	MSTN	ENSG00000138379.6	ENST00000260950.5	2819
9633	MSTO1	ENSG00000125459.20	ENST00000245564.8	2422
9634	MSX1	ENSG00000163132.8	ENST00000382723.5	1940
9635	MSX2	ENSG00000120149.10	ENST00000239243.7	2195
9636	MT1A	ENSG00000205362.13	ENST00000290705.12	396
9637	MT1B	ENSG00000169688.12	ENST00000334346.3	393
9638	MT1E	ENSG00000169715.16	ENST00000330439.7	746
9639	MT1F	ENSG00000198417.9	ENST00000334350.7	425
9640	MT1G	ENSG00000125144.16	ENST00000379811.4	410
9641	MT1H	ENSG00000205358.6	ENST00000332374.5	397
9642	MT1HL1	ENSG00000244020.3	ENST00000464121.3	339
9643	MT1M	ENSG00000205364.6	ENST00000379818.4	398
9644	MT1X	ENSG00000187193.11	ENST00000394485.5	404
9645	MT2A	ENSG00000125148.9	ENST00000245185.6	401
9646	MT3	ENSG00000087250.11	ENST00000200691.5	406
9647	MT4	ENSG00000102891.5	ENST00000219162.4	270
9648	MTA1	ENSG00000182979.20	ENST00000331320.12	2871
9649	MTA2	ENSG00000149480.8	ENST00000278823.7	3083
9650	MTA3	ENSG00000057935.16	ENST00000405094.2	5446
9651	MTAP	ENSG00000099810.23	ENST00000644715.2	6032
9652	MTBP	ENSG00000172167.10	ENST00000305949.6	3067
9653	MTCH1	ENSG00000137409.23	ENST00000373627.10	1955
9654	MTCH2	ENSG00000109919.12	ENST00000302503.8	2522
9655	MTCP1	ENSG00000214827.13	ENST00000369476.8	2184
9656	MTDH	ENSG00000147649.12	ENST00000336273.8	7662
9657	MTERF1	ENSG00000127989.16	ENST00000351870.8	3941
9658	MTERF3	ENSG00000156469.11	ENST00000287025.4	1463
9659	MTERF4	ENSG00000122085.19	ENST00000391980.7	1587
9660	MTERF2	ENSG00000120832.13	ENST00000240050.9	1784
9661	MTF1	ENSG00000188786.12	ENST00000373036.5	7937
9662	MTF2	ENSG00000143033.20	ENST00000370298.9	4075
9663	MTFMT	ENSG00000103707.12	ENST00000220058.9	2746
9664	MTFP1	ENSG00000242114.8	ENST00000266263.10	1133
9665	MTFR1	ENSG00000066855.18	ENST00000262146.9	2651
9666	MTFR1L	ENSG00000117640.20	ENST00000374303.7	1953
9667	MTFR2	ENSG00000146410.14	ENST00000420702.6	1789
9668	MTG1	ENSG00000148824.21	ENST00000317502.11	3424
9669	MTG2	ENSG00000101181.20	ENST00000370823.8	3747
9670	MTHFD1	ENSG00000100714.20	ENST00000652337.1	3154
9671	MTHFD1L	ENSG00000120254.18	ENST00000367321.8	3451
9672	MTHFD2	ENSG00000065911.14	ENST00000394053.7	4403
9673	MTHFD2L	ENSG00000163738.21	ENST00000325278.7	2355
9674	MTHFR	ENSG00000177000.15	ENST00000376590.9	7018
9675	MTHFS	ENSG00000136371.13	ENST00000258874.4	2301
9676	MTHFSD	ENSG00000103248.21	ENST00000360900.11	3028
9677	MTIF2	ENSG00000085760.17	ENST00000263629.9	2536
9678	MTIF3	ENSG00000122033.17	ENST00000381120.8	995
9679	TESMIN	ENSG00000132749.13	ENST00000255087.10	2535
9680	MTM1	ENSG00000171100.18	ENST00000370396.7	3412
9681	MTMR1	ENSG00000063601.19	ENST00000445323.7	4536
9682	MTMR10	ENSG00000166912.19	ENST00000435680.6	4985
9683	MTMR11	ENSG00000014914.23	ENST00000439741.4	2840
9684	MTMR12	ENSG00000150712.13	ENST00000382142.8	5116
9685	MTMR14	ENSG00000163719.22	ENST00000296003.9	2452
9686	MTMR2	ENSG00000087053.21	ENST00000346299.10	4495
9687	MTMR3	ENSG00000100330.18	ENST00000401950.7	8987
9688	MTMR4	ENSG00000108389.12	ENST00000682306.1	5987
9689	MTMR6	ENSG00000139505.15	ENST00000381801.6	5117
9690	MTMR7	ENSG00000003987.16	ENST00000180173.10	5110
9691	MTMR8	ENSG00000102043.17	ENST00000374852.4	2660
9692	MTMR9	ENSG00000104643.12	ENST00000221086.8	7081
9693	MTNR1A	ENSG00000168412.7	ENST00000307161.5	1289
9694	MTNR1B	ENSG00000134640.3	ENST00000257068.3	1634
9695	MTO1	ENSG00000135297.19	ENST00000498286.6	10698
9696	MTOR	ENSG00000198793.16	ENST00000361445.9	8721
9697	MTPAP	ENSG00000107951.17	ENST00000263063.9	5560
9698	MTPN	ENSG00000105887.13	ENST00000393085.4	3782
9699	MTR	ENSG00000116984.17	ENST00000366577.10	10547
9700	MTRF1	ENSG00000120662.18	ENST00000379480.9	2184
9701	MTRF1L	ENSG00000112031.18	ENST00000367233.10	3700
9702	MTRR	ENSG00000124275.17	ENST00000440940.7	3245
9703	MTSS1	ENSG00000170873.21	ENST00000518547.6	4994
9704	MTSS2	ENSG00000132613.17	ENST00000338779.11	4979
9705	MTTP	ENSG00000138823.15	ENST00000265517.10	3920
9706	MTUS1	ENSG00000129422.17	ENST00000693296.1	6125
9707	MTUS2	ENSG00000132938.24	ENST00000612955.6	7439
9708	MTX1	ENSG00000173171.16	ENST00000368376.8	1636
9709	MTX2	ENSG00000128654.16	ENST00000249442.11	1341
9710	MTX3	ENSG00000177034.19	ENST00000512528.3	7931
9711	MUC1	ENSG00000185499.17	ENST00000337604.7	1205
9712	MUC13	ENSG00000173702.9	ENST00000616727.4	2879
9713	MUC15	ENSG00000169550.15	ENST00000529533.6	3387
9714	MUC2	ENSG00000198788.9	ENST00000675028.1	4209
9715	MUC21	ENSG00000204544.5	ENST00000376296.3	3651
9716	MUC5AC	ENSG00000215182.8	ENST00000621226.2	17448
9717	MUC5B	ENSG00000117983.17	ENST00000529681.5	17911
9718	MUC6	ENSG00000184956.16	ENST00000421673.7	8016
9719	MUC7	ENSG00000171195.11	ENST00000304887.6	2363
9720	MUCL1	ENSG00000172551.12	ENST00000308796.11	485
9721	MUL1	ENSG00000090432.9	ENST00000264198.5	2428
9722	PWWP3B	ENSG00000157502.15	ENST00000357175.6	4173
9723	CAVIN4	ENSG00000170681.9	ENST00000307584.6	3098
9724	MUS81	ENSG00000172732.14	ENST00000308110.9	2364
9725	MUSK	ENSG00000030304.16	ENST00000374448.9	8294
9726	MUSTN1	ENSG00000272573.8	ENST00000446157.3	523
9727	MMUT	ENSG00000146085.10	ENST00000274813.4	3811
9728	MUTYH	ENSG00000132781.24	ENST00000456914.7	1708
9729	MVB12A	ENSG00000141971.16	ENST00000317040.12	1250
9730	MVB12B	ENSG00000196814.17	ENST00000361171.8	4838
9731	MVD	ENSG00000167508.14	ENST00000301012.8	1799
9732	MVK	ENSG00000110921.16	ENST00000228510.8	2833
9733	MVP	ENSG00000013364.21	ENST00000357402.10	2798
9734	MX1	ENSG00000157601.17	ENST00000398598.8	2776
9735	MX2	ENSG00000183486.16	ENST00000330714.8	3408
9736	MXD1	ENSG00000059728.13	ENST00000264444.7	5549
9737	MXD3	ENSG00000213347.13	ENST00000439742.7	1067
9738	MXD4	ENSG00000123933.19	ENST00000337190.7	3871
9739	MXI1	ENSG00000119950.22	ENST00000332674.9	3470
9740	MXRA5	ENSG00000101825.9	ENST00000217939.7	9804
9741	MXRA7	ENSG00000182534.15	ENST00000449428.7	1833
9742	MXRA8	ENSG00000162576.19	ENST00000309212.11	2293
9743	MYADM	ENSG00000179820.19	ENST00000391770.9	3054
9744	MYB	ENSG00000118513.23	ENST00000341911.10	3684
9745	MYBBP1A	ENSG00000132382.17	ENST00000254718.9	4558
9746	MYBL1	ENSG00000185697.19	ENST00000522677.8	5161
9747	MYBL2	ENSG00000101057.18	ENST00000217026.5	2668
9748	MYBPC1	ENSG00000196091.17	ENST00000361466.7	4082
9749	MYBPC2	ENSG00000086967.12	ENST00000357701.6	3604
9750	MYBPC3	ENSG00000134571.12	ENST00000545968.6	4217
9751	MYBPH	ENSG00000133055.12	ENST00000255416.9	1818
9752	MYBPHL	ENSG00000221986.9	ENST00000357155.2	1342
9753	MYC	ENSG00000136997.22	ENST00000621592.8	3721
9754	MYCBP	ENSG00000214114.11	ENST00000397572.5	2532
9755	MYCBP2	ENSG00000005810.22	ENST00000544440.7	15077
9756	MYCBPAP	ENSG00000136449.18	ENST00000323776.11	3135
9757	MYCL	ENSG00000116990.13	ENST00000372816.3	3522
9758	MYCN	ENSG00000134323.15	ENST00000281043.4	2613
9759	MYCT1	ENSG00000120279.8	ENST00000367245.6	3030
9760	MYD88	ENSG00000172936.20	ENST00000650905.2	2667
9761	MYEF2	ENSG00000104177.21	ENST00000324324.12	10137
9762	MYEOV	ENSG00000172927.11	ENST00000441339.3	2381
9763	COPS9	ENSG00000172428.13	ENST00000607357.2	418
9764	MYF5	ENSG00000111049.5	ENST00000228644.4	1540
9765	MYF6	ENSG00000111046.6	ENST00000228641.4	1329
9766	MYH1	ENSG00000109061.12	ENST00000226207.6	6023
9767	MYH10	ENSG00000133026.16	ENST00000360416.8	7707
9768	MYH11	ENSG00000133392.21	ENST00000300036.6	6880
9769	MYH13	ENSG00000006788.15	ENST00000252172.9	5994
9770	MYH14	ENSG00000105357.22	ENST00000642316.2	6914
9771	MYH15	ENSG00000144821.12	ENST00000693548.1	7024
9772	MYH2	ENSG00000125414.21	ENST00000245503.10	6044
9773	MYH3	ENSG00000109063.16	ENST00000583535.6	6032
9774	MYH4	ENSG00000264424.1	ENST00000255381.2	6016
9775	MYH6	ENSG00000197616.15	ENST00000405093.9	5940
9776	MYH7	ENSG00000092054.16	ENST00000355349.4	6027
9777	MYH7B	ENSG00000078814.21	ENST00000262873.13	6551
9778	MYH8	ENSG00000133020.4	ENST00000403437.2	6041
9779	MYH9	ENSG00000100345.25	ENST00000216181.11	7451
9780	MYL1	ENSG00000168530.18	ENST00000352451.4	1049
9781	MYL10	ENSG00000106436.8	ENST00000223167.5	1004
9782	MYL12A	ENSG00000101608.15	ENST00000217652.8	958
9783	MYL12B	ENSG00000118680.16	ENST00000237500.10	1163
9784	MYL2	ENSG00000111245.20	ENST00000228841.15	783
9785	MYL3	ENSG00000160808.15	ENST00000292327.6	885
9786	MYL4	ENSG00000198336.11	ENST00000393450.5	855
9787	MYL5	ENSG00000215375.9	ENST00000400159.7	940
9788	MYL6	ENSG00000092841.21	ENST00000550697.6	708
9789	MYL6B	ENSG00000196465.13	ENST00000695999.1	828
9790	MYL7	ENSG00000106631.10	ENST00000223364.7	612
9791	MYL9	ENSG00000101335.12	ENST00000279022.7	2786
9792	MYLIP	ENSG00000007944.17	ENST00000356840.8	3072
9793	MYLK	ENSG00000065534.22	ENST00000360304.8	10113
9794	MYLK2	ENSG00000101306.13	ENST00000375985.5	2799
9795	MYLK3	ENSG00000140795.15	ENST00000394809.9	8033
9796	MYLK4	ENSG00000145949.14	ENST00000274643.9	5754
9797	MYL11	ENSG00000180209.14	ENST00000322861.12	657
9798	MYNN	ENSG00000085274.18	ENST00000349841.10	4969
9799	MYO10	ENSG00000145555.16	ENST00000513610.6	11442
9800	MYO15A	ENSG00000091536.20	ENST00000647165.2	11811
9801	MYO16	ENSG00000041515.17	ENST00000457511.7	7046
9802	MYO18A	ENSG00000196535.22	ENST00000527372.7	9980
9803	MYO18B	ENSG00000133454.17	ENST00000335473.12	8534
9804	MYO19	ENSG00000278259.7	ENST00000614623.5	3931
9805	MYO1A	ENSG00000166866.15	ENST00000300119.8	3633
9806	MYO1B	ENSG00000128641.21	ENST00000392318.8	5069
9807	MYO1C	ENSG00000197879.19	ENST00000648651.1	4931
9808	MYO1D	ENSG00000176658.19	ENST00000318217.10	5510
9809	MYO1E	ENSG00000157483.11	ENST00000288235.9	8644
9810	MYO1F	ENSG00000142347.23	ENST00000644032.2	4180
9811	MYO1G	ENSG00000136286.18	ENST00000258787.12	3188
9812	MYO1H	ENSG00000174527.11	ENST00000310903.10	4375
9813	MYO3A	ENSG00000095777.19	ENST00000642920.2	5624
9814	MYO3B	ENSG00000071909.20	ENST00000408978.9	6213
9815	MYO5A	ENSG00000197535.17	ENST00000399233.7	12130
9816	MYO5B	ENSG00000167306.23	ENST00000285039.12	9583
9817	MYO5C	ENSG00000128833.15	ENST00000261839.12	6977
9818	MYO6	ENSG00000196586.19	ENST00000369977.8	8615
9819	MYO7A	ENSG00000137474.25	ENST00000409709.9	7483
9820	MYO7B	ENSG00000169994.22	ENST00000409816.8	6910
9821	MYO9A	ENSG00000066933.19	ENST00000356056.10	12478
9822	MYO9B	ENSG00000099331.16	ENST00000682292.1	7606
9823	MYOC	ENSG00000034971.19	ENST00000037502.11	2100
9824	MYOCD	ENSG00000141052.20	ENST00000425538.6	8565
9825	MYOD1	ENSG00000129152.5	ENST00000250003.4	1803
9826	MYOF	ENSG00000138119.19	ENST00000359263.9	6860
9827	MYOG	ENSG00000122180.7	ENST00000241651.5	1507
9828	MYOM1	ENSG00000101605.16	ENST00000356443.9	5707
9829	MYOM2	ENSG00000036448.12	ENST00000262113.9	5008
9830	MYOM3	ENSG00000142661.21	ENST00000374434.4	5760
9831	MYOT	ENSG00000120729.12	ENST00000239926.9	2268
9832	MYOZ1	ENSG00000177791.14	ENST00000359322.5	1300
9833	MYOZ2	ENSG00000172399.8	ENST00000307128.6	2549
9834	MYOZ3	ENSG00000164591.16	ENST00000517768.6	3427
9835	MYPN	ENSG00000138347.17	ENST00000358913.10	5762
9836	MYPOP	ENSG00000176182.8	ENST00000322217.6	1896
9837	MYRF	ENSG00000124920.16	ENST00000278836.10	5940
9838	MYRIP	ENSG00000170011.16	ENST00000302541.11	5073
9839	MYSM1	ENSG00000162601.14	ENST00000472487.6	7751
9840	MYT1	ENSG00000196132.16	ENST00000328439.6	5557
9841	MYT1L	ENSG00000186487.23	ENST00000647738.2	7144
9842	MYZAP	ENSG00000263155.9	ENST00000267853.10	2398
9843	MZB1	ENSG00000170476.17	ENST00000302125.9	925
9844	MZF1	ENSG00000099326.11	ENST00000215057.7	2666
9845	MZT1	ENSG00000204899.7	ENST00000377818.4	2231
9846	MZT2A	ENSG00000173272.18	ENST00000309451.7	599
9847	MZT2B	ENSG00000152082.17	ENST00000281871.11	599
9848	N4BP1	ENSG00000102921.10	ENST00000262384.4	7077
9849	N4BP2	ENSG00000078177.17	ENST00000261435.11	9720
9850	N4BP2L1	ENSG00000139597.20	ENST00000380130.7	2999
9851	N4BP2L2	ENSG00000244754.11	ENST00000267068.6	9440
9852	N4BP3	ENSG00000145911.9	ENST00000274605.6	5985
9853	HEMK2	ENSG00000156239.14	ENST00000303775.10	4861
9854	EEF1AKMT1	ENSG00000150456.13	ENST00000382758.6	1054
9855	NAA10	ENSG00000102030.18	ENST00000464845.6	1603
9856	NAA11	ENSG00000156269.5	ENST00000286794.5	2031
9857	NAA15	ENSG00000164134.16	ENST00000296543.10	6174
9858	NAA16	ENSG00000172766.21	ENST00000379406.8	4285
9859	NAA20	ENSG00000173418.14	ENST00000334982.9	1040
9860	NAA25	ENSG00000111300.12	ENST00000261745.9	5771
9861	NAA30	ENSG00000139977.16	ENST00000556492.6	7600
9862	NAA35	ENSG00000135040.18	ENST00000361671.10	5813
9863	NAA38	ENSG00000183011.16	ENST00000575771.6	520
9864	NAA40	ENSG00000110583.15	ENST00000377793.9	3649
9865	NAA50	ENSG00000121579.16	ENST00000240922.8	6112
9866	NAA60	ENSG00000122390.21	ENST00000407558.9	2656
9867	NAAA	ENSG00000138744.19	ENST00000286733.9	1859
9868	NAALAD2	ENSG00000077616.12	ENST00000534061.6	3466
9869	NAALADL1	ENSG00000168060.17	ENST00000358658.8	2708
9870	NAALADL2	ENSG00000177694.17	ENST00000454872.6	9807
9871	NAB1	ENSG00000138386.19	ENST00000337386.10	4508
9872	NAB2	ENSG00000166886.15	ENST00000300131.8	2491
9873	NABP1	ENSG00000173559.17	ENST00000425611.9	2269
9874	NABP2	ENSG00000139579.15	ENST00000267023.9	1400
9875	NACA	ENSG00000196531.16	ENST00000454682.6	6387
9876	NACA2	ENSG00000253506.3	ENST00000521764.3	799
9877	NACAD	ENSG00000136274.10	ENST00000490531.3	4836
9878	NACC1	ENSG00000160877.9	ENST00000292431.5	4524
9879	NACC2	ENSG00000148411.10	ENST00000277554.4	6903
9880	NADK	ENSG00000008130.17	ENST00000341426.9	3235
9881	NADK2	ENSG00000152620.15	ENST00000381937.9	4011
9882	NADSYN1	ENSG00000172890.15	ENST00000319023.7	2679
9883	NAE1	ENSG00000159593.17	ENST00000290810.8	1813
9884	NAF1	ENSG00000145414.11	ENST00000274054.3	1876
9885	NAGA	ENSG00000198951.14	ENST00000396398.8	3696
9886	NAGK	ENSG00000124357.15	ENST00000244204.11	2371
9887	NAGLU	ENSG00000108784.12	ENST00000225927.7	2475
9888	NAGPA	ENSG00000103174.15	ENST00000312251.8	2203
9889	NAGS	ENSG00000161653.13	ENST00000293404.8	2114
9890	NAIF1	ENSG00000171169.10	ENST00000373078.5	3398
9891	NAIP	ENSG00000249437.10	ENST00000517649.6	7093
9892	NALCN	ENSG00000102452.20	ENST00000251127.11	6971
9893	NAMPT	ENSG00000105835.15	ENST00000222553.8	4360
9894	NAMPTP1	ENSG00000229644.6	ENST00000440465.1	2514
9895	NANOG	ENSG00000111704.13	ENST00000229307.9	5182
9896	NANOS1	ENSG00000188613.8	ENST00000425699.3	4017
9897	NANOS2	ENSG00000188425.4	ENST00000341294.4	1565
9898	NANOS3	ENSG00000187556.9	ENST00000339133.6	948
9899	NANP	ENSG00000170191.6	ENST00000304788.4	3803
9900	NANS	ENSG00000095380.13	ENST00000210444.6	1179
9901	NAP1L1	ENSG00000187109.17	ENST00000618691.5	13159
9902	NAP1L2	ENSG00000186462.10	ENST00000373517.4	2553
9903	NAP1L3	ENSG00000186310.10	ENST00000373079.4	2649
9904	NAP1L4	ENSG00000205531.16	ENST00000380542.9	2463
9905	NAP1L5	ENSG00000177432.8	ENST00000323061.7	1917
9906	NAPA	ENSG00000105402.9	ENST00000263354.8	1662
9907	NAPB	ENSG00000125814.19	ENST00000377026.4	3837
9908	NAPEPLD	ENSG00000161048.14	ENST00000465647.6	5140
9909	NAPG	ENSG00000134265.15	ENST00000322897.11	3559
9910	NAPRT	ENSG00000147813.18	ENST00000449291.7	1682
9911	NAPSA	ENSG00000131400.11	ENST00000253719.7	1357
9912	NARF	ENSG00000141562.21	ENST00000309794.16	3814
9913	CIAO3	ENSG00000103245.16	ENST00000251588.7	2095
9914	ICE2	ENSG00000128915.14	ENST00000261520.9	7206
9915	NARS1	ENSG00000134440.14	ENST00000256854.10	2762
9916	NARS2	ENSG00000137513.13	ENST00000281038.10	2512
9917	NASP	ENSG00000132780.19	ENST00000350030.8	3225
9918	NAT1	ENSG00000171428.17	ENST00000307719.9	1799
9919	NAT10	ENSG00000135372.12	ENST00000257829.8	3973
9920	NAT14	ENSG00000090971.7	ENST00000205194.5	1350
9921	NAT16	ENSG00000167011.10	ENST00000300303.7	2949
9922	NAT2	ENSG00000156006.7	ENST00000286479.4	1285
9923	NAA80	ENSG00000243477.8	ENST00000443094.3	1464
9924	NAT8	ENSG00000144035.6	ENST00000272425.4	1085
9925	NAT8L	ENSG00000185818.9	ENST00000423729.3	6056
9926	NAT9	ENSG00000109065.14	ENST00000357814.8	1907
9927	NAV1	ENSG00000134369.19	ENST00000685211.1	13891
9928	NAV2	ENSG00000166833.24	ENST00000349880.9	11492
9929	NAV3	ENSG00000067798.17	ENST00000397909.7	10219
9930	NBAS	ENSG00000151779.16	ENST00000281513.10	7278
9931	NBEA	ENSG00000172915.21	ENST00000379939.7	11200
9932	NBEAL1	ENSG00000144426.20	ENST00000683969.1	16349
9933	NBEAL2	ENSG00000160796.20	ENST00000450053.8	8842
9934	NBL1	ENSG00000158747.17	ENST00000375136.8	2024
9935	NBN	ENSG00000104320.17	ENST00000265433.8	4622
9936	NBPF10	ENSG00000271425.10	ENST00000583866.9	13030
9937	NBPF12	ENSG00000268043.11	ENST00000698835.1	7435
9938	NBPF15	ENSG00000266338.9	ENST00000581897.7	4862
9939	NBPF20	ENSG00000162825.19	ENST00000698833.1	19578
9940	NBPF3	ENSG00000142794.21	ENST00000318249.10	3767
9941	NBPF4	ENSG00000196427.14	ENST00000415641.8	3371
9942	NBPF6	ENSG00000186086.19	ENST00000495380.7	3356
9943	NBR1	ENSG00000188554.17	ENST00000590996.6	4613
9944	NCALD	ENSG00000104490.19	ENST00000220931.11	3476
9945	NCAM1	ENSG00000149294.19	ENST00000316851.12	5819
9946	NCAM2	ENSG00000154654.16	ENST00000400546.6	8041
9947	NCAN	ENSG00000130287.16	ENST00000252575.11	6402
9948	NCAPD2	ENSG00000010292.15	ENST00000315579.10	4825
9949	NCAPD3	ENSG00000151503.16	ENST00000534548.7	7369
9950	NCAPG	ENSG00000109805.12	ENST00000251496.7	4587
9951	NCAPG2	ENSG00000146918.22	ENST00000356309.8	4049
9952	NCAPH	ENSG00000121152.12	ENST00000240423.9	6030
9953	NCAPH2	ENSG00000025770.21	ENST00000420993.7	3337
9954	NCBP1	ENSG00000136937.15	ENST00000375147.8	4983
9955	NCBP2	ENSG00000114503.12	ENST00000321256.10	2101
9956	NCBP2L	ENSG00000170935.9	ENST00000509000.3	1807
9957	NCCRP1	ENSG00000188505.7	ENST00000339852.5	1975
9958	NCDN	ENSG00000020129.18	ENST00000373243.7	3698
9959	NCEH1	ENSG00000144959.13	ENST00000475381.7	4536
9960	NCF1	ENSG00000158517.18	ENST00000289473.11	1349
9961	NCF2	ENSG00000116701.18	ENST00000367535.8	2267
9962	NCF4	ENSG00000100365.17	ENST00000248899.11	1378
9963	NCK1	ENSG00000158092.9	ENST00000481752.6	4451
9964	NCK2	ENSG00000071051.16	ENST00000233154.9	2666
9965	NCKAP1	ENSG00000061676.18	ENST00000361354.9	20332
9966	NCKAP1L	ENSG00000123338.15	ENST00000293373.11	8980
9967	NCKAP5	ENSG00000176771.19	ENST00000409261.6	7608
9968	NCKAP5L	ENSG00000167566.19	ENST00000335999.7	4882
9969	NCKIPSD	ENSG00000213672.10	ENST00000294129.7	2977
9970	NCL	ENSG00000115053.19	ENST00000322723.9	3924
9971	NCLN	ENSG00000125912.13	ENST00000246117.9	3680
9972	NCMAP	ENSG00000184454.9	ENST00000374392.3	3980
9973	NCOA1	ENSG00000084676.18	ENST00000348332.8	7381
9974	NCOA2	ENSG00000140396.15	ENST00000452400.7	8430
9975	NCOA3	ENSG00000124151.21	ENST00000371998.8	7961
9976	NCOA4	ENSG00000266412.8	ENST00000581486.6	3461
9977	NCOA5	ENSG00000124160.14	ENST00000290231.11	3224
9978	NCOA6	ENSG00000198646.16	ENST00000359003.7	7083
9979	NCOA7	ENSG00000111912.22	ENST00000392477.7	6264
9980	NCOR1	ENSG00000141027.25	ENST00000268712.8	10705
9981	NCOR2	ENSG00000196498.17	ENST00000405201.6	9001
9982	NCR1	ENSG00000189430.14	ENST00000291890.9	1157
9983	NCR2	ENSG00000096264.15	ENST00000373089.10	1125
9984	NCR3	ENSG00000204475.11	ENST00000340027.10	1063
9985	NCS1	ENSG00000107130.12	ENST00000372398.6	5164
9986	NCSTN	ENSG00000162736.20	ENST00000294785.10	2822
9987	NDC1	ENSG00000058804.14	ENST00000371429.4	4552
9988	NDC80	ENSG00000080986.15	ENST00000261597.9	2126
9989	NDE1	ENSG00000072864.18	ENST00000396354.6	3203
9990	NDEL1	ENSG00000166579.18	ENST00000334527.12	2352
9991	NDFIP1	ENSG00000131507.13	ENST00000253814.6	3574
9992	NDFIP2	ENSG00000102471.17	ENST00000218652.12	4624
9993	NDN	ENSG00000182636.8	ENST00000649030.2	1906
9994	NDNF	ENSG00000173376.16	ENST00000379692.9	2902
9995	NSMCE3	ENSG00000185115.6	ENST00000332303.6	4834
9996	NDOR1	ENSG00000188566.17	ENST00000684003.1	4817
9997	NDP	ENSG00000124479.13	ENST00000642620.1	1719
9998	NDRG1	ENSG00000104419.18	ENST00000323851.13	3025
9999	NDRG2	ENSG00000165795.27	ENST00000556147.6	2978
10000	NDRG3	ENSG00000101079.23	ENST00000349004.6	2971
10001	NDRG4	ENSG00000103034.17	ENST00000570248.6	3208
10002	NDST1	ENSG00000070614.17	ENST00000261797.7	8011
10003	NDST2	ENSG00000166507.21	ENST00000309979.11	3758
10004	NDST3	ENSG00000164100.11	ENST00000296499.6	5806
10005	NDST4	ENSG00000138653.11	ENST00000264363.7	3095
10006	NDUFA1	ENSG00000125356.9	ENST00000371437.5	421
10007	NDUFA10	ENSG00000130414.15	ENST00000252711.7	4855
10008	NDUFA11	ENSG00000174886.17	ENST00000308961.5	575
10009	NDUFA12	ENSG00000184752.16	ENST00000327772.7	562
10010	NDUFA13	ENSG00000186010.21	ENST00000507754.9	521
10011	NDUFA2	ENSG00000131495.10	ENST00000252102.9	649
10012	NDUFA3	ENSG00000170906.18	ENST00000485876.6	945
10013	COXFA4	ENSG00000189043.12	ENST00000339600.6	2035
10014	COXFA4L2	ENSG00000185633.13	ENST00000554503.6	943
10015	NDUFA5	ENSG00000128609.18	ENST00000355749.7	5496
10016	NDUFA6	ENSG00000184983.13	ENST00000498737.8	1072
10017	NDUFA7	ENSG00000267855.8	ENST00000301457.3	580
10018	NDUFA8	ENSG00000119421.9	ENST00000373768.4	804
10019	NDUFA9	ENSG00000139180.13	ENST00000266544.10	8356
10020	NDUFAB1	ENSG00000004779.12	ENST00000007516.8	665
10021	NDUFAF1	ENSG00000137806.12	ENST00000260361.9	1509
10022	NDUFAF2	ENSG00000164182.14	ENST00000296597.10	632
10023	NDUFAF3	ENSG00000178057.17	ENST00000326925.11	902
10024	NDUFAF4	ENSG00000123545.8	ENST00000316149.8	2407
10025	NDUFAF5	ENSG00000101247.20	ENST00000378106.10	5449
10026	NDUFAF6	ENSG00000156170.16	ENST00000396124.9	1795
10027	NDUFAF7	ENSG00000003509.18	ENST00000002125.9	2184
10028	NDUFB1	ENSG00000183648.13	ENST00000605997.6	317
10029	NDUFB10	ENSG00000140990.17	ENST00000268668.11	675
10030	NDUFB11	ENSG00000147123.14	ENST00000377811.4	586
10031	NDUFB2	ENSG00000090266.15	ENST00000247866.9	465
10032	NDUFB3	ENSG00000119013.12	ENST00000237889.9	493
10033	NDUFB4	ENSG00000065518.10	ENST00000184266.3	651
10034	NDUFB5	ENSG00000136521.15	ENST00000259037.8	4199
10035	NDUFB6	ENSG00000165264.13	ENST00000379847.8	1361
10036	NDUFB7	ENSG00000099795.9	ENST00000215565.3	535
10037	NDUFB8	ENSG00000166136.19	ENST00000299166.9	678
10038	NDUFB9	ENSG00000147684.12	ENST00000276689.8	691
10039	NDUFC1	ENSG00000109390.15	ENST00000394223.2	696
10040	NDUFC2	ENSG00000151366.15	ENST00000281031.5	2168
10041	NDUFC2-KCTD14	ENSG00000259112.2	ENST00000530054.1	656
10042	NDUFS1	ENSG00000023228.17	ENST00000233190.11	11660
10043	NDUFS2	ENSG00000158864.15	ENST00000676972.1	1613
10044	NDUFS3	ENSG00000213619.13	ENST00000263774.9	894
10045	NDUFS4	ENSG00000164258.14	ENST00000296684.10	669
10046	NDUFS5	ENSG00000168653.13	ENST00000372969.8	495
10047	NDUFS6	ENSG00000145494.14	ENST00000274137.10	518
10048	NDUFS7	ENSG00000115286.23	ENST00000233627.14	758
10049	NDUFS8	ENSG00000110717.15	ENST00000313468.10	737
10050	NDUFV1	ENSG00000167792.15	ENST00000322776.11	1560
10051	NDUFV2	ENSG00000178127.15	ENST00000318388.11	857
10052	NDUFV3	ENSG00000160194.20	ENST00000354250.7	5725
10053	NEB	ENSG00000183091.22	ENST00000397345.8	26191
10054	NEBL	ENSG00000078114.21	ENST00000377122.9	8925
10055	NECAB1	ENSG00000123119.14	ENST00000417640.7	5049
10056	NECAB2	ENSG00000103154.12	ENST00000305202.9	1996
10057	NECAB3	ENSG00000125967.19	ENST00000246190.11	2009
10058	NECAP1	ENSG00000089818.19	ENST00000339754.11	2634
10059	NECAP2	ENSG00000157191.22	ENST00000337132.10	2018
10060	NEDD1	ENSG00000139350.15	ENST00000266742.9	4015
10061	NEDD4	ENSG00000069869.19	ENST00000435532.8	5735
10062	NEDD4L	ENSG00000049759.22	ENST00000400345.8	8633
10063	NEDD8	ENSG00000129559.15	ENST00000250495.10	616
10064	NEDD8-MDP1	ENSG00000255526.6	ENST00000534348.5	595
10065	NEDD9	ENSG00000111859.19	ENST00000379446.10	4522
10066	NEFH	ENSG00000100285.11	ENST00000310624.7	3795
10067	NEFM	ENSG00000104722.15	ENST00000221166.10	3271
10068	NEGR1	ENSG00000172260.15	ENST00000357731.10	12613
10069	NEIL1	ENSG00000140398.16	ENST00000355059.9	3711
10070	NEIL2	ENSG00000154328.18	ENST00000284503.7	2699
10071	NEIL3	ENSG00000109674.6	ENST00000264596.4	2363
10072	NEK1	ENSG00000137601.20	ENST00000507142.6	6096
10073	NEK10	ENSG00000163491.20	ENST00000691995.1	8332
10074	NEK11	ENSG00000114670.16	ENST00000383366.9	2926
10075	NEK2	ENSG00000117650.15	ENST00000366999.9	2134
10076	NEK3	ENSG00000136098.21	ENST00000610828.5	2128
10077	NEK4	ENSG00000114904.15	ENST00000233027.10	6053
10078	NEK5	ENSG00000197168.16	ENST00000684899.1	5971
10079	NEK6	ENSG00000119408.19	ENST00000320246.10	3468
10080	NEK7	ENSG00000151414.17	ENST00000367385.9	4114
10081	NEK8	ENSG00000160602.16	ENST00000268766.11	3573
10082	NEK9	ENSG00000119638.16	ENST00000238616.10	8278
10083	NELFA	ENSG00000185049.18	ENST00000382882.9	2198
10084	NELFB	ENSG00000188986.10	ENST00000343053.6	2540
10085	NELFCD	ENSG00000101158.17	ENST00000652272.2	2237
10086	NELFE	ENSG00000204356.16	ENST00000375429.8	1445
10087	NELL1	ENSG00000165973.21	ENST00000357134.10	3235
10088	NELL2	ENSG00000184613.13	ENST00000429094.7	3553
10089	NEMF	ENSG00000165525.20	ENST00000298310.10	5819
10090	NENF	ENSG00000117691.12	ENST00000366988.5	916
10091	NEO1	ENSG00000067141.19	ENST00000261908.11	7108
10092	NES	ENSG00000132688.13	ENST00000368223.4	5568
10093	NET1	ENSG00000173848.21	ENST00000355029.9	3989
10094	NETO1	ENSG00000166342.21	ENST00000327305.11	6721
10095	NETO2	ENSG00000171208.12	ENST00000562435.6	7429
10096	NEU1	ENSG00000204386.15	ENST00000375631.5	3353
10097	NEU2	ENSG00000115488.4	ENST00000233840.3	1143
10098	NEU3	ENSG00000162139.12	ENST00000294064.9	5929
10099	NEU4	ENSG00000204099.14	ENST00000407683.6	1905
10100	NEURL1	ENSG00000107954.13	ENST00000369780.9	4582
10101	NEURL1B	ENSG00000214357.11	ENST00000369800.6	6427
10102	NEURL2	ENSG00000124257.8	ENST00000372518.5	1199
10103	NEURL4	ENSG00000215041.12	ENST00000399464.7	5207
10104	NEUROD1	ENSG00000162992.6	ENST00000295108.4	2493
10105	NEUROD2	ENSG00000171532.6	ENST00000302584.5	3030
10106	NEUROD4	ENSG00000123307.5	ENST00000242994.4	3927
10107	NEUROD6	ENSG00000164600.8	ENST00000297142.4	1959
10108	NEUROG1	ENSG00000181965.6	ENST00000314744.6	1683
10109	NEUROG2	ENSG00000178403.4	ENST00000313341.4	2295
10110	NEUROG3	ENSG00000122859.7	ENST00000242462.5	1560
10111	NEXN	ENSG00000162614.21	ENST00000334785.12	3282
10112	NF1	ENSG00000196712.21	ENST00000358273.9	12373
10113	NF2	ENSG00000186575.22	ENST00000338641.10	5950
10114	NFAM1	ENSG00000235568.9	ENST00000329021.10	5613
10115	NFASC	ENSG00000163531.19	ENST00000339876.11	10336
10116	NFAT5	ENSG00000102908.25	ENST00000349945.7	13289
10117	NFATC1	ENSG00000131196.19	ENST00000427363.7	4873
10118	NFATC2	ENSG00000101096.22	ENST00000371564.8	7519
10119	NFATC2IP	ENSG00000176953.15	ENST00000320805.9	4564
10120	NFATC3	ENSG00000072736.20	ENST00000346183.8	6328
10121	NFATC4	ENSG00000100968.15	ENST00000250373.9	4762
10122	NFE2	ENSG00000123405.16	ENST00000435572.7	1656
10123	NFE2L1	ENSG00000082641.18	ENST00000362042.8	4839
10124	NFE2L2	ENSG00000116044.19	ENST00000397062.8	2446
10125	NFE2L3	ENSG00000050344.11	ENST00000056233.4	3740
10126	NFIA	ENSG00000162599.20	ENST00000403491.8	9229
10127	NFIB	ENSG00000147862.20	ENST00000380953.6	8576
10128	NFIC	ENSG00000141905.21	ENST00000443272.3	8029
10129	NFIL3	ENSG00000165030.7	ENST00000297689.4	2055
10130	NFIX	ENSG00000008441.20	ENST00000592199.6	6019
10131	NFKB1	ENSG00000109320.16	ENST00000226574.9	4055
10132	NFKB2	ENSG00000077150.23	ENST00000661543.1	3015
10133	NFKBIA	ENSG00000100906.14	ENST00000216797.10	1559
10134	NFKBIB	ENSG00000104825.19	ENST00000313582.6	1192
10135	NFKBID	ENSG00000167604.17	ENST00000641389.3	2013
10136	NFKBIE	ENSG00000146232.19	ENST00000619360.6	2344
10137	NFKBIL1	ENSG00000204498.12	ENST00000376148.9	1451
10138	NFKBIZ	ENSG00000144802.12	ENST00000326172.9	3923
10139	NFRKB	ENSG00000170322.17	ENST00000682444.1	5173
10140	NFS1	ENSG00000244005.15	ENST00000374092.9	3008
10141	NFU1	ENSG00000169599.15	ENST00000410022.7	898
10142	NFX1	ENSG00000086102.21	ENST00000379540.8	4599
10143	NFXL1	ENSG00000170448.14	ENST00000507489.2	3880
10144	NFYA	ENSG00000001167.17	ENST00000341376.11	6209
10145	NFYB	ENSG00000120837.10	ENST00000240055.8	3424
10146	NFYC	ENSG00000066136.23	ENST00000447388.8	1955
10147	NGB	ENSG00000165553.6	ENST00000298352.5	1778
10148	NGDN	ENSG00000129460.19	ENST00000408901.8	1108
10149	NGEF	ENSG00000066248.17	ENST00000264051.8	3184
10150	NGF	ENSG00000134259.8	ENST00000369512.3	1061
10151	NGFR	ENSG00000064300.10	ENST00000172229.8	3408
10152	BEX3	ENSG00000166681.16	ENST00000361298.9	810
10153	NGLY1	ENSG00000151092.20	ENST00000280700.10	2534
10154	NGRN	ENSG00000182768.11	ENST00000379095.5	1340
10155	NHEJ1	ENSG00000187736.16	ENST00000356853.10	8020
10156	NHLH1	ENSG00000171786.6	ENST00000302101.6	2557
10157	NHLH2	ENSG00000177551.6	ENST00000320238.3	2512
10158	NHLRC1	ENSG00000187566.6	ENST00000340650.6	2238
10159	NHLRC2	ENSG00000196865.6	ENST00000369301.3	11051
10160	NHLRC3	ENSG00000188811.15	ENST00000379600.8	3411
10161	NHLRC4	ENSG00000257108.3	ENST00000424439.3	2096
10162	NHP2	ENSG00000145912.12	ENST00000274606.8	780
10163	SNU13	ENSG00000100138.16	ENST00000401959.6	1458
10164	NHS	ENSG00000188158.17	ENST00000676302.1	9044
10165	NHSL2	ENSG00000204131.12	ENST00000633930.2	13633
10166	NICN1	ENSG00000145029.17	ENST00000273598.8	3227
10167	NID1	ENSG00000116962.17	ENST00000264187.7	5792
10168	NID2	ENSG00000087303.20	ENST00000216286.10	4870
10169	NIF3L1	ENSG00000196290.19	ENST00000409020.6	1689
10170	NIM1K	ENSG00000177453.9	ENST00000326035.6	2313
10171	NIN	ENSG00000100503.29	ENST00000530997.7	10334
10172	NINJ1	ENSG00000131669.12	ENST00000375446.5	1237
10173	NINJ2	ENSG00000171840.15	ENST00000305108.10	918
10174	NINL	ENSG00000101004.18	ENST00000278886.11	4991
10175	NIP7	ENSG00000132603.17	ENST00000254940.10	2055
10176	NIPA1	ENSG00000170113.18	ENST00000337435.9	6553
10177	NIPA2	ENSG00000140157.18	ENST00000337451.8	3227
10178	NIPAL1	ENSG00000163293.14	ENST00000295461.10	5302
10179	NIPAL2	ENSG00000104361.12	ENST00000430223.7	4402
10180	NIPAL3	ENSG00000001461.21	ENST00000374399.9	5372
10181	NIPAL4	ENSG00000172548.16	ENST00000311946.8	3085
10182	NIPBL	ENSG00000164190.20	ENST00000282516.13	10425
10183	NIPSNAP1	ENSG00000184117.14	ENST00000216121.12	2013
10184	NIPSNAP3A	ENSG00000136783.12	ENST00000374767.5	1636
10185	NIPSNAP3B	ENSG00000165028.14	ENST00000374762.4	5547
10186	NISCH	ENSG00000010322.18	ENST00000345716.9	5139
10187	NIT1	ENSG00000158793.16	ENST00000368009.7	1485
10188	NIT2	ENSG00000114021.14	ENST00000394140.9	7233
10189	NKAIN1	ENSG00000084628.12	ENST00000373736.7	2922
10190	NKAIN2	ENSG00000188580.17	ENST00000368417.6	3374
10191	NKAIN3	ENSG00000185942.14	ENST00000623646.3	20374
10192	NKAIN4	ENSG00000101198.16	ENST00000370316.8	1353
10193	NKAP	ENSG00000101882.12	ENST00000371410.5	5942
10194	NKAPL	ENSG00000189134.4	ENST00000343684.4	1662
10195	NKD1	ENSG00000140807.8	ENST00000268459.6	17039
10196	NKD2	ENSG00000145506.16	ENST00000296849.10	2182
10197	NKG7	ENSG00000105374.12	ENST00000221978.10	774
10198	NKIRAS1	ENSG00000197885.13	ENST00000425478.7	4069
10199	NKIRAS2	ENSG00000168256.20	ENST00000393885.9	2453
10200	NKPD1	ENSG00000179846.11	ENST00000686631.1	4822
10201	NKRF	ENSG00000186416.19	ENST00000688521.1	2352
10202	NKTR	ENSG00000114857.21	ENST00000232978.13	7265
10203	NKX1-1	ENSG00000235608.2	ENST00000422806.2	1347
10204	NKX2-1	ENSG00000136352.21	ENST00000354822.7	2190
10205	NKX2-2	ENSG00000125820.7	ENST00000377142.5	2123
10206	NKX2-3	ENSG00000119919.13	ENST00000344586.9	2088
10207	NKX2-4	ENSG00000125816.6	ENST00000351817.5	1738
10208	NKX2-5	ENSG00000183072.11	ENST00000329198.5	1558
10209	NKX2-6	ENSG00000180053.8	ENST00000325017.4	1775
10210	NKX2-8	ENSG00000136327.7	ENST00000258829.6	1843
10211	NKX3-1	ENSG00000167034.11	ENST00000380871.5	3278
10212	NKX3-2	ENSG00000109705.9	ENST00000382438.6	2259
10213	NKX6-1	ENSG00000163623.11	ENST00000295886.5	3472
10214	NKX6-2	ENSG00000148826.10	ENST00000368592.8	2768
10215	NKX6-3	ENSG00000165066.13	ENST00000518699.4	2395
10216	NLE1	ENSG00000073536.20	ENST00000442241.9	5193
10217	NLGN1	ENSG00000169760.19	ENST00000695368.1	16241
10218	NLGN2	ENSG00000169992.11	ENST00000302926.7	4980
10219	NLGN3	ENSG00000196338.17	ENST00000358741.4	3975
10220	NLGN4X	ENSG00000146938.18	ENST00000381095.8	5858
10221	NLGN4Y	ENSG00000165246.17	ENST00000684976.1	7194
10222	NLK	ENSG00000087095.15	ENST00000407008.8	3526
10223	NLN	ENSG00000123213.25	ENST00000380985.10	8652
10224	NLRC3	ENSG00000167984.20	ENST00000359128.10	6413
10225	NLRC4	ENSG00000091106.21	ENST00000402280.6	3362
10226	NLRC5	ENSG00000140853.19	ENST00000688547.1	6781
10227	NLRP1	ENSG00000091592.18	ENST00000572272.6	5610
10228	NLRP10	ENSG00000182261.5	ENST00000691676.1	4322
10229	NLRP11	ENSG00000179873.15	ENST00000589093.6	3427
10230	NLRP12	ENSG00000142405.26	ENST00000324134.11	3634
10231	NLRP13	ENSG00000173572.13	ENST00000342929.4	3157
10232	NLRP14	ENSG00000158077.7	ENST00000299481.5	3813
10233	NLRP2	ENSG00000022556.18	ENST00000448584.7	3540
10234	NLRP3	ENSG00000162711.21	ENST00000336119.8	4187
10235	NLRP4	ENSG00000160505.16	ENST00000301295.11	3713
10236	NLRP5	ENSG00000171487.18	ENST00000850973.1	3850
10237	NLRP6	ENSG00000174885.14	ENST00000534750.6	2923
10238	NLRP7	ENSG00000167634.13	ENST00000592784.6	3440
10239	NLRP8	ENSG00000179709.10	ENST00000850972.1	3218
10240	NLRP9	ENSG00000185792.10	ENST00000332836.7	3478
10241	NLRX1	ENSG00000160703.19	ENST00000409109.6	4131
10242	NMB	ENSG00000197696.11	ENST00000360476.8	655
10243	NMBR	ENSG00000135577.5	ENST00000258042.2	3079
10244	NMD3	ENSG00000169251.15	ENST00000351193.7	3028
10245	NME1	ENSG00000239672.10	ENST00000393196.8	890
10246	NME1-NME2	ENSG00000011052.21	ENST00000393193.6	1021
10247	NME2	ENSG00000243678.14	ENST00000512737.6	690
10248	NME3	ENSG00000103024.10	ENST00000219302.8	848
10249	NME4	ENSG00000103202.15	ENST00000219479.7	1000
10250	NME5	ENSG00000112981.7	ENST00000265191.4	1208
10251	NME6	ENSG00000172113.12	ENST00000442597.6	2903
10252	NME7	ENSG00000143156.16	ENST00000367811.8	1472
10253	NME8	ENSG00000086288.12	ENST00000199447.9	2308
10254	NME9	ENSG00000181322.17	ENST00000333911.9	2150
10255	NMI	ENSG00000123609.13	ENST00000243346.10	1229
10256	NMNAT1	ENSG00000173614.16	ENST00000377205.6	3734
10257	NMNAT2	ENSG00000157064.13	ENST00000287713.7	5441
10258	NMNAT3	ENSG00000163864.20	ENST00000704800.1	2023
10259	NMRAL1	ENSG00000153406.16	ENST00000283429.11	1092
10260	NMRK1	ENSG00000106733.23	ENST00000361092.9	1754
10261	NMRK2	ENSG00000077009.16	ENST00000168977.7	1160
10262	NMS	ENSG00000204640.1	ENST00000376865.1	485
10263	NMT1	ENSG00000136448.15	ENST00000258960.7	4881
10264	NMT2	ENSG00000152465.20	ENST00000378165.9	5003
10265	NMU	ENSG00000109255.13	ENST00000264218.7	816
10266	NMUR1	ENSG00000171596.8	ENST00000305141.5	3221
10267	NMUR2	ENSG00000132911.7	ENST00000255262.4	2059
10268	NNAT	ENSG00000053438.12	ENST00000649451.1	1259
10269	NNMT	ENSG00000166741.11	ENST00000299964.4	2012
10270	NNT	ENSG00000112992.20	ENST00000344920.9	6421
10271	NOA1	ENSG00000084092.9	ENST00000264230.5	2218
10272	NOB1	ENSG00000141101.15	ENST00000268802.10	1716
10273	NOBOX	ENSG00000106410.17	ENST00000645489.3	2071
10274	NOC2L	ENSG00000188976.13	ENST00000327044.7	2757
10275	NOC3L	ENSG00000173145.13	ENST00000371361.3	3455
10276	NOC4L	ENSG00000184967.9	ENST00000330579.6	1650
10277	NOD1	ENSG00000106100.13	ENST00000222823.9	4503
10278	NOD2	ENSG00000167207.17	ENST00000647318.2	4363
10279	NODAL	ENSG00000156574.11	ENST00000287139.8	2058
10280	NOG	ENSG00000183691.6	ENST00000332822.6	1913
10281	NOL10	ENSG00000115761.19	ENST00000381685.10	3498
10282	NOL11	ENSG00000130935.12	ENST00000253247.9	2844
10283	NOL12	ENSG00000273899.7	ENST00000359114.9	2830
10284	NOL3	ENSG00000140939.17	ENST00000564992.2	1355
10285	NOL4	ENSG00000101746.18	ENST00000261592.10	5319
10286	NOL6	ENSG00000165271.19	ENST00000297990.9	4834
10287	NOL7	ENSG00000225921.9	ENST00000451315.7	1683
10288	NOL8	ENSG00000198000.14	ENST00000442668.7	4075
10289	NOL9	ENSG00000162408.13	ENST00000377705.6	6627
10290	NOLC1	ENSG00000166197.19	ENST00000605788.6	3723
10291	NOM1	ENSG00000146909.10	ENST00000275820.4	6082
10292	NONO	ENSG00000147140.19	ENST00000276079.13	2661
10293	NOP10	ENSG00000182117.8	ENST00000328848.6	507
10294	NOP14	ENSG00000087269.18	ENST00000416614.7	3556
10295	NOP16	ENSG00000048162.24	ENST00000614830.5	881
10296	NOP2	ENSG00000111641.15	ENST00000322166.10	2650
10297	NOP56	ENSG00000101361.19	ENST00000329276.10	1913
10298	NOP58	ENSG00000055044.13	ENST00000264279.10	1994
10299	NOP9	ENSG00000196943.15	ENST00000267425.8	6045
10300	NOS1	ENSG00000089250.21	ENST00000317775.11	12007
10301	NOS1AP	ENSG00000198929.15	ENST00000361897.10	5016
10302	NOS2	ENSG00000007171.21	ENST00000313735.11	4206
10303	NOS3	ENSG00000164867.13	ENST00000297494.8	4366
10304	NOSIP	ENSG00000142546.16	ENST00000596358.6	1232
10305	NOSTRIN	ENSG00000163072.18	ENST00000317647.12	2075
10306	NOTCH1	ENSG00000148400.15	ENST00000651671.1	9568
10307	NOTCH2	ENSG00000134250.23	ENST00000256646.7	11425
10308	NOTCH2NLA	ENSG00000264343.9	ENST00000362074.8	8356
10309	NOTCH3	ENSG00000074181.11	ENST00000263388.7	8680
10310	NOTCH4	ENSG00000204301.8	ENST00000375023.3	6745
10311	NOTUM	ENSG00000185269.14	ENST00000409678.8	2223
10312	CCN3	ENSG00000136999.7	ENST00000259526.4	2463
10313	NOVA1	ENSG00000139910.21	ENST00000539517.7	6990
10314	NOVA2	ENSG00000104967.9	ENST00000263257.6	8122
10315	NOX1	ENSG00000007952.20	ENST00000372966.8	2543
10316	NOX3	ENSG00000074771.4	ENST00000159060.3	1980
10317	NOX4	ENSG00000086991.15	ENST00000263317.9	4269
10318	NOX5	ENSG00000255346.12	ENST00000388866.8	8405
10319	NOXA1	ENSG00000188747.11	ENST00000683555.1	1614
10320	NOXO1	ENSG00000196408.14	ENST00000356120.9	1541
10321	NOXRED1	ENSG00000165555.10	ENST00000380835.7	2324
10322	NPAP1	ENSG00000185823.5	ENST00000329468.5	7619
10323	NPAS1	ENSG00000130751.12	ENST00000602212.6	2100
10324	NPAS2	ENSG00000170485.19	ENST00000335681.10	4020
10325	NPAS3	ENSG00000151322.21	ENST00000356141.9	6304
10326	NPAS4	ENSG00000174576.12	ENST00000311034.7	3272
10327	NPAT	ENSG00000149308.20	ENST00000278612.9	6113
10328	NPB	ENSG00000183979.9	ENST00000333383.8	575
10329	NPBWR1	ENSG00000288611.2	ENST00000674939.1	4209
10330	NPBWR2	ENSG00000125522.4	ENST00000684052.1	3323
10331	NPC1	ENSG00000141458.15	ENST00000269228.10	4760
10332	NPC1L1	ENSG00000015520.17	ENST00000381160.8	4982
10333	NPC2	ENSG00000119655.13	ENST00000555619.6	821
10334	NPDC1	ENSG00000107281.12	ENST00000371601.5	1475
10335	NPEPL1	ENSG00000215440.14	ENST00000356091.11	2191
10336	NPEPPS	ENSG00000141279.20	ENST00000322157.9	4309
10337	NPFF	ENSG00000139574.11	ENST00000267017.4	440
10338	NPFFR1	ENSG00000148734.9	ENST00000277942.7	9249
10339	NPFFR2	ENSG00000056291.21	ENST00000308744.12	1964
10340	NPHP1	ENSG00000144061.16	ENST00000445609.7	2522
10341	NPHP3	ENSG00000113971.23	ENST00000337331.10	5348
10342	NPHP4	ENSG00000131697.20	ENST00000378156.9	4955
10343	NPHS1	ENSG00000161270.21	ENST00000378910.10	5535
10344	NPHS2	ENSG00000116218.15	ENST00000367615.9	1870
10345	NPIPA1	ENSG00000183426.18	ENST00000328085.10	1084
10346	NPIPA5	ENSG00000183793.14	ENST00000360151.9	1084
10347	NPIPB15	ENSG00000196436.9	ENST00000692376.1	2430
10348	NPIPB3	ENSG00000169246.17	ENST00000542817.1	1342
10349	NPIPB6	ENSG00000198156.11	ENST00000695563.1	1892
10350	NPIPB7	ENSG00000233232.10	ENST00000452313.6	3238
10351	NPIPB8	ENSG00000255524.8	ENST00000683297.1	1537
10352	NPL	ENSG00000135838.16	ENST00000367553.6	2543
10353	NPLOC4	ENSG00000182446.16	ENST00000331134.11	4381
10354	NPM1	ENSG00000181163.16	ENST00000296930.10	1320
10355	NPM2	ENSG00000158806.16	ENST00000518119.6	1490
10356	NPM3	ENSG00000107833.13	ENST00000370110.6	910
10357	NPNT	ENSG00000168743.15	ENST00000379987.7	4561
10358	NPPA	ENSG00000175206.13	ENST00000376480.7	855
10359	NPPB	ENSG00000120937.11	ENST00000376468.4	708
10360	NPPC	ENSG00000163273.6	ENST00000409852.2	1055
10361	NPR1	ENSG00000169418.12	ENST00000368680.4	4185
10362	NPR2	ENSG00000159899.18	ENST00000342694.7	4248
10363	NPR3	ENSG00000113389.18	ENST00000265074.13	7457
10364	NPRL2	ENSG00000114388.16	ENST00000232501.8	1542
10365	NPRL3	ENSG00000103148.19	ENST00000611875.5	3128
10366	NPS	ENSG00000214285.3	ENST00000398023.3	1231
10367	NPSR1	ENSG00000187258.14	ENST00000360581.6	1634
10368	NPTN	ENSG00000156642.19	ENST00000345330.9	2420
10369	NPTX1	ENSG00000171246.8	ENST00000306773.5	5439
10370	NPTX2	ENSG00000106236.6	ENST00000265634.4	2713
10371	NPTXR	ENSG00000221890.8	ENST00000333039.4	5830
10372	NPVF	ENSG00000105954.2	ENST00000222674.2	1190
10373	NPY	ENSG00000122585.10	ENST00000242152.7	555
10374	NPY1R	ENSG00000164128.9	ENST00000296533.3	2762
10375	NPY2R	ENSG00000185149.7	ENST00000329476.4	3619
10376	NPY4R	ENSG00000204174.10	ENST00000374312.5	2033
10377	NPY5R	ENSG00000164129.14	ENST00000338566.8	1890
10378	NQO1	ENSG00000181019.14	ENST00000320623.10	2521
10379	NQO2	ENSG00000124588.24	ENST00000380455.11	1073
10380	NR0B1	ENSG00000169297.9	ENST00000378970.5	1813
10381	NR0B2	ENSG00000131910.6	ENST00000254227.4	1165
10382	NR1D1	ENSG00000126368.7	ENST00000246672.4	2630
10383	NR1D2	ENSG00000174738.16	ENST00000312521.9	5231
10384	NR1H2	ENSG00000131408.17	ENST00000253727.10	2416
10385	NR1H3	ENSG00000025434.21	ENST00000441012.7	1852
10386	NR1H4	ENSG00000012504.17	ENST00000392986.8	2739
10387	NR1I2	ENSG00000144852.21	ENST00000393716.8	2802
10388	NR1I3	ENSG00000143257.15	ENST00000367983.9	1371
10389	NR2C1	ENSG00000120798.19	ENST00000333003.10	4058
10390	NR2C2	ENSG00000177463.18	ENST00000425241.6	8419
10391	NR2C2AP	ENSG00000184162.17	ENST00000331552.12	1290
10392	NR2E1	ENSG00000112333.14	ENST00000368986.9	3244
10393	NR2F1	ENSG00000175745.15	ENST00000327111.8	3843
10394	NR2F2	ENSG00000185551.17	ENST00000394166.8	5287
10395	NR2F6	ENSG00000160113.8	ENST00000291442.4	2383
10396	NR3C1	ENSG00000113580.17	ENST00000394464.7	6778
10397	NR3C2	ENSG00000151623.17	ENST00000358102.8	5792
10398	NR4A1	ENSG00000123358.22	ENST00000394825.6	2485
10399	NR4A2	ENSG00000153234.18	ENST00000339562.9	3472
10400	NR4A3	ENSG00000119508.19	ENST00000395097.7	5604
10401	NR5A1	ENSG00000136931.12	ENST00000373588.9	3074
10402	NR5A2	ENSG00000116833.16	ENST00000367362.8	4969
10403	NR6A1	ENSG00000148200.19	ENST00000487099.7	7065
10404	NRAP	ENSG00000197893.16	ENST00000359988.4	5613
10405	NRARP	ENSG00000198435.4	ENST00000356628.4	2641
10406	NRAS	ENSG00000213281.7	ENST00000369535.5	4326
10407	NRBF2	ENSG00000148572.18	ENST00000277746.11	1813
10408	NRBP1	ENSG00000115216.16	ENST00000379852.8	2176
10409	NRBP2	ENSG00000185189.20	ENST00000442628.7	3724
10410	NRCAM	ENSG00000091129.24	ENST00000379028.8	6701
10411	NRDC	ENSG00000078618.25	ENST00000352171.12	3594
10412	NRDE2	ENSG00000119720.20	ENST00000354366.8	14008
10413	NREP	ENSG00000134986.16	ENST00000257435.12	1942
10414	NRF1	ENSG00000106459.17	ENST00000393232.6	3518
10415	NRG1	ENSG00000157168.23	ENST00000405005.8	11983
10416	NRG2	ENSG00000158458.23	ENST00000361474.6	3919
10417	NRG3	ENSG00000185737.14	ENST00000372141.7	3811
10418	NRG4	ENSG00000169752.19	ENST00000394907.8	3212
10419	NRGN	ENSG00000154146.15	ENST00000284292.11	1210
10420	NRIP1	ENSG00000180530.12	ENST00000318948.7	7751
10421	NRIP2	ENSG00000053702.16	ENST00000337508.9	2757
10422	NRIP3	ENSG00000175352.13	ENST00000309166.8	3761
10423	NRK	ENSG00000123572.19	ENST00000243300.14	8066
10424	NRL	ENSG00000129535.15	ENST00000561028.6	3543
10425	NRM	ENSG00000137404.17	ENST00000376421.7	1411
10426	NRN1	ENSG00000124785.11	ENST00000244766.7	1582
10427	NRN1L	ENSG00000188038.9	ENST00000339176.8	626
10428	NRP1	ENSG00000099250.20	ENST00000374867.7	5640
10429	NRP2	ENSG00000118257.18	ENST00000357785.10	6644
10430	NRROS	ENSG00000174004.8	ENST00000328557.5	2556
10431	NRSN1	ENSG00000152954.14	ENST00000378491.9	2380
10432	NRSN2	ENSG00000125841.16	ENST00000382285.7	2074
10433	NRTN	ENSG00000171119.5	ENST00000303212.3	1528
10434	NRXN1	ENSG00000179915.26	ENST00000401669.7	9038
10435	NRXN2	ENSG00000110076.22	ENST00000265459.11	6632
10436	NRXN3	ENSG00000021645.20	ENST00000335750.7	12048
10437	NSA2	ENSG00000164346.12	ENST00000610426.5	4337
10438	NSD1	ENSG00000165671.24	ENST00000439151.7	13042
10439	NSDHL	ENSG00000147383.13	ENST00000370274.8	1833
10440	NSF	ENSG00000073969.21	ENST00000398238.8	3983
10441	NSFL1C	ENSG00000088833.20	ENST00000216879.9	2721
10442	NSG1	ENSG00000168824.17	ENST00000621129.5	2279
10443	NSG2	ENSG00000170091.13	ENST00000303177.8	2350
10444	NSL1	ENSG00000117697.17	ENST00000366977.8	13115
10445	NSMAF	ENSG00000035681.12	ENST00000038176.8	3574
10446	NSMCE1	ENSG00000169189.19	ENST00000361439.9	1042
10447	NSMCE2	ENSG00000156831.11	ENST00000287437.8	1188
10448	NSMCE4A	ENSG00000107672.17	ENST00000369023.8	1391
10449	NSMF	ENSG00000165802.25	ENST00000371475.9	3649
10450	NSRP1	ENSG00000126653.20	ENST00000247026.10	2506
10451	NSUN2	ENSG00000037474.17	ENST00000264670.11	3056
10452	NSUN3	ENSG00000178694.11	ENST00000314622.9	6431
10453	NSUN4	ENSG00000117481.14	ENST00000474844.6	4347
10454	NSUN5	ENSG00000130305.19	ENST00000438747.7	2336
10455	NSUN6	ENSG00000241058.5	ENST00000377304.7	2166
10456	NSUN7	ENSG00000179299.19	ENST00000381782.7	4839
10457	NT5C	ENSG00000125458.9	ENST00000245552.7	901
10458	NT5C1A	ENSG00000116981.6	ENST00000235628.2	9068
10459	NT5C1B	ENSG00000185013.18	ENST00000304081.9	2679
10460	NT5C1B-RDH14	ENSG00000250741.6	ENST00000532967.5	2142
10461	NT5C2	ENSG00000076685.21	ENST00000404739.8	3525
10462	NT5C3A	ENSG00000122643.26	ENST00000610140.7	1667
10463	NT5C3B	ENSG00000141698.19	ENST00000435506.7	1408
10464	NT5DC1	ENSG00000178425.16	ENST00000319550.9	6919
10465	NT5DC2	ENSG00000168268.13	ENST00000422318.7	1877
10466	NT5DC3	ENSG00000111696.14	ENST00000392876.8	7244
10467	NT5E	ENSG00000135318.14	ENST00000257770.8	3562
10468	NT5M	ENSG00000205309.16	ENST00000389022.9	1581
10469	NTAN1	ENSG00000157045.10	ENST00000287706.8	1210
10470	NTF3	ENSG00000185652.13	ENST00000423158.4	1341
10471	NTF4	ENSG00000225950.11	ENST00000593537.2	1962
10472	NTHL1	ENSG00000065057.11	ENST00000651570.2	1030
10473	NTM	ENSG00000182667.16	ENST00000683400.1	2936
10474	NTMT1	ENSG00000148335.17	ENST00000372483.9	1530
10475	NTN1	ENSG00000065320.11	ENST00000173229.7	5986
10476	NTN3	ENSG00000162068.3	ENST00000293973.2	2188
10477	NTN4	ENSG00000074527.15	ENST00000343702.9	3621
10478	NTN5	ENSG00000142233.15	ENST00000270235.11	1846
10479	NTNG1	ENSG00000162631.22	ENST00000370068.6	6330
10480	NTNG2	ENSG00000196358.14	ENST00000393229.4	4673
10481	NTPCR	ENSG00000135778.14	ENST00000366628.10	6324
10482	NTRK1	ENSG00000198400.15	ENST00000524377.7	2669
10483	NTRK2	ENSG00000148053.20	ENST00000277120.8	8666
10484	NTRK3	ENSG00000140538.19	ENST00000629765.3	20018
10485	NTS	ENSG00000133636.13	ENST00000256010.7	1239
10486	NTSR1	ENSG00000101188.6	ENST00000370501.4	4133
10487	NTSR2	ENSG00000169006.9	ENST00000306928.6	1600
10488	NUAK1	ENSG00000074590.15	ENST00000261402.7	5744
10489	NUAK2	ENSG00000163545.12	ENST00000367157.6	3391
10490	NUB1	ENSG00000013374.19	ENST00000568733.6	3109
10491	NUBP1	ENSG00000103274.13	ENST00000283027.10	1231
10492	NUBP2	ENSG00000095906.19	ENST00000262302.14	1349
10493	NUBPL	ENSG00000151413.19	ENST00000281081.12	3040
10494	NUCB1	ENSG00000104805.19	ENST00000405315.9	2406
10495	NUCB2	ENSG00000070081.20	ENST00000529010.6	2300
10496	NUCKS1	ENSG00000069275.15	ENST00000367142.5	6399
10497	NUDC	ENSG00000090273.16	ENST00000321265.10	1792
10498	NUDCD1	ENSG00000120526.14	ENST00000239690.9	3919
10499	NUDCD2	ENSG00000170584.14	ENST00000302764.9	7967
10500	NUDCD3	ENSG00000015676.20	ENST00000355451.8	8036
10501	NUDT1	ENSG00000106268.18	ENST00000356714.6	658
10502	NUDT11	ENSG00000196368.6	ENST00000375992.4	2381
10503	NUDT12	ENSG00000112874.12	ENST00000230792.7	3488
10504	NUDT13	ENSG00000166321.16	ENST00000357321.9	2101
10505	NUDT14	ENSG00000183828.17	ENST00000392568.7	854
10506	NUDT15	ENSG00000136159.6	ENST00000258662.3	1938
10507	NUDT16	ENSG00000198585.13	ENST00000521288.2	6108
10508	NUDT16L1	ENSG00000168101.17	ENST00000304301.11	1466
10509	NUDT17	ENSG00000186364.14	ENST00000334513.6	1473
10510	NUDT18	ENSG00000275074.4	ENST00000611621.2	1513
10511	NUDT19	ENSG00000213965.5	ENST00000397061.4	3103
10512	NUDT2	ENSG00000164978.21	ENST00000379158.7	998
10513	NUDT21	ENSG00000167005.16	ENST00000300291.10	4393
10514	NUDT22	ENSG00000149761.11	ENST00000279206.8	1110
10515	NUDT3	ENSG00000272325.4	ENST00000607016.2	9900
10516	NUDT4	ENSG00000173598.16	ENST00000415493.7	9708
10517	NUDT5	ENSG00000165609.16	ENST00000491614.6	3195
10518	NUDT6	ENSG00000170917.15	ENST00000304430.10	1227
10519	NUDT7	ENSG00000140876.13	ENST00000268533.9	1096
10520	NUDT8	ENSG00000167799.12	ENST00000376693.3	745
10521	NUDT9	ENSG00000170502.15	ENST00000302174.9	2820
10522	NUF2	ENSG00000143228.15	ENST00000271452.8	1964
10523	NUFIP1	ENSG00000083635.9	ENST00000379161.5	3480
10524	NUFIP2	ENSG00000108256.11	ENST00000225388.9	10877
10525	NUGGC	ENSG00000189233.14	ENST00000413272.7	3952
10526	NUMA1	ENSG00000137497.21	ENST00000393695.8	7198
10527	NUMB	ENSG00000133961.24	ENST00000555238.6	3604
10528	NUMBL	ENSG00000105245.11	ENST00000252891.8	3561
10529	NUP107	ENSG00000111581.12	ENST00000229179.9	6213
10530	NUP133	ENSG00000069248.14	ENST00000261396.6	5208
10531	NUP153	ENSG00000124789.14	ENST00000262077.3	6026
10532	NUP155	ENSG00000113569.19	ENST00000231498.8	8068
10533	NUP160	ENSG00000030066.16	ENST00000378460.7	5228
10534	NUP188	ENSG00000095319.16	ENST00000372577.2	5689
10535	NUP205	ENSG00000155561.17	ENST00000285968.11	6264
10536	NUP210	ENSG00000132182.15	ENST00000254508.7	7206
10537	NUP210L	ENSG00000143552.11	ENST00000368559.8	5841
10538	NUP214	ENSG00000126883.21	ENST00000359428.10	7568
10539	NUP35	ENSG00000163002.15	ENST00000295119.9	1545
10540	NUP37	ENSG00000075188.11	ENST00000552283.6	2362
10541	NUP43	ENSG00000120253.16	ENST00000340413.7	3831
10542	NUP50	ENSG00000093000.21	ENST00000347635.9	5151
10543	NUP54	ENSG00000138750.18	ENST00000264883.8	2249
10544	NUP62	ENSG00000213024.15	ENST00000352066.8	3361
10545	NUP62CL	ENSG00000198088.12	ENST00000372466.8	1755
10546	NUP85	ENSG00000125450.13	ENST00000245544.9	2133
10547	NUP88	ENSG00000108559.15	ENST00000573584.6	3611
10548	NUP93	ENSG00000102900.15	ENST00000308159.10	8234
10549	NUP98	ENSG00000110713.20	ENST00000324932.12	6726
10550	NUP58	ENSG00000139496.20	ENST00000381736.8	4236
10551	NUP42	ENSG00000136243.20	ENST00000258742.10	1571
10552	NUPR1	ENSG00000176046.11	ENST00000324873.8	5291
10553	NUS1	ENSG00000153989.10	ENST00000368494.4	4796
10554	NUSAP1	ENSG00000137804.16	ENST00000559596.6	2263
10555	NUTF2	ENSG00000102898.15	ENST00000219169.9	2120
10556	NUTM1	ENSG00000184507.18	ENST00000537011.6	4109
10557	NUTM2A	ENSG00000184923.12	ENST00000381707.6	3290
10558	NUTM2B	ENSG00000188199.11	ENST00000429828.7	3293
10559	NUTM2D	ENSG00000214562.16	ENST00000381697.7	3214
10560	NVL	ENSG00000143748.20	ENST00000281701.11	2897
10561	NWD1	ENSG00000188039.17	ENST00000524140.7	7764
10562	NXF1	ENSG00000162231.16	ENST00000294172.7	2290
10563	NXF2B	ENSG00000269437.9	ENST00000602195.6	2401
10564	NXF3	ENSG00000147206.18	ENST00000395065.8	1956
10565	NXF5	ENSG00000290798.1	ENST00000263032.5	2062
10566	NXN	ENSG00000167693.18	ENST00000336868.8	3045
10567	NXNL1	ENSG00000171773.3	ENST00000301944.3	918
10568	NXNL2	ENSG00000130045.19	ENST00000375854.8	1154
10569	NXPE1	ENSG00000095110.11	ENST00000534921.3	4972
10570	NXPE2	ENSG00000204361.11	ENST00000389586.6	1868
10571	NXPE3	ENSG00000144815.20	ENST00000273347.10	8568
10572	NXPE4	ENSG00000137634.12	ENST00000375478.4	2187
10573	NXPH1	ENSG00000122584.14	ENST00000405863.6	3265
10574	NXPH2	ENSG00000144227.6	ENST00000272641.4	2709
10575	NXPH3	ENSG00000182575.9	ENST00000328741.6	5635
10576	NXPH4	ENSG00000182379.11	ENST00000349394.6	1805
10577	NXT1	ENSG00000132661.6	ENST00000254998.3	1062
10578	NXT2	ENSG00000101888.14	ENST00000372106.6	2602
10579	NYAP1	ENSG00000166924.11	ENST00000300179.7	3584
10580	NYAP2	ENSG00000144460.14	ENST00000272907.8	8316
10581	NYNRIN	ENSG00000205978.8	ENST00000382554.4	7635
10582	NYX	ENSG00000188937.9	ENST00000378220.3	2414
10583	OAF	ENSG00000184232.11	ENST00000328965.9	2262
10584	OARD1	ENSG00000124596.19	ENST00000424266.7	3184
10585	OAS1	ENSG00000089127.16	ENST00000202917.10	1631
10586	OAS2	ENSG00000111335.15	ENST00000392583.7	4622
10587	OAS3	ENSG00000111331.16	ENST00000228928.12	6599
10588	OASL	ENSG00000135114.15	ENST00000257570.10	3270
10589	OAT	ENSG00000065154.14	ENST00000368845.6	2039
10590	OAZ1	ENSG00000104904.13	ENST00000582888.9	983
10591	OAZ2	ENSG00000180304.15	ENST00000326005.11	2674
10592	OAZ3	ENSG00000143450.19	ENST00000400999.7	890
10593	STN1	ENSG00000107960.14	ENST00000224950.8	6369
10594	OBP2A	ENSG00000122136.16	ENST00000371776.6	702
10595	OBP2B	ENSG00000171102.18	ENST00000372034.8	698
10596	OBSCN	ENSG00000154358.24	ENST00000680850.1	27019
10597	OBSL1	ENSG00000124006.17	ENST00000404537.6	6105
10598	OC90	ENSG00000253117.6	ENST00000254627.4	1788
10599	OCA2	ENSG00000104044.18	ENST00000354638.8	3143
10600	OCEL1	ENSG00000099330.11	ENST00000215061.9	1111
10601	OCIAD1	ENSG00000109180.17	ENST00000264312.12	1958
10602	OCIAD2	ENSG00000145247.14	ENST00000508632.6	1109
10603	OCLN	ENSG00000197822.14	ENST00000396442.7	6181
10604	OCM	ENSG00000122543.11	ENST00000242104.6	696
10605	OCM2	ENSG00000135175.6	ENST00000257627.5	693
10606	OCRL	ENSG00000122126.20	ENST00000371113.9	5173
10607	ODAM	ENSG00000109205.19	ENST00000683306.1	1355
10608	ODC1	ENSG00000115758.16	ENST00000234111.9	2476
10609	ODF1	ENSG00000155087.4	ENST00000285402.4	1026
10610	ODF2	ENSG00000136811.18	ENST00000351030.8	3862
10611	ODF2L	ENSG00000122417.18	ENST00000460698.7	4198
10612	CIMAP1A	ENSG00000177947.15	ENST00000325113.9	1284
10613	CIMAP1B	ENSG00000177989.16	ENST00000329363.9	872
10614	CIMAP1C	ENSG00000182950.4	ENST00000332145.3	1132
10615	CIMAP1D	ENSG00000181781.11	ENST00000315489.5	1589
10616	ODF4	ENSG00000184650.11	ENST00000328248.7	1180
10617	OFD1	ENSG00000046651.18	ENST00000340096.11	3612
10618	OGDH	ENSG00000105953.18	ENST00000222673.6	4193
10619	OGDHL	ENSG00000197444.12	ENST00000374103.9	3706
10620	OGFOD1	ENSG00000087263.19	ENST00000566157.6	4587
10621	OGFOD2	ENSG00000111325.18	ENST00000228922.12	1757
10622	OGFOD3	ENSG00000181396.15	ENST00000313056.10	4249
10623	OGFR	ENSG00000060491.19	ENST00000290291.10	2410
10624	OGFRL1	ENSG00000119900.10	ENST00000370435.5	8492
10625	OGG1	ENSG00000114026.23	ENST00000344629.12	1630
10626	OGN	ENSG00000106809.13	ENST00000375561.10	3407
10627	OGT	ENSG00000147162.17	ENST00000373719.8	5435
10628	OIP5	ENSG00000104147.11	ENST00000220514.8	1201
10629	OIT3	ENSG00000138315.15	ENST00000334011.10	2210
10630	OLA1	ENSG00000138430.18	ENST00000284719.8	4251
10631	OLAH	ENSG00000152463.17	ENST00000378228.8	1629
10632	OLFM1	ENSG00000130558.22	ENST00000371793.8	2782
10633	OLFM2	ENSG00000105088.11	ENST00000264833.9	1982
10634	OLFM3	ENSG00000118733.19	ENST00000370103.9	3165
10635	OLFM4	ENSG00000102837.8	ENST00000219022.3	2843
10636	OLFML1	ENSG00000183801.10	ENST00000329293.4	2768
10637	OLFML2A	ENSG00000185585.22	ENST00000373580.8	6567
10638	OLFML2B	ENSG00000162745.12	ENST00000294794.8	3175
10639	OLFML3	ENSG00000116774.14	ENST00000320334.5	1748
10640	OLIG1	ENSG00000184221.13	ENST00000382348.2	2273
10641	OLIG2	ENSG00000205927.7	ENST00000382357.4	2477
10642	OLIG3	ENSG00000177468.7	ENST00000367734.4	2196
10643	OLR1	ENSG00000173391.11	ENST00000309539.8	2456
10644	OMA1	ENSG00000162600.14	ENST00000371226.8	1861
10645	OMD	ENSG00000127083.10	ENST00000375550.5	4324
10646	OMG	ENSG00000126861.5	ENST00000247271.5	1775
10647	OMP	ENSG00000254550.1	ENST00000529803.1	492
10648	ONECUT1	ENSG00000169856.10	ENST00000305901.7	4352
10649	ONECUT2	ENSG00000119547.6	ENST00000491143.3	16433
10650	OOEP	ENSG00000203907.11	ENST00000370359.6	784
10651	OPA1	ENSG00000198836.13	ENST00000361510.8	6429
10652	OPA3	ENSG00000125741.7	ENST00000263275.5	7811
10653	OPALIN	ENSG00000197430.13	ENST00000371172.8	3252
10654	OPCML	ENSG00000183715.16	ENST00000524381.6	6406
10655	OPHN1	ENSG00000079482.16	ENST00000355520.6	7569
10656	OPLAH	ENSG00000178814.19	ENST00000618853.5	4020
10657	OPN1LW	ENSG00000102076.10	ENST00000369951.9	1242
10658	OPN1MW	ENSG00000268221.6	ENST00000595290.6	1998
10659	OPN1MW2	ENSG00000166160.9	ENST00000369929.8	1261
10660	OPN1SW	ENSG00000128617.4	ENST00000249389.3	1106
10661	OPN3	ENSG00000054277.15	ENST00000366554.3	2628
10662	OPN4	ENSG00000122375.14	ENST00000241891.10	2383
10663	OPN5	ENSG00000124818.17	ENST00000371211.7	3490
10664	OPRD1	ENSG00000116329.13	ENST00000234961.7	9317
10665	OPRK1	ENSG00000082556.15	ENST00000265572.8	4954
10666	OPRL1	ENSG00000125510.20	ENST00000336866.7	3402
10667	OPRM1	ENSG00000112038.18	ENST00000330432.12	15143
10668	OPTC	ENSG00000188770.12	ENST00000367222.7	1434
10669	OPTN	ENSG00000123240.19	ENST00000378747.8	3479
10670	OR10A2	ENSG00000170790.6	ENST00000641461.1	5390
10671	OR10A3	ENSG00000170683.7	ENST00000642047.1	2650
10672	OR10A4	ENSG00000170782.3	ENST00000379829.2	995
10673	OR10A5	ENSG00000166363.6	ENST00000299454.5	954
10674	OR10A6	ENSG00000279000.4	ENST00000641238.1	6052
10675	OR10A7	ENSG00000179919.3	ENST00000326258.1	951
10676	OR10AD1	ENSG00000172640.4	ENST00000310248.4	954
10677	OR10AG1	ENSG00000174970.5	ENST00000641071.2	2807
10678	OR10C1	ENSG00000206474.8	ENST00000444197.3	1672
10679	OR10G2	ENSG00000255582.1	ENST00000542433.1	1105
10680	OR10G3	ENSG00000169208.3	ENST00000641040.1	2533
10681	OR10G4	ENSG00000254737.3	ENST00000641722.1	3301
10682	OR10G7	ENSG00000182634.9	ENST00000641585.1	3449
10683	OR10G8	ENSG00000234560.5	ENST00000641224.2	1109
10684	OR10G9	ENSG00000236981.1	ENST00000375024.1	936
10685	OR10H1	ENSG00000186723.4	ENST00000641419.1	4376
10686	OR10H2	ENSG00000171942.5	ENST00000305899.5	1029
10687	OR10H3	ENSG00000171936.3	ENST00000641646.1	1029
10688	OR10H4	ENSG00000176231.2	ENST00000322107.1	951
10689	OR10H5	ENSG00000172519.10	ENST00000642092.2	6376
10690	OR10J1	ENSG00000196184.10	ENST00000423932.6	1246
10691	OR10J3	ENSG00000196266.6	ENST00000649616.1	940
10692	OR10J5	ENSG00000184155.8	ENST00000334857.3	930
10693	OR10K1	ENSG00000173285.6	ENST00000641535.1	2124
10694	OR10K2	ENSG00000180708.6	ENST00000641042.1	3023
10695	OR10P1	ENSG00000175398.3	ENST00000309675.3	942
10696	OR10Q1	ENSG00000180475.4	ENST00000316770.2	1037
10697	OR10R2	ENSG00000198965.5	ENST00000641067.1	1132
10698	OR10S1	ENSG00000196248.6	ENST00000641123.1	1121
10699	OR10T2	ENSG00000186306.1	ENST00000334438.1	945
10700	OR10V1	ENSG00000172289.3	ENST00000307552.3	930
10701	OR10W1	ENSG00000172772.3	ENST00000395079.2	1469
10702	OR10X1	ENSG00000279111.2	ENST00000623167.1	981
10703	OR10Z1	ENSG00000198967.5	ENST00000641002.1	6323
10704	OR11A1	ENSG00000204694.13	ENST00000377149.5	2611
10705	OR11G2	ENSG00000196832.5	ENST00000641879.2	4413
10706	OR11H1	ENSG00000130538.6	ENST00000643195.1	948
10707	OR11H12	ENSG00000257115.2	ENST00000550708.2	981
10708	OR11H4	ENSG00000176198.4	ENST00000641082.1	1585
10709	OR11H6	ENSG00000176219.3	ENST00000315519.3	993
10710	OR11L1	ENSG00000197591.3	ENST00000355784.3	969
10711	OR12D2	ENSG00000280236.3	ENST00000642051.1	1496
10712	OR12D3	ENSG00000112462.8	ENST00000396806.3	1869
10713	OR13A1	ENSG00000256574.10	ENST00000553795.6	2082
10714	OR13C2	ENSG00000276119.1	ENST00000542196.2	957
10715	OR13C3	ENSG00000204246.4	ENST00000641090.1	1108
10716	OR13C4	ENSG00000148136.5	ENST00000277216.3	957
10717	OR13C5	ENSG00000277556.1	ENST00000374779.3	957
10718	OR13C8	ENSG00000186943.1	ENST00000335040.1	963
10719	OR13C9	ENSG00000136839.1	ENST00000259362.1	957
10720	OR13D1	ENSG00000179055.8	ENST00000641530.1	945
10721	OR13F1	ENSG00000186881.3	ENST00000334726.3	960
10722	OR13G1	ENSG00000197437.5	ENST00000642119.1	2568
10723	OR13H1	ENSG00000171054.9	ENST00000338616.6	927
10724	OR13J1	ENSG00000168828.6	ENST00000377981.4	939
10725	OR14A16	ENSG00000196772.5	ENST00000641093.1	1367
10726	OR14C36	ENSG00000177174.1	ENST00000317861.1	939
10727	OR14I1	ENSG00000189181.7	ENST00000695265.1	4520
10728	OR14J1	ENSG00000204695.4	ENST00000641895.1	6443
10729	OR14K1	ENSG00000153230.4	ENST00000283225.2	945
10730	OR1A1	ENSG00000172146.5	ENST00000641732.2	4166
10731	OR1A2	ENSG00000172150.4	ENST00000381951.1	930
10732	OR1B1	ENSG00000280094.3	ENST00000623530.2	1941
10733	OR1C1	ENSG00000221888.4	ENST00000641256.1	3719
10734	OR1D2	ENSG00000184166.3	ENST00000641833.1	4887
10735	OR1D5	ENSG00000262628.1	ENST00000575751.1	939
10736	OR1E1	ENSG00000180016.2	ENST00000322608.2	1307
10737	OR1E2	ENSG00000127780.3	ENST00000248384.1	972
10738	OR1F1	ENSG00000168124.4	ENST00000304646.3	2748
10739	OR1G1	ENSG00000183024.4	ENST00000328890.3	942
10740	OR1I1	ENSG00000094661.3	ENST00000641398.1	5984
10741	OR1J1	ENSG00000136834.3	ENST00000259357.3	969
10742	OR1J2	ENSG00000197233.7	ENST00000335302.5	942
10743	OR1J4	ENSG00000239590.1	ENST00000340750.1	942
10744	OR1K1	ENSG00000165204.3	ENST00000277309.3	951
10745	OR1L1	ENSG00000173679.2	ENST00000309623.1	933
10746	OR1L3	ENSG00000171481.5	ENST00000304820.5	975
10747	OR1L4	ENSG00000136939.1	ENST00000259466.1	936
10748	OR1L6	ENSG00000171459.4	ENST00000304720.3	1020
10749	OR1L8	ENSG00000171496.6	ENST00000641027.1	2024
10750	OR1M1	ENSG00000170929.6	ENST00000641627.1	2535
10751	OR1N1	ENSG00000171505.6	ENST00000304880.2	936
10752	OR1N2	ENSG00000171501.11	ENST00000373688.3	1103
10753	OR1Q1	ENSG00000165202.3	ENST00000297913.3	945
10754	OR1S1	ENSG00000280204.4	ENST00000641544.1	1474
10755	OR1S2	ENSG00000197887.6	ENST00000641683.2	939
10756	OR2A1	ENSG00000221970.4	ENST00000641044.2	4746
10757	OR2A12	ENSG00000221858.3	ENST00000641592.1	4163
10758	OR2A14	ENSG00000221938.5	ENST00000641068.1	2199
10759	OR2A2	ENSG00000221989.3	ENST00000408979.3	957
10760	OR2A25	ENSG00000221933.3	ENST00000641663.1	1741
10761	OR2A4	ENSG00000180658.4	ENST00000315453.4	1758
10762	OR2A42	ENSG00000212807.3	ENST00000641810.1	4946
10763	OR2A5	ENSG00000221836.4	ENST00000641693.1	8681
10764	OR2AE1	ENSG00000244623.2	ENST00000316368.3	972
10765	OR2AG1	ENSG00000279486.6	ENST00000641258.1	6993
10766	OR2AG2	ENSG00000188124.4	ENST00000641124.1	4224
10767	OR2AJ1	ENSG00000177275.4	ENST00000318244.4	1873
10768	OR2AK2	ENSG00000187080.10	ENST00000366480.5	1154
10769	OR2AP1	ENSG00000179615.3	ENST00000641114.1	1548
10770	OR2AT4	ENSG00000171561.4	ENST00000641504.1	8661
10771	OR2B11	ENSG00000177535.11	ENST00000641149.2	6349
10772	OR2B2	ENSG00000168131.4	ENST00000303324.4	1212
10773	OR2B3	ENSG00000204703.5	ENST00000377173.4	1106
10774	OR2B6	ENSG00000124657.1	ENST00000244623.1	942
10775	OR2C1	ENSG00000168158.4	ENST00000304936.4	1418
10776	OR2C3	ENSG00000196242.10	ENST00000641802.1	8509
10777	OR2D2	ENSG00000166368.3	ENST00000299459.3	927
10778	OR2D3	ENSG00000178358.5	ENST00000317834.5	993
10779	OR2F1	ENSG00000213215.5	ENST00000641412.1	4829
10780	OR2F2	ENSG00000221910.3	ENST00000408955.3	954
10781	OR2G2	ENSG00000177489.1	ENST00000320065.1	954
10782	OR2G3	ENSG00000177476.3	ENST00000320002.3	930
10783	OR2G6	ENSG00000188558.7	ENST00000641804.1	6084
10784	OR2H1	ENSG00000204688.10	ENST00000377133.6	3054
10785	OR2H2	ENSG00000204657.4	ENST00000641840.1	3061
10786	OR2J1	ENSG00000204702.6	ENST00000641659.2	2311
10787	OR2J2	ENSG00000204700.5	ENST00000641417.1	2392
10788	OR2J3	ENSG00000204701.3	ENST00000641151.2	3298
10789	OR2K2	ENSG00000171133.4	ENST00000302681.3	1373
10790	OR2L13	ENSG00000196071.6	ENST00000358120.4	2002
10791	OR2L2	ENSG00000203663.4	ENST00000641771.1	4300
10792	OR2L3	ENSG00000198128.4	ENST00000359959.4	2792
10793	OR2L5	ENSG00000197454.2	ENST00000355281.2	2429
10794	OR2L8	ENSG00000279263.1	ENST00000623922.1	939
10795	OR2M2	ENSG00000198601.4	ENST00000641836.1	1151
10796	OR2M3	ENSG00000228198.3	ENST00000641626.1	9913
10797	OR2M4	ENSG00000171180.3	ENST00000641868.1	5934
10798	OR2M5	ENSG00000162727.3	ENST00000366476.1	939
10799	OR2M7	ENSG00000177186.3	ENST00000317965.3	939
10800	OR2S2	ENSG00000278889.4	ENST00000341959.2	1047
10801	OR2T1	ENSG00000175143.5	ENST00000642005.1	2104
10802	OR2T10	ENSG00000184022.4	ENST00000642090.1	3519
10803	OR2T11	ENSG00000279301.5	ENST00000641193.1	3770
10804	OR2T12	ENSG00000177201.3	ENST00000641276.1	5708
10805	OR2T2	ENSG00000196240.7	ENST00000641925.2	3405
10806	OR2T27	ENSG00000187701.5	ENST00000460972.4	1136
10807	OR2T29	ENSG00000182783.6	ENST00000641069.1	2637
10808	OR2T3	ENSG00000196539.3	ENST00000359594.3	957
10809	OR2T33	ENSG00000177212.4	ENST00000641220.1	4118
10810	OR2T34	ENSG00000183310.3	ENST00000328782.3	957
10811	OR2T35	ENSG00000177151.5	ENST00000641268.1	2957
10812	OR2T4	ENSG00000196944.5	ENST00000366473.4	963
10813	OR2T5	ENSG00000203661.4	ENST00000641363.1	2525
10814	OR2T6	ENSG00000198104.4	ENST00000641644.1	4670
10815	OR2T7	ENSG00000227152.6	ENST00000641557.1	3409
10816	OR2T8	ENSG00000177462.9	ENST00000641945.2	2422
10817	OR2V1	ENSG00000185372.4	ENST00000641551.1	2423
10818	OR2V2	ENSG00000182613.3	ENST00000641492.1	4777
10819	OR2W1	ENSG00000204704.3	ENST00000377175.2	963
10820	OR2W3	ENSG00000238243.3	ENST00000360358.3	945
10821	OR2Y1	ENSG00000174339.3	ENST00000307832.3	936
10822	OR2Z1	ENSG00000181733.4	ENST00000641125.1	1755
10823	OR3A1	ENSG00000180090.6	ENST00000323404.2	1650
10824	OR3A2	ENSG00000221882.6	ENST00000573901.3	3301
10825	OR3A3	ENSG00000159961.3	ENST00000641141.1	3800
10826	OR4A16	ENSG00000181961.5	ENST00000314721.5	987
10827	OR4A47	ENSG00000237388.3	ENST00000446524.2	930
10828	OR4A5	ENSG00000221840.4	ENST00000319760.8	1071
10829	OR4B1	ENSG00000175619.3	ENST00000309562.3	930
10830	OR4C11	ENSG00000172188.6	ENST00000641580.1	2737
10831	OR4C12	ENSG00000221954.2	ENST00000335238.4	1063
10832	OR4C13	ENSG00000258817.1	ENST00000555099.1	1029
10833	OR4C15	ENSG00000181939.3	ENST00000642128.1	951
10834	OR4C3	ENSG00000176547.11	ENST00000319856.5	1036
10835	OR4C46	ENSG00000185926.1	ENST00000328188.1	930
10836	OR4C5	ENSG00000176540.3	ENST00000319813.3	981
10837	OR4C6	ENSG00000181903.7	ENST00000314259.5	1020
10838	OR4D1	ENSG00000141194.7	ENST00000268912.6	5127
10839	OR4D10	ENSG00000254466.2	ENST00000530162.2	2482
10840	OR4D11	ENSG00000176200.1	ENST00000313253.1	936
10841	OR4D2	ENSG00000255713.2	ENST00000545221.2	1551
10842	OR4D5	ENSG00000171014.3	ENST00000307033.3	957
10843	OR4D6	ENSG00000166884.3	ENST00000300127.3	945
10844	OR4D9	ENSG00000172742.6	ENST00000641962.1	6123
10845	OR4E2	ENSG00000221977.3	ENST00000641524.1	2855
10846	OR4F15	ENSG00000182854.8	ENST00000332238.5	2119
10847	OR4F17	ENSG00000176695.8	ENST00000585993.3	2669
10848	OR4F4	ENSG00000177693.5	ENST00000650172.1	1072
10849	OR4F5	ENSG00000186092.7	ENST00000641515.2	2618
10850	OR4F6	ENSG00000184140.6	ENST00000328882.6	1238
10851	OR4K1	ENSG00000155249.5	ENST00000641172.1	1339
10852	OR4K13	ENSG00000176253.4	ENST00000641904.1	5684
10853	OR4K14	ENSG00000169484.4	ENST00000641793.1	1245
10854	OR4K15	ENSG00000169488.7	ENST00000305051.6	975
10855	OR4K17	ENSG00000176230.7	ENST00000641386.2	4886
10856	OR4K2	ENSG00000165762.3	ENST00000641885.1	8681
10857	OR4K5	ENSG00000176281.5	ENST00000315915.5	972
10858	OR4L1	ENSG00000176246.1	ENST00000315683.1	939
10859	OR4M1	ENSG00000176299.5	ENST00000641200.1	3493
10860	OR4N2	ENSG00000176294.6	ENST00000557677.3	2889
10861	OR4N4	ENSG00000183706.6	ENST00000328795.6	1341
10862	OR4N5	ENSG00000184394.3	ENST00000641086.1	2187
10863	OR4P4	ENSG00000181927.4	ENST00000641760.1	2086
10864	OR4S1	ENSG00000176555.1	ENST00000319988.1	930
10865	OR4S2	ENSG00000174982.4	ENST00000641692.1	2211
10866	OR4X1	ENSG00000176567.1	ENST00000320048.1	918
10867	OR4X2	ENSG00000172208.7	ENST00000624868.2	912
10868	OR51A2	ENSG00000205496.1	ENST00000380371.1	942
10869	OR51A4	ENSG00000205497.5	ENST00000641898.1	4393
10870	OR51A7	ENSG00000176895.9	ENST00000641490.1	2186
10871	OR51B2	ENSG00000279012.2	ENST00000624187.1	939
10872	OR51B4	ENSG00000183251.4	ENST00000380224.2	933
10873	OR51B5	ENSG00000167355.8	ENST00000300773.3	939
10874	OR51B6	ENSG00000176239.7	ENST00000380219.1	939
10875	OR51D1	ENSG00000197428.3	ENST00000641817.1	3561
10876	OR51E1	ENSG00000180785.11	ENST00000396952.6	3050
10877	OR51E2	ENSG00000167332.10	ENST00000396950.4	2792
10878	OR51F1	ENSG00000280021.3	ENST00000624103.2	960
10879	OR51F2	ENSG00000176925.8	ENST00000322110.8	1136
10880	OR51G1	ENSG00000278870.2	ENST00000623849.1	966
10881	OR51G2	ENSG00000176893.6	ENST00000641926.1	3326
10882	OR51I1	ENSG00000167359.8	ENST00000380211.1	945
10883	OR51I2	ENSG00000187918.6	ENST00000641930.1	3302
10884	OR51L1	ENSG00000176798.3	ENST00000641819.1	7300
10885	OR51M1	ENSG00000184698.5	ENST00000642046.1	4092
10886	OR51Q1	ENSG00000167360.6	ENST00000300778.4	1096
10887	OR51S1	ENSG00000176922.5	ENST00000322101.5	972
10888	OR51T1	ENSG00000176900.2	ENST00000322049.1	984
10889	OR51V1	ENSG00000176742.3	ENST00000641270.1	948
10890	OR52A1	ENSG00000182070.7	ENST00000380367.3	6178
10891	OR52A5	ENSG00000171944.2	ENST00000307388.2	3973
10892	OR52B2	ENSG00000255307.2	ENST00000530810.2	972
10893	OR52B4	ENSG00000221996.6	ENST00000624801.3	1124
10894	OR52B6	ENSG00000187747.2	ENST00000345043.2	1008
10895	OR52D1	ENSG00000181609.5	ENST00000322641.5	1065
10896	OR52E2	ENSG00000176787.2	ENST00000321522.2	978
10897	OR52E4	ENSG00000180974.5	ENST00000641726.1	2947
10898	OR52E6	ENSG00000205409.3	ENST00000329322.5	970
10899	OR52E8	ENSG00000183269.6	ENST00000537935.2	942
10900	OR52H1	ENSG00000181616.10	ENST00000322653.7	1064
10901	OR52I1	ENSG00000232268.8	ENST00000530443.4	975
10902	OR52I2	ENSG00000226288.3	ENST00000641896.1	6591
10903	OR52J3	ENSG00000205495.1	ENST00000380370.1	936
10904	OR52K1	ENSG00000196778.4	ENST00000641528.1	5456
10905	OR52K2	ENSG00000181963.5	ENST00000325719.4	1067
10906	OR52L1	ENSG00000183313.4	ENST00000332249.4	1094
10907	OR52M1	ENSG00000197790.1	ENST00000360213.1	954
10908	OR52N1	ENSG00000181001.3	ENST00000641645.1	2545
10909	OR52N2	ENSG00000180988.5	ENST00000317037.3	1333
10910	OR52N4	ENSG00000181074.5	ENST00000641350.2	1329
10911	OR52N5	ENSG00000181009.5	ENST00000641181.1	2778
10912	OR52R1	ENSG00000279270.2	ENST00000624978.1	948
10913	OR52W1	ENSG00000175485.3	ENST00000311352.3	963
10914	OR56A1	ENSG00000180934.7	ENST00000641900.1	8448
10915	OR56A3	ENSG00000184478.8	ENST00000641160.1	4438
10916	OR56A4	ENSG00000183389.5	ENST00000641156.1	3768
10917	OR56B1	ENSG00000181023.8	ENST00000317121.6	2076
10918	OR56B3P	ENSG00000180913.3	ENST00000316517.3	947
10919	OR56B4	ENSG00000180919.3	ENST00000316529.3	1152
10920	OR5A1	ENSG00000172320.4	ENST00000641045.1	8612
10921	OR5A2	ENSG00000172324.6	ENST00000302040.6	6319
10922	OR5AC2	ENSG00000196578.4	ENST00000358642.2	930
10923	OR5AK2	ENSG00000181273.3	ENST00000326855.3	930
10924	OR5AN1	ENSG00000176495.3	ENST00000641998.1	7647
10925	OR5AP2	ENSG00000172464.4	ENST00000544374.3	951
10926	OR5AR1	ENSG00000172459.5	ENST00000624596.2	933
10927	OR5AS1	ENSG00000181785.3	ENST00000641320.1	7860
10928	OR5AU1	ENSG00000169327.5	ENST00000304418.5	1199
10929	OR5B12	ENSG00000172362.4	ENST00000641921.2	1368
10930	OR5B17	ENSG00000197786.3	ENST00000357377.3	946
10931	OR5B2	ENSG00000172365.4	ENST00000641342.2	2210
10932	OR5B21	ENSG00000198283.3	ENST00000360374.3	1299
10933	OR5B3	ENSG00000172769.4	ENST00000641865.1	1046
10934	OR5C1	ENSG00000148215.4	ENST00000373680.3	963
10935	OR5D13	ENSG00000279761.2	ENST00000623930.1	945
10936	OR5D14	ENSG00000186113.1	ENST00000335605.1	945
10937	OR5D16	ENSG00000205029.1	ENST00000378396.1	987
10938	OR5D18	ENSG00000186119.9	ENST00000333976.7	942
10939	OR5F1	ENSG00000149133.1	ENST00000278409.1	945
10940	OR5H1	ENSG00000231192.3	ENST00000641874.1	5999
10941	OR5H14	ENSG00000236032.3	ENST00000641380.1	7323
10942	OR5H15	ENSG00000233412.6	ENST00000641450.1	1229
10943	OR5H2	ENSG00000197938.6	ENST00000355273.3	1566
10944	OR5H6	ENSG00000230301.6	ENST00000615035.3	1113
10945	OR5I1	ENSG00000167825.3	ENST00000301532.3	945
10946	OR5J2	ENSG00000174957.1	ENST00000312298.1	939
10947	OR5K1	ENSG00000232382.2	ENST00000642057.1	3466
10948	OR5K2	ENSG00000231861.3	ENST00000427338.3	951
10949	OR5K3	ENSG00000206536.1	ENST00000383695.1	966
10950	OR5K4	ENSG00000196098.2	ENST00000354924.2	966
10951	OR5L1	ENSG00000279395.3	ENST00000625203.2	1110
10952	OR5L2	ENSG00000205030.1	ENST00000378397.1	936
10953	OR5M1	ENSG00000255012.3	ENST00000641076.1	4302
10954	OR5M10	ENSG00000254834.5	ENST00000526538.2	948
10955	OR5M11	ENSG00000255223.5	ENST00000528616.5	918
10956	OR5M3	ENSG00000174937.5	ENST00000641993.1	1400
10957	OR5M8	ENSG00000181371.5	ENST00000327216.5	936
10958	OR5M9	ENSG00000150269.1	ENST00000279791.1	933
10959	OR5P2	ENSG00000183303.3	ENST00000329434.3	969
10960	OR5P3	ENSG00000182334.3	ENST00000641167.1	1193
10961	OR8U3	ENSG00000279961.2	ENST00000623286.1	975
10962	OR5T1	ENSG00000181698.5	ENST00000641665.1	1471
10963	OR5T2	ENSG00000181718.7	ENST00000641661.1	2062
10964	OR5T3	ENSG00000172489.7	ENST00000313033.4	969
10965	OR5V1	ENSG00000243729.5	ENST00000641768.1	2763
10966	OR5W2	ENSG00000187612.1	ENST00000344514.1	933
10967	OR6A2	ENSG00000184933.6	ENST00000641196.1	4295
10968	OR6B1	ENSG00000221813.4	ENST00000641698.1	5153
10969	OR6B2	ENSG00000182083.8	ENST00000319423.5	939
10970	OR6B3	ENSG00000178586.9	ENST00000641019.2	1698
10971	OR6C1	ENSG00000205330.4	ENST00000642104.1	2055
10972	OR6C2	ENSG00000179695.3	ENST00000641202.1	2105
10973	OR6C3	ENSG00000205329.3	ENST00000641740.2	1042
10974	OR6C4	ENSG00000179626.4	ENST00000641569.1	5141
10975	OR6C6	ENSG00000188324.4	ENST00000358433.3	1521
10976	OR6C65	ENSG00000205328.3	ENST00000379665.3	939
10977	OR6C68	ENSG00000205327.3	ENST00000548615.1	939
10978	OR6C70	ENSG00000184954.4	ENST00000327335.4	939
10979	OR6C74	ENSG00000197706.5	ENST00000343399.5	9556
10980	OR6C75	ENSG00000187857.5	ENST00000641576.1	4569
10981	OR6C76	ENSG00000185821.3	ENST00000328314.3	939
10982	OR6F1	ENSG00000169214.5	ENST00000641470.1	1762
10983	OR6J1	ENSG00000255804.2	ENST00000540461.2	4165
10984	OR6K2	ENSG00000196171.3	ENST00000359610.3	975
10985	OR6K3	ENSG00000203757.2	ENST00000368145.2	1844
10986	OR6K6	ENSG00000180433.6	ENST00000641861.1	1172
10987	OR6M1	ENSG00000196099.5	ENST00000309154.3	942
10988	OR6N1	ENSG00000197403.5	ENST00000641846.1	2640
10989	OR6N2	ENSG00000188340.3	ENST00000641131.1	3455
10990	OR6Q1	ENSG00000279051.5	ENST00000302622.4	954
10991	OR6S1	ENSG00000181803.3	ENST00000320704.3	996
10992	OR6T1	ENSG00000181499.3	ENST00000321252.3	972
10993	OR6V1	ENSG00000225781.2	ENST00000418316.2	942
10994	OR6X1	ENSG00000221931.3	ENST00000327930.3	939
10995	OR6Y1	ENSG00000197532.3	ENST00000641622.1	5128
10996	OR7A10	ENSG00000127515.3	ENST00000641129.1	1847
10997	OR7A17	ENSG00000185385.5	ENST00000641113.1	3639
10998	OR7A5	ENSG00000188269.11	ENST00000322301.5	2126
10999	OR7C1	ENSG00000127530.5	ENST00000641666.2	2356
11000	OR7C2	ENSG00000127529.7	ENST00000248072.3	960
11001	OR7D2	ENSG00000188000.7	ENST00000641288.2	3286
11002	OR7D4	ENSG00000174667.4	ENST00000641669.1	4965
11003	OR7E24	ENSG00000237521.4	ENST00000456448.3	1696
11004	OR7G1	ENSG00000161807.3	ENST00000541538.1	936
11005	OR7G2	ENSG00000170923.4	ENST00000641081.1	3015
11006	OR7G3	ENSG00000170920.2	ENST00000305444.2	939
11007	OR8A1	ENSG00000196119.8	ENST00000284287.6	1378
11008	OR8B12	ENSG00000170953.4	ENST00000306842.3	933
11009	OR8B2	ENSG00000284680.3	ENST00000641451.2	1093
11010	OR8B3	ENSG00000284609.2	ENST00000641139.1	2170
11011	OR8B4	ENSG00000280090.3	ENST00000356130.7	930
11012	OR8B8	ENSG00000197125.3	ENST00000642064.1	3914
11013	OR8D1	ENSG00000196341.3	ENST00000641015.1	8286
11014	OR8D2	ENSG00000279116.3	ENST00000624618.2	936
11015	OR8D4	ENSG00000181518.4	ENST00000641687.1	2904
11016	OR8G1	ENSG00000197849.7	ENST00000641972.1	5055
11017	OR8G5	ENSG00000255298.5	ENST00000641992.2	1566
11018	OR8H1	ENSG00000181693.9	ENST00000641600.1	2927
11019	OR8H2	ENSG00000181767.3	ENST00000313503.2	3088
11020	OR8H3	ENSG00000181761.5	ENST00000313472.3	939
11021	OR8I2	ENSG00000172154.11	ENST00000302124.8	933
11022	OR8J1	ENSG00000172487.4	ENST00000533152.3	1320
11023	OR8J3	ENSG00000167822.3	ENST00000642058.1	3806
11024	OR8K1	ENSG00000150261.5	ENST00000279783.5	960
11025	OR8K3	ENSG00000280314.4	ENST00000641662.1	2438
11026	OR8K5	ENSG00000181752.3	ENST00000313447.1	924
11027	OR8S1	ENSG00000284723.2	ENST00000641651.1	939
11028	OR8U1	ENSG00000172199.1	ENST00000302270.1	930
11029	OR9A2	ENSG00000179468.6	ENST00000350513.3	933
11030	OR9A4	ENSG00000258083.2	ENST00000641559.1	2018
11031	OR9G1	ENSG00000174914.3	ENST00000642097.1	3611
11032	OR9G4	ENSG00000172457.7	ENST00000641668.1	2608
11033	OR9I1	ENSG00000172377.3	ENST00000641439.1	3184
11034	OR9K2	ENSG00000170605.7	ENST00000641329.1	3120
11035	OR9Q1	ENSG00000186509.4	ENST00000335397.3	2488
11036	OR9Q2	ENSG00000186513.4	ENST00000641291.1	3774
11037	ORAI1	ENSG00000276045.5	ENST00000617316.2	1496
11038	ORAI2	ENSG00000160991.19	ENST00000495936.7	10747
11039	ORAI3	ENSG00000175938.8	ENST00000318663.5	2204
11040	LTO1	ENSG00000149716.15	ENST00000279147.9	2484
11041	ORC1	ENSG00000085840.15	ENST00000371568.8	3121
11042	ORC2	ENSG00000115942.11	ENST00000234296.7	4288
11043	ORC3	ENSG00000135336.19	ENST00000392844.8	2498
11044	ORC4	ENSG00000115947.16	ENST00000392857.10	6547
11045	ORC5	ENSG00000164815.13	ENST00000297431.9	1924
11046	ORC6	ENSG00000091651.11	ENST00000219097.7	1615
11047	ORM1	ENSG00000229314.8	ENST00000259396.9	764
11048	ORM2	ENSG00000228278.7	ENST00000431067.4	759
11049	ORMDL1	ENSG00000128699.17	ENST00000392349.9	2150
11050	ORMDL2	ENSG00000123353.12	ENST00000243045.10	2019
11051	ORMDL3	ENSG00000172057.12	ENST00000304046.7	2109
11052	OS9	ENSG00000135506.19	ENST00000315970.12	2682
11053	OSBP	ENSG00000110048.14	ENST00000263847.6	4713
11054	OSBP2	ENSG00000184792.18	ENST00000332585.11	4261
11055	OSBPL10	ENSG00000144645.18	ENST00000396556.7	3625
11056	OSBPL11	ENSG00000144909.10	ENST00000296220.6	4598
11057	OSBPL1A	ENSG00000141447.21	ENST00000319481.8	4152
11058	OSBPL2	ENSG00000130703.19	ENST00000313733.9	3944
11059	OSBPL3	ENSG00000070882.15	ENST00000313367.7	6749
11060	OSBPL5	ENSG00000021762.22	ENST00000263650.12	3854
11061	OSBPL6	ENSG00000079156.19	ENST00000190611.9	10652
11062	OSBPL7	ENSG00000006025.15	ENST00000007414.8	3664
11063	OSBPL8	ENSG00000091039.19	ENST00000261183.8	7204
11064	OSBPL9	ENSG00000117859.21	ENST00000428468.6	3660
11065	OSCAR	ENSG00000170909.16	ENST00000358375.9	1356
11066	OSCP1	ENSG00000116885.20	ENST00000235532.9	1455
11067	OSER1	ENSG00000132823.13	ENST00000255174.3	2109
11068	OSGEP	ENSG00000092094.13	ENST00000206542.9	1976
11069	OSGEPL1	ENSG00000128694.14	ENST00000264151.10	1910
11070	OSGIN1	ENSG00000140961.16	ENST00000393306.6	1922
11071	OSGIN2	ENSG00000164823.13	ENST00000451899.7	4230
11072	OSM	ENSG00000099985.5	ENST00000215781.3	1865
11073	OSMR	ENSG00000145623.15	ENST00000274276.8	5526
11074	OSR1	ENSG00000143867.9	ENST00000272223.3	1906
11075	OSR2	ENSG00000164920.12	ENST00000297565.9	1834
11076	OSTC	ENSG00000198856.15	ENST00000361564.9	1062
11077	OSTF1	ENSG00000134996.14	ENST00000346234.7	1348
11078	OSTM1	ENSG00000081087.17	ENST00000193322.8	4471
11079	OSTN	ENSG00000188729.8	ENST00000682035.1	3231
11080	OTC	ENSG00000036473.11	ENST00000039007.5	1522
11081	OTOA	ENSG00000155719.19	ENST00000646100.2	3878
11082	OTOF	ENSG00000115155.19	ENST00000272371.7	7214
11083	OTOGL	ENSG00000165899.12	ENST00000547103.7	9982
11084	OTOL1	ENSG00000182447.4	ENST00000327928.4	1434
11085	OTOP1	ENSG00000163982.6	ENST00000296358.5	1981
11086	OTOP2	ENSG00000183034.15	ENST00000331427.9	2150
11087	OTOP3	ENSG00000182938.9	ENST00000328801.6	2337
11088	OTOR	ENSG00000125879.5	ENST00000246081.3	1477
11089	OTOS	ENSG00000178602.10	ENST00000319460.2	571
11090	OTP	ENSG00000171540.8	ENST00000306422.5	2694
11091	OTUB1	ENSG00000167770.15	ENST00000538426.6	1701
11092	OTUB2	ENSG00000089723.12	ENST00000203664.10	3911
11093	OTUD3	ENSG00000169914.8	ENST00000375120.4	6515
11094	OTUD4	ENSG00000164164.19	ENST00000447906.8	7741
11095	OTUD5	ENSG00000068308.17	ENST00000376488.8	2888
11096	OTUD6A	ENSG00000189401.3	ENST00000338352.3	1723
11097	OTUD6B	ENSG00000155100.13	ENST00000404789.8	3148
11098	OTUD7A	ENSG00000169918.12	ENST00000307050.6	10964
11099	OTUD7B	ENSG00000264522.8	ENST00000581312.6	8922
11100	OTX1	ENSG00000115507.12	ENST00000282549.7	2828
11101	OTX2	ENSG00000165588.21	ENST00000672264.2	3011
11102	OVCA2	ENSG00000262664.4	ENST00000572195.3	1031
11103	OVCH1	ENSG00000187950.9	ENST00000537054.2	4154
11104	OVCH1-AS1	ENSG00000257599.6	ENST00000551108.3	1583
11105	OVCH2	ENSG00000183378.13	ENST00000533663.6	1978
11106	OVGP1	ENSG00000085465.15	ENST00000369732.4	2196
11107	OVOL1	ENSG00000172818.12	ENST00000335987.8	2988
11108	OVOL2	ENSG00000125850.12	ENST00000278780.7	1583
11109	OXA1L	ENSG00000155463.16	ENST00000612549.6	2806
11110	OXCT1	ENSG00000083720.15	ENST00000196371.10	3294
11111	OXER1	ENSG00000162881.7	ENST00000378661.4	1637
11112	OXGR1	ENSG00000165621.11	ENST00000541038.2	2503
11113	OXLD1	ENSG00000204237.7	ENST00000374741.4	637
11114	OXNAD1	ENSG00000154814.16	ENST00000285083.10	3916
11115	OXR1	ENSG00000164830.20	ENST00000517566.7	4691
11116	OXSM	ENSG00000151093.10	ENST00000280701.8	1506
11117	OXSR1	ENSG00000172939.11	ENST00000311806.8	4517
11118	OXT	ENSG00000101405.4	ENST00000217386.2	513
11119	OXTR	ENSG00000180914.12	ENST00000316793.8	4387
11120	P2RX1	ENSG00000108405.6	ENST00000225538.4	2662
11121	P2RX2	ENSG00000187848.16	ENST00000643471.2	1873
11122	P2RX3	ENSG00000109991.12	ENST00000263314.3	3792
11123	P2RX4	ENSG00000135124.18	ENST00000337233.9	1760
11124	P2RX5	ENSG00000083454.25	ENST00000225328.10	2060
11125	P2RX5-TAX1BP3	ENSG00000257950.3	ENST00000550383.1	5905
11126	P2RX6	ENSG00000099957.19	ENST00000413302.7	2727
11127	P2RX7	ENSG00000089041.19	ENST00000328963.10	5113
11128	P2RY1	ENSG00000169860.7	ENST00000305097.6	6309
11129	P2RY10	ENSG00000078589.15	ENST00000171757.3	3517
11130	P2RY11	ENSG00000244165.3	ENST00000321826.5	1788
11131	P2RY12	ENSG00000169313.12	ENST00000302632.4	2244
11132	P2RY13	ENSG00000181631.8	ENST00000325602.6	2765
11133	P2RY14	ENSG00000174944.11	ENST00000309170.8	2588
11134	P2RY2	ENSG00000175591.14	ENST00000393597.7	8619
11135	P2RY4	ENSG00000186912.7	ENST00000374519.4	2039
11136	P2RY6	ENSG00000171631.18	ENST00000540124.6	2356
11137	P2RY8	ENSG00000182162.13	ENST00000381297.10	4267
11138	P4HA1	ENSG00000122884.15	ENST00000394890.7	2743
11139	P4HA2	ENSG00000072682.22	ENST00000360568.8	4547
11140	P4HA3	ENSG00000149380.14	ENST00000331597.9	2255
11141	P4HB	ENSG00000185624.18	ENST00000331483.9	2437
11142	P4HTM	ENSG00000178467.20	ENST00000383729.9	1771
11143	PA2G4	ENSG00000170515.16	ENST00000303305.11	2386
11144	PAAF1	ENSG00000175575.15	ENST00000310571.8	4954
11145	PABPC1	ENSG00000070756.19	ENST00000318607.10	2861
11146	PABPC1L	ENSG00000101104.15	ENST00000217073.7	2141
11147	PABPC1L2A	ENSG00000186288.5	ENST00000373519.1	2237
11148	PABPC3	ENSG00000151846.9	ENST00000281589.5	3119
11149	PABPC4	ENSG00000090621.17	ENST00000372858.8	3142
11150	PABPC4L	ENSG00000254535.5	ENST00000421491.4	4985
11151	PABPC5	ENSG00000174740.9	ENST00000312600.4	3206
11152	PABPN1	ENSG00000100836.13	ENST00000216727.9	1811
11153	PABPN1L	ENSG00000205022.9	ENST00000419291.7	1314
11154	PACRG	ENSG00000112530.14	ENST00000366888.7	1549
11155	PACRGL	ENSG00000163138.21	ENST00000503585.6	6309
11156	PACS1	ENSG00000175115.14	ENST00000320580.9	4571
11157	PACS2	ENSG00000179364.17	ENST00000447393.6	6361
11158	PACSIN1	ENSG00000124507.13	ENST00000244458.7	4286
11159	PACSIN2	ENSG00000100266.21	ENST00000263246.8	3251
11160	PACSIN3	ENSG00000165912.18	ENST00000298838.11	1873
11161	PADI1	ENSG00000142623.12	ENST00000375471.5	3846
11162	PADI2	ENSG00000117115.15	ENST00000375486.9	4361
11163	PADI3	ENSG00000142619.5	ENST00000375460.3	3189
11164	PADI4	ENSG00000159339.14	ENST00000375448.4	2267
11165	PAEP	ENSG00000122133.19	ENST00000479141.6	992
11166	PAF1	ENSG00000006712.17	ENST00000221265.8	2200
11167	PAFAH1B1	ENSG00000007168.17	ENST00000397195.10	5589
11168	PAFAH1B2	ENSG00000168092.16	ENST00000527958.6	4175
11169	PAFAH1B3	ENSG00000079462.10	ENST00000262890.8	1054
11170	PAFAH2	ENSG00000158006.16	ENST00000374282.8	3487
11171	PAG1	ENSG00000076641.6	ENST00000220597.4	10744
11172	PAGE1	ENSG00000068985.6	ENST00000376150.4	659
11173	PAGE2	ENSG00000234068.8	ENST00000374968.9	541
11174	PAGE2B	ENSG00000238269.11	ENST00000374971.2	540
11175	PAGE3	ENSG00000204279.9	ENST00000374951.6	812
11176	PAGE4	ENSG00000101951.20	ENST00000218068.7	790
11177	PAGE5	ENSG00000158639.14	ENST00000374955.8	553
11178	PAGR1	ENSG00000280789.3	ENST00000320330.8	3874
11179	PAH	ENSG00000171759.12	ENST00000553106.6	3759
11180	PAICS	ENSG00000128050.11	ENST00000512576.3	6371
11181	PAIP1	ENSG00000172239.16	ENST00000306846.8	2780
11182	PAIP2	ENSG00000120727.15	ENST00000265192.9	1456
11183	PAIP2B	ENSG00000124374.11	ENST00000244221.9	6300
11184	PAK1	ENSG00000149269.12	ENST00000356341.8	3459
11185	PAK1IP1	ENSG00000111845.7	ENST00000379568.4	1523
11186	PAK2	ENSG00000180370.12	ENST00000327134.7	6139
11187	PAK3	ENSG00000077264.19	ENST00000372007.10	9126
11188	PAK4	ENSG00000130669.19	ENST00000360442.8	2830
11189	PAK6	ENSG00000137843.14	ENST00000560346.6	4379
11190	PAK5	ENSG00000101349.18	ENST00000353224.10	4728
11191	PALB2	ENSG00000083093.14	ENST00000261584.9	4008
11192	PALD1	ENSG00000107719.12	ENST00000263563.7	4610
11193	PALLD	ENSG00000129116.22	ENST00000505667.6	5858
11194	PALM	ENSG00000099864.20	ENST00000338448.10	2891
11195	PALM2AKAP2	ENSG00000157654.21	ENST00000374530.8	7618
11196	PALMD	ENSG00000099260.14	ENST00000263174.9	2334
11197	PAM	ENSG00000145730.23	ENST00000438793.8	3990
11198	PAM16	ENSG00000217930.10	ENST00000318059.8	533
11199	PAMR1	ENSG00000149090.15	ENST00000619888.5	2723
11200	PAN2	ENSG00000135473.18	ENST00000440411.8	4523
11201	PAN3	ENSG00000152520.16	ENST00000380958.8	5590
11202	PANK1	ENSG00000152782.21	ENST00000307534.10	3155
11203	PANK2	ENSG00000125779.25	ENST00000610179.7	8020
11204	PANK3	ENSG00000120137.9	ENST00000239231.7	10274
11205	PANK4	ENSG00000157881.18	ENST00000378466.9	2641
11206	PANX1	ENSG00000110218.11	ENST00000227638.8	2852
11207	PANX2	ENSG00000073150.15	ENST00000395842.3	3052
11208	PANX3	ENSG00000154143.3	ENST00000284288.3	1729
11209	PAOX	ENSG00000148832.18	ENST00000278060.10	1830
11210	TENT2	ENSG00000164329.17	ENST00000453514.6	5100
11211	TENT4B	ENSG00000121274.15	ENST00000561678.7	8440
11212	TENT4A	ENSG00000112941.16	ENST00000230859.8	5030
11213	ACP7	ENSG00000183760.13	ENST00000331256.10	2903
11214	PAPLN	ENSG00000100767.19	ENST00000644200.2	5889
11215	PAPOLA	ENSG00000090060.21	ENST00000216277.13	4515
11216	PAPOLB	ENSG00000218823.2	ENST00000404991.2	4293
11217	PAPOLG	ENSG00000115421.15	ENST00000238714.8	7348
11218	PAPPA	ENSG00000182752.11	ENST00000328252.4	10971
11219	PAPPA2	ENSG00000116183.12	ENST00000367662.5	9683
11220	PAPSS1	ENSG00000138801.11	ENST00000265174.5	2513
11221	PAPSS2	ENSG00000198682.15	ENST00000456849.2	3699
11222	PAQR3	ENSG00000163291.16	ENST00000512733.5	9811
11223	PAQR4	ENSG00000162073.16	ENST00000318782.9	2685
11224	PAQR5	ENSG00000137819.16	ENST00000395407.7	5372
11225	PAQR6	ENSG00000160781.19	ENST00000292291.10	1969
11226	PAQR7	ENSG00000182749.8	ENST00000675840.1	2685
11227	PAQR8	ENSG00000170915.11	ENST00000442253.3	4715
11228	PAQR9	ENSG00000188582.11	ENST00000340634.6	9090
11229	PARD3	ENSG00000148498.19	ENST00000374788.8	5971
11230	PARD3B	ENSG00000116117.21	ENST00000406610.7	8492
11231	PARD6A	ENSG00000102981.12	ENST00000458121.7	1244
11232	PARD6B	ENSG00000124171.11	ENST00000371610.7	4579
11233	PARD6G	ENSG00000178184.17	ENST00000353265.8	3836
11234	PRKN	ENSG00000185345.26	ENST00000366898.6	4178
11235	PARK7	ENSG00000116288.15	ENST00000338639.10	1127
11236	PARL	ENSG00000175193.16	ENST00000317096.9	1501
11237	PARM1	ENSG00000169116.13	ENST00000307428.7	5011
11238	PARN	ENSG00000140694.20	ENST00000437198.7	3071
11239	PARP1	ENSG00000143799.16	ENST00000366794.10	3978
11240	PARP10	ENSG00000178685.16	ENST00000313028.12	3505
11241	PARP11	ENSG00000111224.16	ENST00000228820.9	4449
11242	PARP12	ENSG00000059378.15	ENST00000263549.8	3021
11243	PARP14	ENSG00000173193.17	ENST00000474629.7	7694
11244	PARP15	ENSG00000173200.15	ENST00000464300.7	5002
11245	PARP16	ENSG00000138617.18	ENST00000649807.2	2734
11246	PARP2	ENSG00000129484.16	ENST00000429687.8	1827
11247	PARP3	ENSG00000041880.17	ENST00000398755.8	2337
11248	PARP4	ENSG00000102699.8	ENST00000381989.4	5437
11249	PARP6	ENSG00000137817.20	ENST00000569795.6	2788
11250	PARP8	ENSG00000151883.22	ENST00000281631.10	7475
11251	PARP9	ENSG00000138496.19	ENST00000682323.1	3045
11252	PARPBP	ENSG00000185480.14	ENST00000327680.7	3076
11253	PARS2	ENSG00000162396.8	ENST00000371279.4	2356
11254	PARVA	ENSG00000197702.16	ENST00000334956.15	8627
11255	PARVB	ENSG00000188677.16	ENST00000338758.12	5394
11256	PARVG	ENSG00000138964.20	ENST00000444313.8	3488
11257	PASD1	ENSG00000166049.11	ENST00000370357.5	3110
11258	PASK	ENSG00000115687.16	ENST00000234040.9	4540
11259	PATE1	ENSG00000171053.10	ENST00000305738.10	1541
11260	PATE2	ENSG00000196844.9	ENST00000358524.8	1666
11261	PATL1	ENSG00000166889.16	ENST00000300146.10	4129
11262	PATL2	ENSG00000229474.10	ENST00000682850.1	2410
11263	PATZ1	ENSG00000100105.20	ENST00000266269.10	3895
11264	PAWR	ENSG00000177425.13	ENST00000328827.9	8991
11265	PAX1	ENSG00000125813.16	ENST00000613128.5	5342
11266	PAX2	ENSG00000075891.26	ENST00000355243.8	4189
11267	PAX3	ENSG00000135903.21	ENST00000392070.7	3359
11268	PAX4	ENSG00000106331.20	ENST00000639438.3	2234
11269	PAX5	ENSG00000196092.14	ENST00000358127.9	8704
11270	PAX6	ENSG00000007372.26	ENST00000640368.2	2743
11271	PAX7	ENSG00000009709.15	ENST00000420770.7	6213
11272	PAX8	ENSG00000125618.20	ENST00000429538.8	4055
11273	PAX9	ENSG00000198807.13	ENST00000361487.7	4166
11274	PAXBP1	ENSG00000159086.17	ENST00000331923.9	3892
11275	PAXIP1	ENSG00000157212.22	ENST00000404141.6	3864
11276	PAXIP1-AS2	ENSG00000214106.10	ENST00000646803.1	6706
11277	PBDC1	ENSG00000102390.14	ENST00000373358.8	1185
11278	PBK	ENSG00000168078.12	ENST00000301905.9	1836
11279	PBLD	ENSG00000108187.18	ENST00000358769.7	2588
11280	PBOV1	ENSG00000254440.3	ENST00000527246.3	2506
11281	PBRM1	ENSG00000163939.21	ENST00000707071.1	7991
11282	PBX1	ENSG00000185630.21	ENST00000420696.7	7087
11283	PBX2	ENSG00000204304.13	ENST00000375050.6	3229
11284	PBX3	ENSG00000167081.20	ENST00000373489.10	2840
11285	PBX4	ENSG00000105717.16	ENST00000251203.14	1495
11286	PBXIP1	ENSG00000163346.19	ENST00000368463.8	3207
11287	PC	ENSG00000173599.17	ENST00000393960.7	4305
11288	PCBD1	ENSG00000166228.11	ENST00000299299.4	787
11289	PCBD2	ENSG00000132570.17	ENST00000254908.11	2365
11290	PCBP1	ENSG00000169564.7	ENST00000303577.7	1727
11291	PCBP2	ENSG00000197111.18	ENST00000546463.6	3159
11292	PCBP3	ENSG00000183570.19	ENST00000681687.1	2282
11293	PCBP4	ENSG00000090097.24	ENST00000461554.6	2156
11294	PCCA	ENSG00000175198.19	ENST00000376285.6	2484
11295	PCCB	ENSG00000114054.16	ENST00000251654.9	1799
11296	PCDH1	ENSG00000156453.15	ENST00000287008.8	4814
11297	PCDH10	ENSG00000138650.10	ENST00000264360.7	8510
11298	PCDH11X	ENSG00000102290.23	ENST00000682573.1	9022
11299	PCDH11Y	ENSG00000099715.16	ENST00000698851.1	8550
11300	PCDH12	ENSG00000113555.6	ENST00000231484.4	5706
11301	PCDH15	ENSG00000150275.21	ENST00000644397.2	9366
11302	PCDH17	ENSG00000118946.13	ENST00000377918.8	8300
11303	PCDH18	ENSG00000189184.13	ENST00000344876.9	5925
11304	PCDH19	ENSG00000165194.17	ENST00000373034.8	9756
11305	PCDH20	ENSG00000280165.3	ENST00000409204.5	5105
11306	PCDH7	ENSG00000169851.18	ENST00000695919.1	8773
11307	PCDH8	ENSG00000136099.13	ENST00000377942.7	5088
11308	PCDH9	ENSG00000184226.16	ENST00000377865.7	6227
11309	PCDHA1	ENSG00000204970.11	ENST00000504120.4	5414
11310	PCDHA10	ENSG00000250120.9	ENST00000307360.6	5409
11311	PCDHA11	ENSG00000249158.8	ENST00000398640.7	5407
11312	PCDHA12	ENSG00000251664.6	ENST00000398631.3	5401
11313	PCDHA13	ENSG00000239389.9	ENST00000289272.3	5408
11314	PCDHA2	ENSG00000204969.8	ENST00000526136.2	5370
11315	PCDHA3	ENSG00000255408.5	ENST00000522353.3	5404
11316	PCDHA4	ENSG00000204967.14	ENST00000530339.2	5374
11317	PCDHA5	ENSG00000204965.10	ENST00000529859.2	5384
11318	PCDHA6	ENSG00000081842.19	ENST00000529310.6	5395
11319	PCDHA7	ENSG00000204963.7	ENST00000525929.2	5339
11320	PCDHA8	ENSG00000204962.7	ENST00000531613.2	5398
11321	PCDHA9	ENSG00000204961.8	ENST00000532602.2	5377
11322	PCDHAC1	ENSG00000248383.6	ENST00000253807.3	5896
11323	PCDHAC2	ENSG00000243232.7	ENST00000289269.7	5725
11324	PCDHB1	ENSG00000171815.6	ENST00000306549.6	7973
11325	PCDHB10	ENSG00000120324.9	ENST00000239446.6	3295
11326	PCDHB11	ENSG00000197479.7	ENST00000354757.5	4153
11327	PCDHB12	ENSG00000120328.6	ENST00000239450.4	3853
11328	PCDHB13	ENSG00000187372.11	ENST00000341948.6	5061
11329	PCDHB14	ENSG00000120327.7	ENST00000239449.7	4417
11330	PCDHB15	ENSG00000113248.6	ENST00000231173.6	3971
11331	PCDHB16	ENSG00000272674.4	ENST00000609684.3	3840
11332	PCDHB17P	ENSG00000290893.1	ENST00000623466.1	3066
11333	PCDHB2	ENSG00000112852.8	ENST00000194155.7	4089
11334	PCDHB3	ENSG00000113205.5	ENST00000231130.3	3355
11335	PCDHB4	ENSG00000081818.4	ENST00000194152.4	3806
11336	PCDHB5	ENSG00000113209.9	ENST00000231134.8	3410
11337	PCDHB6	ENSG00000113211.6	ENST00000231136.4	3231
11338	PCDHB7	ENSG00000113212.7	ENST00000231137.6	3740
11339	PCDHB8	ENSG00000120322.5	ENST00000239444.4	2750
11340	PCDHGA1	ENSG00000204956.7	ENST00000517417.3	4769
11341	PCDHGA10	ENSG00000253846.4	ENST00000398610.3	4802
11342	PCDHGA11	ENSG00000253873.7	ENST00000398587.7	4787
11343	PCDHGA12	ENSG00000253159.4	ENST00000252085.4	4854
11344	PCDHGA2	ENSG00000081853.16	ENST00000394576.3	4813
11345	PCDHGA3	ENSG00000254245.4	ENST00000253812.8	4806
11346	PCDHGA4	ENSG00000262576.4	ENST00000571252.3	4778
11347	PCDHGA5	ENSG00000253485.4	ENST00000518069.2	4767
11348	PCDHGA6	ENSG00000253731.4	ENST00000517434.3	4794
11349	PCDHGA7	ENSG00000253537.4	ENST00000518325.2	4759
11350	PCDHGA8	ENSG00000253767.4	ENST00000398604.3	4782
11351	PCDHGA9	ENSG00000261934.4	ENST00000573521.2	4776
11352	PCDHGB1	ENSG00000254221.4	ENST00000523390.2	4748
11353	PCDHGB2	ENSG00000253910.4	ENST00000522605.2	4740
11354	PCDHGB3	ENSG00000262209.4	ENST00000576222.2	4745
11355	PCDHGB4	ENSG00000253953.4	ENST00000519479.2	4761
11356	PCDHGB6	ENSG00000253305.4	ENST00000520790.2	4777
11357	PCDHGB7	ENSG00000254122.4	ENST00000398594.4	4775
11358	PCDHGC3	ENSG00000240184.8	ENST00000308177.5	4758
11359	PCDHGC4	ENSG00000242419.7	ENST00000306593.2	4763
11360	PCDHGC5	ENSG00000240764.5	ENST00000252087.3	4797
11361	CFAP221	ENSG00000163075.15	ENST00000413369.8	2823
11362	PCED1A	ENSG00000132635.19	ENST00000360652.7	1979
11363	PCED1B	ENSG00000179715.15	ENST00000546455.6	2310
11364	PCF11	ENSG00000165494.14	ENST00000690938.1	6270
11365	PCGF1	ENSG00000115289.16	ENST00000233630.11	907
11366	PCGF2	ENSG00000277258.7	ENST00000620225.5	2634
11367	PCGF3	ENSG00000185619.21	ENST00000362003.10	5067
11368	PCGF5	ENSG00000180628.17	ENST00000336126.6	7149
11369	PCGF6	ENSG00000156374.18	ENST00000369847.4	2236
11370	PCID2	ENSG00000126226.24	ENST00000337344.9	1897
11371	PCIF1	ENSG00000100982.14	ENST00000372409.8	2689
11372	PCK1	ENSG00000124253.13	ENST00000319441.6	4320
11373	PCK2	ENSG00000100889.14	ENST00000216780.9	2179
11374	PCLO	ENSG00000186472.22	ENST00000333891.14	20284
11375	PCM1	ENSG00000078674.22	ENST00000325083.13	8652
11376	PCMT1	ENSG00000120265.23	ENST00000464889.7	1686
11377	PCMTD1	ENSG00000168300.16	ENST00000522514.6	4044
11378	PCMTD2	ENSG00000203880.15	ENST00000308824.11	3859
11379	PCNA	ENSG00000132646.13	ENST00000379143.10	1276
11380	PCNP	ENSG00000081154.13	ENST00000265260.8	2285
11381	PCNT	ENSG00000160299.20	ENST00000359568.10	10526
11382	PCNX1	ENSG00000100731.17	ENST00000304743.7	12865
11383	PCNX2	ENSG00000135749.22	ENST00000258229.14	7530
11384	PCNX3	ENSG00000197136.7	ENST00000355703.4	7102
11385	PCNX4	ENSG00000126773.15	ENST00000406854.6	18069
11386	PCOLCE	ENSG00000106333.15	ENST00000223061.6	1516
11387	PCOLCE2	ENSG00000163710.11	ENST00000295992.8	1896
11388	PCP2	ENSG00000174788.11	ENST00000311069.6	747
11389	PCP4	ENSG00000183036.12	ENST00000328619.10	534
11390	PCP4L1	ENSG00000248485.4	ENST00000504449.2	1406
11391	PCSK1	ENSG00000175426.13	ENST00000311106.8	5136
11392	PCSK1N	ENSG00000102109.11	ENST00000218230.6	1025
11393	PCSK2	ENSG00000125851.12	ENST00000262545.7	4691
11394	PCSK4	ENSG00000115257.17	ENST00000300954.10	2603
11395	PCSK5	ENSG00000099139.16	ENST00000674117.1	10226
11396	PCSK6	ENSG00000140479.19	ENST00000611716.5	4272
11397	PCSK7	ENSG00000160613.17	ENST00000320934.8	4197
11398	PCSK9	ENSG00000169174.15	ENST00000302118.5	3637
11399	PCTP	ENSG00000141179.15	ENST00000268896.10	1972
11400	PCYOX1	ENSG00000116005.14	ENST00000433351.7	5339
11401	PCYOX1L	ENSG00000145882.13	ENST00000274569.9	2507
11402	PCYT1A	ENSG00000161217.14	ENST00000431016.6	5546
11403	PCYT1B	ENSG00000102230.15	ENST00000379144.7	5558
11404	PCYT2	ENSG00000185813.13	ENST00000538936.7	5089
11405	PDAP1	ENSG00000106244.15	ENST00000350498.8	2604
11406	PDC	ENSG00000116703.14	ENST00000391997.3	1234
11407	PDCD1	ENSG00000188389.14	ENST00000334409.10	2097
11408	PDCD10	ENSG00000114209.17	ENST00000392750.7	2133
11409	PDCD11	ENSG00000148843.17	ENST00000369797.8	6477
11410	PDCD1LG2	ENSG00000197646.10	ENST00000397747.5	2432
11411	PDCD2	ENSG00000071994.12	ENST00000541970.6	3355
11412	PDCD2L	ENSG00000126249.9	ENST00000246535.4	1157
11413	PDCD4	ENSG00000150593.20	ENST00000280154.12	3481
11414	PDCD5	ENSG00000105185.14	ENST00000590247.7	603
11415	PDCD6	ENSG00000249915.11	ENST00000264933.9	1110
11416	PDCD6IP	ENSG00000170248.17	ENST00000307296.8	5884
11417	PDCD7	ENSG00000090470.16	ENST00000204549.9	2823
11418	PDCL	ENSG00000136940.16	ENST00000259467.9	3017
11419	PDCL2	ENSG00000163440.14	ENST00000295645.9	900
11420	PDCL3	ENSG00000115539.17	ENST00000264254.11	1038
11421	GATD1	ENSG00000177225.18	ENST00000319863.13	4363
11422	PDE10A	ENSG00000112541.19	ENST00000539869.4	9334
11423	PDE11A	ENSG00000128655.20	ENST00000286063.11	9305
11424	PDE12	ENSG00000174840.11	ENST00000311180.9	8780
11425	PDE1A	ENSG00000115252.21	ENST00000409365.6	5037
11426	PDE1B	ENSG00000123360.14	ENST00000243052.8	3193
11427	PDE1C	ENSG00000154678.20	ENST00000396191.6	4349
11428	PDE2A	ENSG00000186642.17	ENST00000334456.10	4284
11429	PDE3A	ENSG00000172572.9	ENST00000359062.4	12486
11430	PDE3B	ENSG00000152270.12	ENST00000282096.9	5995
11431	PDE4A	ENSG00000065989.18	ENST00000380702.7	4897
11432	PDE4B	ENSG00000184588.19	ENST00000341517.9	4531
11433	PDE4C	ENSG00000105650.23	ENST00000262805.17	5030
11434	PDE4D	ENSG00000113448.21	ENST00000340635.11	8160
11435	PDE5A	ENSG00000138735.18	ENST00000354960.8	6959
11436	PDE6A	ENSG00000132915.14	ENST00000255266.10	5645
11437	PDE6B	ENSG00000133256.14	ENST00000496514.6	3294
11438	PDE6C	ENSG00000095464.11	ENST00000371447.4	3358
11439	PDE6D	ENSG00000156973.16	ENST00000287600.9	1140
11440	PDE6G	ENSG00000185527.13	ENST00000331056.10	988
11441	PDE6H	ENSG00000139053.5	ENST00000266395.3	727
11442	PDE7A	ENSG00000205268.13	ENST00000401827.8	6961
11443	PDE7B	ENSG00000171408.15	ENST00000308191.11	5385
11444	PDE8A	ENSG00000073417.17	ENST00000394553.6	4036
11445	PDE8B	ENSG00000113231.15	ENST00000264917.10	4606
11446	PDE9A	ENSG00000160191.20	ENST00000291539.11	2192
11447	PDF	ENSG00000258429.3	ENST00000288022.2	2859
11448	PDGFA	ENSG00000197461.15	ENST00000402802.8	2742
11449	PDGFB	ENSG00000100311.19	ENST00000331163.11	3728
11450	PDGFC	ENSG00000145431.13	ENST00000502773.6	4570
11451	PDGFD	ENSG00000170962.15	ENST00000393158.7	3838
11452	PDGFRA	ENSG00000134853.14	ENST00000257290.10	6378
11453	PDGFRB	ENSG00000113721.16	ENST00000261799.9	5700
11454	PDGFRL	ENSG00000104213.15	ENST00000251630.11	1508
11455	PDHA1	ENSG00000131828.16	ENST00000422285.7	3349
11456	PDHA2	ENSG00000163114.6	ENST00000295266.6	1372
11457	PDHB	ENSG00000168291.15	ENST00000302746.11	1507
11458	PDHX	ENSG00000110435.15	ENST00000227868.9	2500
11459	PDIA2	ENSG00000185615.18	ENST00000219406.11	1686
11460	PDIA3	ENSG00000167004.16	ENST00000300289.10	3680
11461	PDIA4	ENSG00000155660.13	ENST00000652332.1	2767
11462	PDIA5	ENSG00000065485.22	ENST00000316218.12	1844
11463	PDIA6	ENSG00000143870.15	ENST00000272227.8	2279
11464	PDIK1L	ENSG00000175087.12	ENST00000374269.2	4113
11465	PDILT	ENSG00000169340.10	ENST00000302451.9	2148
11466	PDK1	ENSG00000152256.16	ENST00000282077.8	14072
11467	PDK2	ENSG00000005882.14	ENST00000503176.6	3364
11468	PDK3	ENSG00000067992.19	ENST00000379162.9	1741
11469	PDK4	ENSG00000004799.10	ENST00000005178.6	3601
11470	PDLIM1	ENSG00000107438.11	ENST00000329399.7	1431
11471	PDLIM2	ENSG00000120913.26	ENST00000409417.6	1577
11472	PDLIM3	ENSG00000154553.18	ENST00000284767.12	2802
11473	PDLIM4	ENSG00000131435.15	ENST00000253754.8	2257
11474	PDLIM5	ENSG00000163110.17	ENST00000317968.9	6043
11475	PDLIM7	ENSG00000196923.16	ENST00000355841.7	1712
11476	PDP1	ENSG00000164951.17	ENST00000297598.5	4210
11477	PDP2	ENSG00000172840.9	ENST00000311765.4	6997
11478	PDPK1	ENSG00000140992.22	ENST00000342085.9	7184
11479	PDPN	ENSG00000162493.19	ENST00000621990.5	2737
11480	PDPR	ENSG00000090857.16	ENST00000288050.9	8549
11481	PDRG1	ENSG00000088356.8	ENST00000202017.6	1957
11482	PDS5A	ENSG00000121892.17	ENST00000303538.13	7131
11483	PDS5B	ENSG00000083642.21	ENST00000315596.15	7472
11484	PDSS1	ENSG00000148459.18	ENST00000376215.10	1584
11485	PDSS2	ENSG00000164494.14	ENST00000369037.9	3536
11486	PDX1	ENSG00000139515.7	ENST00000381033.5	2603
11487	PDXDC1	ENSG00000179889.23	ENST00000396410.9	4598
11488	PDXK	ENSG00000160209.21	ENST00000291565.9	7341
11489	PDXP	ENSG00000241360.3	ENST00000215904.7	2012
11490	PDYN	ENSG00000101327.10	ENST00000217305.3	2556
11491	PDZD11	ENSG00000120509.14	ENST00000239666.9	991
11492	PDZD2	ENSG00000133401.18	ENST00000438447.2	11984
11493	NHERF4	ENSG00000172367.17	ENST00000355547.10	2259
11494	PDZD4	ENSG00000067840.15	ENST00000393758.7	3761
11495	PDZD7	ENSG00000186862.22	ENST00000619208.6	4112
11496	PDZD8	ENSG00000165650.14	ENST00000334464.7	9672
11497	PDZD9	ENSG00000155714.14	ENST00000424898.3	1266
11498	PDZK1	ENSG00000174827.16	ENST00000417171.6	2065
11499	PDZK1IP1	ENSG00000162366.10	ENST00000294338.7	838
11500	PDZRN3	ENSG00000121440.16	ENST00000263666.9	4251
11501	PDZRN4	ENSG00000165966.17	ENST00000402685.7	4102
11502	PEA15	ENSG00000162734.15	ENST00000360472.9	2420
11503	PEAK1	ENSG00000173517.13	ENST00000682557.1	12003
11504	PEAR1	ENSG00000187800.16	ENST00000292357.8	4874
11505	PEBP1	ENSG00000089220.7	ENST00000261313.3	1431
11506	PEBP4	ENSG00000134020.10	ENST00000256404.8	901
11507	PECR	ENSG00000115425.16	ENST00000265322.8	1867
11508	PEF1	ENSG00000162517.15	ENST00000373703.5	1614
11509	PEG10	ENSG00000242265.6	ENST00000488574.5	2587
11510	PEG3	ENSG00000198300.15	ENST00000326441.15	8754
11511	PELI1	ENSG00000197329.14	ENST00000358912.5	3716
11512	PELI2	ENSG00000139946.12	ENST00000267460.9	5871
11513	PELI3	ENSG00000174516.17	ENST00000320740.12	2704
11514	PELO	ENSG00000152684.13	ENST00000274311.3	4371
11515	PELP1	ENSG00000141456.18	ENST00000572293.7	5084
11516	PEMT	ENSG00000133027.20	ENST00000255389.10	1021
11517	PENK	ENSG00000181195.13	ENST00000451791.7	1251
11518	PEPD	ENSG00000124299.18	ENST00000244137.12	1907
11519	PER1	ENSG00000179094.19	ENST00000317276.9	4676
11520	PER2	ENSG00000132326.14	ENST00000254657.8	6380
11521	PER3	ENSG00000049246.17	ENST00000377532.8	6365
11522	PERP	ENSG00000112378.13	ENST00000421351.4	4198
11523	PES1	ENSG00000100029.20	ENST00000354694.12	2265
11524	GATB	ENSG00000059691.14	ENST00000263985.11	2369
11525	PEX1	ENSG00000127980.18	ENST00000248633.9	4369
11526	PEX10	ENSG00000157911.13	ENST00000447513.7	2835
11527	PEX11A	ENSG00000166821.10	ENST00000300056.8	2708
11528	PEX11B	ENSG00000131779.13	ENST00000369306.8	1620
11529	PEX11G	ENSG00000104883.10	ENST00000221480.6	1078
11530	PEX12	ENSG00000108733.12	ENST00000225873.9	2617
11531	PEX13	ENSG00000162928.11	ENST00000295030.6	4472
11532	PEX14	ENSG00000142655.15	ENST00000356607.9	1922
11533	PEX16	ENSG00000121680.18	ENST00000378750.10	1668
11534	PEX19	ENSG00000162735.21	ENST00000368072.10	3653
11535	PEX2	ENSG00000164751.17	ENST00000357039.9	4169
11536	PEX26	ENSG00000215193.16	ENST00000399744.8	18626
11537	PEX3	ENSG00000034693.17	ENST00000367591.5	2750
11538	PEX5	ENSG00000139197.13	ENST00000675855.1	3237
11539	PEX5L	ENSG00000114757.20	ENST00000467460.6	9089
11540	PEX6	ENSG00000124587.16	ENST00000304611.13	3444
11541	PEX7	ENSG00000112357.16	ENST00000318471.5	1454
11542	PF4	ENSG00000163737.6	ENST00000296029.4	773
11543	PF4V1	ENSG00000109272.5	ENST00000226524.4	743
11544	PFAS	ENSG00000178921.16	ENST00000314666.11	5369
11545	PFDN1	ENSG00000113068.12	ENST00000261813.9	1336
11546	PFDN2	ENSG00000143256.7	ENST00000368010.4	598
11547	PFDN4	ENSG00000101132.13	ENST00000371419.7	1230
11548	PFDN5	ENSG00000123349.17	ENST00000334478.9	596
11549	PFDN6	ENSG00000204220.14	ENST00000374606.10	734
11550	PFKFB1	ENSG00000158571.13	ENST00000375006.8	2039
11551	PFKFB2	ENSG00000123836.17	ENST00000367080.8	7073
11552	PFKFB3	ENSG00000170525.23	ENST00000379775.9	4482
11553	PFKFB4	ENSG00000114268.14	ENST00000232375.8	3499
11554	PFKL	ENSG00000141959.19	ENST00000349048.9	2907
11555	PFKM	ENSG00000152556.19	ENST00000359794.11	3090
11556	PFKP	ENSG00000067057.21	ENST00000381125.9	2626
11557	PFN1	ENSG00000108518.10	ENST00000225655.6	807
11558	PFN2	ENSG00000070087.17	ENST00000239940.12	2047
11559	PFN3	ENSG00000196570.3	ENST00000358571.3	553
11560	PFN4	ENSG00000176732.9	ENST00000313213.5	1393
11561	PGA3	ENSG00000229859.10	ENST00000325558.11	1613
11562	PGA5	ENSG00000256713.8	ENST00000312403.10	1382
11563	PGAM1	ENSG00000171314.11	ENST00000334828.6	1802
11564	PGAM2	ENSG00000164708.8	ENST00000297283.4	837
11565	PGAM4	ENSG00000226784.3	ENST00000458128.3	1690
11566	PGAM5	ENSG00000247077.10	ENST00000498926.7	2811
11567	PGAP1	ENSG00000197121.17	ENST00000354764.9	11090
11568	PGAP2	ENSG00000148985.22	ENST00000278243.9	1963
11569	PGAP3	ENSG00000161395.15	ENST00000300658.9	2687
11570	PGBD1	ENSG00000137338.8	ENST00000682144.1	3080
11571	PGBD2	ENSG00000185220.14	ENST00000329291.6	2717
11572	PGBD4	ENSG00000182405.6	ENST00000397766.4	6604
11573	PGBD5	ENSG00000177614.13	ENST00000391860.7	10914
11574	PGC	ENSG00000096088.18	ENST00000373025.7	1371
11575	PGD	ENSG00000142657.23	ENST00000270776.13	2268
11576	PGF	ENSG00000119630.16	ENST00000555567.6	1740
11577	PGGT1B	ENSG00000164219.11	ENST00000419445.6	9550
11578	PGK1	ENSG00000102144.17	ENST00000373316.5	4812
11579	PGK2	ENSG00000170950.7	ENST00000304801.6	1626
11580	PGLS	ENSG00000130313.9	ENST00000252603.7	1008
11581	PGLYRP1	ENSG00000008438.6	ENST00000008938.5	708
11582	PGLYRP2	ENSG00000161031.15	ENST00000340880.5	1879
11583	PGLYRP3	ENSG00000159527.4	ENST00000683862.1	2217
11584	PGLYRP4	ENSG00000163218.16	ENST00000359650.10	2129
11585	PGM1	ENSG00000079739.19	ENST00000371084.8	2337
11586	PGM2	ENSG00000169299.16	ENST00000381967.9	3211
11587	PGM2L1	ENSG00000165434.10	ENST00000298198.5	8477
11588	PGM3	ENSG00000013375.19	ENST00000513973.6	6079
11589	PGM5	ENSG00000154330.15	ENST00000396396.6	3626
11590	PGP	ENSG00000184207.10	ENST00000333503.8	3164
11591	PGPEP1	ENSG00000130517.16	ENST00000269919.11	7081
11592	PGPEP1L	ENSG00000183571.13	ENST00000535714.2	1481
11593	PGR	ENSG00000082175.17	ENST00000325455.10	13037
11594	PGRMC1	ENSG00000101856.12	ENST00000217971.8	1879
11595	PGRMC2	ENSG00000164040.19	ENST00000296425.10	2769
11596	PGS1	ENSG00000087157.21	ENST00000262764.11	2297
11597	PHACTR1	ENSG00000112137.20	ENST00000332995.12	2913
11598	PHACTR2	ENSG00000112419.17	ENST00000440869.7	9633
11599	PHACTR3	ENSG00000087495.19	ENST00000371015.6	2736
11600	PHACTR4	ENSG00000204138.15	ENST00000373839.8	6048
11601	PHAX	ENSG00000164902.16	ENST00000297540.5	3609
11602	PHB1	ENSG00000167085.16	ENST00000300408.8	1834
11603	PHB2	ENSG00000215021.12	ENST00000535923.6	1379
11604	PHC1	ENSG00000111752.13	ENST00000544916.6	5390
11605	PHC2	ENSG00000134686.23	ENST00000683057.1	3993
11606	PHC3	ENSG00000173889.18	ENST00000495893.7	12652
11607	PHEX	ENSG00000102174.11	ENST00000379374.5	6288
11608	PHF1	ENSG00000112511.20	ENST00000374516.8	2263
11609	PHF10	ENSG00000130024.17	ENST00000339209.9	2167
11610	PHF11	ENSG00000136147.20	ENST00000378319.8	1356
11611	PHF12	ENSG00000109118.16	ENST00000332830.9	4506
11612	PHF13	ENSG00000116273.8	ENST00000377648.5	3632
11613	PHF14	ENSG00000106443.19	ENST00000634607.2	3427
11614	JADE2	ENSG00000043143.24	ENST00000681547.2	6757
11615	JADE3	ENSG00000102221.15	ENST00000614628.5	4947
11616	JADE1	ENSG00000077684.18	ENST00000226319.11	5695
11617	PHF19	ENSG00000119403.17	ENST00000373896.8	4149
11618	PHF2	ENSG00000197724.14	ENST00000359246.9	5392
11619	PHF20	ENSG00000025293.19	ENST00000374012.8	5879
11620	PHF20L1	ENSG00000129292.23	ENST00000395386.7	6233
11621	PHF21A	ENSG00000135365.19	ENST00000676320.1	7451
11622	PHF21B	ENSG00000056487.19	ENST00000313237.10	3976
11623	PHF23	ENSG00000040633.14	ENST00000320316.8	1978
11624	PHF3	ENSG00000118482.14	ENST00000262043.8	18797
11625	PHF5A	ENSG00000100410.10	ENST00000216252.4	1053
11626	PHF6	ENSG00000156531.20	ENST00000370803.8	4430
11627	PHF7	ENSG00000010318.24	ENST00000327906.8	2127
11628	PHF8	ENSG00000172943.23	ENST00000338154.11	6357
11629	PHGDH	ENSG00000092621.15	ENST00000641023.2	1866
11630	PHIP	ENSG00000146247.17	ENST00000275034.5	11926
11631	PHKA1	ENSG00000067177.17	ENST00000373542.9	6286
11632	PHKA2	ENSG00000044446.14	ENST00000379942.5	5077
11633	PHKB	ENSG00000102893.20	ENST00000323584.10	5459
11634	PHKG1	ENSG00000164776.13	ENST00000297373.7	2074
11635	PHKG2	ENSG00000156873.18	ENST00000563588.6	5384
11636	PHLDA1	ENSG00000139289.16	ENST00000266671.10	5913
11637	PHLDA2	ENSG00000181649.10	ENST00000314222.5	920
11638	PHLDA3	ENSG00000174307.8	ENST00000367311.5	2749
11639	PHLDB1	ENSG00000019144.22	ENST00000600882.6	5445
11640	PHLDB2	ENSG00000144824.23	ENST00000431670.7	6042
11641	PHLDB3	ENSG00000176531.14	ENST00000292140.10	2402
11642	PHLPP1	ENSG00000081913.16	ENST00000262719.10	6299
11643	PHLPP2	ENSG00000040199.20	ENST00000568954.5	8317
11644	PHOSPHO1	ENSG00000173868.13	ENST00000310544.9	2071
11645	PHOSPHO2	ENSG00000144362.14	ENST00000359744.8	1121
11646	PHOX2A	ENSG00000165462.6	ENST00000298231.5	1699
11647	PHOX2B	ENSG00000109132.8	ENST00000226382.4	2785
11648	PHPT1	ENSG00000054148.20	ENST00000247665.12	577
11649	PHRF1	ENSG00000070047.15	ENST00000264555.10	5539
11650	PHTF1	ENSG00000116793.18	ENST00000369604.6	3657
11651	PHTF2	ENSG00000006576.19	ENST00000422959.8	4837
11652	PHYH	ENSG00000107537.16	ENST00000263038.9	1541
11653	PHYHD1	ENSG00000175287.21	ENST00000372592.8	2047
11654	PHYHIP	ENSG00000168490.16	ENST00000454243.7	2976
11655	PHYHIPL	ENSG00000165443.13	ENST00000373880.9	3521
11656	PHYKPL	ENSG00000175309.18	ENST00000308158.10	2081
11657	PI15	ENSG00000137558.10	ENST00000260113.7	6735
11658	PI16	ENSG00000164530.17	ENST00000373674.4	1885
11659	PI3	ENSG00000124102.7	ENST00000243924.4	551
11660	PI4K2A	ENSG00000155252.16	ENST00000370631.4	4204
11661	PI4K2B	ENSG00000038210.16	ENST00000264864.8	3594
11662	PI4KA	ENSG00000241973.13	ENST00000255882.11	6751
11663	PI4KB	ENSG00000143393.19	ENST00000368873.6	3673
11664	PIANP	ENSG00000139200.16	ENST00000534837.6	2711
11665	PIAS1	ENSG00000033800.16	ENST00000249636.11	7980
11666	PIAS2	ENSG00000078043.18	ENST00000585916.6	11243
11667	PIAS3	ENSG00000131788.18	ENST00000393045.7	2902
11668	PIAS4	ENSG00000105229.9	ENST00000262971.3	3069
11669	PIBF1	ENSG00000083535.18	ENST00000326291.11	3080
11670	PICALM	ENSG00000073921.20	ENST00000393346.8	4134
11671	PICK1	ENSG00000100151.18	ENST00000356976.8	2058
11672	PID1	ENSG00000153823.21	ENST00000392055.8	2557
11673	PIDD1	ENSG00000177595.20	ENST00000347755.10	2984
11674	PIEZO1	ENSG00000103335.24	ENST00000301015.14	8089
11675	PIEZO2	ENSG00000154864.15	ENST00000674853.1	10859
11676	PIF1	ENSG00000140451.15	ENST00000559239.2	2690
11677	CIMAP3	ENSG00000173947.15	ENST00000369738.9	2293
11678	PIGA	ENSG00000165195.17	ENST00000333590.6	3590
11679	PIGB	ENSG00000069943.12	ENST00000164305.10	1910
11680	PIGC	ENSG00000135845.12	ENST00000344529.5	1456
11681	PIGF	ENSG00000151665.15	ENST00000281382.11	1294
11682	PIGG	ENSG00000174227.18	ENST00000453061.7	3909
11683	PIGH	ENSG00000100564.11	ENST00000216452.9	1394
11684	PIGK	ENSG00000142892.17	ENST00000370812.8	4601
11685	PIGL	ENSG00000108474.18	ENST00000225609.10	1289
11686	PIGM	ENSG00000143315.8	ENST00000368090.5	7038
11687	PIGN	ENSG00000197563.13	ENST00000640252.2	7936
11688	PIGO	ENSG00000165282.18	ENST00000378617.4	4112
11689	PIGP	ENSG00000185808.16	ENST00000360525.9	707
11690	PIGQ	ENSG00000007541.19	ENST00000321878.10	2958
11691	PIGR	ENSG00000162896.8	ENST00000356495.5	4275
11692	PIGS	ENSG00000087111.24	ENST00000308360.8	2529
11693	PIGT	ENSG00000124155.21	ENST00000279036.12	2168
11694	PIGU	ENSG00000101464.13	ENST00000217446.8	1639
11695	PIGV	ENSG00000060642.14	ENST00000674202.1	4673
11696	PIGW	ENSG00000277161.4	ENST00000614443.2	2816
11697	PIGX	ENSG00000163964.19	ENST00000392391.9	3038
11698	PIGY	ENSG00000255072.3	ENST00000527353.2	1311
11699	PIGZ	ENSG00000119227.10	ENST00000412723.6	2688
11700	PIH1D1	ENSG00000104872.14	ENST00000262265.10	1197
11701	PIH1D2	ENSG00000150773.14	ENST00000280350.10	1090
11702	DNAAF6	ENSG00000080572.16	ENST00000372453.8	1677
11703	PIK3AP1	ENSG00000155629.17	ENST00000339364.10	4800
11704	PIK3C2A	ENSG00000011405.16	ENST00000691414.1	8428
11705	PIK3C2B	ENSG00000133056.16	ENST00000684373.1	7658
11706	PIK3C2G	ENSG00000139144.13	ENST00000538779.6	4987
11707	PIK3C3	ENSG00000078142.16	ENST00000262039.9	9415
11708	PIK3CA	ENSG00000121879.8	ENST00000263967.4	9259
11709	PIK3CB	ENSG00000051382.12	ENST00000674063.1	6259
11710	PIK3CD	ENSG00000171608.20	ENST00000377346.9	5412
11711	PIK3CG	ENSG00000105851.12	ENST00000496166.6	7059
11712	PIK3IP1	ENSG00000100100.16	ENST00000215912.10	2420
11713	PIK3R1	ENSG00000145675.18	ENST00000521381.6	6975
11714	PIK3R2	ENSG00000105647.22	ENST00000222254.13	3980
11715	PIK3R3	ENSG00000117461.17	ENST00000262741.10	5596
11716	PIK3R4	ENSG00000196455.10	ENST00000356763.8	5016
11717	PIK3R5	ENSG00000141506.17	ENST00000447110.6	4491
11718	PIK3R6	ENSG00000276231.7	ENST00000619866.5	3053
11719	PIKFYVE	ENSG00000115020.19	ENST00000264380.9	9908
11720	PILRA	ENSG00000085514.17	ENST00000198536.7	1271
11721	PILRB	ENSG00000121716.22	ENST00000609309.3	1324
11722	PIM1	ENSG00000137193.16	ENST00000373509.6	2703
11723	PIM2	ENSG00000102096.11	ENST00000376509.4	2075
11724	PIM3	ENSG00000198355.7	ENST00000360612.5	2102
11725	PIN1	ENSG00000127445.16	ENST00000247970.9	1009
11726	PIN4	ENSG00000102309.17	ENST00000373669.8	1239
11727	PINK1	ENSG00000158828.10	ENST00000321556.5	2657
11728	PINX1	ENSG00000254093.11	ENST00000314787.8	1546
11729	PIP	ENSG00000159763.5	ENST00000291009.4	578
11730	PIP4K2A	ENSG00000150867.16	ENST00000376573.9	3820
11731	PIP4K2B	ENSG00000276293.7	ENST00000619039.5	5383
11732	PIP4K2C	ENSG00000166908.20	ENST00000354947.10	3176
11733	PIP5K1A	ENSG00000143398.22	ENST00000368888.9	3800
11734	PIP5K1B	ENSG00000107242.22	ENST00000265382.8	3115
11735	PIP5K1C	ENSG00000186111.13	ENST00000335312.8	5069
11736	PIP5KL1	ENSG00000167103.13	ENST00000388747.9	2176
11737	PIPOX	ENSG00000179761.14	ENST00000323372.9	2169
11738	PIR	ENSG00000087842.13	ENST00000380420.10	1274
11739	PIRT	ENSG00000233670.9	ENST00000580256.3	3457
11740	PISD	ENSG00000241878.14	ENST00000439502.7	2358
11741	PITHD1	ENSG00000057757.12	ENST00000246151.9	1590
11742	PITPNA	ENSG00000174238.17	ENST00000313486.12	3888
11743	PITPNB	ENSG00000180957.20	ENST00000335272.10	2914
11744	PITPNC1	ENSG00000154217.17	ENST00000581322.6	6241
11745	PITPNM1	ENSG00000110697.16	ENST00000356404.8	4217
11746	PITPNM2	ENSG00000090975.16	ENST00000320201.10	7134
11747	PITPNM3	ENSG00000091622.17	ENST00000262483.13	7149
11748	PITRM1	ENSG00000107959.19	ENST00000224949.9	3427
11749	PITX1	ENSG00000069011.17	ENST00000265340.12	2337
11750	PITX2	ENSG00000164093.19	ENST00000644743.1	2294
11751	PITX3	ENSG00000107859.12	ENST00000370002.8	1426
11752	PIWIL1	ENSG00000125207.8	ENST00000245255.7	3897
11753	PIWIL2	ENSG00000197181.14	ENST00000356766.11	5114
11754	PIWIL3	ENSG00000184571.14	ENST00000616349.5	3481
11755	PIWIL4	ENSG00000134627.13	ENST00000299001.11	3139
11756	PJA1	ENSG00000181191.14	ENST00000374571.5	2362
11757	PJA2	ENSG00000198961.13	ENST00000361189.7	4856
11758	PKD1	ENSG00000008710.20	ENST00000262304.9	14140
11759	PKD1L1	ENSG00000158683.11	ENST00000289672.7	9105
11760	PKD1L2	ENSG00000166473.20	ENST00000531391.5	1488
11761	PKD2	ENSG00000118762.10	ENST00000237596.7	5089
11762	PKD2L1	ENSG00000107593.17	ENST00000318222.4	2790
11763	PKD2L2	ENSG00000078795.18	ENST00000508883.6	2291
11764	PKDCC	ENSG00000162878.15	ENST00000294964.6	2490
11765	PKDREJ	ENSG00000130943.7	ENST00000253255.7	7681
11766	PKHD1	ENSG00000170927.16	ENST00000371117.8	16271
11767	PKHD1L1	ENSG00000205038.13	ENST00000378402.10	19969
11768	PKIA	ENSG00000171033.15	ENST00000396418.7	3962
11769	PKIB	ENSG00000135549.18	ENST00000368452.7	1706
11770	PKIG	ENSG00000168734.16	ENST00000372886.6	1150
11771	PKLR	ENSG00000143627.20	ENST00000342741.6	3047
11772	PKM	ENSG00000067225.23	ENST00000335181.10	2305
11773	PKMYT1	ENSG00000127564.19	ENST00000262300.13	2061
11774	PKN1	ENSG00000123143.15	ENST00000242783.11	3120
11775	PKN2	ENSG00000065243.22	ENST00000370521.8	6070
11776	PKN3	ENSG00000160447.9	ENST00000291906.5	3393
11777	PKNOX1	ENSG00000160199.17	ENST00000291547.10	5300
11778	PKNOX2	ENSG00000165495.18	ENST00000298282.14	3642
11779	PKP1	ENSG00000081277.14	ENST00000367324.8	5326
11780	PKP2	ENSG00000057294.20	ENST00000340811.9	4229
11781	PKP3	ENSG00000184363.12	ENST00000331563.7	2817
11782	PKP4	ENSG00000144283.25	ENST00000389759.8	4603
11783	PLA1A	ENSG00000144837.11	ENST00000273371.9	1743
11784	PLA2G10	ENSG00000069764.11	ENST00000438167.8	636
11785	PLA2G12A	ENSG00000123739.13	ENST00000243501.10	5219
11786	PLA2G12B	ENSG00000138308.8	ENST00000373032.4	1564
11787	PLA2G15	ENSG00000103066.15	ENST00000219345.10	2694
11788	PLAAT3	ENSG00000176485.16	ENST00000415826.3	1075
11789	PLA2G1B	ENSG00000170890.15	ENST00000308366.9	551
11790	PLA2G2A	ENSG00000188257.14	ENST00000482011.3	846
11791	PLA2G2C	ENSG00000187980.8	ENST00000679259.1	1621
11792	PLA2G2D	ENSG00000117215.16	ENST00000375105.8	2651
11793	PLA2G2E	ENSG00000188784.4	ENST00000375116.3	785
11794	PLA2G2F	ENSG00000158786.6	ENST00000375102.4	2721
11795	PLA2G3	ENSG00000100078.6	ENST00000215885.4	2600
11796	PLA2G4A	ENSG00000116711.12	ENST00000367466.4	2879
11797	PLA2G4B	ENSG00000243708.13	ENST00000458483.4	2696
11798	PLA2G4C	ENSG00000105499.16	ENST00000599921.6	2486
11799	PLA2G4D	ENSG00000159337.8	ENST00000290472.4	4266
11800	PLA2G4E	ENSG00000188089.14	ENST00000696112.1	4704
11801	PLA2G4F	ENSG00000168907.15	ENST00000397272.7	5587
11802	PLA2G5	ENSG00000127472.13	ENST00000375108.4	1918
11803	PLA2G6	ENSG00000184381.22	ENST00000332509.8	3299
11804	PLA2G7	ENSG00000146070.19	ENST00000274793.12	1915
11805	PLA2R1	ENSG00000153246.15	ENST00000283243.13	14376
11806	PLAA	ENSG00000137055.17	ENST00000397292.8	4724
11807	PLAC1	ENSG00000170965.12	ENST00000359237.9	1119
11808	OOSP2	ENSG00000149507.8	ENST00000278855.7	1499
11809	PLAC8	ENSG00000145287.14	ENST00000311507.9	1374
11810	PLAC8L1	ENSG00000173261.10	ENST00000311450.9	1919
11811	PLAC9	ENSG00000189129.16	ENST00000372263.4	776
11812	PLAG1	ENSG00000181690.10	ENST00000316981.8	7311
11813	PLAGL1	ENSG00000118495.23	ENST00000674357.1	3269
11814	PLAGL2	ENSG00000126003.8	ENST00000246229.5	5656
11815	PLAT	ENSG00000104368.21	ENST00000220809.9	3062
11816	PLAU	ENSG00000122861.18	ENST00000372764.4	2343
11817	PLAUR	ENSG00000011422.14	ENST00000340093.8	1368
11818	PLB1	ENSG00000163803.14	ENST00000327757.10	5513
11819	PLBD1	ENSG00000121316.13	ENST00000240617.10	1960
11820	PLBD2	ENSG00000151176.10	ENST00000280800.5	4787
11821	PLCB1	ENSG00000182621.20	ENST00000338037.11	7088
11822	PLCB2	ENSG00000137841.14	ENST00000260402.8	4627
11823	PLCB3	ENSG00000149782.15	ENST00000279230.12	4192
11824	PLCB4	ENSG00000101333.21	ENST00000378473.9	5674
11825	PLCD1	ENSG00000187091.16	ENST00000334661.5	2651
11826	PLCD3	ENSG00000161714.14	ENST00000619929.5	6132
11827	PLCD4	ENSG00000115556.16	ENST00000450993.7	3092
11828	PLCE1	ENSG00000138193.19	ENST00000371380.8	12481
11829	PLCG1	ENSG00000124181.17	ENST00000685551.1	7092
11830	PLCG2	ENSG00000197943.15	ENST00000564138.6	8666
11831	PLCH1	ENSG00000114805.20	ENST00000460012.7	6417
11832	PLCH2	ENSG00000149527.19	ENST00000378486.8	4870
11833	PLCL1	ENSG00000115896.18	ENST00000428675.6	6696
11834	PLCL2	ENSG00000154822.20	ENST00000615277.5	4161
11835	PLCXD1	ENSG00000182378.17	ENST00000381657.8	5318
11836	PLCXD2	ENSG00000240891.9	ENST00000636933.2	7721
11837	PLCXD3	ENSG00000182836.12	ENST00000377801.8	7706
11838	PLCZ1	ENSG00000139151.17	ENST00000266505.12	2105
11839	PLD1	ENSG00000075651.19	ENST00000351298.9	6015
11840	PLD2	ENSG00000129219.16	ENST00000263088.11	3443
11841	PLD3	ENSG00000105223.23	ENST00000409735.9	2137
11842	PLD4	ENSG00000166428.16	ENST00000392593.9	1905
11843	PLD5	ENSG00000180287.18	ENST00000536534.7	8900
11844	PLD6	ENSG00000179598.7	ENST00000321560.4	2578
11845	PLEC	ENSG00000178209.19	ENST00000345136.8	14804
11846	PLEK	ENSG00000115956.11	ENST00000234313.8	2760
11847	PLEK2	ENSG00000100558.11	ENST00000216446.9	1513
11848	PLEKHA1	ENSG00000107679.17	ENST00000368990.8	3741
11849	PLEKHA2	ENSG00000169499.17	ENST00000617275.5	5530
11850	PLEKHA3	ENSG00000116095.13	ENST00000234453.10	13892
11851	PLEKHA4	ENSG00000105559.15	ENST00000263265.11	3073
11852	PLEKHA5	ENSG00000052126.19	ENST00000429027.7	4797
11853	PLEKHA6	ENSG00000143850.19	ENST00000272203.8	7412
11854	PLEKHA7	ENSG00000166689.20	ENST00000531066.6	5530
11855	PLEKHA8	ENSG00000106086.23	ENST00000449726.6	7774
11856	PLEKHB1	ENSG00000021300.15	ENST00000354190.10	1977
11857	PLEKHB2	ENSG00000115762.19	ENST00000693505.1	3812
11858	PLEKHF1	ENSG00000166289.8	ENST00000436066.4	1699
11859	PLEKHF2	ENSG00000175895.7	ENST00000315367.4	2901
11860	PLEKHG1	ENSG00000120278.19	ENST00000696526.1	7217
11861	PLEKHG2	ENSG00000090924.17	ENST00000425673.6	8048
11862	PLEKHG3	ENSG00000126822.20	ENST00000247226.13	10526
11863	PLEKHG4	ENSG00000196155.15	ENST00000379344.8	4512
11864	PLEKHG4B	ENSG00000153404.17	ENST00000637938.2	12591
11865	PLEKHG5	ENSG00000171680.25	ENST00000377728.8	3580
11866	PLEKHG6	ENSG00000008323.18	ENST00000684764.1	2969
11867	PLEKHG7	ENSG00000187510.13	ENST00000344636.6	4641
11868	PLEKHH1	ENSG00000054690.16	ENST00000329153.10	6615
11869	PLEKHH2	ENSG00000152527.16	ENST00000282406.9	6994
11870	PLEKHH3	ENSG00000068137.17	ENST00000591022.6	3026
11871	PLEKHJ1	ENSG00000104886.14	ENST00000326631.7	1218
11872	PLEKHM1	ENSG00000225190.14	ENST00000430334.8	5240
11873	PLEKHM2	ENSG00000116786.17	ENST00000375799.8	4134
11874	PLEKHM3	ENSG00000178385.17	ENST00000427836.8	9774
11875	PLEKHN1	ENSG00000187583.13	ENST00000379410.8	3176
11876	PLEKHO1	ENSG00000023902.15	ENST00000369124.5	2114
11877	PLEKHO2	ENSG00000241839.12	ENST00000323544.5	3689
11878	PLEKHS1	ENSG00000148735.17	ENST00000694986.1	4154
11879	PLG	ENSG00000122194.22	ENST00000308192.14	3530
11880	PLGRKT	ENSG00000107020.12	ENST00000223864.7	981
11881	PLIN1	ENSG00000166819.14	ENST00000300055.10	2916
11882	PLIN2	ENSG00000147872.12	ENST00000276914.7	1897
11883	PLIN3	ENSG00000105355.11	ENST00000221957.9	2232
11884	PLIN4	ENSG00000167676.7	ENST00000301286.5	6502
11885	PLIN5	ENSG00000214456.10	ENST00000381848.7	2470
11886	PLK1	ENSG00000166851.17	ENST00000300093.9	2160
11887	PLK2	ENSG00000145632.17	ENST00000274289.8	2786
11888	PLK3	ENSG00000173846.16	ENST00000372201.5	2340
11889	PLK4	ENSG00000142731.13	ENST00000270861.10	3838
11890	PLK5	ENSG00000185988.17	ENST00000454744.7	2520
11891	PLLP	ENSG00000102934.12	ENST00000219207.10	1497
11892	PLN	ENSG00000198523.8	ENST00000357525.6	2989
11893	PLOD1	ENSG00000083444.19	ENST00000196061.5	2976
11894	PLOD2	ENSG00000152952.16	ENST00000282903.10	3749
11895	PLOD3	ENSG00000106397.14	ENST00000223127.8	2821
11896	PLP1	ENSG00000123560.16	ENST00000621218.5	3011
11897	PLP2	ENSG00000102007.13	ENST00000376327.6	1103
11898	PLRG1	ENSG00000171566.14	ENST00000499023.7	3317
11899	PLS1	ENSG00000120756.15	ENST00000457734.7	3700
11900	PLS3	ENSG00000102024.21	ENST00000355899.8	3288
11901	PLSCR1	ENSG00000188313.15	ENST00000342435.9	1976
11902	PLSCR2	ENSG00000163746.15	ENST00000696113.1	1185
11903	PLSCR4	ENSG00000114698.17	ENST00000354952.7	3233
11904	PLSCR5	ENSG00000231213.7	ENST00000443512.2	1100
11905	PLTP	ENSG00000100979.17	ENST00000372431.8	1889
11906	PLVAP	ENSG00000130300.11	ENST00000252590.9	2290
11907	PLXDC1	ENSG00000161381.16	ENST00000315392.9	6230
11908	PLXDC2	ENSG00000120594.19	ENST00000377252.5	12275
11909	PLXNA1	ENSG00000114554.13	ENST00000393409.3	9309
11910	PLXNA2	ENSG00000076356.9	ENST00000367033.4	11508
11911	PLXNA3	ENSG00000130827.8	ENST00000369682.4	10885
11912	PLXNA4	ENSG00000221866.12	ENST00000321063.9	12959
11913	PLXNB1	ENSG00000164050.15	ENST00000296440.11	7178
11914	PLXNB2	ENSG00000196576.18	ENST00000359337.9	6409
11915	PLXNB3	ENSG00000198753.14	ENST00000361971.10	6153
11916	PLXNC1	ENSG00000136040.10	ENST00000258526.9	7492
11917	PLXND1	ENSG00000004399.15	ENST00000324093.9	6913
11918	PM20D1	ENSG00000162877.14	ENST00000367136.5	2164
11919	PM20D2	ENSG00000146281.8	ENST00000275072.5	4703
11920	PMAIP1	ENSG00000141682.14	ENST00000316660.7	1899
11921	PMCH	ENSG00000183395.5	ENST00000329406.5	754
11922	PMEL	ENSG00000185664.17	ENST00000548747.6	2126
11923	PMEPA1	ENSG00000124225.17	ENST00000341744.8	4954
11924	PMF1	ENSG00000160783.21	ENST00000368277.3	1068
11925	PMF1-BGLAP	ENSG00000260238.6	ENST00000490491.5	1007
11926	PMFBP1	ENSG00000118557.17	ENST00000237353.15	3427
11927	PML	ENSG00000140464.22	ENST00000268058.8	5565
11928	PMM1	ENSG00000100417.14	ENST00000216259.8	1242
11929	PMM2	ENSG00000140650.15	ENST00000268261.9	2285
11930	PMP2	ENSG00000147588.9	ENST00000256103.3	3524
11931	PMP22	ENSG00000109099.18	ENST00000312280.9	1828
11932	PMPCA	ENSG00000165688.16	ENST00000371717.8	2086
11933	PMPCB	ENSG00000105819.17	ENST00000249269.9	3910
11934	PMS1	ENSG00000064933.21	ENST00000441310.7	3156
11935	PMS2	ENSG00000122512.19	ENST00000265849.12	5093
11936	PMVK	ENSG00000163344.8	ENST00000368467.4	1002
11937	PNCK	ENSG00000130822.18	ENST00000340888.8	1473
11938	PNISR	ENSG00000132424.19	ENST00000369239.10	5113
11939	PNKD	ENSG00000127838.17	ENST00000273077.9	2987
11940	PNKP	ENSG00000039650.14	ENST00000322344.8	1731
11941	PNLDC1	ENSG00000146453.15	ENST00000392167.4	1815
11942	PNLIP	ENSG00000175535.6	ENST00000369221.2	1483
11943	PNLIPRP1	ENSG00000187021.15	ENST00000358834.9	1500
11944	PNLIPRP2	ENSG00000266200.8	ENST00000579578.6	1482
11945	PNLIPRP3	ENSG00000203837.6	ENST00000369230.4	2374
11946	PNMA1	ENSG00000176903.5	ENST00000316836.5	2602
11947	PNMA2	ENSG00000240694.11	ENST00000522362.7	4730
11948	PNMA3	ENSG00000183837.11	ENST00000593810.3	3682
11949	PNMA5	ENSG00000198883.12	ENST00000535214.6	3188
11950	PNMA8A	ENSG00000182013.20	ENST00000313683.15	3684
11951	PNMT	ENSG00000141744.5	ENST00000269582.3	958
11952	PNN	ENSG00000100941.11	ENST00000216832.9	3537
11953	PNO1	ENSG00000115946.10	ENST00000263657.7	2242
11954	PNOC	ENSG00000168081.11	ENST00000301908.8	1060
11955	PNP	ENSG00000198805.14	ENST00000361505.10	1477
11956	PNPLA1	ENSG00000180316.13	ENST00000636260.2	4188
11957	PNPLA2	ENSG00000177666.19	ENST00000336615.9	2416
11958	PNPLA3	ENSG00000100344.13	ENST00000216180.8	2753
11959	PNPLA4	ENSG00000006757.14	ENST00000381042.9	3342
11960	PNPLA5	ENSG00000100341.15	ENST00000216177.9	2540
11961	PNPLA6	ENSG00000032444.17	ENST00000600737.6	4372
11962	PNPLA7	ENSG00000130653.18	ENST00000406427.6	4675
11963	PNPLA8	ENSG00000135241.19	ENST00000257694.13	4569
11964	PNPO	ENSG00000108439.13	ENST00000642017.2	3417
11965	PNPT1	ENSG00000138035.17	ENST00000447944.7	4549
11966	PNRC1	ENSG00000146278.12	ENST00000336032.4	2092
11967	POC1A	ENSG00000164087.10	ENST00000296484.7	1936
11968	POC1B	ENSG00000139323.16	ENST00000313546.8	3024
11969	POC1B-GALNT4	ENSG00000259075.6	ENST00000548729.5	5436
11970	POC5	ENSG00000152359.17	ENST00000428202.7	2185
11971	PODN	ENSG00000174348.16	ENST00000312553.10	3002
11972	PODNL1	ENSG00000132000.16	ENST00000588872.3	2511
11973	PODXL	ENSG00000128567.19	ENST00000378555.8	5986
11974	PODXL2	ENSG00000114631.13	ENST00000342480.7	2175
11975	POF1B	ENSG00000124429.20	ENST00000262753.9	3863
11976	POFUT1	ENSG00000101346.17	ENST00000375749.8	5226
11977	POFUT2	ENSG00000186866.19	ENST00000349485.10	2861
11978	POGK	ENSG00000143157.14	ENST00000367876.9	5751
11979	POGLUT1	ENSG00000163389.14	ENST00000295588.9	3508
11980	POGZ	ENSG00000143442.25	ENST00000271715.7	6655
11981	POLA1	ENSG00000101868.15	ENST00000379068.8	5487
11982	POLA2	ENSG00000014138.12	ENST00000265465.8	3544
11983	POLB	ENSG00000070501.14	ENST00000265421.9	1290
11984	POLD1	ENSG00000062822.18	ENST00000440232.7	3436
11985	POLD2	ENSG00000106628.15	ENST00000610533.6	1609
11986	POLD3	ENSG00000077514.11	ENST00000263681.7	3788
11987	POLD4	ENSG00000175482.11	ENST00000312419.8	1694
11988	POLDIP2	ENSG00000004142.14	ENST00000540200.6	2670
11989	POLDIP3	ENSG00000100227.21	ENST00000252115.10	3362
11990	POLE	ENSG00000177084.21	ENST00000320574.10	7823
11991	POLE2	ENSG00000100479.16	ENST00000216367.10	1692
11992	POLE3	ENSG00000148229.15	ENST00000374171.5	2194
11993	POLE4	ENSG00000115350.14	ENST00000483063.2	1097
11994	POLG	ENSG00000140521.19	ENST00000268124.11	4462
11995	POLG2	ENSG00000256525.10	ENST00000539111.7	1582
11996	POLH	ENSG00000170734.14	ENST00000372236.9	8368
11997	POLI	ENSG00000101751.13	ENST00000579534.6	6020
11998	POLK	ENSG00000122008.18	ENST00000241436.9	14623
11999	POLL	ENSG00000166169.19	ENST00000370162.8	2781
12000	POLM	ENSG00000122678.19	ENST00000242248.10	2806
12001	POLN	ENSG00000130997.17	ENST00000511885.6	3253
12002	POLQ	ENSG00000051341.17	ENST00000264233.6	8757
12003	POLR1A	ENSG00000068654.19	ENST00000263857.11	12480
12004	POLR1B	ENSG00000125630.17	ENST00000263331.10	7527
12005	POLR1C	ENSG00000171453.22	ENST00000642195.1	1275
12006	POLR1D	ENSG00000186184.22	ENST00000302979.5	693
12007	POLR1E	ENSG00000137054.18	ENST00000377798.9	1855
12008	POLR2A	ENSG00000181222.19	ENST00000674977.2	6312
12009	POLR2B	ENSG00000047315.18	ENST00000314595.6	3785
12010	POLR2C	ENSG00000102978.15	ENST00000219252.10	1764
12011	POLR2D	ENSG00000144231.13	ENST00000272645.9	5038
12012	POLR2E	ENSG00000099817.14	ENST00000615234.5	2854
12013	POLR2F	ENSG00000100142.18	ENST00000442738.7	2070
12014	POLR2G	ENSG00000168002.14	ENST00000301788.12	791
12015	POLR2H	ENSG00000163882.12	ENST00000456318.6	1807
12016	POLR2I	ENSG00000105258.10	ENST00000221859.9	443
12017	POLR2J	ENSG00000005075.18	ENST00000292614.10	937
12018	POLR2J2	ENSG00000228049.9	ENST00000333432.9	495
12019	POLR2K	ENSG00000147669.13	ENST00000353107.8	947
12020	POLR2L	ENSG00000177700.8	ENST00000322028.5	876
12021	POLR2M	ENSG00000255529.10	ENST00000299638.8	4114
12022	POLR3A	ENSG00000148606.17	ENST00000372371.8	6610
12023	POLR3B	ENSG00000013503.12	ENST00000228347.9	4183
12024	POLR3C	ENSG00000186141.12	ENST00000334163.4	3777
12025	POLR3D	ENSG00000168495.15	ENST00000306433.9	5336
12026	POLR3E	ENSG00000058600.18	ENST00000299853.10	3690
12027	POLR3F	ENSG00000132664.15	ENST00000377603.5	2156
12028	POLR3G	ENSG00000113356.15	ENST00000651687.1	3290
12029	POLR3GL	ENSG00000121851.15	ENST00000369314.2	1178
12030	POLR3H	ENSG00000100413.19	ENST00000355209.9	4468
12031	POLR3K	ENSG00000161980.8	ENST00000293860.6	1372
12032	POLRMT	ENSG00000099821.16	ENST00000588649.7	3771
12033	POM121L12	ENSG00000221900.6	ENST00000408890.6	1293
12034	POMC	ENSG00000115138.13	ENST00000395826.7	1128
12035	POMGNT1	ENSG00000085998.17	ENST00000371984.8	2719
12036	POMGNT2	ENSG00000144647.9	ENST00000344697.3	2547
12037	POMK	ENSG00000185900.13	ENST00000331373.10	1868
12038	POMP	ENSG00000132963.11	ENST00000380842.5	1338
12039	POMT1	ENSG00000130714.21	ENST00000402686.8	3057
12040	POMT2	ENSG00000009830.15	ENST00000261534.9	4875
12041	POMZP3	ENSG00000146707.17	ENST00000310842.9	1528
12042	PON1	ENSG00000005421.11	ENST00000222381.8	2393
12043	PON2	ENSG00000105854.15	ENST00000222572.8	1610
12044	PON3	ENSG00000105852.13	ENST00000265627.10	1191
12045	POP1	ENSG00000104356.13	ENST00000401707.7	4739
12046	POP4	ENSG00000105171.12	ENST00000585603.6	2556
12047	POP5	ENSG00000167272.13	ENST00000357500.5	1086
12048	POP7	ENSG00000172336.7	ENST00000303151.5	850
12049	POPDC2	ENSG00000121577.16	ENST00000493094.6	1822
12050	POPDC3	ENSG00000132429.12	ENST00000254765.4	1879
12051	POR	ENSG00000127948.19	ENST00000461988.6	2446
12052	PORCN	ENSG00000102312.26	ENST00000326194.11	1867
12053	POSTN	ENSG00000133110.17	ENST00000379747.9	3301
12054	POT1	ENSG00000128513.18	ENST00000357628.8	3924
12055	POTEB2	ENSG00000230031.10	ENST00000454856.4	1687
12056	POTEC	ENSG00000183206.18	ENST00000358970.10	6642
12057	POTED	ENSG00000166351.11	ENST00000299443.6	6464
12058	POTEM	ENSG00000222036.8	ENST00000547889.6	6666
12059	POU1F1	ENSG00000064835.12	ENST00000350375.7	1488
12060	POU2AF1	ENSG00000110777.12	ENST00000393067.8	2875
12061	POU2F1	ENSG00000143190.25	ENST00000367866.7	13843
12062	POU2F2	ENSG00000028277.24	ENST00000692977.1	7057
12063	POU2F3	ENSG00000137709.11	ENST00000543440.7	3068
12064	POU3F2	ENSG00000184486.10	ENST00000328345.8	4885
12065	POU3F4	ENSG00000196767.9	ENST00000644024.2	3838
12066	POU4F1	ENSG00000152192.8	ENST00000377208.7	4539
12067	POU4F2	ENSG00000151615.3	ENST00000281321.3	3144
12068	POU4F3	ENSG00000091010.7	ENST00000646991.2	2575
12069	POU5F1	ENSG00000204531.22	ENST00000259915.13	1409
12070	POU5F1B	ENSG00000212993.6	ENST00000696633.1	1080
12071	POU5F2	ENSG00000248483.7	ENST00000606183.4	8381
12072	POU6F1	ENSG00000184271.19	ENST00000333640.12	5615
12073	POU6F2	ENSG00000106536.21	ENST00000518318.7	6123
12074	PPA1	ENSG00000180817.14	ENST00000373232.8	1292
12075	PPA2	ENSG00000138777.22	ENST00000341695.10	1665
12076	PPAN	ENSG00000130810.22	ENST00000253107.12	2302
12077	PPAN-P2RY11	ENSG00000243207.6	ENST00000393796.4	2385
12078	PLPP1	ENSG00000067113.19	ENST00000307259.9	1542
12079	PLPP3	ENSG00000162407.11	ENST00000371250.4	3273
12080	PLPP2	ENSG00000141934.12	ENST00000434325.7	1279
12081	PLPP4	ENSG00000203805.12	ENST00000398250.6	3458
12082	PLPP5	ENSG00000147535.19	ENST00000424479.7	2134
12083	PLPP6	ENSG00000205808.7	ENST00000381883.5	2965
12084	PLPP7	ENSG00000160539.8	ENST00000372264.4	2065
12085	PPARA	ENSG00000186951.19	ENST00000407236.6	10118
12086	PPARD	ENSG00000112033.16	ENST00000360694.8	3734
12087	PPARG	ENSG00000132170.26	ENST00000651735.1	1774
12088	PPARGC1A	ENSG00000109819.12	ENST00000264867.7	6288
12089	PPARGC1B	ENSG00000155846.19	ENST00000309241.10	10569
12090	PPAT	ENSG00000128059.10	ENST00000264220.6	3682
12091	PPBP	ENSG00000163736.6	ENST00000296028.4	1307
12092	PPCDC	ENSG00000138621.14	ENST00000342932.8	2215
12093	PPCS	ENSG00000127125.11	ENST00000372561.4	2269
12094	PPDPF	ENSG00000125534.13	ENST00000370179.8	827
12095	PPEF1	ENSG00000086717.21	ENST00000470157.2	2528
12096	PPEF2	ENSG00000156194.19	ENST00000286719.12	3343
12097	PPFIA1	ENSG00000131626.21	ENST00000253925.12	5240
12098	PPFIA2	ENSG00000139220.18	ENST00000549396.6	5674
12099	PPFIA3	ENSG00000177380.16	ENST00000334186.9	4583
12100	PPFIA4	ENSG00000143847.18	ENST00000295706.9	6508
12101	PPFIBP1	ENSG00000110841.16	ENST00000228425.11	5983
12102	PPFIBP2	ENSG00000166387.16	ENST00000299492.9	3328
12103	PPHLN1	ENSG00000134283.20	ENST00000358314.12	1859
12104	PPIA	ENSG00000196262.17	ENST00000468812.6	2237
12105	PPIAL4A	ENSG00000263353.4	ENST00000577856.3	760
12106	PPIAL4G	ENSG00000236334.3	ENST00000419275.3	755
12107	PPIB	ENSG00000166794.9	ENST00000300026.4	893
12108	PPIC	ENSG00000168938.8	ENST00000306442.5	1364
12109	PPID	ENSG00000171497.7	ENST00000307720.4	1830
12110	PPIE	ENSG00000084072.19	ENST00000324379.10	4339
12111	PPIF	ENSG00000108179.16	ENST00000225174.8	2196
12112	PPIG	ENSG00000138398.19	ENST00000260970.8	6357
12113	PPIH	ENSG00000171960.14	ENST00000304979.8	754
12114	PPIL1	ENSG00000137168.10	ENST00000373699.6	1516
12115	PPIL2	ENSG00000100023.21	ENST00000398831.8	4068
12116	PPIL3	ENSG00000240344.12	ENST00000392283.9	1166
12117	PPIL4	ENSG00000131013.6	ENST00000253329.3	2475
12118	PPIL6	ENSG00000185250.18	ENST00000521072.7	3585
12119	PPIP5K1	ENSG00000168781.26	ENST00000420765.6	5831
12120	PPIP5K2	ENSG00000145725.23	ENST00000358359.8	15369
12121	PPL	ENSG00000118898.18	ENST00000345988.7	6251
12122	PPM1A	ENSG00000100614.20	ENST00000395076.9	8231
12123	PPM1B	ENSG00000138032.23	ENST00000282412.9	2608
12124	PPM1D	ENSG00000170836.15	ENST00000305921.8	4768
12125	PPM1E	ENSG00000175175.7	ENST00000308249.4	6560
12126	PPM1F	ENSG00000100034.15	ENST00000263212.10	5149
12127	PPM1G	ENSG00000115241.13	ENST00000344034.5	2210
12128	PPM1H	ENSG00000111110.14	ENST00000228705.7	6454
12129	PPM1J	ENSG00000155367.18	ENST00000309276.11	1714
12130	PPM1K	ENSG00000163644.17	ENST00000608933.6	6309
12131	PPM1L	ENSG00000163590.15	ENST00000498165.6	10906
12132	PPM1M	ENSG00000164088.20	ENST00000323588.9	2231
12133	PPM1N	ENSG00000213889.13	ENST00000451287.7	1751
12134	PPME1	ENSG00000214517.12	ENST00000328257.13	2487
12135	PPOX	ENSG00000143224.20	ENST00000367999.9	1733
12136	PPP1CA	ENSG00000172531.18	ENST00000376745.9	1421
12137	PPP1CB	ENSG00000213639.13	ENST00000395366.3	4916
12138	PPP1CC	ENSG00000186298.13	ENST00000335007.10	2552
12139	PPP1R10	ENSG00000204569.12	ENST00000376511.7	4511
12140	PPP1R11	ENSG00000204619.9	ENST00000376772.8	1621
12141	PPP1R12A	ENSG00000058272.21	ENST00000450142.7	5620
12142	PPP1R12B	ENSG00000077157.25	ENST00000608999.6	15244
12143	PPP1R12C	ENSG00000125503.15	ENST00000263433.8	2997
12144	PPP1R13B	ENSG00000088808.20	ENST00000202556.14	5500
12145	PPP1R13L	ENSG00000104881.18	ENST00000360957.10	3131
12146	PPP1R14A	ENSG00000167641.13	ENST00000301242.9	560
12147	PPP1R14B	ENSG00000173457.13	ENST00000309318.8	989
12148	PPP1R14C	ENSG00000198729.7	ENST00000361131.5	2219
12149	PPP1R14D	ENSG00000166143.12	ENST00000299174.10	750
12150	PPP1R15A	ENSG00000087074.11	ENST00000200453.6	2350
12151	PPP1R15B	ENSG00000158615.10	ENST00000367188.5	5259
12152	PPP1R16A	ENSG00000160972.12	ENST00000435887.2	2864
12153	PPP1R16B	ENSG00000101445.12	ENST00000299824.6	6259
12154	PPP1R17	ENSG00000106341.13	ENST00000342032.8	1768
12155	PPP1R18	ENSG00000146112.14	ENST00000274853.8	3349
12156	PPP1R1A	ENSG00000135447.19	ENST00000257905.13	1828
12157	PPP1R1B	ENSG00000131771.16	ENST00000254079.9	1815
12158	PPP1R1C	ENSG00000150722.13	ENST00000682840.1	1049
12159	PPP1R2	ENSG00000184203.10	ENST00000618156.5	3386
12160	PPP1R21	ENSG00000162869.18	ENST00000294952.13	3173
12161	PPP1R26	ENSG00000196422.13	ENST00000356818.7	4951
12162	PPP1R27	ENSG00000182676.7	ENST00000330261.5	799
12163	SAXO4	ENSG00000162148.13	ENST00000338608.7	1532
12164	PPP1R35	ENSG00000160813.9	ENST00000292330.3	963
12165	PPP1R36	ENSG00000165807.10	ENST00000298705.6	1349
12166	PPP1R3A	ENSG00000154415.9	ENST00000284601.4	4328
12167	PPP1R3B	ENSG00000173281.6	ENST00000310455.4	5510
12168	PPP1R3C	ENSG00000119938.10	ENST00000238994.6	2541
12169	PPP1R3D	ENSG00000132825.7	ENST00000370996.5	3643
12170	PPP1R3F	ENSG00000049769.16	ENST00000055335.11	3477
12171	PPP1R42	ENSG00000178125.15	ENST00000685739.1	1182
12172	PPP1R7	ENSG00000115685.17	ENST00000234038.11	1941
12173	PPP1R8	ENSG00000117751.20	ENST00000311772.10	2340
12174	PPP1R9A	ENSG00000158528.14	ENST00000433360.6	10547
12175	PPP1R9B	ENSG00000108819.13	ENST00000612501.2	4212
12176	PPP2CA	ENSG00000113575.15	ENST00000481195.6	4582
12177	PPP2CB	ENSG00000104695.15	ENST00000221138.9	1946
12178	PPP2R1A	ENSG00000105568.21	ENST00000322088.11	5352
12179	PPP2R1B	ENSG00000137713.18	ENST00000527614.6	5553
12180	PPP2R2A	ENSG00000221914.13	ENST00000380737.8	3923
12181	PPP2R2B	ENSG00000156475.21	ENST00000394411.9	10828
12182	PPP2R2C	ENSG00000074211.15	ENST00000382599.9	4450
12183	PPP2R2D	ENSG00000175470.22	ENST00000455566.6	5374
12184	PPP2R3A	ENSG00000073711.13	ENST00000264977.8	6743
12185	PPP2R3B	ENSG00000167393.20	ENST00000390665.9	2378
12186	PPP2R3C	ENSG00000092020.13	ENST00000261475.10	1511
12187	PTPA	ENSG00000119383.23	ENST00000393370.7	2640
12188	PPP2R5A	ENSG00000066027.14	ENST00000261461.7	3245
12189	PPP2R5B	ENSG00000068971.16	ENST00000164133.7	2729
12190	PPP2R5C	ENSG00000078304.22	ENST00000694906.1	4630
12191	PPP2R5D	ENSG00000112640.18	ENST00000485511.6	2973
12192	PPP2R5E	ENSG00000154001.16	ENST00000337537.8	6655
12193	PPP3CA	ENSG00000138814.19	ENST00000394854.8	4743
12194	PPP3CB	ENSG00000107758.18	ENST00000360663.10	3519
12195	PPP3CC	ENSG00000120910.17	ENST00000240139.10	2194
12196	PPP3R1	ENSG00000221823.12	ENST00000234310.8	3024
12197	PPP3R2	ENSG00000188386.8	ENST00000374806.2	3366
12198	PPP4C	ENSG00000149923.16	ENST00000279387.12	1402
12199	PPP4R1	ENSG00000154845.18	ENST00000400556.8	3923
12200	PPP4R2	ENSG00000163605.16	ENST00000356692.10	4957
12201	PPP4R4	ENSG00000119698.14	ENST00000304338.8	3857
12202	PPP5C	ENSG00000011485.17	ENST00000012443.9	2139
12203	PPP5D1P	ENSG00000230510.10	ENST00000675805.3	270
12204	PPP6C	ENSG00000119414.14	ENST00000373547.9	4103
12205	PPP6R1	ENSG00000105063.21	ENST00000412770.7	3984
12206	PPP6R2	ENSG00000100239.18	ENST00000612753.5	4094
12207	PPP6R3	ENSG00000110075.17	ENST00000393800.7	5072
12208	PPRC1	ENSG00000148840.13	ENST00000278070.7	5328
12209	PPT1	ENSG00000131238.20	ENST00000642050.2	2284
12210	PPT2	ENSG00000221988.15	ENST00000324816.11	1906
12211	PPTC7	ENSG00000196850.8	ENST00000354300.5	4994
12212	PPWD1	ENSG00000113593.14	ENST00000261308.10	2109
12213	PPY	ENSG00000108849.10	ENST00000225992.8	468
12214	PQBP1	ENSG00000102103.20	ENST00000447146.7	1028
12215	SLC66A2	ENSG00000122490.21	ENST00000397778.7	2544
12216	SLC66A1	ENSG00000040487.15	ENST00000375153.8	2175
12217	SLC66A3	ENSG00000162976.14	ENST00000295083.8	1717
12218	PRAC1	ENSG00000159182.7	ENST00000290294.5	382
12219	PRADC1	ENSG00000135617.6	ENST00000258083.3	1090
12220	PRAF2	ENSG00000243279.6	ENST00000553851.3	1260
12221	PRAM1	ENSG00000133246.14	ENST00000423345.5	2195
12222	PRAME	ENSG00000185686.18	ENST00000405655.8	2304
12223	PRAMEF1	ENSG00000116721.9	ENST00000332296.7	2160
12224	PRAMEF10	ENSG00000187545.7	ENST00000235347.4	1525
12225	PRAMEF11	ENSG00000239810.3	ENST00000619922.1	1845
12226	PRAMEF12	ENSG00000116726.5	ENST00000357726.5	2889
12227	PRAMEF13	ENSG00000279169.3	ENST00000625019.3	2163
12228	PRAMEF14	ENSG00000204481.8	ENST00000334600.7	2164
12229	PRAMEF17	ENSG00000204479.4	ENST00000376098.4	1578
12230	PRAMEF19	ENSG00000204480.9	ENST00000376101.4	2123
12231	PRAMEF2	ENSG00000120952.4	ENST00000240189.2	1642
12232	PRAMEF4	ENSG00000243073.4	ENST00000235349.6	1840
12233	PRAMEF6	ENSG00000232423.6	ENST00000376189.5	1720
12234	PRAMEF7	ENSG00000204510.6	ENST00000697200.1	1866
12235	PRAP1	ENSG00000165828.17	ENST00000433452.6	744
12236	PRB1	ENSG00000251655.7	ENST00000500254.6	775
12237	PRB2	ENSG00000121335.13	ENST00000389362.6	1431
12238	PRB3	ENSG00000197870.15	ENST00000538488.3	1227
12239	PRB4	ENSG00000230657.10	ENST00000279575.7	923
12240	PRC1	ENSG00000198901.16	ENST00000394249.8	3072
12241	PRCC	ENSG00000143294.17	ENST00000271526.9	2068
12242	PRCD	ENSG00000214140.12	ENST00000592014.6	1989
12243	PRCP	ENSG00000137509.14	ENST00000313010.8	3489
12244	PRDM1	ENSG00000057657.19	ENST00000369096.9	5148
12245	PRDM10	ENSG00000170325.18	ENST00000360871.8	6305
12246	PRDM11	ENSG00000019485.16	ENST00000683152.1	10729
12247	PRDM12	ENSG00000130711.5	ENST00000253008.3	2478
12248	PRDM13	ENSG00000112238.12	ENST00000369215.5	3129
12249	PRDM14	ENSG00000147596.6	ENST00000276594.3	2269
12250	PRDM15	ENSG00000141956.15	ENST00000398548.6	6525
12251	PRDM16	ENSG00000142611.18	ENST00000270722.10	8698
12252	PRDM2	ENSG00000116731.24	ENST00000311066.10	7279
12253	PRDM4	ENSG00000110851.14	ENST00000228437.10	4182
12254	PRDM5	ENSG00000138738.13	ENST00000264808.8	5207
12255	PRDM7	ENSG00000126856.17	ENST00000449207.8	3393
12256	PRDM8	ENSG00000152784.18	ENST00000415738.3	3130
12257	PRDM9	ENSG00000164256.11	ENST00000296682.4	3193
12258	PRDX1	ENSG00000117450.17	ENST00000319248.13	945
12259	PRDX2	ENSG00000167815.14	ENST00000301522.3	925
12260	PRDX3	ENSG00000165672.9	ENST00000298510.4	1553
12261	PRDX4	ENSG00000123131.15	ENST00000379341.9	956
12262	PRDX5	ENSG00000126432.16	ENST00000265462.9	860
12263	PRDX6	ENSG00000117592.11	ENST00000340385.6	1690
12264	PREB	ENSG00000138073.16	ENST00000260643.7	2127
12265	PRELID1	ENSG00000169230.12	ENST00000303204.9	1226
12266	PRELID2	ENSG00000186314.14	ENST00000683046.1	4817
12267	PRELP	ENSG00000188783.8	ENST00000343110.3	5769
12268	PREP	ENSG00000085377.17	ENST00000652536.2	7250
12269	PREPL	ENSG00000138078.18	ENST00000409411.6	5829
12270	PREX1	ENSG00000124126.16	ENST00000371941.4	6752
12271	PREX2	ENSG00000046889.21	ENST00000288368.5	10824
12272	PRF1	ENSG00000180644.10	ENST00000441259.2	2500
12273	PRG2	ENSG00000186652.12	ENST00000311862.10	1431
12274	PRG3	ENSG00000156575.2	ENST00000287143.2	869
12275	PRG4	ENSG00000116690.15	ENST00000445192.7	5049
12276	PRH1	ENSG00000231887.11	ENST00000543626.5	712
12277	PRH2	ENSG00000134551.15	ENST00000396400.4	3177
12278	PRICKLE1	ENSG00000139174.14	ENST00000345127.9	5878
12279	PRICKLE2	ENSG00000163637.14	ENST00000638394.2	9947
12280	PRICKLE3	ENSG00000012211.15	ENST00000599218.6	2795
12281	PRICKLE4	ENSG00000278224.9	ENST00000458694.6	1706
12282	PRIM1	ENSG00000198056.18	ENST00000338193.11	1423
12283	PRIM2	ENSG00000146143.21	ENST00000615550.5	2303
12284	PRIMA1	ENSG00000175785.15	ENST00000393140.6	3715
12285	PRIMPOL	ENSG00000164306.13	ENST00000314970.11	2164
12286	PRKAA1	ENSG00000132356.12	ENST00000397128.7	5254
12287	PRKAA2	ENSG00000162409.14	ENST00000371244.9	9355
12288	PRKAB1	ENSG00000111725.12	ENST00000229328.10	2219
12289	PRKAB2	ENSG00000131791.10	ENST00000254101.4	5343
12290	PRKACA	ENSG00000072062.18	ENST00000308677.9	2695
12291	PRKACB	ENSG00000142875.23	ENST00000370685.7	4481
12292	PRKACG	ENSG00000165059.8	ENST00000377276.5	1610
12293	PRKAG1	ENSG00000181929.14	ENST00000548065.7	1657
12294	PRKAG2	ENSG00000106617.18	ENST00000287878.9	3279
12295	PRKAG3	ENSG00000115592.15	ENST00000439262.7	2388
12296	PRKAR1A	ENSG00000108946.18	ENST00000589228.6	4253
12297	PRKAR1B	ENSG00000188191.18	ENST00000537384.6	2472
12298	PRKAR2A	ENSG00000114302.19	ENST00000265563.13	6492
12299	PRKAR2B	ENSG00000005249.16	ENST00000265717.5	3689
12300	PRKCA	ENSG00000154229.14	ENST00000413366.8	8964
12301	PRKCB	ENSG00000166501.16	ENST00000643927.1	8010
12302	PRKCD	ENSG00000163932.18	ENST00000330452.8	2833
12303	CAVIN3	ENSG00000170955.12	ENST00000303927.4	1028
12304	PRKCE	ENSG00000171132.16	ENST00000306156.8	5749
12305	PRKCG	ENSG00000126583.13	ENST00000263431.4	3149
12306	PRKCH	ENSG00000027075.19	ENST00000332981.11	3720
12307	PRKCI	ENSG00000163558.15	ENST00000295797.5	4887
12308	PRKCQ	ENSG00000065675.18	ENST00000263125.10	3255
12309	PRKCSH	ENSG00000130175.12	ENST00000677123.1	2096
12310	PRKCZ	ENSG00000067606.19	ENST00000378567.8	2385
12311	PRKD1	ENSG00000184304.17	ENST00000331968.11	3833
12312	PRKD2	ENSG00000105287.15	ENST00000291281.9	3588
12313	PRKD3	ENSG00000115825.13	ENST00000234179.8	6156
12314	PRKDC	ENSG00000253729.11	ENST00000314191.7	13459
12315	PRKG1	ENSG00000185532.21	ENST00000373980.11	6615
12316	PRKG2	ENSG00000138669.13	ENST00000264399.6	4922
12317	PRKRA	ENSG00000180228.16	ENST00000325748.9	1770
12318	PRKRIP1	ENSG00000128563.15	ENST00000397912.3	2159
12319	THAP12	ENSG00000137492.11	ENST00000260045.8	3490
12320	PRKX	ENSG00000183943.8	ENST00000262848.6	6102
12321	PRL	ENSG00000172179.14	ENST00000306482.2	894
12322	PRLH	ENSG00000071677.2	ENST00000165524.1	264
12323	PRLHR	ENSG00000119973.8	ENST00000239032.4	5387
12324	PRLR	ENSG00000113494.19	ENST00000618457.5	11581
12325	PRM1	ENSG00000175646.5	ENST00000312511.4	399
12326	PRM2	ENSG00000122304.12	ENST00000241808.9	680
12327	PRMT1	ENSG00000126457.24	ENST00000454376.7	1328
12328	PRMT9	ENSG00000164169.15	ENST00000322396.7	3461
12329	PRMT2	ENSG00000160310.22	ENST00000355680.8	2354
12330	PRMT3	ENSG00000185238.15	ENST00000331079.11	2552
12331	PRMT5	ENSG00000100462.18	ENST00000324366.13	2304
12332	PRMT6	ENSG00000198890.9	ENST00000370078.2	2621
12333	PRMT7	ENSG00000132600.20	ENST00000441236.3	3738
12334	PRMT8	ENSG00000111218.14	ENST00000382622.4	2399
12335	PRND	ENSG00000171864.5	ENST00000305817.3	3981
12336	PRNP	ENSG00000171867.20	ENST00000379440.9	2435
12337	PRNT	ENSG00000180259.10	ENST00000326539.6	2333
12338	PROC	ENSG00000115718.20	ENST00000234071.8	1769
12339	PROCA1	ENSG00000167525.17	ENST00000682792.1	1684
12340	PROCR	ENSG00000101000.8	ENST00000216968.5	1349
12341	PRODH	ENSG00000100033.19	ENST00000357068.11	2203
12342	PRODH2	ENSG00000250799.13	ENST00000653904.2	1473
12343	PROK1	ENSG00000143125.7	ENST00000271331.4	1393
12344	PROK2	ENSG00000163421.10	ENST00000295619.4	1555
12345	PROKR1	ENSG00000169618.8	ENST00000303786.5	4287
12346	PROKR2	ENSG00000101292.9	ENST00000678254.1	4446
12347	OPRPN	ENSG00000171199.11	ENST00000399575.7	983
12348	PROM1	ENSG00000007062.14	ENST00000447510.7	4021
12349	PROM2	ENSG00000155066.18	ENST00000317620.14	4731
12350	PROP1	ENSG00000175325.2	ENST00000308304.2	1464
12351	PROS1	ENSG00000184500.18	ENST00000394236.9	3372
12352	PLPBP	ENSG00000147471.14	ENST00000328195.8	2507
12353	PROSER1	ENSG00000120685.22	ENST00000352251.8	5182
12354	PROSER2	ENSG00000148426.14	ENST00000277570.10	3375
12355	PROX1	ENSG00000117707.19	ENST00000366958.9	8468
12356	PROX2	ENSG00000119608.16	ENST00000556489.4	4438
12357	PROZ	ENSG00000126231.17	ENST00000375547.7	1497
12358	PRPF18	ENSG00000165630.17	ENST00000378572.8	1670
12359	PRPF19	ENSG00000110107.11	ENST00000227524.9	2337
12360	PRPF3	ENSG00000117360.15	ENST00000324862.7	2414
12361	PRPF31	ENSG00000105618.16	ENST00000321030.9	1833
12362	PRPF38A	ENSG00000134748.15	ENST00000257181.10	5233
12363	PRPF38B	ENSG00000134186.14	ENST00000370025.9	4831
12364	PRPF39	ENSG00000185246.20	ENST00000355765.11	3532
12365	PRPF4	ENSG00000136875.15	ENST00000374198.5	2897
12366	PRPF40A	ENSG00000196504.23	ENST00000545856.8	7515
12367	PRPF40B	ENSG00000110844.16	ENST00000548825.7	3182
12368	PRP4K	ENSG00000112739.19	ENST00000337659.11	7517
12369	PRPF6	ENSG00000101161.10	ENST00000266079.5	3047
12370	PRPF8	ENSG00000174231.20	ENST00000304992.11	7280
12371	PRPH	ENSG00000135406.16	ENST00000257860.9	1800
12372	PRPH2	ENSG00000112619.9	ENST00000230381.7	3001
12373	PRPS1	ENSG00000147224.14	ENST00000372435.10	2070
12374	PRPS1L1	ENSG00000229937.9	ENST00000506618.5	1077
12375	PRPS2	ENSG00000101911.15	ENST00000380668.10	2469
12376	PRPSAP1	ENSG00000161542.19	ENST00000446526.8	3435
12377	PRPSAP2	ENSG00000141127.17	ENST00000268835.7	1958
12378	PRR11	ENSG00000068489.13	ENST00000262293.9	6226
12379	PRR12	ENSG00000126464.16	ENST00000418929.7	7416
12380	PRR13	ENSG00000205352.13	ENST00000429243.7	1105
12381	PRR14	ENSG00000156858.14	ENST00000300835.9	2078
12382	PRR14L	ENSG00000183530.16	ENST00000327423.11	10827
12383	PRR15	ENSG00000176532.6	ENST00000319694.3	1652
12384	PRR15L	ENSG00000167183.5	ENST00000300557.3	1524
12385	PRR16	ENSG00000184838.16	ENST00000407149.7	1707
12386	PRR18	ENSG00000176381.6	ENST00000322583.5	3093
12387	PRR19	ENSG00000188368.13	ENST00000341747.8	1523
12388	PRR22	ENSG00000212123.5	ENST00000419421.3	1373
12389	PRR23A	ENSG00000206260.4	ENST00000383163.4	2307
12390	PRR23B	ENSG00000184814.5	ENST00000329447.5	1896
12391	PRR23C	ENSG00000233701.3	ENST00000413199.1	2791
12392	PRR3	ENSG00000204576.14	ENST00000376560.8	1845
12393	PRR4	ENSG00000111215.14	ENST00000228811.8	563
12394	PRR5	ENSG00000186654.23	ENST00000336985.11	1872
12395	PRR5-ARHGAP8	ENSG00000248405.10	ENST00000352766.11	2043
12396	PRR5L	ENSG00000135362.16	ENST00000530639.6	3851
12397	PRR7	ENSG00000131188.14	ENST00000323249.8	1461
12398	PRRC1	ENSG00000164244.23	ENST00000296666.13	4664
12399	PRRC2A	ENSG00000204469.14	ENST00000376033.3	6903
12400	PRRC2B	ENSG00000288701.2	ENST00000683519.1	11238
12401	PRRC2C	ENSG00000117523.19	ENST00000647382.2	10624
12402	PRRG1	ENSG00000130962.21	ENST00000378628.9	4400
12403	PRRG2	ENSG00000126460.13	ENST00000246794.10	1403
12404	PRRG3	ENSG00000130032.18	ENST00000674457.1	5705
12405	PRRG4	ENSG00000135378.6	ENST00000257836.4	5543
12406	PRRT1	ENSG00000204314.14	ENST00000211413.10	1892
12407	PRRT2	ENSG00000167371.23	ENST00000358758.12	2462
12408	PRRT3	ENSG00000163704.15	ENST00000412055.6	3775
12409	PRRX1	ENSG00000116132.13	ENST00000239461.11	4061
12410	PRRX2	ENSG00000167157.13	ENST00000372469.6	1305
12411	PRSS1	ENSG00000204983.15	ENST00000311737.12	809
12412	PRSS12	ENSG00000164099.5	ENST00000296498.3	4809
12413	PRSS16	ENSG00000112812.18	ENST00000230582.8	2887
12414	PRSS21	ENSG00000007038.13	ENST00000005995.8	1091
12415	PRSS22	ENSG00000005001.12	ENST00000161006.8	1383
12416	PRSS23	ENSG00000150687.14	ENST00000280258.6	3713
12417	PRSS27	ENSG00000172382.12	ENST00000302641.8	1135
12418	PRSS3	ENSG00000010438.17	ENST00000379405.4	808
12419	PRSS33	ENSG00000103355.16	ENST00000682474.1	1619
12420	PRSS35	ENSG00000146250.9	ENST00000369700.4	2444
12421	PRSS36	ENSG00000178226.13	ENST00000268281.9	2811
12422	PRSS37	ENSG00000165076.14	ENST00000350549.8	1239
12423	PRSS38	ENSG00000185888.7	ENST00000366757.4	1285
12424	PRSS42P	ENSG00000178055.14	ENST00000661693.1	882
12425	PRSS45P	ENSG00000188086.16	ENST00000442359.4	1029
12426	PRSS48	ENSG00000189099.12	ENST00000455694.7	1408
12427	PRSS50	ENSG00000283706.2	ENST00000315170.13	1332
12428	PRSS53	ENSG00000151006.8	ENST00000280606.7	2149
12429	PRSS54	ENSG00000103023.13	ENST00000567164.6	1785
12430	PRSS55	ENSG00000184647.12	ENST00000328655.8	1139
12431	PRSS57	ENSG00000185198.13	ENST00000329267.9	1041
12432	PRSS58	ENSG00000258223.7	ENST00000547058.6	913
12433	PRSS8	ENSG00000052344.18	ENST00000317508.11	1837
12434	PRTFDC1	ENSG00000099256.21	ENST00000320152.11	1939
12435	PRTG	ENSG00000166450.14	ENST00000389286.9	12142
12436	PRTN3	ENSG00000196415.11	ENST00000234347.10	987
12437	PRUNE1	ENSG00000143363.19	ENST00000271620.8	3025
12438	PRUNE2	ENSG00000106772.21	ENST00000376718.8	12612
12439	PRX	ENSG00000105227.18	ENST00000324001.8	4867
12440	PSAP	ENSG00000197746.17	ENST00000394936.8	2748
12441	PSAPL1	ENSG00000178597.7	ENST00000319098.7	4646
12442	PSAT1	ENSG00000135069.16	ENST00000376588.4	2206
12443	PSCA	ENSG00000167653.7	ENST00000301258.5	982
12444	PSD	ENSG00000059915.19	ENST00000020673.6	3824
12445	PSD2	ENSG00000146005.6	ENST00000274710.4	4526
12446	PSD3	ENSG00000156011.20	ENST00000327040.13	11704
12447	PSD4	ENSG00000125637.18	ENST00000245796.11	11342
12448	PSEN1	ENSG00000080815.22	ENST00000324501.10	6018
12449	PSEN2	ENSG00000143801.20	ENST00000366783.8	2249
12450	PSENEN	ENSG00000205155.10	ENST00000587708.7	1124
12451	PSG1	ENSG00000231924.11	ENST00000436291.7	2062
12452	PSG11	ENSG00000243130.9	ENST00000320078.12	1532
12453	PSG2	ENSG00000242221.10	ENST00000406487.6	1573
12454	PSG3	ENSG00000221826.11	ENST00000327495.10	1873
12455	PSG4	ENSG00000243137.9	ENST00000405312.8	2032
12456	PSG5	ENSG00000204941.15	ENST00000342951.11	1640
12457	PSG6	ENSG00000170848.17	ENST00000187910.7	1703
12458	PSG8	ENSG00000124467.21	ENST00000306511.5	1440
12459	PSG9	ENSG00000183668.19	ENST00000270077.8	1707
12460	PSIP1	ENSG00000164985.17	ENST00000380733.9	3342
12461	PSKH1	ENSG00000159792.11	ENST00000291041.6	3497
12462	PSKH2	ENSG00000147613.8	ENST00000276616.3	2557
12463	PSMA1	ENSG00000129084.21	ENST00000396394.7	1195
12464	PSMA2	ENSG00000106588.14	ENST00000223321.9	1434
12465	PSMA3	ENSG00000100567.15	ENST00000216455.9	955
12466	PSMA4	ENSG00000041357.18	ENST00000044462.12	4378
12467	PSMA5	ENSG00000143106.15	ENST00000271308.9	3815
12468	PSMA6	ENSG00000100902.13	ENST00000261479.9	1023
12469	PSMA7	ENSG00000101182.17	ENST00000370873.9	962
12470	PSMA8	ENSG00000154611.16	ENST00000415576.7	1794
12471	PSMB1	ENSG00000008018.11	ENST00000262193.7	891
12472	PSMB10	ENSG00000205220.14	ENST00000358514.9	977
12473	PSMB11	ENSG00000222028.5	ENST00000408907.5	1849
12474	PSMB2	ENSG00000126067.14	ENST00000373237.4	4426
12475	PSMB3	ENSG00000277791.7	ENST00000619426.5	762
12476	PSMB4	ENSG00000159377.13	ENST00000290541.7	918
12477	PSMB5	ENSG00000100804.21	ENST00000361611.11	1044
12478	PSMB6	ENSG00000142507.12	ENST00000270586.8	824
12479	PSMB7	ENSG00000136930.15	ENST00000259457.8	984
12480	PSMB8	ENSG00000204264.14	ENST00000374882.8	1124
12481	PSMB9	ENSG00000240065.11	ENST00000374859.3	1017
12482	PSMC1	ENSG00000100764.16	ENST00000261303.13	4390
12483	PSMC2	ENSG00000161057.15	ENST00000292644.5	2712
12484	PSMC3	ENSG00000165916.11	ENST00000298852.8	1540
12485	PSMC3IP	ENSG00000131470.16	ENST00000393795.8	1355
12486	PSMC4	ENSG00000013275.10	ENST00000157812.7	1754
12487	PSMC5	ENSG00000087191.16	ENST00000310144.11	1331
12488	PSMC6	ENSG00000100519.14	ENST00000445930.7	2163
12489	PSMD1	ENSG00000173692.16	ENST00000308696.11	3323
12490	PSMD10	ENSG00000101843.21	ENST00000217958.8	1470
12491	PSMD11	ENSG00000108671.13	ENST00000261712.8	3850
12492	PSMD12	ENSG00000197170.12	ENST00000356126.8	4356
12493	PSMD13	ENSG00000185627.21	ENST00000532097.6	1589
12494	PSMD14	ENSG00000115233.14	ENST00000409682.8	1567
12495	PSMD2	ENSG00000175166.19	ENST00000310118.9	2913
12496	PSMD3	ENSG00000108344.17	ENST00000264639.9	2147
12497	PSMD4	ENSG00000159352.18	ENST00000368884.8	1319
12498	PSMD5	ENSG00000095261.16	ENST00000210313.8	3381
12499	PSMD6	ENSG00000163636.13	ENST00000295901.9	1362
12500	PSMD7	ENSG00000103035.13	ENST00000219313.9	1631
12501	PSMD8	ENSG00000099341.14	ENST00000215071.9	1518
12502	PSMD9	ENSG00000110801.16	ENST00000541212.6	2725
12503	PSME1	ENSG00000092010.17	ENST00000206451.11	965
12504	PSME2	ENSG00000100911.18	ENST00000216802.10	793
12505	PSME3	ENSG00000131467.14	ENST00000590720.6	3182
12506	PSME4	ENSG00000068878.17	ENST00000404125.6	7250
12507	PSMF1	ENSG00000125818.20	ENST00000335877.11	8154
12508	PSMG1	ENSG00000183527.14	ENST00000331573.8	1754
12509	PSMG2	ENSG00000128789.24	ENST00000317615.11	1070
12510	PSMG3	ENSG00000157778.11	ENST00000288607.3	1428
12511	PSORS1C1	ENSG00000204540.11	ENST00000259881.10	939
12512	PSORS1C2	ENSG00000204538.5	ENST00000259845.5	868
12513	PSPC1	ENSG00000121390.21	ENST00000338910.9	2435
12514	PSPH	ENSG00000146733.16	ENST00000275605.8	1974
12515	PSPN	ENSG00000125650.5	ENST00000245810.2	701
12516	PSRC1	ENSG00000134222.18	ENST00000369909.7	1720
12517	PSTK	ENSG00000179988.16	ENST00000406217.8	1173
12518	PSTPIP1	ENSG00000140368.15	ENST00000558012.6	1998
12519	PSTPIP2	ENSG00000152229.20	ENST00000409746.5	3000
12520	PTAFR	ENSG00000169403.14	ENST00000373857.8	3993
12521	PTAR1	ENSG00000188647.15	ENST00000340434.5	10099
12522	PTBP1	ENSG00000011304.24	ENST00000356948.11	3206
12523	PTBP2	ENSG00000117569.22	ENST00000674951.1	3321
12524	PTBP3	ENSG00000119314.19	ENST00000374257.6	7192
12525	PTCD1	ENSG00000106246.20	ENST00000292478.9	5464
12526	PTCD2	ENSG00000049883.17	ENST00000380639.10	11145
12527	PTCD3	ENSG00000132300.21	ENST00000254630.12	6681
12528	PTCH1	ENSG00000185920.19	ENST00000331920.11	8662
12529	PTCH2	ENSG00000117425.16	ENST00000372192.4	4410
12530	PTCHD1	ENSG00000165186.14	ENST00000379361.5	12883
12531	DISP3	ENSG00000204624.10	ENST00000294484.7	5265
12532	PTCHD3	ENSG00000182077.12	ENST00000642324.1	3595
12533	PTCHD4	ENSG00000244694.9	ENST00000339488.9	25280
12534	PTCRA	ENSG00000171611.11	ENST00000304672.6	1019
12535	PTDSS1	ENSG00000156471.15	ENST00000517309.6	4990
12536	PTDSS2	ENSG00000174915.14	ENST00000308020.6	2458
12537	PTEN	ENSG00000171862.16	ENST00000371953.8	8515
12538	PTER	ENSG00000165983.17	ENST00000535784.7	3625
12539	PTF1A	ENSG00000168267.8	ENST00000376504.4	1545
12540	PTGDR	ENSG00000168229.5	ENST00000306051.3	2957
12541	PTGDR2	ENSG00000183134.6	ENST00000332539.5	2881
12542	PTGDS	ENSG00000107317.15	ENST00000371625.8	812
12543	PTGER1	ENSG00000160951.6	ENST00000292513.4	1413
12544	PTGER2	ENSG00000125384.9	ENST00000245457.6	2458
12545	PTGER3	ENSG00000050628.23	ENST00000306666.10	2360
12546	PTGER4	ENSG00000171522.8	ENST00000302472.4	3431
12547	PTGES	ENSG00000148344.12	ENST00000340607.5	1751
12548	PTGES2	ENSG00000148334.18	ENST00000338961.11	1598
12549	PTGES3	ENSG00000110958.18	ENST00000262033.11	1898
12550	PTGES3L	ENSG00000267060.9	ENST00000591916.7	1543
12551	PTGES3L-AARSD1	ENSG00000108825.18	ENST00000421990.7	2150
12552	PTGFR	ENSG00000122420.12	ENST00000370757.8	5429
12553	PTGFRN	ENSG00000134247.12	ENST00000393203.3	6314
12554	PTGIR	ENSG00000160013.12	ENST00000291294.7	2078
12555	PTGIS	ENSG00000124212.8	ENST00000244043.5	5570
12556	PTGR1	ENSG00000106853.22	ENST00000407693.7	1599
12557	PTGR2	ENSG00000140043.14	ENST00000555661.6	2765
12558	PTGS1	ENSG00000095303.19	ENST00000362012.7	5020
12559	PTGS2	ENSG00000073756.13	ENST00000367468.10	4510
12560	PTH	ENSG00000152266.7	ENST00000282091.6	791
12561	PTH1R	ENSG00000160801.16	ENST00000449590.6	2153
12562	PTH2	ENSG00000142538.3	ENST00000270631.2	454
12563	PTH2R	ENSG00000144407.11	ENST00000272847.7	2752
12564	PTHLH	ENSG00000087494.18	ENST00000545234.6	1578
12565	PTK2	ENSG00000169398.22	ENST00000696786.1	5136
12566	PTK2B	ENSG00000120899.20	ENST00000346049.10	4074
12567	PTK6	ENSG00000101213.9	ENST00000542869.3	2953
12568	PTK7	ENSG00000112655.18	ENST00000230419.9	4222
12569	PTMA	ENSG00000187514.19	ENST00000409115.8	1215
12570	PTMS	ENSG00000159335.20	ENST00000309083.8	1162
12571	PTN	ENSG00000105894.15	ENST00000348225.7	1482
12572	PTOV1	ENSG00000104960.15	ENST00000391842.6	1884
12573	PTP4A1	ENSG00000112245.15	ENST00000626021.3	4621
12574	PTP4A2	ENSG00000184007.23	ENST00000647444.2	3910
12575	PTP4A3	ENSG00000184489.15	ENST00000521578.6	2849
12576	PTPDC1	ENSG00000158079.17	ENST00000620992.5	4403
12577	HACD1	ENSG00000165996.16	ENST00000361271.8	2234
12578	HACD3	ENSG00000074696.15	ENST00000261875.10	3228
12579	HACD4	ENSG00000188921.16	ENST00000495827.3	8277
12580	HACD2	ENSG00000206527.12	ENST00000383657.10	4125
12581	PTPMT1	ENSG00000110536.16	ENST00000326674.10	2462
12582	PTPN1	ENSG00000196396.12	ENST00000371621.5	3979
12583	PTPN11	ENSG00000179295.21	ENST00000351677.7	6073
12584	PTPN12	ENSG00000127947.18	ENST00000248594.11	3384
12585	PTPN13	ENSG00000163629.15	ENST00000411767.7	8548
12586	PTPN14	ENSG00000152104.13	ENST00000366956.10	13360
12587	PTPN18	ENSG00000072135.15	ENST00000175756.10	3616
12588	PTPN2	ENSG00000175354.22	ENST00000309660.10	3470
12589	PTPN21	ENSG00000070778.15	ENST00000556564.6	6443
12590	PTPN22	ENSG00000134242.18	ENST00000359785.10	3607
12591	PTPN23	ENSG00000076201.18	ENST00000265562.5	5237
12592	PTPN3	ENSG00000070159.16	ENST00000374541.4	6704
12593	PTPN4	ENSG00000088179.11	ENST00000263708.7	11090
12594	PTPN5	ENSG00000110786.20	ENST00000358540.7	3091
12595	PTPN6	ENSG00000111679.19	ENST00000318974.14	2161
12596	PTPN7	ENSG00000143851.19	ENST00000691036.1	2783
12597	PTPN9	ENSG00000169410.13	ENST00000618819.5	7839
12598	PTPRA	ENSG00000132670.23	ENST00000399903.7	3353
12599	PTPRB	ENSG00000127329.18	ENST00000334414.11	12301
12600	PTPRC	ENSG00000081237.24	ENST00000442510.8	5357
12601	PTPRCAP	ENSG00000213402.3	ENST00000326294.4	907
12602	PTPRD	ENSG00000153707.21	ENST00000381196.9	10389
12603	PTPRE	ENSG00000132334.19	ENST00000254667.8	5289
12604	PTPRF	ENSG00000142949.20	ENST00000359947.9	7720
12605	PTPRG	ENSG00000144724.20	ENST00000474889.6	9357
12606	PTPRH	ENSG00000080031.12	ENST00000376350.8	3923
12607	PTPRJ	ENSG00000149177.16	ENST00000418331.7	7845
12608	PTPRK	ENSG00000152894.17	ENST00000368226.9	6006
12609	PTPRM	ENSG00000173482.18	ENST00000580170.6	5595
12610	PTPRN	ENSG00000054356.16	ENST00000295718.7	3612
12611	PTPRN2	ENSG00000155093.21	ENST00000389418.9	4860
12612	PTPRO	ENSG00000151490.17	ENST00000281171.9	6128
12613	PTPRR	ENSG00000153233.14	ENST00000283228.7	3427
12614	PTPRS	ENSG00000105426.22	ENST00000262963.11	7356
12615	PTPRT	ENSG00000196090.15	ENST00000373187.6	12622
12616	PTPRU	ENSG00000060656.22	ENST00000373779.8	5573
12617	PTPRZ1	ENSG00000106278.14	ENST00000393386.7	8103
12618	CAVIN1	ENSG00000177469.15	ENST00000357037.6	3570
12619	PTRH1	ENSG00000187024.17	ENST00000543175.5	962
12620	PTRH2	ENSG00000141378.17	ENST00000393038.3	731
12621	PTRHD1	ENSG00000184924.8	ENST00000328379.6	1120
12622	PTS	ENSG00000150787.10	ENST00000280362.8	872
12623	PTTG1	ENSG00000164611.15	ENST00000352433.10	715
12624	PTTG1IP	ENSG00000183255.14	ENST00000330938.8	2600
12625	PTTG2	ENSG00000250254.2	ENST00000504686.2	731
12626	PTX3	ENSG00000163661.6	ENST00000295927.4	1884
12627	PTX4	ENSG00000251692.9	ENST00000447419.7	1525
12628	PUF60	ENSG00000179950.17	ENST00000526683.6	1868
12629	PUM1	ENSG00000134644.18	ENST00000426105.7	5385
12630	PUM2	ENSG00000055917.19	ENST00000361078.7	6309
12631	PURA	ENSG00000185129.8	ENST00000331327.5	11511
12632	PURB	ENSG00000146676.10	ENST00000395699.5	9232
12633	PURG	ENSG00000172733.13	ENST00000523392.2	2218
12634	PUS1	ENSG00000177192.16	ENST00000376649.8	4041
12635	PUS10	ENSG00000162927.17	ENST00000316752.11	4025
12636	PUS3	ENSG00000110060.11	ENST00000227474.8	1829
12637	PUS7	ENSG00000091127.16	ENST00000469408.6	3525
12638	PUS7L	ENSG00000129317.17	ENST00000344862.10	13567
12639	PUSL1	ENSG00000169972.15	ENST00000379031.10	1257
12640	PVALB	ENSG00000100362.15	ENST00000417718.7	550
12641	PVR	ENSG00000073008.18	ENST00000425690.8	5792
12642	PVRIG	ENSG00000213413.4	ENST00000699088.1	1182
12643	NECTIN1	ENSG00000110400.12	ENST00000264025.8	5956
12644	NECTIN2	ENSG00000130202.12	ENST00000252483.10	2690
12645	NECTIN3	ENSG00000177707.13	ENST00000485303.6	5197
12646	NECTIN4	ENSG00000143217.11	ENST00000368012.4	3458
12647	PWP1	ENSG00000136045.14	ENST00000412830.8	2549
12648	PWP2	ENSG00000241945.10	ENST00000291576.12	3188
12649	PWWP2A	ENSG00000170234.15	ENST00000307063.9	3373
12650	PWWP2B	ENSG00000171813.16	ENST00000305233.6	2615
12651	PXDC1	ENSG00000168994.15	ENST00000380283.5	1878
12652	PXDN	ENSG00000130508.13	ENST00000252804.9	6817
12653	PXDNL	ENSG00000147485.15	ENST00000356297.5	4807
12654	PXK	ENSG00000168297.18	ENST00000356151.7	3001
12655	PXMP2	ENSG00000176894.12	ENST00000317479.8	970
12656	PXMP4	ENSG00000101417.14	ENST00000409299.8	5690
12657	PXN	ENSG00000089159.19	ENST00000637617.2	5214
12658	PXT1	ENSG00000179165.12	ENST00000454782.3	2073
12659	PYCARD	ENSG00000103490.15	ENST00000247470.10	757
12660	PYCR1	ENSG00000183010.19	ENST00000329875.13	2269
12661	PYCR2	ENSG00000143811.22	ENST00000343818.11	1680
12662	PYCR3	ENSG00000104524.16	ENST00000495276.6	3342
12663	PYDC1	ENSG00000169900.10	ENST00000302964.4	589
12664	PYDC2	ENSG00000253548.1	ENST00000518817.1	294
12665	PYGB	ENSG00000100994.14	ENST00000216962.9	4116
12666	PYGL	ENSG00000100504.19	ENST00000216392.8	2799
12667	PYGM	ENSG00000068976.16	ENST00000164139.4	2866
12668	PYGO1	ENSG00000171016.14	ENST00000563719.4	8861
12669	PYGO2	ENSG00000163348.5	ENST00000368457.3	3180
12670	PYHIN1	ENSG00000163564.16	ENST00000368140.6	2088
12671	PYROXD1	ENSG00000121350.18	ENST00000240651.14	4075
12672	PYROXD2	ENSG00000119943.15	ENST00000370575.5	2023
12673	PYY	ENSG00000131096.13	ENST00000692052.1	608
12674	PZP	ENSG00000126838.12	ENST00000261336.7	4635
12675	QDPR	ENSG00000151552.15	ENST00000281243.10	1507
12676	QKI	ENSG00000112531.19	ENST00000361752.8	9384
12677	QPCT	ENSG00000115828.19	ENST00000338415.8	1683
12678	QPCTL	ENSG00000011478.14	ENST00000012049.10	2125
12679	QPRT	ENSG00000103485.21	ENST00000395384.9	2200
12680	QRFP	ENSG00000188710.3	ENST00000623824.2	1653
12681	QRFPR	ENSG00000186867.13	ENST00000394427.3	2339
12682	QRICH1	ENSG00000198218.14	ENST00000395443.7	3257
12683	QRICH2	ENSG00000129646.17	ENST00000680821.2	5972
12684	QRSL1	ENSG00000130348.13	ENST00000369046.8	4106
12685	QSER1	ENSG00000060749.18	ENST00000650167.2	9706
12686	QSOX1	ENSG00000116260.18	ENST00000367602.8	9276
12687	QSOX2	ENSG00000165661.19	ENST00000358701.10	4501
12688	QTRT1	ENSG00000213339.11	ENST00000250237.10	1329
12689	QTRT2	ENSG00000151576.12	ENST00000281273.8	4023
12690	R3HCC1L	ENSG00000166024.16	ENST00000298999.8	3393
12691	R3HDM1	ENSG00000048991.20	ENST00000683871.1	4781
12692	R3HDM2	ENSG00000179912.23	ENST00000402412.6	4411
12693	R3HDM4	ENSG00000198858.12	ENST00000361574.10	1803
12694	R3HDML	ENSG00000101074.5	ENST00000217043.4	1323
12695	RAB10	ENSG00000084733.13	ENST00000264710.5	3561
12696	RAB11A	ENSG00000103769.12	ENST00000261890.7	4895
12697	RAB11B	ENSG00000185236.14	ENST00000328024.11	1590
12698	RAB11FIP1	ENSG00000156675.18	ENST00000330843.9	8185
12699	RAB11FIP2	ENSG00000107560.14	ENST00000355624.8	6399
12700	RAB11FIP3	ENSG00000090565.19	ENST00000262305.9	4801
12701	RAB11FIP4	ENSG00000131242.20	ENST00000621161.5	8571
12702	RAB11FIP5	ENSG00000135631.19	ENST00000486777.7	6285
12703	RAB12	ENSG00000206418.6	ENST00000649141.2	2147
12704	RAB13	ENSG00000143545.12	ENST00000368575.5	1164
12705	RAB14	ENSG00000119396.14	ENST00000373840.9	4149
12706	RAB15	ENSG00000139998.18	ENST00000533601.7	3437
12707	RAB17	ENSG00000124839.15	ENST00000264601.8	1603
12708	RAB18	ENSG00000099246.21	ENST00000356940.11	4875
12709	RAB19	ENSG00000146955.13	ENST00000537763.6	2661
12710	RAB1A	ENSG00000138069.20	ENST00000409784.8	2448
12711	RAB1B	ENSG00000174903.18	ENST00000311481.11	1901
12712	RAB20	ENSG00000139832.7	ENST00000267328.5	1507
12713	RAB21	ENSG00000080371.8	ENST00000261263.5	15558
12714	RAB22A	ENSG00000124209.6	ENST00000244040.4	8651
12715	RAB23	ENSG00000112210.14	ENST00000468148.6	4830
12716	RAB24	ENSG00000169228.16	ENST00000303251.11	1588
12717	RAB25	ENSG00000132698.17	ENST00000361084.10	1100
12718	RAB26	ENSG00000167964.15	ENST00000210187.11	1674
12719	RAB27A	ENSG00000069974.19	ENST00000336787.6	3447
12720	RAB27B	ENSG00000041353.12	ENST00000262094.10	7003
12721	RAB28	ENSG00000157869.18	ENST00000330852.10	1690
12722	RAB2A	ENSG00000104388.17	ENST00000262646.12	3735
12723	RAB2B	ENSG00000129472.16	ENST00000397762.6	2914
12724	RAB30	ENSG00000137502.12	ENST00000527633.6	9859
12725	RAB31	ENSG00000168461.15	ENST00000578921.6	3919
12726	RAB32	ENSG00000118508.7	ENST00000367495.4	1065
12727	RAB33A	ENSG00000134594.7	ENST00000257017.5	945
12728	RAB33B	ENSG00000172007.9	ENST00000305626.6	4248
12729	RAB34	ENSG00000109113.22	ENST00000395245.9	1741
12730	RAB35	ENSG00000111737.14	ENST00000229340.10	2855
12731	RAB36	ENSG00000100228.16	ENST00000263116.8	4990
12732	RAB37	ENSG00000172794.22	ENST00000392613.10	2613
12733	RAB38	ENSG00000123892.14	ENST00000243662.11	1432
12734	RAB39A	ENSG00000179331.4	ENST00000320578.3	1885
12735	RAB39B	ENSG00000155961.6	ENST00000369454.4	3413
12736	RAB3A	ENSG00000105649.12	ENST00000222256.9	1496
12737	RAB3B	ENSG00000169213.9	ENST00000371655.4	12780
12738	RAB3C	ENSG00000152932.9	ENST00000282878.6	8861
12739	RAB3D	ENSG00000105514.10	ENST00000222120.8	4240
12740	RAB3GAP1	ENSG00000115839.22	ENST00000264158.13	4891
12741	RAB3GAP2	ENSG00000118873.19	ENST00000358951.7	7256
12742	RAB3IL1	ENSG00000167994.15	ENST00000394836.7	2325
12743	RAB3IP	ENSG00000127328.24	ENST00000247833.12	9333
12744	RAB40A	ENSG00000172476.6	ENST00000304236.2	1969
12745	RAB40AL	ENSG00000102128.8	ENST00000218249.7	1029
12746	RAB40B	ENSG00000141542.13	ENST00000571995.6	3829
12747	RAB40C	ENSG00000197562.12	ENST00000248139.8	2718
12748	RAB41	ENSG00000147127.9	ENST00000374473.6	1074
12749	RAB42	ENSG00000188060.9	ENST00000465518.3	2236
12750	RAB43	ENSG00000172780.19	ENST00000315150.10	4478
12751	RAB4A	ENSG00000168118.14	ENST00000366690.5	2987
12752	RAB4B	ENSG00000167578.20	ENST00000357052.8	1159
12753	RAB5A	ENSG00000144566.13	ENST00000273047.9	2518
12754	RAB5B	ENSG00000111540.18	ENST00000360299.10	5273
12755	RAB5C	ENSG00000108774.17	ENST00000346213.9	1640
12756	RAB6A	ENSG00000175582.22	ENST00000336083.8	3326
12757	RAB6B	ENSG00000154917.13	ENST00000285208.9	5596
12758	RAB6C	ENSG00000222014.6	ENST00000410061.4	3073
12759	RAB7A	ENSG00000075785.16	ENST00000265062.8	2185
12760	RAB29	ENSG00000117280.15	ENST00000367139.8	3308
12761	RAB8A	ENSG00000167461.14	ENST00000300935.8	2567
12762	RAB8B	ENSG00000166128.15	ENST00000321437.9	4800
12763	RAB9A	ENSG00000123595.10	ENST00000464506.2	2034
12764	RAB9B	ENSG00000123570.6	ENST00000243298.3	3772
12765	RABAC1	ENSG00000105404.13	ENST00000222008.11	750
12766	RABEP1	ENSG00000029725.19	ENST00000537505.6	5909
12767	RABEP2	ENSG00000177548.15	ENST00000358201.9	2307
12768	RABEPK	ENSG00000136933.19	ENST00000373538.8	1671
12769	RABGAP1	ENSG00000011454.20	ENST00000373647.9	4986
12770	RABGAP1L	ENSG00000152061.25	ENST00000681986.1	8634
12771	RABGEF1	ENSG00000154710.20	ENST00000284957.9	3733
12772	RABGGTA	ENSG00000100949.17	ENST00000216840.11	1946
12773	RABGGTB	ENSG00000137955.18	ENST00000319942.8	1448
12774	RABIF	ENSG00000183155.7	ENST00000367262.4	3119
12775	RABL2A	ENSG00000144134.21	ENST00000683472.1	2141
12776	RABL2B	ENSG00000079974.21	ENST00000691320.1	2149
12777	RABL3	ENSG00000144840.12	ENST00000273375.8	5605
12778	IFT22	ENSG00000128581.18	ENST00000315322.10	4881
12779	RABL6	ENSG00000196642.21	ENST00000311502.12	3104
12780	RAC1	ENSG00000136238.22	ENST00000348035.9	2309
12781	RAC2	ENSG00000128340.18	ENST00000249071.11	1472
12782	RAC3	ENSG00000169750.11	ENST00000306897.9	1038
12783	RACGAP1	ENSG00000161800.15	ENST00000312377.10	3106
12784	RAD1	ENSG00000113456.22	ENST00000382038.7	4512
12785	RAD17	ENSG00000152942.21	ENST00000354868.10	3054
12786	RAD18	ENSG00000070950.12	ENST00000264926.7	5857
12787	RAD21	ENSG00000164754.18	ENST00000297338.7	3660
12788	RAD23A	ENSG00000179262.12	ENST00000586534.6	1772
12789	RAD23B	ENSG00000119318.15	ENST00000358015.8	4114
12790	RAD50	ENSG00000113522.16	ENST00000378823.8	8272
12791	RAD51	ENSG00000051180.19	ENST00000267868.8	2436
12792	RAD51AP1	ENSG00000111247.17	ENST00000352618.9	2112
12793	RAD51AP2	ENSG00000214842.7	ENST00000399080.3	3730
12794	RAD51B	ENSG00000182185.20	ENST00000471583.6	1559
12795	RAD51C	ENSG00000108384.18	ENST00000337432.9	2562
12796	RAD51D	ENSG00000185379.23	ENST00000345365.11	9966
12797	RAD52	ENSG00000002016.20	ENST00000358495.8	3023
12798	RAD54B	ENSG00000197275.16	ENST00000336148.10	3074
12799	RAD54L	ENSG00000085999.15	ENST00000371975.9	3078
12800	RAD54L2	ENSG00000164080.16	ENST00000684192.1	9957
12801	RAD9A	ENSG00000172613.10	ENST00000307980.7	2086
12802	RAD9B	ENSG00000151164.20	ENST00000409300.6	4164
12803	RADIL	ENSG00000157927.19	ENST00000399583.4	5736
12804	RAE1	ENSG00000101146.15	ENST00000395841.7	2385
12805	RAET1E	ENSG00000164520.13	ENST00000357183.9	6524
12806	RAET1G	ENSG00000203722.10	ENST00000367360.7	1150
12807	RAET1L	ENSG00000155918.9	ENST00000367341.6	1346
12808	RAF1	ENSG00000132155.16	ENST00000251849.9	3191
12809	RAG1	ENSG00000166349.12	ENST00000299440.6	6588
12810	RAG2	ENSG00000175097.9	ENST00000311485.8	2388
12811	RAI1	ENSG00000108557.22	ENST00000353383.6	7677
12812	RAI14	ENSG00000039560.16	ENST00000265109.8	4986
12813	RAI2	ENSG00000131831.20	ENST00000451717.6	2187
12814	RALA	ENSG00000006451.10	ENST00000005257.7	2787
12815	RALB	ENSG00000144118.16	ENST00000272519.10	2247
12816	RALBP1	ENSG00000017797.15	ENST00000383432.8	4379
12817	RALGAPA1	ENSG00000174373.18	ENST00000680220.1	9447
12818	RALGAPA2	ENSG00000188559.18	ENST00000202677.12	9545
12819	RALGAPB	ENSG00000170471.17	ENST00000262879.11	8633
12820	RALGDS	ENSG00000160271.18	ENST00000372050.8	3696
12821	RALGPS1	ENSG00000136828.21	ENST00000259351.10	6330
12822	RALGPS2	ENSG00000116191.21	ENST00000367635.8	7492
12823	RALY	ENSG00000125970.14	ENST00000246194.8	6213
12824	RALYL	ENSG00000184672.12	ENST00000521268.6	2983
12825	RAMP1	ENSG00000132329.13	ENST00000254661.5	823
12826	RAMP2	ENSG00000131477.13	ENST00000253796.10	752
12827	RAMP3	ENSG00000122679.10	ENST00000242249.8	1323
12828	RAN	ENSG00000132341.14	ENST00000543796.6	2474
12829	RANBP1	ENSG00000099901.20	ENST00000430524.6	1221
12830	RANBP10	ENSG00000141084.14	ENST00000317506.8	5245
12831	RANBP17	ENSG00000204764.16	ENST00000523189.6	4440
12832	RANBP2	ENSG00000153201.19	ENST00000283195.11	11708
12833	RANBP3	ENSG00000031823.16	ENST00000340578.10	3233
12834	RANBP3L	ENSG00000164188.11	ENST00000296604.8	4625
12835	RANBP6	ENSG00000137040.11	ENST00000259569.6	4600
12836	RANBP9	ENSG00000010017.15	ENST00000011619.6	3384
12837	RANGAP1	ENSG00000100401.23	ENST00000356244.8	3828
12838	RANGRF	ENSG00000108961.16	ENST00000226105.11	831
12839	RAP1A	ENSG00000116473.17	ENST00000369709.4	5018
12840	RAP1B	ENSG00000127314.20	ENST00000250559.14	13378
12841	RAP1GAP	ENSG00000076864.23	ENST00000374765.9	3322
12842	RAP1GAP2	ENSG00000132359.19	ENST00000254695.13	6663
12843	RAP1GDS1	ENSG00000138698.17	ENST00000408927.8	3747
12844	RAP2A	ENSG00000125249.8	ENST00000245304.5	5540
12845	RAP2B	ENSG00000181467.5	ENST00000323534.5	8402
12846	RAP2C	ENSG00000123728.12	ENST00000370874.2	3972
12847	RAPGEF1	ENSG00000107263.21	ENST00000683357.1	6760
12848	RAPGEF2	ENSG00000109756.12	ENST00000691494.1	8101
12849	RAPGEF3	ENSG00000079337.18	ENST00000449771.7	6300
12850	RAPGEF4	ENSG00000091428.20	ENST00000397081.8	4301
12851	RAPGEF5	ENSG00000136237.21	ENST00000665637.1	6916
12852	RAPGEF6	ENSG00000158987.24	ENST00000509018.6	8350
12853	RAPGEFL1	ENSG00000108352.14	ENST00000620260.6	4243
12854	RAPH1	ENSG00000173166.20	ENST00000319170.10	9699
12855	RAPSN	ENSG00000165917.12	ENST00000298854.7	1622
12856	RARA	ENSG00000131759.20	ENST00000254066.10	3275
12857	RARB	ENSG00000077092.22	ENST00000330688.9	3132
12858	RARG	ENSG00000172819.19	ENST00000425354.7	2917
12859	RARRES1	ENSG00000118849.12	ENST00000237696.10	1713
12860	RARRES2	ENSG00000106538.12	ENST00000223271.8	685
12861	PLAAT4	ENSG00000133321.14	ENST00000255688.8	758
12862	RARS1	ENSG00000113643.11	ENST00000231572.8	2122
12863	RARS2	ENSG00000146282.21	ENST00000369536.10	2242
12864	RASA1	ENSG00000145715.17	ENST00000274376.11	4746
12865	RASA2	ENSG00000155903.16	ENST00000286364.9	5638
12866	RASA3	ENSG00000185989.13	ENST00000334062.8	4203
12867	RASA4	ENSG00000105808.21	ENST00000262940.12	5604
12868	RASA4B	ENSG00000170667.18	ENST00000465829.6	6095
12869	RASAL1	ENSG00000111344.14	ENST00000548055.2	3368
12870	RASAL2	ENSG00000075391.20	ENST00000367649.8	9843
12871	RASAL3	ENSG00000105122.15	ENST00000343625.12	3266
12872	RASD1	ENSG00000108551.7	ENST00000225688.4	1748
12873	RASD2	ENSG00000100302.9	ENST00000216127.5	3447
12874	RASEF	ENSG00000165105.12	ENST00000376447.4	5585
12875	RASGEF1A	ENSG00000198915.14	ENST00000395810.6	3382
12876	RASGEF1B	ENSG00000138670.21	ENST00000264400.7	2941
12877	RASGEF1C	ENSG00000146090.18	ENST00000361132.9	2297
12878	RASGRF1	ENSG00000058335.17	ENST00000558480.7	6294
12879	RASGRF2	ENSG00000113319.15	ENST00000265080.9	8482
12880	RASGRP1	ENSG00000172575.15	ENST00000310803.10	5031
12881	RASGRP2	ENSG00000068831.21	ENST00000394432.8	2268
12882	RASGRP3	ENSG00000152689.21	ENST00000403687.8	4386
12883	RASGRP4	ENSG00000171777.18	ENST00000615439.5	3132
12884	RASIP1	ENSG00000105538.12	ENST00000222145.9	3199
12885	RASL10A	ENSG00000100276.12	ENST00000216101.7	1431
12886	RASL10B	ENSG00000270885.3	ENST00000603017.2	3215
12887	RASL11A	ENSG00000122035.9	ENST00000241463.5	2542
12888	RASL11B	ENSG00000128045.8	ENST00000248706.5	1968
12889	RASL12	ENSG00000103710.12	ENST00000220062.9	2519
12890	RASSF1	ENSG00000068028.20	ENST00000359365.9	1847
12891	RASSF2	ENSG00000101265.18	ENST00000379400.8	5390
12892	RASSF3	ENSG00000153179.17	ENST00000542104.6	3507
12893	RASSF4	ENSG00000107551.23	ENST00000340258.10	3631
12894	RASSF5	ENSG00000266094.10	ENST00000579436.7	3799
12895	RASSF6	ENSG00000169435.16	ENST00000307439.10	5882
12896	RASSF7	ENSG00000099849.17	ENST00000397583.8	2017
12897	RASSF8	ENSG00000123094.18	ENST00000689635.1	5980
12898	RASSF9	ENSG00000198774.6	ENST00000361228.5	5515
12899	RAVER1	ENSG00000161847.17	ENST00000617231.5	3484
12900	RAVER2	ENSG00000162437.17	ENST00000294428.8	4421
12901	RAX	ENSG00000134438.11	ENST00000334889.4	3255
12902	RAX2	ENSG00000173976.17	ENST00000555633.3	2421
12903	RB1	ENSG00000139687.19	ENST00000267163.6	4768
12904	RB1CC1	ENSG00000023287.15	ENST00000025008.10	6636
12905	RBAK	ENSG00000146587.20	ENST00000396912.2	6612
12906	RBAK-RBAKDN	ENSG00000272968.5	ENST00000407184.5	1001
12907	RBBP4	ENSG00000162521.20	ENST00000373493.10	7883
12908	RBBP5	ENSG00000117222.16	ENST00000264515.11	4367
12909	RBBP6	ENSG00000122257.22	ENST00000319715.10	6858
12910	RBBP7	ENSG00000102054.20	ENST00000380087.7	2281
12911	RBBP8	ENSG00000101773.21	ENST00000327155.10	3275
12912	RBBP8NL	ENSG00000130701.5	ENST00000252998.2	2799
12913	RBBP9	ENSG00000089050.18	ENST00000337227.9	3843
12914	RBCK1	ENSG00000125826.24	ENST00000356286.10	3701
12915	RBFA	ENSG00000101546.14	ENST00000306735.10	5590
12916	RBFOX1	ENSG00000078328.23	ENST00000550418.6	4884
12917	RBFOX2	ENSG00000100320.26	ENST00000695854.1	7212
12918	RBKS	ENSG00000171174.17	ENST00000302188.8	1247
12919	RBL1	ENSG00000080839.14	ENST00000373664.8	5686
12920	RBL2	ENSG00000103479.19	ENST00000262133.11	4854
12921	RBM10	ENSG00000182872.18	ENST00000377604.8	3397
12922	RBM11	ENSG00000185272.16	ENST00000400577.4	1955
12923	RBM12	ENSG00000244462.10	ENST00000374114.8	6646
12924	RBM12B	ENSG00000183808.14	ENST00000520560.6	8530
12925	RBM14	ENSG00000239306.7	ENST00000310137.5	5367
12926	RBM14-RBM4	ENSG00000248643.5	ENST00000412278.2	1566
12927	RBM15	ENSG00000162775.18	ENST00000369784.9	3373
12928	RBM15B	ENSG00000259956.2	ENST00000563281.2	6624
12929	RBM17	ENSG00000134453.18	ENST00000379888.9	3275
12930	RBM18	ENSG00000119446.16	ENST00000417201.4	4977
12931	RBM19	ENSG00000122965.13	ENST00000261741.10	4148
12932	RBM22	ENSG00000086589.14	ENST00000199814.9	2299
12933	RBM23	ENSG00000100461.20	ENST00000359890.8	10007
12934	RBM24	ENSG00000112183.16	ENST00000379052.10	2684
12935	RBM25	ENSG00000119707.16	ENST00000261973.12	6813
12936	RBM26	ENSG00000139746.18	ENST00000438737.3	5258
12937	RBM27	ENSG00000091009.10	ENST00000265271.7	6537
12938	RBM28	ENSG00000106344.10	ENST00000223073.6	15507
12939	RBM3	ENSG00000102317.20	ENST00000376759.8	4298
12940	RBM33	ENSG00000184863.12	ENST00000401878.8	10168
12941	RBM34	ENSG00000188739.17	ENST00000408888.8	1847
12942	RBM38	ENSG00000132819.18	ENST00000356208.10	2393
12943	RBM39	ENSG00000131051.26	ENST00000253363.11	5060
12944	RBM4	ENSG00000173933.23	ENST00000310092.12	1607
12945	RBM41	ENSG00000089682.20	ENST00000685964.1	7005
12946	RBM42	ENSG00000126254.14	ENST00000262633.9	1692
12947	RBM43	ENSG00000184898.8	ENST00000331426.6	4176
12948	RBM44	ENSG00000177483.12	ENST00000316997.9	4246
12949	RBM45	ENSG00000155636.18	ENST00000286070.10	1803
12950	RBM46	ENSG00000151962.9	ENST00000281722.8	2524
12951	RBM47	ENSG00000163694.17	ENST00000295971.12	5114
12952	RBM48	ENSG00000127993.17	ENST00000265732.10	4667
12953	RBM4B	ENSG00000173914.14	ENST00000310046.9	1806
12954	RBM5	ENSG00000003756.19	ENST00000347869.8	3177
12955	RBM6	ENSG00000004534.17	ENST00000266022.9	3630
12956	RBM7	ENSG00000076053.14	ENST00000375490.10	3610
12957	RBM8A	ENSG00000265241.10	ENST00000583313.7	4909
12958	RBMS1	ENSG00000153250.23	ENST00000348849.8	4286
12959	RBMS2	ENSG00000076067.16	ENST00000262031.10	8488
12960	RBMS3	ENSG00000144642.24	ENST00000383767.7	8449
12961	RBMX	ENSG00000147274.16	ENST00000320676.11	2012
12962	RBMX2	ENSG00000134597.19	ENST00000305536.11	1823
12963	RBMXL1	ENSG00000213516.11	ENST00000652648.1	4756
12964	RBMXL2	ENSG00000170748.7	ENST00000306904.7	2151
12965	RBP1	ENSG00000114115.13	ENST00000672186.1	807
12966	RBP2	ENSG00000114113.8	ENST00000232217.6	694
12967	RBP3	ENSG00000265203.2	ENST00000584701.2	4290
12968	RBP4	ENSG00000138207.17	ENST00000371464.8	1070
12969	RBP5	ENSG00000139194.10	ENST00000266560.8	957
12970	RBP7	ENSG00000162444.14	ENST00000294435.8	625
12971	RBPJ	ENSG00000168214.24	ENST00000355476.8	5395
12972	RBPJL	ENSG00000124232.11	ENST00000343694.8	2502
12973	RBPMS	ENSG00000157110.18	ENST00000397323.9	2874
12974	RBPMS2	ENSG00000166831.11	ENST00000300069.5	2017
12975	RBX1	ENSG00000100387.11	ENST00000216225.9	1169
12976	RC3H1	ENSG00000135870.15	ENST00000367696.7	11451
12977	RC3H2	ENSG00000056586.18	ENST00000357244.7	8964
12978	RCAN1	ENSG00000159200.19	ENST00000313806.9	2503
12979	RCAN2	ENSG00000172348.17	ENST00000371374.6	3416
12980	RCAN3	ENSG00000117602.15	ENST00000374395.9	6863
12981	RCBTB1	ENSG00000136144.14	ENST00000378302.7	4008
12982	RCBTB2	ENSG00000136161.15	ENST00000344532.8	3075
12983	RCC1	ENSG00000180198.19	ENST00000683442.1	2551
12984	RCC2	ENSG00000179051.16	ENST00000375436.9	4040
12985	RCCD1	ENSG00000166965.16	ENST00000394258.7	2675
12986	RCE1	ENSG00000173653.9	ENST00000309657.8	1462
12987	RCHY1	ENSG00000163743.16	ENST00000324439.10	4408
12988	RCL1	ENSG00000120158.13	ENST00000381750.9	2061
12989	RCN1	ENSG00000049449.12	ENST00000054950.4	2369
12990	RCN2	ENSG00000117906.16	ENST00000394885.8	6218
12991	RCN3	ENSG00000142552.10	ENST00000270645.8	1469
12992	RCOR1	ENSG00000089902.12	ENST00000262241.7	5751
12993	RCOR2	ENSG00000167771.8	ENST00000301459.5	2915
12994	RCOR3	ENSG00000117625.16	ENST00000419091.7	4474
12995	RCSD1	ENSG00000198771.13	ENST00000367854.8	5443
12996	RCVRN	ENSG00000109047.9	ENST00000226193.6	2469
12997	RD3	ENSG00000198570.9	ENST00000680073.1	3508
12998	RDH10	ENSG00000121039.12	ENST00000240285.10	3959
12999	RDH11	ENSG00000072042.15	ENST00000381346.9	2539
13000	RDH12	ENSG00000139988.10	ENST00000551171.6	1878
13001	RDH13	ENSG00000160439.17	ENST00000415061.8	1870
13002	RDH14	ENSG00000240857.4	ENST00000381249.4	1560
13003	RDH16	ENSG00000139547.10	ENST00000398138.5	1698
13004	RDH5	ENSG00000135437.12	ENST00000257895.10	1274
13005	RDH8	ENSG00000080511.5	ENST00000591589.3	1481
13006	RDM1	ENSG00000278023.8	ENST00000620284.5	1163
13007	RDX	ENSG00000137710.19	ENST00000645495.2	4392
13008	REC8	ENSG00000100918.16	ENST00000611366.5	2276
13009	RECK	ENSG00000122707.14	ENST00000377966.4	4412
13010	RECQL	ENSG00000004700.18	ENST00000444129.7	3745
13011	RECQL4	ENSG00000160957.17	ENST00000617875.6	3819
13012	RECQL5	ENSG00000108469.17	ENST00000317905.10	3669
13013	REEP1	ENSG00000068615.22	ENST00000538924.7	4017
13014	REEP2	ENSG00000132563.19	ENST00000378339.7	2131
13015	REEP3	ENSG00000165476.16	ENST00000373758.5	5172
13016	REEP4	ENSG00000168476.14	ENST00000306306.8	1666
13017	REEP5	ENSG00000129625.15	ENST00000379638.9	3008
13018	REEP6	ENSG00000115255.14	ENST00000233596.8	1360
13019	REG1A	ENSG00000115386.8	ENST00000233735.2	768
13020	REG1B	ENSG00000172023.10	ENST00000305089.8	775
13021	REG3A	ENSG00000172016.17	ENST00000305165.3	808
13022	REG3G	ENSG00000143954.15	ENST00000272324.10	936
13023	REG4	ENSG00000134193.17	ENST00000256585.10	1224
13024	REL	ENSG00000162924.18	ENST00000394479.4	11108
13025	RELA	ENSG00000173039.22	ENST00000406246.8	2517
13026	RELB	ENSG00000104856.16	ENST00000221452.13	2258
13027	RELL1	ENSG00000181826.12	ENST00000454158.7	3617
13028	RELL2	ENSG00000164620.11	ENST00000297164.8	2536
13029	RELN	ENSG00000189056.16	ENST00000428762.6	11708
13030	RELT	ENSG00000054967.15	ENST00000064780.7	3402
13031	REM1	ENSG00000088320.6	ENST00000201979.3	1660
13032	REM2	ENSG00000139890.12	ENST00000267396.9	1858
13033	REN	ENSG00000143839.17	ENST00000272190.9	1462
13034	RENBP	ENSG00000102032.15	ENST00000393700.8	1334
13035	REP15	ENSG00000174236.4	ENST00000310791.4	1150
13036	REPIN1	ENSG00000214022.14	ENST00000489432.7	3130
13037	REPS1	ENSG00000135597.21	ENST00000450536.7	4533
13038	REPS2	ENSG00000169891.20	ENST00000357277.8	7978
13039	RER1	ENSG00000157916.22	ENST00000605895.6	3028
13040	RERE	ENSG00000142599.22	ENST00000400908.7	8009
13041	RERG	ENSG00000134533.8	ENST00000256953.6	2264
13042	RERGL	ENSG00000111404.7	ENST00000538724.6	990
13043	REST	ENSG00000084093.21	ENST00000309042.12	7309
13044	RET	ENSG00000165731.24	ENST00000355710.8	5617
13045	RETN	ENSG00000104918.9	ENST00000221515.6	516
13046	RETNLB	ENSG00000163515.8	ENST00000295755.7	701
13047	RETSAT	ENSG00000042445.16	ENST00000295802.9	3141
13048	REV1	ENSG00000135945.12	ENST00000258428.8	4731
13049	REV3L	ENSG00000009413.18	ENST00000368802.8	10706
13050	REXO1	ENSG00000079313.17	ENST00000170168.9	4609
13051	REXO2	ENSG00000076043.13	ENST00000265881.10	1080
13052	REXO4	ENSG00000148300.14	ENST00000371942.8	2326
13053	RFC1	ENSG00000035928.19	ENST00000349703.7	4870
13054	RFC2	ENSG00000049541.13	ENST00000055077.8	1685
13055	RFC3	ENSG00000133119.15	ENST00000380071.8	2306
13056	RFC4	ENSG00000163918.14	ENST00000296273.7	1365
13057	RFC5	ENSG00000111445.16	ENST00000454402.7	2104
13058	RFESD	ENSG00000175449.17	ENST00000380005.9	2582
13059	RFFL	ENSG00000092871.19	ENST00000394597.7	7210
13060	RFK	ENSG00000135002.13	ENST00000376736.6	2596
13061	RFNG	ENSG00000169733.14	ENST00000310496.9	1865
13062	RFPL1	ENSG00000128250.5	ENST00000354373.2	1496
13063	RFPL2	ENSG00000128253.17	ENST00000652607.2	1937
13064	RFPL3	ENSG00000128276.10	ENST00000249007.4	1488
13065	RFPL3S	ENSG00000205853.13	ENST00000655996.1	1337
13066	RFPL4A	ENSG00000223638.6	ENST00000434937.3	1198
13067	RFPL4AL1	ENSG00000229292.2	ENST00000341750.5	1172
13068	RFPL4B	ENSG00000251258.3	ENST00000441065.3	1898
13069	RFT1	ENSG00000163933.13	ENST00000296292.8	5081
13070	RFTN1	ENSG00000131378.16	ENST00000334133.9	2986
13071	RFTN2	ENSG00000162944.13	ENST00000295049.9	5419
13072	COP1	ENSG00000143207.23	ENST00000367669.8	2826
13073	RFWD3	ENSG00000168411.16	ENST00000361070.9	4948
13074	RFX1	ENSG00000132005.11	ENST00000254325.9	4375
13075	RFX2	ENSG00000087903.15	ENST00000303657.10	3959
13076	RFX3	ENSG00000080298.18	ENST00000617270.5	9258
13077	RFX4	ENSG00000111783.15	ENST00000392842.6	3859
13078	RFX5	ENSG00000143390.20	ENST00000452671.7	3570
13079	RFX6	ENSG00000185002.11	ENST00000332958.3	3476
13080	RFX7	ENSG00000181827.18	ENST00000559447.8	10885
13081	RFX8	ENSG00000196460.15	ENST00000428343.6	2140
13082	RFXANK	ENSG00000064490.16	ENST00000303088.9	1376
13083	RFXAP	ENSG00000133111.5	ENST00000255476.3	2306
13084	RTL9	ENSG00000243978.9	ENST00000520821.6	5416
13085	RTL5	ENSG00000242732.6	ENST00000609883.3	4806
13086	RGCC	ENSG00000102760.15	ENST00000379359.4	958
13087	RGL1	ENSG00000143344.18	ENST00000360851.4	4725
13088	RGL2	ENSG00000237441.12	ENST00000497454.6	2896
13089	RGL3	ENSG00000205517.15	ENST00000380456.8	2511
13090	RGL4	ENSG00000159496.16	ENST00000290691.10	2725
13091	RGMA	ENSG00000182175.16	ENST00000329082.12	11359
13092	RGMB	ENSG00000174136.15	ENST00000513185.3	4463
13093	RGN	ENSG00000130988.15	ENST00000397180.6	2168
13094	RGP1	ENSG00000107185.12	ENST00000378078.5	7028
13095	RGPD6	ENSG00000183054.15	ENST00000329516.8	7305
13096	RGR	ENSG00000148604.16	ENST00000652092.2	2235
13097	RGS1	ENSG00000090104.14	ENST00000367459.8	1352
13098	RGS10	ENSG00000148908.17	ENST00000369103.3	923
13099	RGS11	ENSG00000076344.18	ENST00000397770.8	2399
13100	RGS12	ENSG00000159788.22	ENST00000336727.8	4753
13101	RGS13	ENSG00000127074.17	ENST00000391995.7	1554
13102	RGS14	ENSG00000169220.20	ENST00000408923.8	2323
13103	RGS16	ENSG00000143333.9	ENST00000367558.6	2408
13104	RGS17	ENSG00000091844.10	ENST00000206262.2	7932
13105	RGS18	ENSG00000150681.11	ENST00000367460.4	2145
13106	RGS19	ENSG00000171700.16	ENST00000395042.2	1619
13107	RGS2	ENSG00000116741.9	ENST00000235382.7	1348
13108	RGS20	ENSG00000147509.15	ENST00000276500.5	1715
13109	RGS21	ENSG00000253148.1	ENST00000417209.2	1794
13110	RGS22	ENSG00000132554.23	ENST00000360863.11	4229
13111	RGS3	ENSG00000138835.25	ENST00000695401.1	4122
13112	RGS4	ENSG00000117152.14	ENST00000367909.11	2984
13113	RGS5	ENSG00000143248.15	ENST00000313961.10	5670
13114	RGS6	ENSG00000182732.19	ENST00000553525.6	6069
13115	RGS7	ENSG00000182901.18	ENST00000440928.6	2551
13116	RGS7BP	ENSG00000186479.6	ENST00000334025.3	4451
13117	RGS8	ENSG00000135824.14	ENST00000515211.2	5987
13118	RGS9	ENSG00000108370.19	ENST00000262406.10	2492
13119	RGS9BP	ENSG00000186326.4	ENST00000334176.4	2453
13120	RHAG	ENSG00000112077.19	ENST00000371175.10	1895
13121	RHBDD1	ENSG00000144468.19	ENST00000392062.7	5061
13122	RHBDD2	ENSG00000005486.19	ENST00000006777.11	1721
13123	RHBDD3	ENSG00000100263.16	ENST00000216085.12	1777
13124	RHBDF1	ENSG00000007384.17	ENST00000262316.10	2992
13125	RHBDF2	ENSG00000129667.15	ENST00000675367.1	3511
13126	RHBDL1	ENSG00000103269.16	ENST00000352681.8	1458
13127	RHBDL2	ENSG00000158315.13	ENST00000372990.6	1883
13128	RHBDL3	ENSG00000141314.15	ENST00000269051.9	5003
13129	RHBG	ENSG00000132677.15	ENST00000537040.6	1790
13130	RHCE	ENSG00000188672.20	ENST00000294413.13	1571
13131	RHCG	ENSG00000140519.16	ENST00000268122.9	1952
13132	RHD	ENSG00000187010.22	ENST00000328664.9	2814
13133	RHEB	ENSG00000106615.12	ENST00000262187.10	2046
13134	RHEBL1	ENSG00000167550.13	ENST00000301068.11	1173
13135	RHNO1	ENSG00000171792.13	ENST00000489288.7	1926
13136	RHO	ENSG00000163914.6	ENST00000296271.4	2768
13137	RHOA	ENSG00000067560.16	ENST00000418115.6	1805
13138	RHOB	ENSG00000143878.10	ENST00000272233.6	2367
13139	RHOBTB1	ENSG00000072422.19	ENST00000337910.10	4411
13140	RHOBTB2	ENSG00000008853.20	ENST00000251822.7	5482
13141	RHOBTB3	ENSG00000164292.15	ENST00000379982.8	5370
13142	RHOC	ENSG00000155366.19	ENST00000339083.12	1117
13143	RHOD	ENSG00000173156.9	ENST00000308831.7	1104
13144	RHOF	ENSG00000139725.9	ENST00000267205.7	2435
13145	RHOG	ENSG00000177105.12	ENST00000351018.5	1295
13146	RHOH	ENSG00000168421.15	ENST00000381799.10	4181
13147	RHOJ	ENSG00000126785.15	ENST00000316754.8	3556
13148	RHOQ	ENSG00000119729.14	ENST00000238738.9	4780
13149	RHOT1	ENSG00000126858.21	ENST00000545287.7	3165
13150	RHOT2	ENSG00000140983.17	ENST00000315082.9	2490
13151	RHOU	ENSG00000116574.7	ENST00000366691.4	3965
13152	RHOV	ENSG00000104140.9	ENST00000220507.5	1650
13153	RHOXF1	ENSG00000101883.8	ENST00000217999.3	747
13154	RHOXF2	ENSG00000131721.7	ENST00000371388.5	2848
13155	RHOXF2B	ENSG00000203989.6	ENST00000371402.5	1257
13156	RHPN1	ENSG00000158106.17	ENST00000289013.11	3695
13157	RHPN2	ENSG00000131941.9	ENST00000254260.8	3501
13158	RIBC1	ENSG00000158423.19	ENST00000375327.6	1488
13159	RIBC2	ENSG00000128408.10	ENST00000614167.2	1490
13160	RIC3	ENSG00000166405.17	ENST00000309737.11	5788
13161	RIC8A	ENSG00000177963.17	ENST00000526104.6	3506
13162	RIC8B	ENSG00000111785.22	ENST00000392837.9	5048
13163	RICTOR	ENSG00000164327.16	ENST00000357387.8	9533
13164	RIF1	ENSG00000080345.20	ENST00000444746.7	14662
13165	RILP	ENSG00000167705.14	ENST00000301336.7	1560
13166	RILPL1	ENSG00000188026.15	ENST00000376874.9	3933
13167	RILPL2	ENSG00000150977.14	ENST00000280571.10	1752
13168	RIMBP2	ENSG00000060709.19	ENST00000690449.1	5746
13169	RIMKLA	ENSG00000177181.17	ENST00000431473.4	10577
13170	RIMKLB	ENSG00000166532.18	ENST00000535829.6	4931
13171	RIMS1	ENSG00000079841.21	ENST00000521978.6	7984
13172	RIMS2	ENSG00000176406.26	ENST00000696799.1	7711
13173	RIMS3	ENSG00000117016.12	ENST00000372684.8	7259
13174	RIMS4	ENSG00000101098.14	ENST00000372851.8	5411
13175	RIN1	ENSG00000174791.13	ENST00000311320.9	4419
13176	RIN2	ENSG00000132669.16	ENST00000255006.12	4440
13177	RIN3	ENSG00000100599.18	ENST00000216487.12	3852
13178	RING1	ENSG00000204227.7	ENST00000374656.5	1741
13179	RINL	ENSG00000187994.15	ENST00000591812.2	3058
13180	RINT1	ENSG00000135249.10	ENST00000257700.7	2860
13181	RIOK1	ENSG00000124784.11	ENST00000379834.7	2498
13182	RIOK2	ENSG00000058729.13	ENST00000283109.8	3909
13183	RIOK3	ENSG00000101782.17	ENST00000339486.8	3574
13184	RIPK1	ENSG00000137275.18	ENST00000259808.9	4092
13185	RIPK2	ENSG00000104312.10	ENST00000220751.5	2516
13186	RIPK3	ENSG00000129465.18	ENST00000216274.10	1872
13187	RIPK4	ENSG00000183421.13	ENST00000332512.8	3831
13188	RIPPLY1	ENSG00000147223.7	ENST00000276173.5	1196
13189	RIPPLY2	ENSG00000203877.9	ENST00000369689.6	570
13190	RIPPLY3	ENSG00000183145.10	ENST00000329553.3	2099
13191	RIT1	ENSG00000143622.14	ENST00000368323.8	3390
13192	RIT2	ENSG00000152214.16	ENST00000326695.10	1086
13193	RLBP1	ENSG00000140522.14	ENST00000268125.10	1638
13194	RLF	ENSG00000117000.10	ENST00000372771.5	6232
13195	RLIM	ENSG00000131263.15	ENST00000332687.11	10565
13196	RLN1	ENSG00000107018.8	ENST00000223862.2	1009
13197	RLN2	ENSG00000107014.10	ENST00000381627.4	928
13198	RLN3	ENSG00000171136.8	ENST00000431365.3	1089
13199	CARMIL2	ENSG00000159753.16	ENST00000334583.11	4462
13200	RMDN1	ENSG00000176623.14	ENST00000406452.8	2970
13201	RMDN2	ENSG00000115841.23	ENST00000354545.8	1893
13202	RMDN3	ENSG00000137824.18	ENST00000338376.8	2246
13203	RMI1	ENSG00000178966.18	ENST00000445877.6	3300
13204	RMI2	ENSG00000175643.11	ENST00000312499.6	1427
13205	RMND1	ENSG00000155906.22	ENST00000444024.3	1948
13206	RMND5A	ENSG00000153561.15	ENST00000283632.5	6183
13207	RMND5B	ENSG00000145916.21	ENST00000313386.9	3911
13208	RNASE1	ENSG00000129538.16	ENST00000397967.5	914
13209	RNASE10	ENSG00000182545.7	ENST00000430083.2	3901
13210	RNASE11	ENSG00000173464.17	ENST00000557105.7	1810
13211	RNASE12	ENSG00000258436.2	ENST00000696784.1	807
13212	RNASE13	ENSG00000206150.4	ENST00000382951.4	1631
13213	RNASE2	ENSG00000169385.4	ENST00000304625.3	720
13214	RNASE3	ENSG00000169397.5	ENST00000304639.4	734
13215	RNASE4	ENSG00000258818.6	ENST00000555835.3	2061
13216	RNASE6	ENSG00000169413.5	ENST00000304677.3	844
13217	RNASE7	ENSG00000165799.5	ENST00000298690.5	1362
13218	RNASE8	ENSG00000173431.2	ENST00000308227.2	634
13219	RNASE9	ENSG00000188655.12	ENST00000554964.6	1217
13220	RNASEH1	ENSG00000171865.12	ENST00000315212.4	5289
13221	RNASEH2A	ENSG00000104889.9	ENST00000221486.6	1164
13222	RNASEH2B	ENSG00000136104.24	ENST00000336617.8	1513
13223	RNASEH2C	ENSG00000172922.13	ENST00000308418.10	2645
13224	RNASEK	ENSG00000219200.13	ENST00000593646.6	603
13225	RNASEK-C17orf49	ENSG00000161939.19	ENST00000547302.3	900
13226	RNASEL	ENSG00000135828.13	ENST00000367559.7	4238
13227	RNASET2	ENSG00000026297.19	ENST00000508775.6	8614
13228	RND1	ENSG00000172602.12	ENST00000309739.6	1653
13229	RND2	ENSG00000108830.13	ENST00000587250.4	4162
13230	RND3	ENSG00000115963.16	ENST00000263895.9	2684
13231	RNF10	ENSG00000022840.18	ENST00000325954.9	3814
13232	RNF103	ENSG00000239305.9	ENST00000237455.5	3482
13233	RNF103-CHMP3	ENSG00000249884.8	ENST00000604011.5	1135
13234	RNF11	ENSG00000123091.7	ENST00000242719.4	3074
13235	RNF111	ENSG00000157450.18	ENST00000348370.9	5905
13236	RNF112	ENSG00000128482.18	ENST00000461366.2	3174
13237	RNF113A	ENSG00000125352.6	ENST00000371442.4	1259
13238	RNF113B	ENSG00000139797.8	ENST00000267291.7	1380
13239	RNF114	ENSG00000124226.13	ENST00000244061.6	2447
13240	RNF115	ENSG00000265491.7	ENST00000582693.5	9135
13241	RNF121	ENSG00000137522.20	ENST00000361756.8	2282
13242	RNF122	ENSG00000133874.4	ENST00000256257.2	1872
13243	RNF123	ENSG00000164068.18	ENST00000327697.11	4255
13244	RNF125	ENSG00000101695.12	ENST00000217740.4	5573
13245	RNF126	ENSG00000070423.20	ENST00000292363.10	1631
13246	RNF128	ENSG00000133135.16	ENST00000255499.3	2803
13247	RNF13	ENSG00000082996.22	ENST00000392894.8	2336
13248	RNF130	ENSG00000113269.16	ENST00000521389.6	1904
13249	RNF133	ENSG00000188050.3	ENST00000340112.3	1383
13250	RNF135	ENSG00000181481.16	ENST00000328381.10	2054
13251	RNF138	ENSG00000134758.16	ENST00000261593.8	3551
13252	RNF139	ENSG00000170881.7	ENST00000303545.4	3199
13253	RNF14	ENSG00000013561.20	ENST00000394520.7	4170
13254	RNF141	ENSG00000110315.9	ENST00000265981.7	4049
13255	RNF144A	ENSG00000151692.17	ENST00000320892.11	5720
13256	RNF144B	ENSG00000137393.12	ENST00000259939.4	5032
13257	RNF145	ENSG00000145860.14	ENST00000424310.7	3615
13258	RNF146	ENSG00000118518.19	ENST00000368314.6	2119
13259	RNF148	ENSG00000235631.2	ENST00000434824.2	1255
13260	RNF149	ENSG00000163162.11	ENST00000295317.4	2953
13261	RNF150	ENSG00000170153.12	ENST00000515673.7	10432
13262	RNF151	ENSG00000179580.11	ENST00000569714.6	788
13263	RNF152	ENSG00000176641.13	ENST00000312828.4	8745
13264	RNF157	ENSG00000141576.18	ENST00000269391.11	5054
13265	ARK2C	ENSG00000141622.16	ENST00000269439.12	7802
13266	RNF166	ENSG00000158717.13	ENST00000312838.9	1864
13267	RNF167	ENSG00000108523.18	ENST00000262482.11	1775
13268	RNF168	ENSG00000163961.5	ENST00000318037.3	5347
13269	RNF169	ENSG00000166439.8	ENST00000299563.5	7842
13270	RNF17	ENSG00000132972.20	ENST00000255324.10	5102
13271	RNF170	ENSG00000120925.18	ENST00000527424.6	3764
13272	RNF175	ENSG00000145428.17	ENST00000347063.9	1358
13273	RNF180	ENSG00000164197.14	ENST00000389100.9	4945
13274	RNF181	ENSG00000168894.12	ENST00000306368.9	685
13275	RNF182	ENSG00000180537.15	ENST00000488300.6	3629
13276	RNF183	ENSG00000165188.15	ENST00000489339.2	1853
13277	RNF185	ENSG00000138942.19	ENST00000326132.11	3182
13278	RNF186	ENSG00000178828.7	ENST00000375121.4	1255
13279	RNF19A	ENSG00000034677.15	ENST00000341084.7	4186
13280	RNF19B	ENSG00000116514.19	ENST00000235150.5	2677
13281	RNF2	ENSG00000121481.14	ENST00000367510.8	3407
13282	RNF20	ENSG00000155827.14	ENST00000389120.8	3938
13283	RNF207	ENSG00000158286.15	ENST00000377939.5	3981
13284	RNF208	ENSG00000212864.6	ENST00000391553.3	1732
13285	RNF212	ENSG00000178222.15	ENST00000433731.7	2390
13286	RNF213	ENSG00000173821.21	ENST00000582970.6	21079
13287	RNF214	ENSG00000167257.13	ENST00000300650.9	3477
13288	RNF215	ENSG00000099999.17	ENST00000382363.8	2011
13289	RNF216	ENSG00000011275.20	ENST00000389902.8	5777
13290	RNF217	ENSG00000146373.18	ENST00000521654.7	11433
13291	OBI1	ENSG00000152193.10	ENST00000282003.7	3507
13292	RNF220	ENSG00000187147.21	ENST00000361799.7	3042
13293	RNF24	ENSG00000101236.19	ENST00000358395.11	7328
13294	RNF25	ENSG00000163481.10	ENST00000295704.7	1477
13295	RNF26	ENSG00000173456.5	ENST00000311413.5	2783
13296	RNF31	ENSG00000092098.20	ENST00000324103.11	3502
13297	RNF32	ENSG00000105982.19	ENST00000317955.10	1679
13298	RNF34	ENSG00000170633.19	ENST00000361234.10	1986
13299	RNF38	ENSG00000137075.19	ENST00000259605.11	5061
13300	RNF39	ENSG00000204618.11	ENST00000244360.8	2084
13301	RNF4	ENSG00000063978.19	ENST00000314289.13	2921
13302	RNF40	ENSG00000103549.24	ENST00000324685.11	5309
13303	RNF41	ENSG00000181852.20	ENST00000345093.9	5593
13304	RNF43	ENSG00000108375.15	ENST00000407977.7	4522
13305	RNF44	ENSG00000146083.15	ENST00000274811.9	4122
13306	RNF5	ENSG00000204308.10	ENST00000375094.4	1117
13307	RNF6	ENSG00000127870.19	ENST00000381588.9	3520
13308	RNF7	ENSG00000114125.15	ENST00000273480.4	2669
13309	RNF8	ENSG00000112130.19	ENST00000373479.9	5616
13310	RNFT1	ENSG00000189050.18	ENST00000305783.13	2122
13311	RNFT2	ENSG00000135119.16	ENST00000257575.9	5727
13312	RNGTT	ENSG00000111880.18	ENST00000369485.9	4825
13313	RNH1	ENSG00000023191.19	ENST00000354420.7	1952
13314	RNLS	ENSG00000184719.14	ENST00000331772.9	2409
13315	RNMT	ENSG00000101654.20	ENST00000383314.7	6236
13316	MRM3	ENSG00000171861.13	ENST00000304478.9	1729
13317	RNPC3	ENSG00000185946.18	ENST00000423855.7	2144
13318	RNPEP	ENSG00000176393.13	ENST00000295640.9	2399
13319	RNPEPL1	ENSG00000142327.15	ENST00000270357.10	5761
13320	RNPS1	ENSG00000205937.13	ENST00000320225.10	1951
13321	ROBO1	ENSG00000169855.22	ENST00000464233.6	6927
13322	ROBO2	ENSG00000185008.20	ENST00000696593.1	9018
13323	ROBO3	ENSG00000154134.16	ENST00000397801.6	4528
13324	ROBO4	ENSG00000154133.17	ENST00000306534.8	4294
13325	ROCK1	ENSG00000067900.10	ENST00000399799.3	9446
13326	ROCK2	ENSG00000134318.18	ENST00000315872.11	8345
13327	ROGDI	ENSG00000067836.15	ENST00000322048.12	1418
13328	ROM1	ENSG00000149489.10	ENST00000278833.4	1358
13329	ROMO1	ENSG00000125995.18	ENST00000374077.8	366
13330	ROPN1	ENSG00000065371.19	ENST00000405845.8	994
13331	ROPN1B	ENSG00000114547.11	ENST00000514116.6	1054
13332	ROPN1L	ENSG00000145491.14	ENST00000274134.5	1061
13333	ROR1	ENSG00000185483.14	ENST00000371079.6	5858
13334	ROR2	ENSG00000169071.17	ENST00000375708.4	4158
13335	RORA	ENSG00000069667.17	ENST00000335670.11	10827
13336	RORB	ENSG00000198963.12	ENST00000376896.8	9581
13337	RORC	ENSG00000143365.22	ENST00000318247.7	2996
13338	ROS1	ENSG00000047936.13	ENST00000368507.8	8451
13339	RP1	ENSG00000104237.12	ENST00000220676.2	7071
13340	RP1L1	ENSG00000183638.6	ENST00000382483.4	8014
13341	RP2	ENSG00000102218.8	ENST00000218340.4	3700
13342	RP9	ENSG00000164610.11	ENST00000297157.8	1135
13343	RPA1	ENSG00000132383.14	ENST00000254719.10	4847
13344	RPA2	ENSG00000117748.12	ENST00000373912.8	1584
13345	RPA3	ENSG00000106399.13	ENST00000223129.8	2020
13346	UMAD1	ENSG00000219545.14	ENST00000682710.1	2232
13347	RPA4	ENSG00000204086.4	ENST00000373040.4	1560
13348	RPAIN	ENSG00000129197.17	ENST00000381209.8	995
13349	RPAP1	ENSG00000103932.14	ENST00000304330.9	4663
13350	RPAP2	ENSG00000122484.11	ENST00000610020.2	16899
13351	RPAP3	ENSG00000005175.12	ENST00000005386.8	4339
13352	RPE	ENSG00000197713.17	ENST00000359429.11	3180
13353	RPE65	ENSG00000116745.8	ENST00000262340.6	2605
13354	RPF1	ENSG00000117133.13	ENST00000370654.6	1948
13355	RPF2	ENSG00000197498.15	ENST00000441448.7	3671
13356	RPGR	ENSG00000156313.16	ENST00000645032.1	4733
13357	RPGRIP1	ENSG00000092200.13	ENST00000400017.7	4061
13358	RPGRIP1L	ENSG00000103494.18	ENST00000647211.2	7935
13359	RPH3A	ENSG00000089169.17	ENST00000389385.9	4590
13360	RPH3AL	ENSG00000181031.18	ENST00000331302.12	2719
13361	RPIA	ENSG00000153574.11	ENST00000283646.5	1813
13362	RPL10	ENSG00000147403.20	ENST00000369817.7	2164
13363	RPL10A	ENSG00000198755.13	ENST00000322203.7	718
13364	RPL10L	ENSG00000165496.5	ENST00000298283.5	772
13365	RPL11	ENSG00000142676.16	ENST00000643754.2	1017
13366	RPL12	ENSG00000197958.15	ENST00000361436.10	634
13367	RPL13	ENSG00000167526.17	ENST00000311528.10	2187
13368	RPL13A	ENSG00000142541.20	ENST00000391857.9	1127
13369	RPL14	ENSG00000188846.15	ENST00000396203.7	7136
13370	RPL15	ENSG00000174748.24	ENST00000307839.10	2155
13371	RPL17	ENSG00000265681.10	ENST00000580261.6	614
13372	RPL17-C18orf32	ENSG00000215472.10	ENST00000584895.5	1440
13373	RPL18	ENSG00000063177.15	ENST00000549920.6	643
13374	RPL18A	ENSG00000105640.15	ENST00000222247.10	634
13375	RPL19	ENSG00000108298.14	ENST00000225430.9	737
13376	RPL21	ENSG00000122026.14	ENST00000311549.11	566
13377	RPL22	ENSG00000116251.13	ENST00000234875.9	2061
13378	RPL22L1	ENSG00000163584.20	ENST00000295830.13	1902
13379	RPL23	ENSG00000125691.17	ENST00000479035.7	2706
13380	RPL23A	ENSG00000198242.16	ENST00000422514.7	970
13381	RPL24	ENSG00000114391.16	ENST00000394077.8	560
13382	RPL26	ENSG00000161970.17	ENST00000648839.1	528
13383	RPL26L1	ENSG00000037241.9	ENST00000265100.6	722
13384	RPL27	ENSG00000131469.17	ENST00000253788.12	505
13385	RPL27A	ENSG00000166441.15	ENST00000314138.11	4535
13386	RPL28	ENSG00000108107.17	ENST00000344063.7	4209
13387	RPL29	ENSG00000162244.14	ENST00000294189.11	754
13388	RPL3	ENSG00000100316.18	ENST00000216146.9	1296
13389	RPL30	ENSG00000156482.13	ENST00000287038.8	498
13390	RPL31	ENSG00000071082.13	ENST00000264258.8	1291
13391	RPL32	ENSG00000144713.15	ENST00000429711.7	2094
13392	RPL34	ENSG00000109475.20	ENST00000394667.8	546
13393	RPL35	ENSG00000136942.17	ENST00000348462.6	452
13394	RPL35A	ENSG00000182899.19	ENST00000647248.2	1234
13395	RPL36	ENSG00000130255.15	ENST00000347512.8	607
13396	RPL36A	ENSG00000241343.12	ENST00000553110.8	761
13397	RPL36AL	ENSG00000165502.9	ENST00000298289.7	676
13398	RPL37	ENSG00000145592.16	ENST00000274242.10	7573
13399	RPL37A	ENSG00000197756.12	ENST00000491306.6	2992
13400	RPL38	ENSG00000172809.15	ENST00000311111.11	1145
13401	RPL39	ENSG00000198918.10	ENST00000361575.4	390
13402	RPL39L	ENSG00000163923.12	ENST00000296277.9	729
13403	RPL3L	ENSG00000140986.10	ENST00000268661.8	2145
13404	RPL4	ENSG00000174444.17	ENST00000307961.11	2741
13405	RPL41	ENSG00000229117.11	ENST00000546591.6	676
13406	RPL5	ENSG00000122406.16	ENST00000370321.8	1028
13407	RPL6	ENSG00000089009.18	ENST00000202773.14	921
13408	RPL7	ENSG00000147604.16	ENST00000352983.7	1233
13409	RPL7A	ENSG00000148303.19	ENST00000323345.11	887
13410	RPL7L1	ENSG00000146223.18	ENST00000493763.7	4499
13411	RPL8	ENSG00000161016.20	ENST00000528957.6	1070
13412	RPL9	ENSG00000163682.19	ENST00000295955.14	724
13413	RPLP0	ENSG00000089157.18	ENST00000392514.9	1105
13414	RPLP1	ENSG00000137818.14	ENST00000260379.11	1174
13415	RPLP2	ENSG00000177600.12	ENST00000321153.9	462
13416	RPN1	ENSG00000163902.14	ENST00000296255.8	2284
13417	RPN2	ENSG00000118705.20	ENST00000237530.11	2227
13418	RPP14	ENSG00000163684.13	ENST00000295959.10	3266
13419	RPP21	ENSG00000241370.8	ENST00000442966.7	528
13420	RPP25	ENSG00000178718.7	ENST00000322177.6	2355
13421	RPP25L	ENSG00000164967.12	ENST00000378959.9	872
13422	RPP30	ENSG00000148688.16	ENST00000371703.8	2332
13423	RPP38	ENSG00000152464.17	ENST00000378197.5	1484
13424	RPP40	ENSG00000124787.16	ENST00000380051.7	1488
13425	RPRD1A	ENSG00000141425.20	ENST00000399022.9	4421
13426	RPRD1B	ENSG00000101413.14	ENST00000373433.9	3672
13427	RPRD2	ENSG00000163125.18	ENST00000369068.5	8186
13428	RPRM	ENSG00000177519.4	ENST00000325926.4	1425
13429	RPRML	ENSG00000179673.5	ENST00000322329.5	1098
13430	RPS10	ENSG00000124614.19	ENST00000648437.1	588
13431	RPS10-NUDT3	ENSG00000270800.4	ENST00000639725.1	4782
13432	RPS11	ENSG00000142534.9	ENST00000270625.7	573
13433	RPS12	ENSG00000112306.10	ENST00000230050.4	503
13434	RPS13	ENSG00000110700.9	ENST00000525634.6	527
13435	RPS14	ENSG00000164587.15	ENST00000407193.7	2146
13436	RPS15	ENSG00000115268.12	ENST00000592588.7	501
13437	RPS15A	ENSG00000134419.17	ENST00000322989.8	2203
13438	RPS16	ENSG00000105193.11	ENST00000251453.8	631
13439	RPS18	ENSG00000231500.9	ENST00000439602.7	549
13440	RPS19	ENSG00000105372.10	ENST00000598742.6	2021
13441	RPS19BP1	ENSG00000187051.11	ENST00000334678.8	820
13442	RPS2	ENSG00000140988.18	ENST00000343262.9	945
13443	RPS20	ENSG00000008988.13	ENST00000009589.8	519
13444	RPS21	ENSG00000171858.20	ENST00000343986.9	358
13445	RPS23	ENSG00000186468.15	ENST00000296674.13	3252
13446	RPS24	ENSG00000138326.23	ENST00000372360.9	534
13447	RPS25	ENSG00000118181.13	ENST00000527673.2	483
13448	RPS26	ENSG00000197728.13	ENST00000646449.2	1140
13449	RPS27	ENSG00000177954.16	ENST00000651669.1	352
13450	RPS27A	ENSG00000143947.17	ENST00000272317.11	785
13451	RPS27L	ENSG00000185088.16	ENST00000330964.10	6110
13452	RPS28	ENSG00000233927.7	ENST00000600659.3	1330
13453	RPS29	ENSG00000213741.13	ENST00000245458.11	295
13454	RPS3	ENSG00000149273.17	ENST00000531188.6	2059
13455	RPS3A	ENSG00000145425.12	ENST00000274065.9	869
13456	RPS4X	ENSG00000198034.13	ENST00000316084.10	1474
13457	RPS4Y1	ENSG00000129824.17	ENST00000250784.13	1189
13458	RPS4Y2	ENSG00000280969.2	ENST00000629237.2	848
13459	RPS5	ENSG00000083845.11	ENST00000196551.8	741
13460	RPS6	ENSG00000137154.15	ENST00000380394.9	1369
13461	RPS6KA1	ENSG00000117676.16	ENST00000374168.7	3192
13462	RPS6KA2	ENSG00000071242.15	ENST00000265678.9	5832
13463	RPS6KA3	ENSG00000177189.16	ENST00000379565.9	7987
13464	RPS6KA4	ENSG00000162302.15	ENST00000334205.9	3128
13465	RPS6KA5	ENSG00000100784.14	ENST00000614987.5	26829
13466	RPS6KA6	ENSG00000072133.14	ENST00000262752.5	8465
13467	RPS6KB1	ENSG00000108443.16	ENST00000225577.9	5428
13468	RPS6KB2	ENSG00000175634.17	ENST00000312629.10	1733
13469	RPS6KC1	ENSG00000136643.14	ENST00000366960.8	5505
13470	RPS6KL1	ENSG00000198208.14	ENST00000557413.6	5322
13471	RPS7	ENSG00000171863.17	ENST00000645674.2	732
13472	RPS8	ENSG00000142937.14	ENST00000396651.8	778
13473	RPS9	ENSG00000170889.16	ENST00000302907.9	713
13474	RPSA	ENSG00000168028.17	ENST00000301821.11	1140
13475	RPSA2	ENSG00000288920.3	ENST00000484897.4	2140
13476	RPTN	ENSG00000215853.3	ENST00000316073.3	3569
13477	RPTOR	ENSG00000141564.16	ENST00000306801.8	6838
13478	RPUSD1	ENSG00000007376.10	ENST00000007264.7	2048
13479	RPUSD2	ENSG00000166133.20	ENST00000315616.12	2365
13480	RPUSD3	ENSG00000156990.16	ENST00000383820.10	1217
13481	RPUSD4	ENSG00000165526.11	ENST00000298317.9	2468
13482	CNOT9	ENSG00000144580.17	ENST00000273064.11	3820
13483	RRAD	ENSG00000166592.15	ENST00000299759.11	1460
13484	RRAGA	ENSG00000155876.6	ENST00000380527.3	1599
13485	RRAGB	ENSG00000083750.15	ENST00000374941.9	2051
13486	RRAGC	ENSG00000116954.10	ENST00000373001.4	2681
13487	RRAGD	ENSG00000025039.17	ENST00000369415.9	4923
13488	RRAS	ENSG00000126458.6	ENST00000246792.4	986
13489	RRAS2	ENSG00000133818.16	ENST00000256196.9	2343
13490	RRBP1	ENSG00000125844.19	ENST00000377813.6	5049
13491	RREB1	ENSG00000124782.23	ENST00000379938.7	8625
13492	RRH	ENSG00000180245.7	ENST00000317735.7	1815
13493	RRM1	ENSG00000167325.17	ENST00000300738.10	3142
13494	RRM2	ENSG00000171848.18	ENST00000304567.10	3258
13495	RRM2B	ENSG00000048392.15	ENST00000251810.8	4774
13496	RRN3	ENSG00000085721.15	ENST00000198767.11	3706
13497	METTL25B	ENSG00000143303.14	ENST00000368216.9	2271
13498	RRP1	ENSG00000160214.15	ENST00000497547.2	2958
13499	RRP12	ENSG00000052749.16	ENST00000370992.9	4396
13500	RRP15	ENSG00000067533.8	ENST00000366932.4	7765
13501	RRP1B	ENSG00000160208.14	ENST00000340648.6	5078
13502	RRP36	ENSG00000124541.9	ENST00000244496.6	1183
13503	RRP7A	ENSG00000189306.14	ENST00000323013.7	5419
13504	RRP8	ENSG00000132275.13	ENST00000254605.11	6559
13505	RRP9	ENSG00000114767.9	ENST00000232888.7	1542
13506	RRS1	ENSG00000179041.4	ENST00000320270.4	1720
13507	RS1	ENSG00000102104.9	ENST00000379984.4	3031
13508	RSAD1	ENSG00000136444.12	ENST00000258955.7	2467
13509	RSAD2	ENSG00000134321.14	ENST00000382040.4	3407
13510	RSBN1	ENSG00000081019.16	ENST00000261441.9	6621
13511	RSBN1L	ENSG00000187257.18	ENST00000334955.13	6406
13512	RSC1A1	ENSG00000215695.2	ENST00000345034.2	2321
13513	RSF1	ENSG00000048649.15	ENST00000308488.11	11242
13514	CPLANE2	ENSG00000132881.14	ENST00000375599.8	1574
13515	RSL1D1	ENSG00000171490.15	ENST00000571133.6	5440
13516	RSL24D1	ENSG00000137876.13	ENST00000260443.9	1889
13517	RSPH1	ENSG00000160188.12	ENST00000291536.8	1300
13518	RSPH3	ENSG00000130363.16	ENST00000367069.7	6576
13519	RSPH4A	ENSG00000111834.14	ENST00000229554.10	2840
13520	RSPH6A	ENSG00000104941.8	ENST00000221538.8	2442
13521	RSPH9	ENSG00000172426.18	ENST00000372163.5	2545
13522	RSPO1	ENSG00000169218.16	ENST00000356545.7	2879
13523	RSPO2	ENSG00000147655.14	ENST00000276659.10	3084
13524	RSPO3	ENSG00000146374.16	ENST00000356698.9	4815
13525	RSPO4	ENSG00000101282.11	ENST00000217260.9	2757
13526	RSPRY1	ENSG00000159579.16	ENST00000394420.9	3503
13527	RSRC1	ENSG00000174891.16	ENST00000611884.5	2597
13528	RSRC2	ENSG00000111011.20	ENST00000331738.12	3461
13529	RSU1	ENSG00000148484.20	ENST00000345264.10	3730
13530	RTBDN	ENSG00000132026.17	ENST00000674343.2	1023
13531	RTCA	ENSG00000137996.15	ENST00000370128.9	2526
13532	RTCB	ENSG00000100220.14	ENST00000216038.6	2019
13533	RSPH14	ENSG00000100218.13	ENST00000216036.9	1188
13534	RTEL1	ENSG00000258366.14	ENST00000360203.11	4615
13535	RTEL1-TNFRSF6B	ENSG00000026036.23	ENST00000492259.6	4824
13536	RTF1	ENSG00000137815.17	ENST00000389629.9	5030
13537	RTF2	ENSG00000022277.15	ENST00000357348.10	2176
13538	RTKN	ENSG00000114993.18	ENST00000272430.10	2221
13539	RTKN2	ENSG00000182010.13	ENST00000373789.8	6886
13540	RTL1	ENSG00000254656.3	ENST00000649591.1	5398
13541	RTN1	ENSG00000139970.20	ENST00000267484.10	3239
13542	RTN2	ENSG00000125744.14	ENST00000245923.9	2274
13543	RTN3	ENSG00000133318.16	ENST00000377819.10	4917
13544	RTN4	ENSG00000115310.21	ENST00000337526.11	4697
13545	RTN4IP1	ENSG00000130347.15	ENST00000369063.8	2893
13546	RTN4R	ENSG00000040608.15	ENST00000043402.8	1944
13547	RTN4RL1	ENSG00000185924.8	ENST00000331238.7	3614
13548	RTN4RL2	ENSG00000186907.9	ENST00000335099.8	2224
13549	RTP1	ENSG00000175077.7	ENST00000312295.5	2214
13550	RTP2	ENSG00000198471.2	ENST00000358241.1	1346
13551	RTP3	ENSG00000163825.6	ENST00000296142.4	837
13552	RTP4	ENSG00000136514.4	ENST00000259030.3	1501
13553	RTTN	ENSG00000176225.17	ENST00000640769.2	7830
13554	RUFY1	ENSG00000176783.17	ENST00000319449.9	2636
13555	RUFY2	ENSG00000204130.16	ENST00000602465.6	4269
13556	RUFY3	ENSG00000018189.15	ENST00000381006.8	4433
13557	RUFY4	ENSG00000188282.14	ENST00000697321.1	2526
13558	RUNDC1	ENSG00000198863.10	ENST00000361677.6	5280
13559	RUNDC3A	ENSG00000108309.16	ENST00000426726.8	2005
13560	RUNDC3B	ENSG00000105784.18	ENST00000394654.4	4063
13561	RUNX1	ENSG00000159216.22	ENST00000675419.1	5971
13562	RUNX1T1	ENSG00000079102.20	ENST00000523629.7	7699
13563	RUNX2	ENSG00000124813.25	ENST00000647337.2	5540
13564	RUNX3	ENSG00000020633.20	ENST00000308873.11	4267
13565	RUSC1	ENSG00000160753.19	ENST00000368352.10	3436
13566	RUSC2	ENSG00000198853.14	ENST00000361226.8	5218
13567	RUVBL1	ENSG00000175792.14	ENST00000322623.10	1899
13568	RUVBL2	ENSG00000183207.17	ENST00000595090.6	1545
13569	RWDD1	ENSG00000111832.14	ENST00000466444.7	5385
13570	RWDD2A	ENSG00000013392.10	ENST00000369724.5	3769
13571	RWDD2B	ENSG00000156253.9	ENST00000493196.2	3065
13572	RWDD3	ENSG00000122481.19	ENST00000370202.5	1180
13573	RWDD4	ENSG00000182552.16	ENST00000326397.10	2601
13574	RXFP1	ENSG00000171509.18	ENST00000307765.10	3686
13575	RXFP2	ENSG00000133105.9	ENST00000298386.7	3336
13576	RXFP3	ENSG00000182631.7	ENST00000330120.5	2533
13577	RXFP4	ENSG00000173080.6	ENST00000368318.5	1450
13578	RXRA	ENSG00000186350.13	ENST00000481739.2	5537
13579	RXRB	ENSG00000204231.13	ENST00000374680.4	2885
13580	RXRG	ENSG00000143171.15	ENST00000359842.10	1966
13581	RYBP	ENSG00000163602.12	ENST00000477973.5	7215
13582	RYK	ENSG00000163785.16	ENST00000623711.4	3049
13583	RYR1	ENSG00000196218.15	ENST00000359596.8	15400
13584	RYR2	ENSG00000198626.19	ENST00000366574.7	16583
13585	RYR3	ENSG00000198838.16	ENST00000634891.2	15568
13586	S100A1	ENSG00000160678.14	ENST00000292169.6	559
13587	S100A10	ENSG00000197747.11	ENST00000368811.8	671
13588	S100A11	ENSG00000163191.8	ENST00000271638.3	563
13589	S100A12	ENSG00000163221.10	ENST00000368737.5	485
13590	S100A13	ENSG00000189171.18	ENST00000476133.6	477
13591	S100A14	ENSG00000189334.11	ENST00000344616.4	1054
13592	S100A16	ENSG00000188643.13	ENST00000368706.9	1172
13593	S100A2	ENSG00000196754.15	ENST00000368708.9	977
13594	S100A3	ENSG00000188015.12	ENST00000368713.8	742
13595	S100A4	ENSG00000196154.14	ENST00000368716.9	513
13596	S100A5	ENSG00000196420.10	ENST00000368717.3	756
13597	S100A6	ENSG00000197956.12	ENST00000368719.9	434
13598	S100A7	ENSG00000143556.11	ENST00000368723.4	429
13599	S100A7A	ENSG00000184330.12	ENST00000368729.9	4280
13600	S100A7L2	ENSG00000197364.8	ENST00000368725.4	306
13601	S100A8	ENSG00000143546.12	ENST00000368733.4	408
13602	S100A9	ENSG00000163220.13	ENST00000368738.4	573
13603	S100B	ENSG00000160307.12	ENST00000291700.9	1109
13604	S100G	ENSG00000169906.5	ENST00000380200.3	455
13605	S100P	ENSG00000163993.8	ENST00000296370.4	471
13606	S100PBP	ENSG00000116497.20	ENST00000373475.10	4220
13607	S100Z	ENSG00000171643.16	ENST00000317593.9	1553
13608	S1PR1	ENSG00000170989.12	ENST00000305352.7	2778
13609	S1PR2	ENSG00000267534.4	ENST00000646641.1	3643
13610	S1PR3	ENSG00000213694.9	ENST00000358157.3	4330
13611	S1PR4	ENSG00000125910.6	ENST00000246115.5	1564
13612	S1PR5	ENSG00000180739.16	ENST00000333430.6	2338
13613	SAA1	ENSG00000173432.14	ENST00000356524.9	518
13614	SAA2	ENSG00000134339.11	ENST00000256733.9	576
13615	SAA4	ENSG00000148965.12	ENST00000278222.7	630
13616	SAAL1	ENSG00000166788.12	ENST00000524803.6	1573
13617	SAC3D1	ENSG00000168061.18	ENST00000652489.1	1261
13618	SACM1L	ENSG00000211456.16	ENST00000389061.10	3574
13619	SACS	ENSG00000151835.18	ENST00000382292.9	15635
13620	SAE1	ENSG00000142230.15	ENST00000270225.12	2522
13621	SAFB	ENSG00000160633.15	ENST00000588852.2	3064
13622	SAFB2	ENSG00000130254.15	ENST00000252542.9	3167
13623	SAG	ENSG00000130561.17	ENST00000409110.6	1596
13624	SAGE1	ENSG00000181433.12	ENST00000370709.4	2946
13625	SALL1	ENSG00000103449.15	ENST00000251020.9	5134
13626	SALL2	ENSG00000165821.13	ENST00000537235.2	4861
13627	SALL3	ENSG00000256463.12	ENST00000537592.7	6007
13628	SALL4	ENSG00000101115.14	ENST00000217086.9	5209
13629	SAMD1	ENSG00000141858.13	ENST00000533683.8	3365
13630	SAMD10	ENSG00000130590.15	ENST00000369886.8	2178
13631	SAMD11	ENSG00000187634.15	ENST00000616016.5	3465
13632	SAMD12	ENSG00000177570.17	ENST00000314727.9	2186
13633	SAMD13	ENSG00000203943.10	ENST00000394834.8	1459
13634	SAMD14	ENSG00000167100.17	ENST00000330175.9	4763
13635	SAMD15	ENSG00000100583.6	ENST00000216471.5	2984
13636	SAMD3	ENSG00000164483.18	ENST00000439090.7	2093
13637	SAMD4A	ENSG00000020577.16	ENST00000554335.6	7157
13638	SAMD4B	ENSG00000179134.18	ENST00000610417.5	4680
13639	SAMD5	ENSG00000203727.5	ENST00000367474.2	6326
13640	SAMD7	ENSG00000187033.9	ENST00000335556.7	2376
13641	SAMD8	ENSG00000156671.17	ENST00000542569.6	6761
13642	SAMD9	ENSG00000205413.9	ENST00000379958.3	6806
13643	SAMD9L	ENSG00000177409.14	ENST00000318238.9	7150
13644	SAMHD1	ENSG00000101347.13	ENST00000646673.2	4649
13645	SAMM50	ENSG00000100347.17	ENST00000350028.5	1692
13646	SAMSN1	ENSG00000155307.21	ENST00000400566.6	1860
13647	SAP130	ENSG00000136715.21	ENST00000643581.2	4084
13648	SAP18	ENSG00000150459.15	ENST00000382533.9	2708
13649	SAP30	ENSG00000164105.6	ENST00000296504.4	1097
13650	SAP30BP	ENSG00000161526.17	ENST00000584667.6	2500
13651	SAP30L	ENSG00000164576.14	ENST00000297109.11	6185
13652	SAPCD1	ENSG00000228727.12	ENST00000415669.4	1255
13653	SAPCD2	ENSG00000186193.11	ENST00000409687.5	3814
13654	SAR1A	ENSG00000079332.18	ENST00000373241.9	5902
13655	SAR1B	ENSG00000152700.16	ENST00000402673.7	6517
13656	SARDH	ENSG00000123453.21	ENST00000439388.6	3215
13657	SARM1	ENSG00000004139.16	ENST00000585482.6	10277
13658	SARNP	ENSG00000205323.11	ENST00000336133.8	898
13659	SARS1	ENSG00000031698.15	ENST00000234677.7	1914
13660	SARS2	ENSG00000104835.17	ENST00000221431.11	1924
13661	SART1	ENSG00000175467.17	ENST00000312397.10	3557
13662	SART3	ENSG00000075856.14	ENST00000546815.6	4154
13663	SASH1	ENSG00000111961.21	ENST00000367467.8	7460
13664	SASH3	ENSG00000122122.11	ENST00000356892.4	2661
13665	SASS6	ENSG00000156876.11	ENST00000287482.6	3848
13666	SAT1	ENSG00000130066.18	ENST00000379270.5	1049
13667	SAT2	ENSG00000141504.14	ENST00000269298.10	912
13668	SATB1	ENSG00000182568.20	ENST00000338745.11	7822
13669	SATB2	ENSG00000119042.20	ENST00000417098.6	5568
13670	SATL1	ENSG00000184788.16	ENST00000644105.2	2821
13671	SAV1	ENSG00000151748.17	ENST00000324679.5	3094
13672	SAYSD1	ENSG00000112167.12	ENST00000229903.5	2018
13673	SBDS	ENSG00000126524.14	ENST00000246868.7	1613
13674	SBF1	ENSG00000100241.24	ENST00000380817.8	8019
13675	SBF2	ENSG00000133812.20	ENST00000256190.13	7450
13676	SBK1	ENSG00000188322.9	ENST00000341901.5	4986
13677	SBK2	ENSG00000187550.11	ENST00000413299.6	2251
13678	SBNO1	ENSG00000139697.16	ENST00000602398.3	11128
13679	SBNO2	ENSG00000064932.18	ENST00000361757.8	4906
13680	SBSN	ENSG00000189001.11	ENST00000452271.7	1946
13681	SBSPON	ENSG00000164764.13	ENST00000297354.7	3698
13682	SC5D	ENSG00000109929.12	ENST00000264027.9	6854
13683	SCAF1	ENSG00000126461.17	ENST00000360565.8	4222
13684	SCAF11	ENSG00000139218.20	ENST00000369367.8	7552
13685	SCAF4	ENSG00000156304.17	ENST00000286835.12	4269
13686	SCAF8	ENSG00000213079.12	ENST00000367178.8	5127
13687	SCAI	ENSG00000173611.20	ENST00000336505.11	12111
13688	SCAMP1	ENSG00000085365.20	ENST00000621999.5	6143
13689	SCAMP2	ENSG00000140497.18	ENST00000268099.13	2453
13690	SCAMP3	ENSG00000116521.14	ENST00000302631.8	1545
13691	SCAMP4	ENSG00000227500.13	ENST00000316097.13	2501
13692	SCAMP5	ENSG00000198794.14	ENST00000425597.8	3379
13693	SCAND1	ENSG00000171222.13	ENST00000305978.7	771
13694	SCAND3	ENSG00000232040.6	ENST00000452236.3	5935
13695	SCAP	ENSG00000114650.23	ENST00000265565.10	4254
13696	SCAPER	ENSG00000140386.15	ENST00000563290.6	5033
13697	SCARA3	ENSG00000168077.16	ENST00000301904.4	3787
13698	SCARA5	ENSG00000168079.19	ENST00000354914.8	3971
13699	SCARB1	ENSG00000073060.19	ENST00000261693.11	3405
13700	SCARB2	ENSG00000138760.13	ENST00000264896.8	4694
13701	SCARF1	ENSG00000074660.19	ENST00000263071.9	3428
13702	SCARF2	ENSG00000244486.11	ENST00000622235.5	3463
13703	SCCPDH	ENSG00000143653.12	ENST00000366510.4	2141
13704	SCD	ENSG00000099194.8	ENST00000370355.3	5245
13705	SCD5	ENSG00000145284.13	ENST00000319540.9	3040
13706	SCEL	ENSG00000136155.19	ENST00000349847.4	3194
13707	SCFD1	ENSG00000092108.24	ENST00000458591.7	2190
13708	SCFD2	ENSG00000184178.19	ENST00000401642.8	3162
13709	SCG2	ENSG00000171951.6	ENST00000305409.3	2434
13710	SCG3	ENSG00000104112.11	ENST00000220478.8	3160
13711	SCG5	ENSG00000166922.11	ENST00000300175.9	1198
13712	SCGB1A1	ENSG00000149021.9	ENST00000278282.3	443
13713	SCGB1C1	ENSG00000188076.3	ENST00000342878.3	435
13714	SCGB1D1	ENSG00000168515.3	ENST00000306238.3	453
13715	SCGB1D2	ENSG00000124935.5	ENST00000244926.4	455
13716	SCGB1D4	ENSG00000197745.3	ENST00000358585.3	446
13717	SCGB2A1	ENSG00000124939.7	ENST00000244930.6	520
13718	SCGB2A2	ENSG00000110484.7	ENST00000227918.3	506
13719	SCGB2B2	ENSG00000205209.8	ENST00000601241.6	6763
13720	SCGB3A1	ENSG00000161055.6	ENST00000292641.4	478
13721	SCGB3A2	ENSG00000164265.11	ENST00000296694.5	516
13722	SCGN	ENSG00000079689.17	ENST00000377961.3	1468
13723	SCHIP1	ENSG00000151967.20	ENST00000638749.2	2626
13724	SCIMP	ENSG00000161929.16	ENST00000574081.6	2424
13725	SCIN	ENSG00000006747.17	ENST00000297029.10	9682
13726	SCLT1	ENSG00000151466.14	ENST00000281142.10	2987
13727	SCLY	ENSG00000132330.20	ENST00000254663.12	2450
13728	SCMH1	ENSG00000010803.20	ENST00000695335.1	3370
13729	SCML1	ENSG00000047634.17	ENST00000380041.8	2887
13730	SCML2	ENSG00000102098.21	ENST00000251900.9	4162
13731	SCML4	ENSG00000146285.17	ENST00000369020.8	4538
13732	SCN10A	ENSG00000185313.10	ENST00000449082.3	6626
13733	SCN11A	ENSG00000168356.14	ENST00000302328.9	6793
13734	SCN1A	ENSG00000144285.24	ENST00000674923.1	11940
13735	SCN1B	ENSG00000105711.16	ENST00000262631.11	1666
13736	SCN2A	ENSG00000136531.20	ENST00000375437.7	8776
13737	SCN2B	ENSG00000149575.10	ENST00000278947.6	4937
13738	SCN3A	ENSG00000153253.21	ENST00000283254.12	9102
13739	SCN3B	ENSG00000166257.12	ENST00000299333.8	5683
13740	SCN4A	ENSG00000007314.12	ENST00000435607.3	7805
13741	SCN4B	ENSG00000177098.10	ENST00000324727.9	4487
13742	SCN5A	ENSG00000183873.22	ENST00000423572.7	8516
13743	SCN7A	ENSG00000136546.19	ENST00000643258.1	7465
13744	SCN8A	ENSG00000196876.19	ENST00000627620.5	11559
13745	SCN9A	ENSG00000169432.20	ENST00000642356.2	9752
13746	SCNM1	ENSG00000163156.14	ENST00000368905.9	1913
13747	SCNN1A	ENSG00000111319.15	ENST00000228916.7	3149
13748	SCNN1B	ENSG00000168447.13	ENST00000343070.7	2560
13749	SCNN1D	ENSG00000162572.22	ENST00000379116.10	3050
13750	SCNN1G	ENSG00000166828.5	ENST00000300061.3	3477
13751	SCO1	ENSG00000133028.14	ENST00000255390.10	9577
13752	SCO2	ENSG00000284194.5	ENST00000395693.8	984
13753	SCOC	ENSG00000153130.20	ENST00000608372.6	4995
13754	SCP2	ENSG00000116171.21	ENST00000371514.8	2759
13755	SCP2D1	ENSG00000132631.6	ENST00000377428.4	596
13756	SCPEP1	ENSG00000121064.15	ENST00000262288.8	1921
13757	SCRG1	ENSG00000164106.10	ENST00000296506.8	4000
13758	SCRIB	ENSG00000180900.22	ENST00000356994.7	5607
13759	SCRN1	ENSG00000136193.19	ENST00000242059.10	5254
13760	SCRN2	ENSG00000141295.16	ENST00000290216.14	1496
13761	SCRN3	ENSG00000144306.17	ENST00000272732.11	3052
13762	SCRT1	ENSG00000261678.4	ENST00000569446.3	3980
13763	SCRT2	ENSG00000215397.4	ENST00000246104.7	3200
13764	SCT	ENSG00000070031.5	ENST00000176195.4	526
13765	SCTR	ENSG00000080293.12	ENST00000019103.8	1854
13766	SCUBE1	ENSG00000159307.22	ENST00000360835.9	9795
13767	SCUBE2	ENSG00000175356.16	ENST00000649792.2	4727
13768	SCUBE3	ENSG00000146197.11	ENST00000274938.8	7819
13769	SCYL1	ENSG00000142186.20	ENST00000270176.10	2636
13770	SCYL2	ENSG00000136021.21	ENST00000360820.7	5977
13771	SCYL3	ENSG00000000457.16	ENST00000367771.11	6308
13772	SDAD1	ENSG00000198301.14	ENST00000356260.10	3003
13773	SDC1	ENSG00000115884.13	ENST00000254351.9	3165
13774	SDC2	ENSG00000169439.14	ENST00000302190.9	3307
13775	SDC3	ENSG00000162512.18	ENST00000339394.7	5246
13776	SDC4	ENSG00000124145.8	ENST00000372733.3	2613
13777	SDCBP	ENSG00000137575.14	ENST00000260130.9	2073
13778	SDCBP2	ENSG00000125775.17	ENST00000360779.4	1485
13779	ENTR1	ENSG00000165689.19	ENST00000357365.8	2391
13780	SDCCAG8	ENSG00000054282.18	ENST00000366541.8	2581
13781	SDE2	ENSG00000143751.12	ENST00000272091.8	3987
13782	SDF2	ENSG00000132581.12	ENST00000247020.9	1309
13783	SDF2L1	ENSG00000128228.7	ENST00000248958.5	825
13784	SDF4	ENSG00000078808.22	ENST00000360001.12	1933
13785	SDHA	ENSG00000073578.20	ENST00000264932.11	2693
13786	SDHAF1	ENSG00000205138.4	ENST00000378887.4	1125
13787	SDHAF2	ENSG00000167985.10	ENST00000301761.7	1186
13788	SDHB	ENSG00000117118.14	ENST00000375499.8	1015
13789	SDHC	ENSG00000143252.19	ENST00000367975.7	1308
13790	SDHD	ENSG00000204370.16	ENST00000375549.8	1339
13791	SDK1	ENSG00000146555.20	ENST00000404826.7	10593
13792	SDK2	ENSG00000069188.18	ENST00000392650.8	11079
13793	CAVIN2	ENSG00000168497.7	ENST00000304141.5	3054
13794	SDR16C5	ENSG00000170786.15	ENST00000303749.8	2536
13795	SDR39U1	ENSG00000100445.20	ENST00000399395.8	1206
13796	SDR42E1	ENSG00000184860.12	ENST00000328945.7	11548
13797	SDR9C7	ENSG00000170426.2	ENST00000293502.2	1789
13798	SDS	ENSG00000135094.13	ENST00000257549.9	1605
13799	SDSL	ENSG00000139410.17	ENST00000403593.9	1306
13800	SEC11A	ENSG00000140612.16	ENST00000268220.12	1079
13801	SEC11C	ENSG00000166562.12	ENST00000587834.6	791
13802	SEC13	ENSG00000157020.20	ENST00000350697.8	1359
13803	SEC14L1	ENSG00000129657.18	ENST00000436233.9	5500
13804	SEC14L2	ENSG00000100003.18	ENST00000615189.5	4207
13805	SEC14L3	ENSG00000100012.14	ENST00000215812.9	2054
13806	SEC14L4	ENSG00000133488.17	ENST00000255858.12	2510
13807	SEC14L5	ENSG00000103184.14	ENST00000251170.12	6445
13808	SEC14L6	ENSG00000214491.9	ENST00000402034.7	3451
13809	SEC16A	ENSG00000148396.21	ENST00000684901.1	9018
13810	SEC16B	ENSG00000120341.21	ENST00000308284.11	4486
13811	SEC22A	ENSG00000121542.14	ENST00000492595.6	3401
13812	SEC22C	ENSG00000093183.16	ENST00000264454.8	6340
13813	SEC23A	ENSG00000100934.17	ENST00000307712.11	3843
13814	SEC23B	ENSG00000101310.19	ENST00000650089.1	3026
13815	SEC23IP	ENSG00000107651.17	ENST00000369075.8	7148
13816	SEC24A	ENSG00000113615.15	ENST00000398844.7	6389
13817	SEC24B	ENSG00000138802.13	ENST00000265175.5	5083
13818	SEC24C	ENSG00000176986.18	ENST00000345254.9	4445
13819	SEC24D	ENSG00000150961.17	ENST00000280551.11	4018
13820	SEC31A	ENSG00000138674.19	ENST00000395310.7	4298
13821	SEC31B	ENSG00000075826.19	ENST00000370345.8	4634
13822	SEC61A1	ENSG00000058262.13	ENST00000243253.8	3568
13823	SEC61A2	ENSG00000065665.23	ENST00000298428.14	2495
13824	SEC61B	ENSG00000106803.12	ENST00000223641.5	564
13825	SEC61G	ENSG00000132432.16	ENST00000352861.9	425
13826	SEC62	ENSG00000008952.19	ENST00000337002.9	6526
13827	SEC63	ENSG00000025796.16	ENST00000369002.9	6430
13828	SECISBP2	ENSG00000187742.17	ENST00000375807.8	3481
13829	SECISBP2L	ENSG00000138593.11	ENST00000559471.6	7059
13830	SECTM1	ENSG00000141574.10	ENST00000269389.8	2003
13831	SEH1L	ENSG00000085415.18	ENST00000399892.7	1851
13832	SEL1L	ENSG00000071537.16	ENST00000336735.9	7919
13833	SEL1L2	ENSG00000101251.14	ENST00000284951.10	2385
13834	SEL1L3	ENSG00000091490.13	ENST00000399878.8	4543
13835	SELE	ENSG00000007908.16	ENST00000333360.12	3875
13836	SELENBP1	ENSG00000143416.23	ENST00000368868.10	1722
13837	SELENOK	ENSG00000113811.13	ENST00000495461.6	1497
13838	SELL	ENSG00000188404.12	ENST00000236147.6	2358
13839	SELENOM	ENSG00000198832.12	ENST00000400299.6	694
13840	SELENOO	ENSG00000073169.16	ENST00000380903.7	2283
13841	SELP	ENSG00000174175.19	ENST00000263686.11	3157
13842	SELPLG	ENSG00000110876.13	ENST00000550948.2	2573
13843	COA7	ENSG00000162377.8	ENST00000371538.5	3988
13844	SELENOT	ENSG00000198843.15	ENST00000471696.6	3437
13845	SELENOV	ENSG00000186838.15	ENST00000335426.9	1667
13846	SEMA3A	ENSG00000075213.13	ENST00000265362.9	8113
13847	SEMA3C	ENSG00000075223.16	ENST00000265361.8	4874
13848	SEMA3D	ENSG00000153993.16	ENST00000284136.11	6772
13849	SEMA3E	ENSG00000170381.17	ENST00000643230.2	7273
13850	SEMA3F	ENSG00000001617.14	ENST00000002829.8	3607
13851	SEMA3G	ENSG00000010319.9	ENST00000231721.7	4993
13852	SEMA4A	ENSG00000196189.16	ENST00000368285.8	3242
13853	SEMA4B	ENSG00000185033.17	ENST00000411539.7	3780
13854	SEMA4C	ENSG00000168758.13	ENST00000305476.10	3652
13855	SEMA4D	ENSG00000187764.14	ENST00000422704.7	4562
13856	SEMA4F	ENSG00000135622.16	ENST00000357877.7	6075
13857	SEMA4G	ENSG00000095539.18	ENST00000210633.4	4489
13858	SEMA5A	ENSG00000112902.14	ENST00000382496.10	11755
13859	SEMA5B	ENSG00000082684.18	ENST00000357599.8	4855
13860	SEMA6A	ENSG00000092421.19	ENST00000343348.11	6828
13861	SEMA6B	ENSG00000167680.20	ENST00000586582.6	3862
13862	SEMA6C	ENSG00000143434.19	ENST00000368914.8	3873
13863	SEMA6D	ENSG00000137872.19	ENST00000536845.7	5907
13864	SEMA7A	ENSG00000138623.11	ENST00000261918.9	3376
13865	SEMG1	ENSG00000124233.14	ENST00000372781.4	1622
13866	SEMG2	ENSG00000124157.8	ENST00000372769.4	1978
13867	SENP1	ENSG00000079387.17	ENST00000549518.6	4456
13868	SENP2	ENSG00000163904.15	ENST00000296257.10	5596
13869	SENP3	ENSG00000161956.16	ENST00000321337.12	2567
13870	SENP5	ENSG00000119231.13	ENST00000323460.10	6244
13871	SENP6	ENSG00000112701.20	ENST00000447266.7	6671
13872	SENP7	ENSG00000138468.18	ENST00000394095.7	4973
13873	SENP8	ENSG00000166192.17	ENST00000340912.6	4178
13874	SELENOF	ENSG00000183291.19	ENST00000331835.10	1542
13875	SEPHS1	ENSG00000086475.17	ENST00000327347.10	3265
13876	SEPHS2	ENSG00000179918.19	ENST00000478753.5	2244
13877	SELENON	ENSG00000162430.19	ENST00000374315.1	4212
13878	SELENOP	ENSG00000250722.7	ENST00000514985.6	2056
13879	SEPSECS	ENSG00000109618.15	ENST00000382103.7	5503
13880	SEPTIN1	ENSG00000180096.14	ENST00000321367.8	1437
13881	SEPTIN10	ENSG00000186522.17	ENST00000397712.7	3014
13882	SEPTIN11	ENSG00000138758.14	ENST00000264893.11	5545
13883	SEPTIN12	ENSG00000140623.15	ENST00000268231.13	1356
13884	SEPTIN14	ENSG00000154997.9	ENST00000388975.4	3752
13885	SEPTIN2	ENSG00000168385.20	ENST00000391971.7	3251
13886	SEPTIN3	ENSG00000100167.21	ENST00000644076.2	4079
13887	SEPTIN5	ENSG00000184702.22	ENST00000455784.7	2031
13888	SEPTIN6	ENSG00000125354.26	ENST00000394610.7	4495
13889	SEPTIN7	ENSG00000122545.23	ENST00000350320.11	4284
13890	SEPTIN8	ENSG00000164402.16	ENST00000378719.7	2751
13891	SEPTIN9	ENSG00000184640.22	ENST00000427177.6	3733
13892	SELENOW	ENSG00000178980.17	ENST00000601048.6	758
13893	SERAC1	ENSG00000122335.19	ENST00000647468.2	3936
13894	SERBP1	ENSG00000142864.17	ENST00000361219.11	6681
13895	SERF2	ENSG00000140264.24	ENST00000249786.9	2543
13896	SERGEF	ENSG00000129158.13	ENST00000265965.10	1451
13897	SERHL2	ENSG00000183569.20	ENST00000327678.10	1337
13898	SERINC1	ENSG00000111897.9	ENST00000339697.5	3125
13899	SERINC2	ENSG00000168528.14	ENST00000373709.8	1900
13900	SERINC3	ENSG00000132824.16	ENST00000342374.5	4396
13901	SERINC4	ENSG00000184716.15	ENST00000319327.7	2629
13902	SERINC5	ENSG00000164300.20	ENST00000507668.7	6448
13903	SERP1	ENSG00000120742.13	ENST00000239944.7	3022
13904	SERP2	ENSG00000151778.13	ENST00000379179.8	802
13905	SERPINA1	ENSG00000197249.16	ENST00000393087.9	3006
13906	SERPINA10	ENSG00000140093.12	ENST00000261994.9	4970
13907	SERPINA11	ENSG00000186910.7	ENST00000334708.4	1486
13908	SERPINA12	ENSG00000165953.12	ENST00000677451.1	1430
13909	SERPINA3	ENSG00000196136.20	ENST00000393078.5	1576
13910	SERPINA4	ENSG00000100665.14	ENST00000557004.6	1665
13911	SERPINA5	ENSG00000188488.16	ENST00000329597.12	2278
13912	SERPINA6	ENSG00000170099.8	ENST00000341584.4	1477
13913	SERPINA7	ENSG00000123561.17	ENST00000372563.2	2360
13914	SERPINA9	ENSG00000170054.18	ENST00000674397.2	1705
13915	SERPINB1	ENSG00000021355.15	ENST00000380739.6	2476
13916	SERPINB10	ENSG00000242550.7	ENST00000238508.8	2155
13917	SERPINB11	ENSG00000206072.13	ENST00000544088.6	1735
13918	SERPINB12	ENSG00000166634.7	ENST00000382768.2	3738
13919	SERPINB13	ENSG00000197641.13	ENST00000344731.10	3130
13920	SERPINB2	ENSG00000197632.11	ENST00000299502.9	1906
13921	SERPINB3	ENSG00000057149.18	ENST00000283752.10	1707
13922	SERPINB4	ENSG00000206073.12	ENST00000341074.10	1707
13923	SERPINB5	ENSG00000206075.16	ENST00000382771.9	2586
13924	SERPINB6	ENSG00000124570.23	ENST00000380539.7	1315
13925	SERPINB7	ENSG00000166396.15	ENST00000398019.7	2195
13926	SERPINB8	ENSG00000166401.17	ENST00000397985.7	3321
13927	SERPINB9	ENSG00000170542.9	ENST00000380698.5	4143
13928	SERPINC1	ENSG00000117601.17	ENST00000367698.4	1552
13929	SERPIND1	ENSG00000099937.13	ENST00000215727.10	2203
13930	SERPINE1	ENSG00000106366.11	ENST00000223095.5	3156
13931	SERPINE2	ENSG00000135919.16	ENST00000409304.6	2226
13932	SERPINE3	ENSG00000253309.8	ENST00000681248.1	1816
13933	SERPINF1	ENSG00000132386.13	ENST00000254722.9	1438
13934	SERPINF2	ENSG00000167711.16	ENST00000453066.6	2249
13935	SERPING1	ENSG00000149131.19	ENST00000278407.9	1830
13936	SERPINH1	ENSG00000149257.18	ENST00000358171.8	2058
13937	SERPINI1	ENSG00000163536.15	ENST00000446050.7	1600
13938	SERPINI2	ENSG00000114204.17	ENST00000264677.9	1444
13939	SERTAD1	ENSG00000197019.7	ENST00000357949.5	2084
13940	SERTAD2	ENSG00000179833.6	ENST00000313349.3	5549
13941	SERTAD3	ENSG00000167565.16	ENST00000322354.4	1364
13942	SERTAD4	ENSG00000082497.14	ENST00000367012.4	5222
13943	SERTM1	ENSG00000180440.6	ENST00000315190.4	3099
13944	SESN1	ENSG00000080546.16	ENST00000436639.7	5664
13945	SESN2	ENSG00000130766.7	ENST00000253063.4	3462
13946	SESN3	ENSG00000149212.13	ENST00000536441.7	9563
13947	SESTD1	ENSG00000187231.16	ENST00000428443.8	10671
13948	SET	ENSG00000119335.20	ENST00000322030.13	2927
13949	SETBP1	ENSG00000152217.22	ENST00000649279.2	9909
13950	SETD1A	ENSG00000099381.21	ENST00000262519.14	5991
13951	SETD1B	ENSG00000139718.13	ENST00000604567.6	8557
13952	SETD2	ENSG00000181555.24	ENST00000409792.4	8541
13953	SETD3	ENSG00000183576.15	ENST00000331768.10	2856
13954	SETD4	ENSG00000185917.16	ENST00000332131.9	2991
13955	SETD5	ENSG00000168137.22	ENST00000402198.7	6931
13956	SETD6	ENSG00000103037.14	ENST00000219315.9	6256
13957	SETD7	ENSG00000145391.17	ENST00000274031.8	6808
13958	KMT5A	ENSG00000183955.15	ENST00000402868.8	2776
13959	SETD9	ENSG00000155542.14	ENST00000285947.5	1396
13960	SETDB1	ENSG00000143379.15	ENST00000692827.1	4418
13961	SETDB2	ENSG00000136169.19	ENST00000611815.2	6203
13962	SETMAR	ENSG00000170364.15	ENST00000358065.5	2076
13963	SETX	ENSG00000107290.16	ENST00000224140.6	11101
13964	SEZ6	ENSG00000063015.22	ENST00000317338.17	4206
13965	SEZ6L	ENSG00000100095.21	ENST00000248933.11	6584
13966	SEZ6L2	ENSG00000174938.17	ENST00000617533.5	3843
13967	SF1	ENSG00000168066.24	ENST00000377390.8	3282
13968	SF3A1	ENSG00000099995.21	ENST00000215793.13	5090
13969	SF3A2	ENSG00000104897.12	ENST00000221494.10	1619
13970	SF3A3	ENSG00000183431.14	ENST00000373019.5	2774
13971	SF3B1	ENSG00000115524.19	ENST00000335508.11	6463
13972	SF3B2	ENSG00000087365.18	ENST00000322535.11	3272
13973	SF3B3	ENSG00000189091.15	ENST00000302516.10	9692
13974	SF3B4	ENSG00000143368.12	ENST00000271628.9	1544
13975	SF3B5	ENSG00000169976.7	ENST00000367569.4	690
13976	SFI1	ENSG00000198089.18	ENST00000400288.7	4031
13977	SFMBT1	ENSG00000163935.16	ENST00000394752.8	4553
13978	SFMBT2	ENSG00000198879.14	ENST00000397167.6	8056
13979	SFN	ENSG00000175793.12	ENST00000339276.6	1308
13980	SFPQ	ENSG00000116560.13	ENST00000357214.6	3740
13981	SFR1	ENSG00000156384.16	ENST00000369727.4	1430
13982	SFRP1	ENSG00000104332.14	ENST00000220772.8	4464
13983	SFRP2	ENSG00000145423.7	ENST00000274063.5	1996
13984	SFRP4	ENSG00000106483.14	ENST00000436072.7	2868
13985	SFRP5	ENSG00000120057.6	ENST00000266066.4	1883
13986	SFSWAP	ENSG00000061936.12	ENST00000261674.9	3246
13987	SFT2D1	ENSG00000198818.12	ENST00000361731.4	1033
13988	SFT2D2	ENSG00000213064.12	ENST00000271375.7	11040
13989	SFTA2	ENSG00000196260.6	ENST00000359086.4	446
13990	SFTA3	ENSG00000257520.2	ENST00000546983.2	1664
13991	SFTPA1	ENSG00000122852.17	ENST00000398636.8	2215
13992	SFTPA2	ENSG00000185303.19	ENST00000372325.7	2201
13993	SFTPB	ENSG00000168878.21	ENST00000519937.7	3550
13994	SFTPC	ENSG00000168484.15	ENST00000679463.1	839
13995	SFTPD	ENSG00000133661.19	ENST00000372292.8	1283
13996	SFXN1	ENSG00000164466.15	ENST00000321442.10	4066
13997	SFXN2	ENSG00000156398.15	ENST00000369893.10	6770
13998	SFXN3	ENSG00000107819.17	ENST00000393459.6	3095
13999	SFXN4	ENSG00000183605.19	ENST00000355697.7	1556
14000	SFXN5	ENSG00000144040.15	ENST00000272433.7	4016
14001	SGCA	ENSG00000108823.19	ENST00000262018.8	1429
14002	SGCB	ENSG00000163069.15	ENST00000381431.10	4248
14003	SGCD	ENSG00000170624.16	ENST00000337851.9	9383
14004	SGCE	ENSG00000127990.21	ENST00000648936.2	1868
14005	SGCG	ENSG00000102683.10	ENST00000218867.4	1594
14006	SGCZ	ENSG00000185053.15	ENST00000382080.6	7345
14007	SGIP1	ENSG00000118473.25	ENST00000371037.9	10737
14008	SGK1	ENSG00000118515.14	ENST00000367858.10	3245
14009	SGK2	ENSG00000101049.20	ENST00000373100.7	1871
14010	SGK3	ENSG00000104205.18	ENST00000521198.7	4106
14011	SGMS1	ENSG00000198964.16	ENST00000361781.7	3717
14012	SGMS2	ENSG00000164023.17	ENST00000690982.1	6240
14013	SGO1	ENSG00000129810.17	ENST00000412997.6	3070
14014	SGO2	ENSG00000163535.20	ENST00000357799.9	4478
14015	SGPL1	ENSG00000166224.20	ENST00000373202.8	5778
14016	SGPP1	ENSG00000126821.10	ENST00000247225.7	3336
14017	SGPP2	ENSG00000163082.12	ENST00000321276.8	4983
14018	SGSH	ENSG00000181523.15	ENST00000326317.11	2705
14019	SGSM1	ENSG00000167037.21	ENST00000400358.9	6701
14020	SGSM2	ENSG00000141258.15	ENST00000268989.8	4878
14021	SGSM3	ENSG00000100359.23	ENST00000248929.14	2986
14022	SGTA	ENSG00000104969.13	ENST00000221566.7	2231
14023	SGTB	ENSG00000197860.12	ENST00000381007.9	5448
14024	SH2B1	ENSG00000178188.18	ENST00000684370.1	4908
14025	SH2B2	ENSG00000160999.13	ENST00000444095.3	2236
14026	SH2B3	ENSG00000111252.13	ENST00000341259.7	5431
14027	SH2D1A	ENSG00000183918.19	ENST00000371139.9	2236
14028	SH2D1B	ENSG00000198574.8	ENST00000367929.3	2531
14029	SH2D2A	ENSG00000027869.15	ENST00000368199.8	1644
14030	SH2D3A	ENSG00000125731.15	ENST00000245908.11	2281
14031	SH2D3C	ENSG00000095370.22	ENST00000314830.13	3051
14032	SH2D4A	ENSG00000104611.14	ENST00000265807.8	3276
14033	SH2D4B	ENSG00000178217.15	ENST00000646907.2	4207
14034	SH2D5	ENSG00000189410.14	ENST00000444387.7	3898
14035	SH2D6	ENSG00000152292.19	ENST00000469800.7	2222
14036	SH2D7	ENSG00000183476.14	ENST00000328828.6	2227
14037	SH3BGR	ENSG00000185437.18	ENST00000333634.10	1109
14038	SH3BGRL	ENSG00000131171.15	ENST00000373212.6	1764
14039	SH3BGRL2	ENSG00000198478.11	ENST00000369838.6	4603
14040	SH3BGRL3	ENSG00000142669.17	ENST00000270792.10	751
14041	SH3BP1	ENSG00000100092.25	ENST00000649765.2	2658
14042	SH3BP2	ENSG00000087266.20	ENST00000503393.8	9006
14043	SH3BP4	ENSG00000130147.18	ENST00000392011.7	5150
14044	SH3BP5	ENSG00000131370.18	ENST00000383791.8	3279
14045	SH3BP5L	ENSG00000175137.13	ENST00000366472.6	3148
14046	SH3D19	ENSG00000109686.23	ENST00000604030.7	5207
14047	SH3D21	ENSG00000214193.13	ENST00000453908.8	2544
14048	SH3GL1	ENSG00000141985.11	ENST00000269886.7	2516
14049	SH3GL2	ENSG00000107295.12	ENST00000380607.5	2617
14050	SH3GL3	ENSG00000140600.19	ENST00000427482.7	1693
14051	SH3GLB1	ENSG00000097033.17	ENST00000370558.8	6371
14052	SH3GLB2	ENSG00000148341.20	ENST00000372564.8	3013
14053	SH3KBP1	ENSG00000147010.21	ENST00000397821.8	4728
14054	SH3PXD2A	ENSG00000107957.18	ENST00000369774.9	11501
14055	SH3PXD2B	ENSG00000174705.15	ENST00000311601.6	7779
14056	SH3RF1	ENSG00000154447.17	ENST00000284637.14	5120
14057	SH3RF2	ENSG00000156463.20	ENST00000359120.9	3004
14058	SH3RF3	ENSG00000172985.12	ENST00000309415.8	5948
14059	SH3TC1	ENSG00000125089.20	ENST00000245105.8	4303
14060	SH3TC2	ENSG00000169247.16	ENST00000515425.6	26468
14061	SH3YL1	ENSG00000035115.24	ENST00000356150.10	1744
14062	SHANK1	ENSG00000161681.18	ENST00000293441.6	9636
14063	SHANK2	ENSG00000162105.23	ENST00000601538.6	10830
14064	SHANK3	ENSG00000251322.12	ENST00000692848.2	7286
14065	SHARPIN	ENSG00000179526.19	ENST00000398712.7	1348
14066	SHB	ENSG00000107338.12	ENST00000377707.4	6035
14067	SHBG	ENSG00000129214.17	ENST00000380450.9	1267
14068	SHC1	ENSG00000160691.21	ENST00000448116.7	3481
14069	SHC2	ENSG00000129946.13	ENST00000264554.11	2525
14070	SHC3	ENSG00000148082.11	ENST00000375835.9	9819
14071	SHC4	ENSG00000185634.13	ENST00000332408.9	5027
14072	SHCBP1	ENSG00000171241.11	ENST00000303383.8	5177
14073	SHCBP1L	ENSG00000157060.16	ENST00000367547.8	2113
14074	SHD	ENSG00000105251.13	ENST00000543264.7	1910
14075	SHE	ENSG00000169291.12	ENST00000304760.3	6542
14076	SHF	ENSG00000138606.21	ENST00000690270.1	2215
14077	SEM1	ENSG00000127922.12	ENST00000248566.4	458
14078	SHH	ENSG00000164690.8	ENST00000297261.7	4650
14079	SHISA2	ENSG00000180730.6	ENST00000319420.4	3845
14080	SHISA3	ENSG00000178343.7	ENST00000319234.5	2322
14081	SHISA4	ENSG00000198892.9	ENST00000362011.7	1432
14082	SHISA5	ENSG00000164054.19	ENST00000296444.7	2034
14083	SHKBP1	ENSG00000160410.17	ENST00000291842.10	2341
14084	SHMT1	ENSG00000176974.24	ENST00000316694.8	2527
14085	SHMT2	ENSG00000182199.13	ENST00000328923.8	2157
14086	SHOC2	ENSG00000108061.15	ENST00000369452.9	3884
14087	SHOX	ENSG00000185960.15	ENST00000686671.1	7934
14088	SHOX2	ENSG00000168779.21	ENST00000483851.7	3478
14089	SHPK	ENSG00000197417.10	ENST00000225519.5	3788
14090	SHPRH	ENSG00000146414.19	ENST00000275233.12	7596
14091	SHQ1	ENSG00000144736.16	ENST00000325599.13	2846
14092	SHROOM1	ENSG00000164403.17	ENST00000378679.8	3768
14093	SHROOM2	ENSG00000146950.14	ENST00000380913.8	7474
14094	SHROOM3	ENSG00000138771.18	ENST00000296043.7	10891
14095	SHROOM4	ENSG00000158352.20	ENST00000376020.9	14557
14096	SI	ENSG00000090402.8	ENST00000264382.8	6012
14097	SIAE	ENSG00000110013.15	ENST00000263593.8	5441
14098	SIAH1	ENSG00000196470.14	ENST00000394725.3	2110
14099	SIAH2	ENSG00000181788.6	ENST00000312960.4	2311
14100	SIAH3	ENSG00000215475.6	ENST00000400405.4	7075
14101	SIDT1	ENSG00000072858.14	ENST00000264852.9	4818
14102	SIDT2	ENSG00000149577.19	ENST00000324225.9	4396
14103	SIGIRR	ENSG00000185187.16	ENST00000431843.7	1743
14104	SIGLEC1	ENSG00000088827.16	ENST00000344754.6	6960
14105	SIGLEC10	ENSG00000142512.17	ENST00000339313.10	3234
14106	SIGLEC11	ENSG00000161640.17	ENST00000447370.6	3173
14107	SIGLEC12	ENSG00000254521.9	ENST00000291707.8	2269
14108	SIGLEC14	ENSG00000254415.4	ENST00000360844.7	5134
14109	SIGLEC15	ENSG00000197046.13	ENST00000389474.8	2948
14110	SIGLEC5	ENSG00000268500.10	ENST00000683636.1	2993
14111	SIGLEC6	ENSG00000105492.17	ENST00000425629.8	3647
14112	SIGLEC7	ENSG00000168995.15	ENST00000317643.10	1754
14113	SIGLEC8	ENSG00000105366.17	ENST00000321424.7	2949
14114	SIGLEC9	ENSG00000129450.12	ENST00000250360.8	1692
14115	SIGLECL1	ENSG00000179213.14	ENST00000601727.6	1983
14116	SIGMAR1	ENSG00000147955.20	ENST00000277010.9	1672
14117	SIK1	ENSG00000142178.11	ENST00000270162.8	4747
14118	SIK2	ENSG00000170145.7	ENST00000304987.4	9622
14119	SIK3	ENSG00000160584.19	ENST00000445177.6	6364
14120	SIKE1	ENSG00000052723.14	ENST00000060969.6	5494
14121	SIL1	ENSG00000120725.15	ENST00000394817.7	1889
14122	SIM1	ENSG00000112246.12	ENST00000369208.8	8428
14123	SIM2	ENSG00000159263.17	ENST00000290399.11	4461
14124	SIMC1	ENSG00000170085.20	ENST00000429602.7	3305
14125	SIN3A	ENSG00000169375.19	ENST00000394947.8	6723
14126	SIN3B	ENSG00000127511.12	ENST00000248054.10	5038
14127	SIPA1	ENSG00000213445.13	ENST00000534313.6	3499
14128	SIPA1L1	ENSG00000197555.12	ENST00000381232.8	7952
14129	SIPA1L2	ENSG00000116991.14	ENST00000674635.1	6914
14130	SIPA1L3	ENSG00000105738.13	ENST00000222345.11	8004
14131	SIRPA	ENSG00000198053.14	ENST00000358771.5	4580
14132	SIRPB1	ENSG00000101307.18	ENST00000381605.9	5377
14133	SIRPB2	ENSG00000196209.15	ENST00000359801.8	2679
14134	SIRPD	ENSG00000125900.13	ENST00000381623.4	820
14135	SIRPG	ENSG00000089012.16	ENST00000303415.7	1716
14136	SIRT1	ENSG00000096717.14	ENST00000212015.11	4107
14137	SIRT2	ENSG00000068903.23	ENST00000249396.12	1862
14138	SIRT3	ENSG00000142082.17	ENST00000382743.9	2882
14139	SIRT4	ENSG00000089163.6	ENST00000202967.4	1217
14140	SIRT5	ENSG00000124523.19	ENST00000606117.2	4564
14141	SIRT6	ENSG00000077463.17	ENST00000337491.7	1600
14142	SIRT7	ENSG00000187531.16	ENST00000328666.11	1725
14143	SIT1	ENSG00000137078.12	ENST00000259608.8	1222
14144	SIVA1	ENSG00000184990.15	ENST00000329967.11	752
14145	SIX1	ENSG00000126778.14	ENST00000645694.3	4005
14146	SIX2	ENSG00000170577.10	ENST00000303077.7	2206
14147	SIX3	ENSG00000138083.6	ENST00000260653.5	2713
14148	SIX4	ENSG00000100625.10	ENST00000216513.5	6491
14149	SIX5	ENSG00000177045.12	ENST00000317578.7	3344
14150	SIX6	ENSG00000184302.7	ENST00000327720.6	2592
14151	SKA1	ENSG00000154839.12	ENST00000285116.8	2849
14152	SKA2	ENSG00000182628.15	ENST00000330137.12	2809
14153	SKA3	ENSG00000165480.18	ENST00000314759.6	2869
14154	SKAP1	ENSG00000141293.19	ENST00000336915.11	1556
14155	SKAP2	ENSG00000005020.15	ENST00000345317.7	3839
14156	SKI	ENSG00000157933.13	ENST00000378536.5	6083
14157	SKIDA1	ENSG00000180592.17	ENST00000449193.7	6601
14158	SKIL	ENSG00000136603.17	ENST00000259119.9	7155
14159	SKIC2	ENSG00000204351.15	ENST00000375394.7	3795
14160	MTREX	ENSG00000039123.18	ENST00000230640.10	3961
14161	SKOR1	ENSG00000188779.12	ENST00000380035.3	3738
14162	SKOR2	ENSG00000215474.10	ENST00000425639.3	4109
14163	SKP1	ENSG00000113558.21	ENST00000353411.11	9386
14164	SKP2	ENSG00000145604.19	ENST00000274255.11	3715
14165	SLA	ENSG00000155926.16	ENST00000338087.10	2995
14166	SLA2	ENSG00000101082.16	ENST00000262866.9	2737
14167	SLAIN1	ENSG00000139737.24	ENST00000418532.6	3009
14168	SLAIN2	ENSG00000109171.17	ENST00000264313.11	6081
14169	SLAMF1	ENSG00000117090.18	ENST00000302035.11	3749
14170	SLAMF6	ENSG00000162739.16	ENST00000368057.8	2733
14171	SLAMF7	ENSG00000026751.19	ENST00000368043.8	2707
14172	SLAMF8	ENSG00000158714.13	ENST00000289707.10	3116
14173	SLAMF9	ENSG00000162723.10	ENST00000368093.4	1139
14174	SLBP	ENSG00000163950.15	ENST00000489418.6	1810
14175	SLC10A1	ENSG00000100652.7	ENST00000216540.5	2002
14176	SLC10A2	ENSG00000125255.7	ENST00000245312.5	3350
14177	SLC10A3	ENSG00000126903.18	ENST00000651600.1	2095
14178	SLC10A4	ENSG00000145248.8	ENST00000273861.5	2120
14179	SLC10A5	ENSG00000253598.3	ENST00000518568.3	1428
14180	SLC10A6	ENSG00000145283.9	ENST00000273905.7	1623
14181	SLC10A7	ENSG00000120519.18	ENST00000335472.12	3756
14182	SLC11A1	ENSG00000018280.20	ENST00000233202.11	3608
14183	SLC11A2	ENSG00000110911.19	ENST00000262052.9	4132
14184	SLC12A1	ENSG00000074803.22	ENST00000380993.8	4708
14185	SLC12A2	ENSG00000064651.16	ENST00000262461.7	6874
14186	SLC12A3	ENSG00000070915.12	ENST00000563236.6	5540
14187	SLC12A4	ENSG00000124067.19	ENST00000316341.8	4708
14188	SLC12A5	ENSG00000124140.16	ENST00000243964.7	6026
14189	SLC12A6	ENSG00000140199.13	ENST00000354181.8	8072
14190	SLC12A7	ENSG00000113504.23	ENST00000264930.10	5300
14191	SLC12A8	ENSG00000221955.13	ENST00000469902.6	3485
14192	SLC12A9	ENSG00000146828.20	ENST00000354161.8	3315
14193	SLC13A1	ENSG00000081800.11	ENST00000194130.7	3798
14194	SLC13A2	ENSG00000007216.18	ENST00000314669.10	2360
14195	SLC13A3	ENSG00000158296.15	ENST00000279027.9	4041
14196	SLC13A4	ENSG00000164707.18	ENST00000682651.1	2906
14197	SLC13A5	ENSG00000141485.19	ENST00000433363.7	3231
14198	SLC14A1	ENSG00000141469.20	ENST00000321925.9	3917
14199	SLC14A2	ENSG00000132874.15	ENST00000255226.11	4073
14200	SLC15A1	ENSG00000088386.19	ENST00000376503.10	3124
14201	SLC15A2	ENSG00000163406.13	ENST00000489711.6	5447
14202	SLC15A3	ENSG00000110446.14	ENST00000227880.8	2506
14203	SLC15A4	ENSG00000139370.14	ENST00000266771.10	2751
14204	SLC16A1	ENSG00000155380.15	ENST00000369626.8	3753
14205	SLC16A10	ENSG00000112394.20	ENST00000368851.10	10757
14206	SLC16A11	ENSG00000174326.17	ENST00000574600.3	1726
14207	SLC16A12	ENSG00000152779.16	ENST00000371790.5	4655
14208	SLC16A13	ENSG00000174327.8	ENST00000308027.7	1804
14209	SLC16A14	ENSG00000163053.13	ENST00000295190.9	4315
14210	SLC16A2	ENSG00000147100.13	ENST00000587091.6	4128
14211	SLC16A3	ENSG00000141526.20	ENST00000582743.6	2599
14212	SLC16A4	ENSG00000168679.20	ENST00000369779.9	2567
14213	SLC16A5	ENSG00000170190.18	ENST00000329783.9	1940
14214	SLC16A6	ENSG00000108932.15	ENST00000580666.6	3691
14215	SLC16A7	ENSG00000118596.14	ENST00000547379.6	11936
14216	SLC16A8	ENSG00000100156.14	ENST00000681075.2	2291
14217	SLC16A9	ENSG00000165449.14	ENST00000395348.8	3946
14218	SLC17A1	ENSG00000124568.14	ENST00000244527.10	1819
14219	SLC17A2	ENSG00000112337.13	ENST00000377850.8	2498
14220	SLC17A3	ENSG00000124564.19	ENST00000397060.8	2052
14221	SLC17A4	ENSG00000146039.13	ENST00000377905.9	3581
14222	SLC17A5	ENSG00000119899.15	ENST00000355773.6	3292
14223	SLC17A6	ENSG00000091664.10	ENST00000263160.4	3665
14224	SLC17A7	ENSG00000104888.12	ENST00000221485.8	2949
14225	SLC17A8	ENSG00000179520.13	ENST00000323346.10	3984
14226	SLC17A9	ENSG00000101194.20	ENST00000370351.9	3518
14227	SLC18A1	ENSG00000036565.17	ENST00000276373.10	2683
14228	SLC18A2	ENSG00000165646.16	ENST00000644641.2	3831
14229	SLC18A3	ENSG00000187714.7	ENST00000374115.5	2411
14230	SLC18B1	ENSG00000146409.14	ENST00000275227.9	2452
14231	SLC19A1	ENSG00000173638.21	ENST00000311124.9	4991
14232	SLC19A2	ENSG00000117479.17	ENST00000236137.10	3612
14233	SLC19A3	ENSG00000135917.18	ENST00000644224.2	5213
14234	SLC1A1	ENSG00000106688.14	ENST00000262352.8	3698
14235	SLC1A2	ENSG00000110436.15	ENST00000278379.9	12006
14236	SLC1A3	ENSG00000079215.17	ENST00000265113.9	3919
14237	SLC1A4	ENSG00000115902.13	ENST00000234256.4	4563
14238	SLC1A5	ENSG00000105281.15	ENST00000542575.6	2882
14239	SLC1A6	ENSG00000105143.15	ENST00000594383.2	2420
14240	SLC1A7	ENSG00000162383.13	ENST00000371494.9	2698
14241	SLC20A1	ENSG00000144136.13	ENST00000272542.8	3297
14242	SLC20A2	ENSG00000168575.13	ENST00000520262.6	3752
14243	SLC22A1	ENSG00000175003.17	ENST00000366963.9	1922
14244	SLC22A10	ENSG00000184999.14	ENST00000332793.11	2638
14245	SLC22A11	ENSG00000168065.17	ENST00000301891.9	3545
14246	SLC22A12	ENSG00000197891.13	ENST00000377574.6	2792
14247	SLC22A13	ENSG00000172940.13	ENST00000311856.9	2997
14248	SLC22A14	ENSG00000144671.11	ENST00000448498.6	2157
14249	SLC22A15	ENSG00000163393.15	ENST00000369503.9	4705
14250	SLC22A16	ENSG00000004809.16	ENST00000368919.8	1959
14251	SLC22A17	ENSG00000092096.20	ENST00000354772.10	2372
14252	SLC67A1	ENSG00000110628.18	ENST00000649076.2	1543
14253	SLC22A2	ENSG00000112499.14	ENST00000366953.8	2409
14254	SLC22A23	ENSG00000137266.16	ENST00000406686.8	6634
14255	SLC22A24	ENSG00000197658.10	ENST00000612278.4	2101
14256	SLC22A25	ENSG00000196600.14	ENST00000306494.11	8192
14257	SLC22A3	ENSG00000146477.8	ENST00000275300.3	3234
14258	SLC22A4	ENSG00000197208.8	ENST00000200652.4	2234
14259	SLC22A5	ENSG00000197375.16	ENST00000245407.8	3277
14260	SLC22A6	ENSG00000197901.14	ENST00000360421.9	2127
14261	SLC22A7	ENSG00000137204.17	ENST00000372585.10	2559
14262	SLC22A8	ENSG00000149452.18	ENST00000336232.7	2180
14263	SLC22A9	ENSG00000149742.12	ENST00000279178.4	2366
14264	SLC23A1	ENSG00000170482.19	ENST00000348729.8	2296
14265	SLC23A2	ENSG00000089057.17	ENST00000338244.6	6953
14266	SLC23A3	ENSG00000213901.13	ENST00000409878.8	2322
14267	SLC24A1	ENSG00000074621.16	ENST00000261892.11	5762
14268	SLC24A2	ENSG00000155886.14	ENST00000341998.7	10990
14269	SLC24A3	ENSG00000185052.15	ENST00000328041.11	3922
14270	SLC24A4	ENSG00000140090.18	ENST00000532405.6	10388
14271	SLC24A5	ENSG00000188467.12	ENST00000341459.8	1879
14272	SLC25A1	ENSG00000100075.12	ENST00000215882.10	1548
14273	SLC25A10	ENSG00000183048.14	ENST00000350690.10	1942
14274	SLC25A11	ENSG00000108528.16	ENST00000225665.12	1692
14275	SLC25A12	ENSG00000115840.16	ENST00000422440.7	3936
14276	SLC25A13	ENSG00000004864.16	ENST00000265631.10	3141
14277	SLC25A14	ENSG00000102078.17	ENST00000545805.6	1615
14278	SLC25A15	ENSG00000102743.18	ENST00000338625.9	3821
14279	SLC25A16	ENSG00000122912.17	ENST00000609923.6	6581
14280	SLC25A17	ENSG00000100372.17	ENST00000435456.7	2226
14281	SLC25A18	ENSG00000182902.16	ENST00000327451.11	2186
14282	SLC25A19	ENSG00000125454.14	ENST00000416858.7	1630
14283	SLC25A2	ENSG00000120329.7	ENST00000239451.7	1415
14284	SLC25A20	ENSG00000178537.12	ENST00000319017.5	1778
14285	SLC25A21	ENSG00000183032.13	ENST00000331299.6	3893
14286	SLC25A21-AS1	ENSG00000258708.1	ENST00000556667.1	1924
14287	SLC25A22	ENSG00000177542.13	ENST00000628067.3	2640
14288	SLC25A23	ENSG00000125648.17	ENST00000301454.9	3482
14289	SLC25A24	ENSG00000085491.19	ENST00000565488.6	4249
14290	SLC25A25	ENSG00000148339.15	ENST00000373069.10	3437
14291	SLC25A26	ENSG00000144741.21	ENST00000354883.11	2035
14292	SLC25A27	ENSG00000153291.17	ENST00000371347.10	2926
14293	SLC25A28	ENSG00000155287.14	ENST00000370495.6	1526
14294	SLC25A29	ENSG00000197119.14	ENST00000359232.8	2291
14295	SLC25A3	ENSG00000075415.17	ENST00000552981.6	5984
14296	SLC25A30	ENSG00000174032.19	ENST00000519676.6	3663
14297	SLC25A31	ENSG00000151475.7	ENST00000281154.6	1812
14298	SLC25A32	ENSG00000164933.13	ENST00000297578.9	2891
14299	SLC25A33	ENSG00000171612.9	ENST00000302692.7	3865
14300	SLC25A34	ENSG00000162461.10	ENST00000294454.6	3129
14301	SLC25A35	ENSG00000125434.13	ENST00000577745.2	1940
14302	SLC25A36	ENSG00000114120.16	ENST00000324194.12	5697
14303	SLC25A37	ENSG00000147454.15	ENST00000519973.6	4672
14304	SLC25A38	ENSG00000144659.15	ENST00000650617.1	2101
14305	SLC25A39	ENSG00000013306.18	ENST00000377095.10	1581
14306	SLC25A4	ENSG00000151729.13	ENST00000281456.11	4415
14307	SLC25A40	ENSG00000075303.15	ENST00000341119.10	4056
14308	SLC25A41	ENSG00000181240.14	ENST00000321510.7	1535
14309	SLC25A42	ENSG00000181035.16	ENST00000318596.8	3267
14310	SLC25A43	ENSG00000077713.21	ENST00000217909.8	2507
14311	SLC25A44	ENSG00000160785.16	ENST00000359511.5	3467
14312	SLC25A45	ENSG00000162241.15	ENST00000398802.6	2261
14313	SLC25A46	ENSG00000164209.19	ENST00000355943.8	4745
14314	SLC25A47	ENSG00000140107.13	ENST00000361529.5	1779
14315	SLC25A48	ENSG00000145832.18	ENST00000681962.1	1734
14316	SLC25A5	ENSG00000005022.8	ENST00000317881.9	1307
14317	SLC25A51	ENSG00000122696.16	ENST00000242275.7	1171
14318	SLC25A52	ENSG00000141437.10	ENST00000269205.7	1297
14319	SLC25A53	ENSG00000269743.5	ENST00000594199.3	6207
14320	SLC25A6	ENSG00000169100.16	ENST00000381401.11	1451
14321	SLC26A1	ENSG00000145217.16	ENST00000398516.3	3413
14322	SLC26A10P	ENSG00000135502.20	ENST00000665594.1	2070
14323	SLC26A11	ENSG00000181045.18	ENST00000361193.8	2888
14324	SLC26A2	ENSG00000155850.11	ENST00000286298.5	8054
14325	SLC26A3	ENSG00000091138.15	ENST00000340010.10	2882
14326	SLC26A4	ENSG00000091137.16	ENST00000644269.2	4737
14327	SLC26A5	ENSG00000170615.17	ENST00000306312.8	2719
14328	SLC26A6	ENSG00000225697.15	ENST00000395550.7	2611
14329	SLC26A7	ENSG00000147606.11	ENST00000276609.8	5237
14330	SLC26A8	ENSG00000112053.15	ENST00000490799.6	3437
14331	SLC26A9	ENSG00000174502.21	ENST00000367135.8	4791
14332	SLC27A1	ENSG00000130304.19	ENST00000252595.12	3514
14333	SLC27A2	ENSG00000140284.13	ENST00000267842.10	2384
14334	SLC27A3	ENSG00000143554.16	ENST00000624995.4	2298
14335	SLC27A4	ENSG00000167114.15	ENST00000300456.5	3229
14336	SLC27A5	ENSG00000083807.12	ENST00000263093.7	2292
14337	SLC27A6	ENSG00000113396.15	ENST00000262462.9	2863
14338	SLC28A1	ENSG00000156222.14	ENST00000394573.6	2770
14339	SLC28A2	ENSG00000137860.14	ENST00000347644.8	4371
14340	SLC28A3	ENSG00000197506.8	ENST00000376238.5	4962
14341	SLC29A1	ENSG00000112759.21	ENST00000371755.9	2083
14342	SLC29A2	ENSG00000174669.14	ENST00000357440.7	2455
14343	SLC29A3	ENSG00000198246.11	ENST00000373189.6	2256
14344	SLC29A4	ENSG00000164638.13	ENST00000396872.8	5714
14345	SLC2A1	ENSG00000117394.26	ENST00000426263.10	3384
14346	SLC2A10	ENSG00000197496.8	ENST00000359271.4	4227
14347	SLC2A11	ENSG00000133460.22	ENST00000316185.9	3088
14348	SLC2A12	ENSG00000146411.8	ENST00000275230.6	5572
14349	SLC2A13	ENSG00000151229.15	ENST00000280871.9	7221
14350	SLC2A14	ENSG00000173262.14	ENST00000431042.7	3462
14351	SLC2A2	ENSG00000163581.16	ENST00000314251.8	3181
14352	SLC2A3	ENSG00000059804.20	ENST00000075120.12	3827
14353	SLC2A4	ENSG00000181856.17	ENST00000317370.13	3375
14354	SLC2A4RG	ENSG00000125520.16	ENST00000266077.5	2361
14355	SLC2A5	ENSG00000142583.20	ENST00000377424.9	4085
14356	SLC2A6	ENSG00000160326.16	ENST00000371899.9	2491
14357	SLC2A7	ENSG00000197241.4	ENST00000400906.2	1944
14358	SLC2A8	ENSG00000136856.20	ENST00000373371.8	2145
14359	SLC2A9	ENSG00000109667.14	ENST00000264784.8	1864
14360	SLC30A1	ENSG00000170385.11	ENST00000367001.5	5893
14361	SLC30A10	ENSG00000196660.14	ENST00000366926.4	6579
14362	SLC30A2	ENSG00000158014.17	ENST00000374276.4	3249
14363	SLC30A3	ENSG00000115194.13	ENST00000233535.9	2936
14364	SLC30A4	ENSG00000104154.9	ENST00000261867.5	7110
14365	SLC30A5	ENSG00000145740.22	ENST00000396591.8	3992
14366	SLC30A6	ENSG00000152683.16	ENST00000282587.9	5089
14367	SLC30A7	ENSG00000162695.15	ENST00000357650.9	8204
14368	SLC30A8	ENSG00000164756.13	ENST00000456015.7	5476
14369	SLC30A9	ENSG00000014824.16	ENST00000264451.12	6164
14370	SLC31A1	ENSG00000136868.13	ENST00000374212.5	4762
14371	SLC31A2	ENSG00000136867.12	ENST00000259392.8	1723
14372	SLC32A1	ENSG00000101438.5	ENST00000217420.2	2550
14373	SLC33A1	ENSG00000169359.18	ENST00000643144.2	9266
14374	SLC34A1	ENSG00000131183.13	ENST00000324417.6	2583
14375	SLC34A2	ENSG00000157765.15	ENST00000382051.8	4115
14376	SLC34A3	ENSG00000198569.11	ENST00000673835.1	2016
14377	SLC35A1	ENSG00000164414.21	ENST00000369552.9	1854
14378	SLC35A2	ENSG00000102100.18	ENST00000247138.11	1456
14379	SLC35A3	ENSG00000117620.17	ENST00000533028.8	14321
14380	SLC35A4	ENSG00000176087.18	ENST00000323146.8	2666
14381	SLC35A5	ENSG00000138459.11	ENST00000492406.6	4366
14382	SLC35B1	ENSG00000121073.17	ENST00000240333.12	1615
14383	SLC35B2	ENSG00000157593.21	ENST00000393812.4	2022
14384	SLC35B3	ENSG00000124786.15	ENST00000710437.1	3520
14385	SLC35B4	ENSG00000205060.13	ENST00000378509.9	6676
14386	SLC35C1	ENSG00000181830.11	ENST00000314134.4	3429
14387	SLC35H1	ENSG00000080189.17	ENST00000372230.10	5820
14388	SLC35D1	ENSG00000116704.10	ENST00000235345.6	6193
14389	SLC35D2	ENSG00000130958.15	ENST00000253270.13	1623
14390	SLC35D3	ENSG00000182747.6	ENST00000331858.5	2343
14391	SLC35E1	ENSG00000127526.17	ENST00000595753.6	5126
14392	SLC35E2A	ENSG00000215790.9	ENST00000643943.1	732
14393	SLC35E2B	ENSG00000189339.14	ENST00000617444.5	6434
14394	SLC35E3	ENSG00000175782.13	ENST00000398004.4	17722
14395	SLC35E4	ENSG00000100036.14	ENST00000343605.5	2585
14396	SLC35F1	ENSG00000196376.12	ENST00000360388.9	5109
14397	SLC35F2	ENSG00000110660.17	ENST00000525815.6	2769
14398	SLC35F3	ENSG00000183780.14	ENST00000366618.8	3143
14399	SLC35F4	ENSG00000151812.16	ENST00000556826.6	1940
14400	SLC35F5	ENSG00000115084.17	ENST00000245680.7	10314
14401	SLC35F6	ENSG00000213699.11	ENST00000344420.10	3902
14402	SLC35G1	ENSG00000176273.17	ENST00000427197.2	3488
14403	SLC35G2	ENSG00000168917.11	ENST00000446465.3	1949
14404	SLC35G3	ENSG00000164729.8	ENST00000297307.7	1874
14405	SLC35G5	ENSG00000177710.6	ENST00000382435.5	1349
14406	SLC35G6	ENSG00000259224.3	ENST00000412468.4	1583
14407	SLC36A1	ENSG00000123643.16	ENST00000243389.8	5772
14408	SLC36A2	ENSG00000186335.10	ENST00000335244.9	3396
14409	SLC36A3	ENSG00000186334.10	ENST00000335230.8	2860
14410	SLC36A4	ENSG00000180773.17	ENST00000326402.9	6037
14411	SLC37A1	ENSG00000160190.16	ENST00000352133.3	3712
14412	SLC37A2	ENSG00000134955.14	ENST00000403796.7	3951
14413	SLC37A3	ENSG00000157800.20	ENST00000326232.14	3330
14414	SLC37A4	ENSG00000137700.19	ENST00000330775.9	2102
14415	SLC38A1	ENSG00000111371.18	ENST00000398637.10	8097
14416	SLC38A10	ENSG00000157637.15	ENST00000374759.8	4491
14417	SLC38A11	ENSG00000169507.11	ENST00000685975.1	5750
14418	SLC38A2	ENSG00000134294.16	ENST00000256689.10	4795
14419	SLC38A4	ENSG00000139209.18	ENST00000266579.9	3983
14420	SLC38A5	ENSG00000017483.18	ENST00000620913.5	1990
14421	SLC38A6	ENSG00000139974.19	ENST00000267488.9	1605
14422	SLC38A7	ENSG00000103042.11	ENST00000219320.9	4058
14423	SLC38A8	ENSG00000166558.13	ENST00000299709.8	1672
14424	SLC38A9	ENSG00000177058.14	ENST00000396865.7	2522
14425	SLC39A1	ENSG00000143570.21	ENST00000356205.9	2038
14426	SLC39A10	ENSG00000196950.16	ENST00000359634.10	5222
14427	SLC39A11	ENSG00000133195.14	ENST00000255559.8	2732
14428	SLC39A12	ENSG00000148482.14	ENST00000377369.7	2722
14429	SLC39A13	ENSG00000165915.16	ENST00000362021.9	2330
14430	SLC39A14	ENSG00000104635.17	ENST00000381237.6	4663
14431	SLC39A2	ENSG00000165794.11	ENST00000298681.5	1376
14432	SLC39A3	ENSG00000141873.13	ENST00000269740.9	1367
14433	SLC39A4	ENSG00000147804.11	ENST00000301305.8	2123
14434	SLC39A5	ENSG00000139540.14	ENST00000454355.7	1980
14435	SLC39A6	ENSG00000141424.14	ENST00000269187.10	3566
14436	SLC39A7	ENSG00000112473.21	ENST00000374677.8	2413
14437	SLC39A8	ENSG00000138821.16	ENST00000356736.5	3152
14438	SLC39A9	ENSG00000029364.14	ENST00000336643.10	5399
14439	SLC3A1	ENSG00000138079.16	ENST00000260649.11	2969
14440	SLC3A2	ENSG00000168003.21	ENST00000338663.12	1885
14441	SLC40A1	ENSG00000138449.13	ENST00000261024.7	3330
14442	SLC41A1	ENSG00000133065.13	ENST00000367137.4	5017
14443	SLC41A2	ENSG00000136052.12	ENST00000258538.8	5443
14444	SLC41A3	ENSG00000114544.19	ENST00000360370.9	2182
14445	SLC43A1	ENSG00000149150.11	ENST00000278426.8	2514
14446	SLC43A2	ENSG00000167703.17	ENST00000301335.10	8133
14447	SLC43A3	ENSG00000134802.20	ENST00000395124.6	2619
14448	SLC44A1	ENSG00000070214.19	ENST00000374720.8	10482
14449	SLC44A2	ENSG00000129353.17	ENST00000335757.10	3374
14450	SLC44A3	ENSG00000143036.19	ENST00000271227.11	2381
14451	SLC44A4	ENSG00000204385.15	ENST00000229729.11	2585
14452	SLC44A5	ENSG00000137968.17	ENST00000370859.8	3896
14453	SLC45A1	ENSG00000162426.18	ENST00000471889.7	2496
14454	SLC45A2	ENSG00000164175.16	ENST00000296589.9	1728
14455	SLC45A3	ENSG00000158715.8	ENST00000367145.4	3391
14456	SLC45A4	ENSG00000022567.12	ENST00000517878.6	7418
14457	SLC46A1	ENSG00000076351.15	ENST00000612814.5	6492
14458	SLC46A2	ENSG00000119457.10	ENST00000374228.5	2465
14459	SLC46A3	ENSG00000139508.17	ENST00000266943.11	3302
14460	SLC47A1	ENSG00000142494.15	ENST00000270570.8	3280
14461	SLC47A2	ENSG00000180638.21	ENST00000433844.4	2099
14462	SLC48A1	ENSG00000211584.16	ENST00000442218.3	2978
14463	SLC4A1	ENSG00000004939.17	ENST00000262418.12	4954
14464	SLC4A10	ENSG00000144290.19	ENST00000446997.6	5578
14465	SLC4A11	ENSG00000088836.16	ENST00000642402.1	3046
14466	SLC4A1AP	ENSG00000163798.16	ENST00000326019.11	2541
14467	SLC4A2	ENSG00000164889.17	ENST00000413384.7	4119
14468	SLC4A3	ENSG00000114923.19	ENST00000358055.8	4151
14469	SLC4A4	ENSG00000080493.21	ENST00000264485.11	7716
14470	SLC4A5	ENSG00000188687.19	ENST00000394019.7	6357
14471	SLC4A7	ENSG00000033867.20	ENST00000454389.6	8079
14472	SLC4A8	ENSG00000050438.19	ENST00000453097.7	11764
14473	SLC4A9	ENSG00000113073.17	ENST00000506757.7	3283
14474	SLC50A1	ENSG00000169241.21	ENST00000368404.9	1298
14475	SLC51A	ENSG00000163959.12	ENST00000296327.10	1430
14476	SLC51B	ENSG00000186198.6	ENST00000334287.3	924
14477	SLC52A1	ENSG00000132517.17	ENST00000254853.10	2375
14478	SLC52A2	ENSG00000185803.14	ENST00000643944.2	2158
14479	SLC52A3	ENSG00000101276.20	ENST00000645534.1	2611
14480	SLC5A1	ENSG00000100170.12	ENST00000266088.9	4832
14481	SLC5A10	ENSG00000154025.18	ENST00000395645.4	3966
14482	SLC5A11	ENSG00000158865.15	ENST00000424767.7	2402
14483	SLC5A12	ENSG00000148942.17	ENST00000396005.8	6285
14484	SLC5A2	ENSG00000140675.14	ENST00000330498.4	2267
14485	SLC5A3	ENSG00000198743.8	ENST00000381151.5	11566
14486	SLC5A4	ENSG00000100191.7	ENST00000266086.6	2048
14487	SLC5A5	ENSG00000105641.5	ENST00000222248.4	3604
14488	SLC5A6	ENSG00000138074.17	ENST00000310574.8	3213
14489	SLC5A7	ENSG00000115665.11	ENST00000264047.3	5167
14490	SLC5A8	ENSG00000256870.5	ENST00000536262.3	4009
14491	SLC5A9	ENSG00000117834.15	ENST00000438567.7	3162
14492	SLC6A1	ENSG00000157103.14	ENST00000287766.10	4478
14493	SLC6A11	ENSG00000132164.12	ENST00000254488.7	4249
14494	SLC6A12	ENSG00000111181.15	ENST00000684302.1	3210
14495	SLC6A13	ENSG00000010379.18	ENST00000343164.9	2188
14496	SLC6A14	ENSG00000268104.5	ENST00000598581.3	4536
14497	SLC6A15	ENSG00000072041.20	ENST00000266682.10	4799
14498	SLC6A16	ENSG00000063127.16	ENST00000335875.9	2904
14499	SLC6A17	ENSG00000197106.9	ENST00000331565.5	6419
14500	SLC6A18	ENSG00000164363.10	ENST00000324642.4	2095
14501	SLC6A19	ENSG00000174358.16	ENST00000304460.11	5168
14502	SLC6A2	ENSG00000103546.21	ENST00000568943.6	5933
14503	SLC6A20	ENSG00000163817.19	ENST00000358525.9	5425
14504	SLC6A3	ENSG00000142319.21	ENST00000270349.12	3942
14505	SLC6A4	ENSG00000108576.12	ENST00000650711.1	6335
14506	SLC6A5	ENSG00000165970.12	ENST00000525748.6	6876
14507	SLC6A6	ENSG00000131389.20	ENST00000622186.5	6500
14508	SLC6A7	ENSG00000011083.10	ENST00000230671.7	3625
14509	SLC6A8	ENSG00000130821.19	ENST00000253122.10	3931
14510	SLC6A9	ENSG00000196517.15	ENST00000372310.8	3206
14511	SLC7A1	ENSG00000139514.15	ENST00000380752.10	7343
14512	SLC7A10	ENSG00000130876.13	ENST00000253188.8	1946
14513	SLC7A11	ENSG00000151012.14	ENST00000280612.9	9645
14514	SLC7A13	ENSG00000164893.9	ENST00000297524.8	1867
14515	SLC7A14	ENSG00000013293.7	ENST00000231706.6	10140
14516	SLC7A2	ENSG00000003989.20	ENST00000494857.6	7615
14517	SLC7A3	ENSG00000165349.14	ENST00000374299.8	2239
14518	SLC7A4	ENSG00000099960.15	ENST00000382932.3	2316
14519	SLC7A5	ENSG00000103257.12	ENST00000261622.5	4556
14520	SLC7A6	ENSG00000103064.17	ENST00000219343.11	6255
14521	SLC7A6OS	ENSG00000103061.15	ENST00000263997.11	4191
14522	SLC7A7	ENSG00000155465.23	ENST00000674313.1	2082
14523	SLC7A8	ENSG00000092068.22	ENST00000316902.12	4236
14524	SLC7A9	ENSG00000021488.15	ENST00000023064.9	1766
14525	SLC8A1	ENSG00000183023.21	ENST00000332839.9	21116
14526	SLC8A2	ENSG00000118160.16	ENST00000236877.11	4959
14527	SLC8A3	ENSG00000100678.22	ENST00000356921.7	5133
14528	SLC8B1	ENSG00000089060.14	ENST00000680972.1	3510
14529	SLC9A1	ENSG00000090020.13	ENST00000263980.8	4737
14530	SLC9A2	ENSG00000115616.5	ENST00000233969.3	5601
14531	SLC9A3	ENSG00000066230.13	ENST00000264938.8	5555
14532	NHERF1	ENSG00000109062.14	ENST00000262613.10	1993
14533	NHERF2	ENSG00000065054.16	ENST00000424542.7	2160
14534	SLC9A4	ENSG00000180251.6	ENST00000295269.5	4215
14535	SLC9A5	ENSG00000135740.19	ENST00000299798.16	3708
14536	SLC9A6	ENSG00000198689.15	ENST00000630721.3	4684
14537	SLC9A7	ENSG00000065923.12	ENST00000616978.5	9971
14538	SLC9A8	ENSG00000197818.14	ENST00000361573.3	6147
14539	SLC9A9	ENSG00000181804.17	ENST00000316549.11	3564
14540	SLC9B1	ENSG00000164037.19	ENST00000296422.12	1845
14541	SLC9B2	ENSG00000164038.18	ENST00000394785.9	6351
14542	SLC9C1	ENSG00000172139.16	ENST00000305815.10	4119
14543	SLC9C2	ENSG00000162753.14	ENST00000367714.4	4410
14544	SLCO1A2	ENSG00000084453.19	ENST00000683939.1	7114
14545	SLCO1B1	ENSG00000134538.5	ENST00000256958.3	2787
14546	SLCO1B3	ENSG00000111700.15	ENST00000381545.8	3013
14547	SLCO1B7	ENSG00000205754.13	ENST00000648739.1	2064
14548	SLCO1C1	ENSG00000139155.11	ENST00000266509.7	3498
14549	SLCO2A1	ENSG00000174640.17	ENST00000310926.11	4067
14550	SLCO2B1	ENSG00000137491.17	ENST00000289575.10	4374
14551	SLCO3A1	ENSG00000176463.15	ENST00000318445.11	5102
14552	SLCO4A1	ENSG00000101187.18	ENST00000217159.6	2716
14553	SLCO4C1	ENSG00000173930.11	ENST00000310954.7	5069
14554	SLCO5A1	ENSG00000137571.13	ENST00000260126.9	8991
14555	SLCO6A1	ENSG00000205359.11	ENST00000506729.6	2682
14556	SLFN11	ENSG00000172716.19	ENST00000685675.1	5139
14557	SLFN12	ENSG00000172123.16	ENST00000304905.10	2506
14558	SLFN12L	ENSG00000205045.14	ENST00000628453.4	13219
14559	SLFN13	ENSG00000154760.16	ENST00000285013.11	8398
14560	SLFN5	ENSG00000166750.12	ENST00000299977.9	10555
14561	SLFNL1	ENSG00000171790.18	ENST00000302946.13	1961
14562	SLIRP	ENSG00000119705.12	ENST00000557342.6	376
14563	SLIT1	ENSG00000187122.18	ENST00000266058.9	7964
14564	SLIT2	ENSG00000145147.22	ENST00000504154.6	8053
14565	SLIT3	ENSG00000184347.17	ENST00000519560.6	9716
14566	SLITRK1	ENSG00000178235.8	ENST00000674365.1	4827
14567	SLITRK2	ENSG00000185985.13	ENST00000335565.6	8421
14568	SLITRK3	ENSG00000121871.6	ENST00000475390.2	4937
14569	SLITRK4	ENSG00000179542.18	ENST00000356928.2	8736
14570	SLITRK5	ENSG00000165300.10	ENST00000683689.1	5075
14571	SLITRK6	ENSG00000184564.12	ENST00000647374.2	4249
14572	SLK	ENSG00000065613.17	ENST00000369755.4	7827
14573	SLMAP	ENSG00000163681.19	ENST00000671191.1	6381
14574	PRELID3A	ENSG00000141391.15	ENST00000440960.6	1684
14575	PRELID3B	ENSG00000101166.18	ENST00000355937.9	2503
14576	SLN	ENSG00000170290.6	ENST00000305991.3	722
14577	SLPI	ENSG00000124107.6	ENST00000338380.2	596
14578	SLTM	ENSG00000137776.19	ENST00000380516.7	4168
14579	SLU7	ENSG00000164609.12	ENST00000297151.9	3480
14580	SLURP1	ENSG00000126233.3	ENST00000246515.2	527
14581	SLX1A	ENSG00000132207.21	ENST00000251303.11	1133
14582	SLX1B	ENSG00000181625.20	ENST00000330181.10	1133
14583	SLX4	ENSG00000188827.13	ENST00000294008.4	7315
14584	SLX4IP	ENSG00000149346.17	ENST00000334534.10	6056
14585	SMAD1	ENSG00000170365.12	ENST00000302085.9	3002
14586	SMAD2	ENSG00000175387.18	ENST00000262160.11	34626
14587	SMAD3	ENSG00000166949.19	ENST00000327367.9	6464
14588	SMAD4	ENSG00000141646.19	ENST00000342988.8	8772
14589	SMAD5	ENSG00000113658.20	ENST00000545279.6	7013
14590	SMAD6	ENSG00000137834.17	ENST00000288840.10	3828
14591	SMAD7	ENSG00000101665.12	ENST00000262158.8	3341
14592	SMAD9	ENSG00000120693.17	ENST00000379826.5	5558
14593	SMAGP	ENSG00000170545.19	ENST00000603798.6	1875
14594	SMAP1	ENSG00000112305.17	ENST00000370455.8	3214
14595	SMAP2	ENSG00000084070.14	ENST00000372718.8	2905
14596	SMARCA1	ENSG00000102038.18	ENST00000371121.5	3989
14597	SMARCA2	ENSG00000080503.27	ENST00000349721.8	5748
14598	SMARCA4	ENSG00000127616.24	ENST00000344626.10	5577
14599	SMARCA5	ENSG00000153147.8	ENST00000283131.4	7684
14600	SMARCAD1	ENSG00000163104.20	ENST00000354268.9	5094
14601	SMARCAL1	ENSG00000138375.16	ENST00000357276.9	3201
14602	SMARCB1	ENSG00000099956.22	ENST00000644036.2	5191
14603	SMARCC1	ENSG00000173473.13	ENST00000254480.10	6354
14604	SMARCC2	ENSG00000139613.14	ENST00000550164.6	5090
14605	SMARCD1	ENSG00000066117.17	ENST00000394963.9	3283
14606	SMARCD2	ENSG00000108604.20	ENST00000448276.7	2464
14607	SMARCD3	ENSG00000082014.17	ENST00000262188.13	1907
14608	SMARCE1	ENSG00000073584.22	ENST00000348513.12	5150
14609	SMC1A	ENSG00000072501.21	ENST00000322213.9	9710
14610	SMC1B	ENSG00000077935.19	ENST00000357450.9	4233
14611	SMC2	ENSG00000136824.21	ENST00000374793.8	5928
14612	SMC3	ENSG00000108055.13	ENST00000361804.5	5522
14613	SMC4	ENSG00000113810.18	ENST00000357388.8	5116
14614	SMC5	ENSG00000198887.11	ENST00000361138.7	5949
14615	SMC6	ENSG00000163029.18	ENST00000448223.7	5240
14616	SMCHD1	ENSG00000101596.19	ENST00000320876.11	8833
14617	SMCO1	ENSG00000214097.7	ENST00000397537.3	1790
14618	SMCO3	ENSG00000179256.4	ENST00000316048.2	2104
14619	SMCO4	ENSG00000166002.9	ENST00000298966.7	987
14620	SMCP	ENSG00000163206.7	ENST00000368765.4	770
14621	SMCR8	ENSG00000176994.12	ENST00000406438.5	8297
14622	SMDT1	ENSG00000183172.11	ENST00000331479.4	1562
14623	PPP4R3A	ENSG00000100796.20	ENST00000554943.6	4416
14624	PPP4R3B	ENSG00000275052.7	ENST00000616407.2	5506
14625	SMG1	ENSG00000157106.20	ENST00000446231.7	16062
14626	SMG5	ENSG00000198952.10	ENST00000361813.5	4559
14627	SMG6	ENSG00000070366.16	ENST00000263073.11	5974
14628	SMG7	ENSG00000116698.24	ENST00000688051.1	5946
14629	SMG8	ENSG00000167447.15	ENST00000300917.10	3221
14630	SMG9	ENSG00000105771.16	ENST00000270066.11	5491
14631	SMIM11	ENSG00000205670.14	ENST00000399292.8	840
14632	SMIM12	ENSG00000163866.11	ENST00000521580.3	5694
14633	SMIM14	ENSG00000163683.14	ENST00000295958.10	6252
14634	SMIM15	ENSG00000188725.10	ENST00000339020.8	2888
14635	SMIM19	ENSG00000176209.14	ENST00000417410.7	3704
14636	SMIM21	ENSG00000206026.7	ENST00000579022.5	1834
14637	SMIM3	ENSG00000256235.5	ENST00000526627.2	1521
14638	UQCC5	ENSG00000168273.10	ENST00000477703.6	1769
14639	SMIM7	ENSG00000214046.11	ENST00000487416.7	1360
14640	SMIM8	ENSG00000111850.13	ENST00000392863.6	2438
14641	SMN1	ENSG00000172062.19	ENST00000380707.9	1482
14642	SMN2	ENSG00000205571.17	ENST00000380743.9	1482
14643	SMNDC1	ENSG00000119953.16	ENST00000369603.10	4310
14644	SMO	ENSG00000128602.13	ENST00000249373.8	3977
14645	SMOC1	ENSG00000198732.13	ENST00000361956.8	3679
14646	SMOC2	ENSG00000112562.22	ENST00000356284.7	3082
14647	SMOX	ENSG00000088826.20	ENST00000305958.9	2164
14648	SMPD1	ENSG00000166311.12	ENST00000342245.9	2410
14649	SMPD2	ENSG00000135587.11	ENST00000258052.8	1684
14650	SMPD3	ENSG00000103056.14	ENST00000219334.10	5271
14651	SMPD4	ENSG00000136699.22	ENST00000680298.1	3749
14652	SMPDL3A	ENSG00000172594.15	ENST00000368440.5	1763
14653	SMPDL3B	ENSG00000130768.17	ENST00000373894.8	1866
14654	SMPX	ENSG00000091482.10	ENST00000379494.4	885
14655	SMR3A	ENSG00000109208.5	ENST00000226460.5	666
14656	SMR3B	ENSG00000171201.12	ENST00000304915.8	732
14657	SMS	ENSG00000102172.18	ENST00000404933.7	1703
14658	SMTN	ENSG00000183963.21	ENST00000333137.12	3296
14659	SMTNL1	ENSG00000214872.10	ENST00000527972.6	1695
14660	SMTNL2	ENSG00000188176.14	ENST00000389313.9	2295
14661	SMU1	ENSG00000122692.11	ENST00000397149.4	7136
14662	SMUG1	ENSG00000123415.18	ENST00000682136.1	2681
14663	SMURF1	ENSG00000198742.12	ENST00000361368.7	5668
14664	SMURF2	ENSG00000108854.18	ENST00000262435.14	6240
14665	SMYD1	ENSG00000115593.17	ENST00000419482.7	4385
14666	SMYD2	ENSG00000143499.16	ENST00000366957.10	1745
14667	SMYD3	ENSG00000185420.20	ENST00000490107.6	1565
14668	SMYD4	ENSG00000186532.14	ENST00000305513.12	4405
14669	SMYD5	ENSG00000135632.14	ENST00000389501.9	2554
14670	SNAI1	ENSG00000124216.5	ENST00000244050.3	1705
14671	SNAI2	ENSG00000019549.14	ENST00000020945.4	2180
14672	SNAI3	ENSG00000185669.7	ENST00000332281.6	1740
14673	SNAP23	ENSG00000092531.12	ENST00000249647.8	2310
14674	SNAP25	ENSG00000132639.17	ENST00000254976.7	2053
14675	SNAP29	ENSG00000099940.14	ENST00000215730.12	4259
14676	SNAP47	ENSG00000143740.17	ENST00000617596.5	1923
14677	SNAP91	ENSG00000065609.17	ENST00000369694.7	4422
14678	SNAPC1	ENSG00000023608.7	ENST00000216294.5	2593
14679	SNAPC2	ENSG00000104976.15	ENST00000221573.11	1520
14680	SNAPC3	ENSG00000164975.18	ENST00000380821.8	3000
14681	SNAPC4	ENSG00000165684.8	ENST00000684778.1	4693
14682	SNAPC5	ENSG00000174446.14	ENST00000316634.6	1296
14683	SNAPIN	ENSG00000143553.13	ENST00000368685.6	1003
14684	SNCA	ENSG00000145335.19	ENST00000394991.8	3177
14685	SNCAIP	ENSG00000064692.22	ENST00000261368.13	3577
14686	SNCB	ENSG00000074317.13	ENST00000393693.7	1398
14687	SNCG	ENSG00000173267.16	ENST00000372017.4	756
14688	SND1	ENSG00000197157.13	ENST00000354725.8	3448
14689	SNED1	ENSG00000162804.17	ENST00000310397.13	8394
14690	SNF8	ENSG00000159210.12	ENST00000502492.6	2044
14691	SNIP1	ENSG00000163877.12	ENST00000296215.8	4554
14692	SNN	ENSG00000184602.8	ENST00000329565.6	3264
14693	SNPH	ENSG00000101298.17	ENST00000381867.6	5593
14694	SNRK	ENSG00000163788.16	ENST00000296088.12	5188
14695	SNRNP200	ENSG00000144028.17	ENST00000323853.10	7194
14696	SNRNP25	ENSG00000161981.12	ENST00000293861.8	1087
14697	SNRNP27	ENSG00000124380.13	ENST00000244227.8	1425
14698	SNRNP35	ENSG00000184209.17	ENST00000526639.3	1477
14699	SNRNP40	ENSG00000060688.15	ENST00000263694.9	1615
14700	SNRNP48	ENSG00000168566.15	ENST00000342415.6	4174
14701	SNRNP70	ENSG00000104852.17	ENST00000598441.6	1671
14702	SNRPA	ENSG00000077312.11	ENST00000243563.8	1277
14703	SNRPA1	ENSG00000131876.20	ENST00000254193.11	1052
14704	SNRPB	ENSG00000125835.22	ENST00000381342.7	1082
14705	SNRPB2	ENSG00000125870.13	ENST00000246071.8	2411
14706	SNRPC	ENSG00000124562.12	ENST00000244520.10	806
14707	SNRPD1	ENSG00000167088.13	ENST00000300413.10	4858
14708	SNRPD2	ENSG00000125743.12	ENST00000342669.8	515
14709	SNRPD3	ENSG00000100028.14	ENST00000215829.8	3466
14710	SNRPE	ENSG00000182004.15	ENST00000414487.7	1560
14711	SNRPF	ENSG00000139343.13	ENST00000266735.10	452
14712	SNRPG	ENSG00000143977.16	ENST00000272348.7	594
14713	SNRPN	ENSG00000128739.25	ENST00000390687.9	1468
14714	SNTA1	ENSG00000101400.8	ENST00000217381.3	2211
14715	SNTB1	ENSG00000172164.16	ENST00000517992.2	4941
14716	SNTB2	ENSG00000168807.19	ENST00000336278.9	9754
14717	SNTG1	ENSG00000147481.18	ENST00000642720.2	6344
14718	SNTG2	ENSG00000172554.14	ENST00000308624.10	1907
14719	SNTN	ENSG00000188817.9	ENST00000343837.8	1574
14720	SNUPN	ENSG00000169371.16	ENST00000308588.10	1420
14721	SNURF	ENSG00000273173.7	ENST00000577949.6	1062
14722	SNW1	ENSG00000100603.16	ENST00000261531.12	2129
14723	SNX1	ENSG00000028528.17	ENST00000559844.6	8214
14724	SNX10	ENSG00000086300.19	ENST00000338523.9	2665
14725	SNX11	ENSG00000002919.17	ENST00000359238.7	2992
14726	SNX12	ENSG00000147164.14	ENST00000374274.8	2286
14727	SNX13	ENSG00000071189.23	ENST00000428135.7	6357
14728	SNX14	ENSG00000135317.16	ENST00000314673.8	3452
14729	SNX15	ENSG00000110025.15	ENST00000377244.8	1908
14730	SNX16	ENSG00000104497.17	ENST00000345957.9	3109
14731	SNX17	ENSG00000115234.13	ENST00000233575.7	2357
14732	SNX18	ENSG00000178996.16	ENST00000381410.5	5223
14733	SNX19	ENSG00000120451.12	ENST00000265909.9	15691
14734	SNX2	ENSG00000205302.9	ENST00000379516.7	6479
14735	SNX20	ENSG00000167208.18	ENST00000330943.9	2860
14736	SNX21	ENSG00000124104.20	ENST00000491381.6	3206
14737	SNX22	ENSG00000157734.16	ENST00000325881.9	3600
14738	SNX24	ENSG00000064652.13	ENST00000261369.9	1987
14739	SNX25	ENSG00000109762.19	ENST00000652585.2	3745
14740	SNX27	ENSG00000143376.16	ENST00000458013.7	6441
14741	SNX29	ENSG00000048471.16	ENST00000566228.6	8173
14742	SNX3	ENSG00000112335.17	ENST00000230085.13	1535
14743	SNX30	ENSG00000148158.19	ENST00000374232.8	7700
14744	SNX31	ENSG00000174226.11	ENST00000311812.7	2450
14745	SNX32	ENSG00000172803.20	ENST00000308342.7	1681
14746	SNX33	ENSG00000173548.10	ENST00000308527.6	8002
14747	SNX4	ENSG00000114520.13	ENST00000251775.9	2512
14748	SNX5	ENSG00000089006.19	ENST00000377759.9	2341
14749	SNX6	ENSG00000129515.22	ENST00000362031.10	3282
14750	SNX7	ENSG00000162627.19	ENST00000306121.8	1736
14751	SNX8	ENSG00000106266.13	ENST00000222990.8	4704
14752	SNX9	ENSG00000130340.19	ENST00000392185.8	4216
14753	SOAT1	ENSG00000057252.15	ENST00000367619.8	6840
14754	SOAT2	ENSG00000167780.14	ENST00000301466.8	2073
14755	SOBP	ENSG00000112320.14	ENST00000317357.10	6225
14756	SOCS1	ENSG00000185338.9	ENST00000332029.4	1238
14757	SOCS2	ENSG00000120833.16	ENST00000551556.2	2386
14758	SOCS3	ENSG00000184557.6	ENST00000330871.3	2734
14759	SOCS4	ENSG00000180008.11	ENST00000555846.2	6903
14760	SOCS5	ENSG00000171150.11	ENST00000394861.3	4766
14761	SOCS6	ENSG00000170677.8	ENST00000397942.4	5703
14762	SOCS7	ENSG00000274211.7	ENST00000612932.6	8258
14763	SOD1	ENSG00000142168.17	ENST00000270142.11	895
14764	SOD2	ENSG00000291237.3	ENST00000538183.7	14167
14765	SOD3	ENSG00000109610.8	ENST00000382120.4	1416
14766	MTCL2	ENSG00000149639.17	ENST00000237536.9	14218
14767	MTCL1	ENSG00000168502.20	ENST00000695636.1	7079
14768	MTCL3	ENSG00000214338.12	ENST00000525778.6	3996
14769	SOHLH1	ENSG00000165643.13	ENST00000425225.2	1368
14770	SOHLH2	ENSG00000120669.17	ENST00000379881.8	2125
14771	SON	ENSG00000159140.24	ENST00000356577.10	8393
14772	SORBS1	ENSG00000095637.25	ENST00000371247.7	7348
14773	SORBS2	ENSG00000154556.22	ENST00000695409.1	6774
14774	SORBS3	ENSG00000120896.16	ENST00000240123.12	3227
14775	SORCS1	ENSG00000108018.18	ENST00000263054.11	7444
14776	SORCS2	ENSG00000184985.18	ENST00000507866.6	6152
14777	SORCS3	ENSG00000156395.14	ENST00000369701.8	5575
14778	SORD	ENSG00000140263.17	ENST00000267814.14	4818
14779	SORL1	ENSG00000137642.15	ENST00000260197.12	10863
14780	SORT1	ENSG00000134243.14	ENST00000256637.8	6990
14781	SOS1	ENSG00000115904.17	ENST00000402219.8	8906
14782	SOS2	ENSG00000100485.14	ENST00000216373.10	5508
14783	SOST	ENSG00000167941.3	ENST00000301691.3	2296
14784	SOSTDC1	ENSG00000171243.9	ENST00000307068.5	1758
14785	SOWAHB	ENSG00000186212.4	ENST00000334306.4	3993
14786	SOWAHD	ENSG00000187808.5	ENST00000343905.5	1615
14787	SOX10	ENSG00000100146.22	ENST00000396884.8	2885
14788	SOX11	ENSG00000176887.7	ENST00000322002.5	9002
14789	SOX13	ENSG00000143842.17	ENST00000367204.6	4076
14790	SOX14	ENSG00000168875.3	ENST00000306087.3	2020
14791	SOX15	ENSG00000129194.9	ENST00000250055.3	1320
14792	SOX17	ENSG00000164736.7	ENST00000297316.5	2346
14793	SOX2	ENSG00000181449.4	ENST00000325404.3	2512
14794	SOX21	ENSG00000125285.6	ENST00000376945.4	2924
14795	SOX30	ENSG00000039600.13	ENST00000265007.11	3283
14796	SOX4	ENSG00000124766.7	ENST00000244745.4	4869
14797	SOX5	ENSG00000134532.21	ENST00000451604.7	7076
14798	SOX6	ENSG00000110693.21	ENST00000683767.1	9304
14799	SOX7	ENSG00000171056.9	ENST00000304501.2	3215
14800	SOX8	ENSG00000005513.12	ENST00000293894.4	3087
14801	SOX9	ENSG00000125398.10	ENST00000245479.3	3931
14802	SP1	ENSG00000185591.12	ENST00000327443.9	7680
14803	SP100	ENSG00000067066.19	ENST00000340126.9	5414
14804	SP110	ENSG00000135899.22	ENST00000258381.11	6192
14805	SP140	ENSG00000079263.21	ENST00000392045.8	3244
14806	SP140L	ENSG00000185404.19	ENST00000415673.7	2656
14807	SP2	ENSG00000167182.18	ENST00000376741.5	3026
14808	SP3	ENSG00000172845.19	ENST00000310015.12	11714
14809	SP4	ENSG00000105866.17	ENST00000222584.8	6077
14810	SP5	ENSG00000204335.5	ENST00000375281.4	2047
14811	SP6	ENSG00000189120.7	ENST00000536300.2	3824
14812	SP7	ENSG00000170374.6	ENST00000536324.4	3123
14813	SP8	ENSG00000164651.19	ENST00000418710.3	3626
14814	SP9	ENSG00000217236.3	ENST00000394967.3	2554
14815	SPA17	ENSG00000064199.9	ENST00000227135.7	3604
14816	SPACA1	ENSG00000118434.9	ENST00000237201.2	1453
14817	SPACA3	ENSG00000141316.13	ENST00000269053.8	839
14818	SPACA4	ENSG00000177202.4	ENST00000321762.3	973
14819	SPACA7	ENSG00000153498.13	ENST00000283550.8	759
14820	SPAG1	ENSG00000104450.15	ENST00000388798.7	3695
14821	SPAG11A	ENSG00000178287.19	ENST00000642566.2	551
14822	SPAG11B	ENSG00000164871.19	ENST00000398462.7	551
14823	SPAG16	ENSG00000144451.21	ENST00000331683.10	2102
14824	SPAG17	ENSG00000155761.15	ENST00000336338.10	7203
14825	SPAG4	ENSG00000061656.13	ENST00000374273.8	1561
14826	SPAG5	ENSG00000076382.19	ENST00000321765.10	3786
14827	SPAG6	ENSG00000077327.18	ENST00000376624.8	2568
14828	SPAG7	ENSG00000091640.10	ENST00000206020.8	1005
14829	SPAG8	ENSG00000137098.16	ENST00000396638.7	1716
14830	SPAG9	ENSG00000008294.24	ENST00000262013.12	8276
14831	SPAM1	ENSG00000106304.16	ENST00000682466.1	2037
14832	SPANXC	ENSG00000198573.7	ENST00000358993.3	408
14833	SPANXD	ENSG00000196406.4	ENST00000370515.3	682
14834	SPANXN1	ENSG00000203923.5	ENST00000370493.4	697
14835	SPANXN2	ENSG00000268988.3	ENST00000598475.2	707
14836	SPANXN3	ENSG00000189252.5	ENST00000370503.2	590
14837	SPANXN4	ENSG00000189326.6	ENST00000446864.2	452
14838	SPANXN5	ENSG00000204363.6	ENST00000375511.4	642
14839	SPARC	ENSG00000113140.13	ENST00000231061.9	3451
14840	SPARCL1	ENSG00000152583.15	ENST00000282470.11	2778
14841	SPAST	ENSG00000021574.17	ENST00000315285.9	5268
14842	SPATA12	ENSG00000186451.4	ENST00000334325.2	2190
14843	SPATA13	ENSG00000182957.18	ENST00000382108.8	8454
14844	SPATA16	ENSG00000144962.8	ENST00000351008.4	2074
14845	SPATA17	ENSG00000162814.13	ENST00000366933.5	5798
14846	SPATA18	ENSG00000163071.13	ENST00000295213.9	4430
14847	SPATA19	ENSG00000166118.9	ENST00000299140.8	873
14848	SPATA2	ENSG00000158480.13	ENST00000289431.10	4043
14849	SPATA20	ENSG00000006282.24	ENST00000006658.11	2634
14850	SPATA21	ENSG00000187144.12	ENST00000335496.5	2015
14851	SPATA22	ENSG00000141255.14	ENST00000572969.6	1431
14852	SPATA25	ENSG00000149634.6	ENST00000372519.4	742
14853	SPATA2L	ENSG00000158792.18	ENST00000289805.10	2331
14854	SPATA31A1	ENSG00000204849.10	ENST00000377647.6	4259
14855	SPATA31A7	ENSG00000276040.5	ENST00000619167.2	4223
14856	SPATA31D1	ENSG00000214929.4	ENST00000344803.3	4830
14857	SPATA31E1	ENSG00000177992.10	ENST00000325643.6	4431
14858	SPATA32	ENSG00000184361.14	ENST00000331780.5	1266
14859	SPATA33	ENSG00000167523.16	ENST00000579310.6	1460
14860	SPATA4	ENSG00000150628.8	ENST00000280191.7	1142
14861	AFG2A	ENSG00000145375.11	ENST00000274008.5	8116
14862	AFG2B	ENSG00000171763.22	ENST00000305560.11	2561
14863	SPATA6	ENSG00000132122.14	ENST00000371847.8	5003
14864	SPATA6L	ENSG00000106686.20	ENST00000682582.1	3904
14865	SPATA7	ENSG00000042317.19	ENST00000393545.9	2000
14866	SPATA8	ENSG00000185594.8	ENST00000723770.1	879
14867	SPATA9	ENSG00000145757.17	ENST00000274432.13	1210
14868	SPATC1	ENSG00000186583.13	ENST00000377470.8	2170
14869	SPATC1L	ENSG00000160284.17	ENST00000291672.6	2304
14870	SPATS1	ENSG00000249481.9	ENST00000674044.1	4138
14871	SPATS2	ENSG00000123352.20	ENST00000552918.6	3240
14872	SPATS2L	ENSG00000196141.16	ENST00000409140.8	6212
14873	SPC24	ENSG00000161888.13	ENST00000592540.6	2290
14874	SPC25	ENSG00000152253.11	ENST00000282074.7	1342
14875	SPCS1	ENSG00000114902.16	ENST00000619898.5	3786
14876	SPCS2	ENSG00000118363.15	ENST00000263672.11	2691
14877	SPCS3	ENSG00000129128.14	ENST00000503362.2	4569
14878	SPDEF	ENSG00000124664.13	ENST00000374037.8	1910
14879	SPDL1	ENSG00000040275.19	ENST00000265295.9	2529
14880	SPDYA	ENSG00000163806.17	ENST00000334056.10	1817
14881	SPDYC	ENSG00000204710.4	ENST00000377185.3	1042
14882	SPDYE1	ENSG00000136206.5	ENST00000693451.1	3119
14883	SPDYE3	ENSG00000214300.8	ENST00000332397.6	3185
14884	SPDYE4	ENSG00000183318.13	ENST00000689094.1	2307
14885	SPECC1	ENSG00000128487.21	ENST00000395527.9	8255
14886	SPECC1L	ENSG00000100014.22	ENST00000314328.14	6763
14887	SPECC1L-ADORA2A	ENSG00000258555.6	ENST00000358654.2	6204
14888	SPEF1	ENSG00000101222.14	ENST00000379756.3	1580
14889	SPEF2	ENSG00000152582.16	ENST00000356031.8	5662
14890	SPEG	ENSG00000072195.16	ENST00000312358.12	10782
14891	SPEM1	ENSG00000181323.9	ENST00000323675.4	1018
14892	SPEN	ENSG00000065526.14	ENST00000375759.8	12385
14893	CBY2	ENSG00000174015.10	ENST00000310521.6	1605
14894	SPESP1	ENSG00000258484.6	ENST00000310673.4	1406
14895	SPG11	ENSG00000104133.18	ENST00000261866.12	7772
14896	SPART	ENSG00000133104.16	ENST00000438666.7	4900
14897	SPG21	ENSG00000090487.13	ENST00000204566.7	1799
14898	SPG7	ENSG00000197912.18	ENST00000645818.2	3076
14899	SPHK1	ENSG00000176170.16	ENST00000592299.6	1816
14900	SPHK2	ENSG00000063176.18	ENST00000245222.9	2748
14901	SPHKAP	ENSG00000153820.14	ENST00000392056.8	6954
14902	SPI1	ENSG00000066336.15	ENST00000378538.8	1374
14903	SPIB	ENSG00000269404.8	ENST00000595883.6	3792
14904	SPIC	ENSG00000166211.9	ENST00000551346.2	1217
14905	SPICE1	ENSG00000163611.13	ENST00000295872.8	5417
14906	SPIDR	ENSG00000164808.19	ENST00000297423.9	3625
14907	SPIN1	ENSG00000106723.19	ENST00000375859.4	4459
14908	SPIN2A	ENSG00000147059.11	ENST00000374906.4	1091
14909	SPIN2B	ENSG00000186787.12	ENST00000434397.3	1261
14910	SPIN3	ENSG00000204271.14	ENST00000374919.6	4445
14911	SPIN4	ENSG00000186767.7	ENST00000374884.3	4105
14912	SPINK1	ENSG00000164266.12	ENST00000296695.10	413
14913	SPINK13	ENSG00000214510.11	ENST00000398450.5	620
14914	SPINK14	ENSG00000196800.7	ENST00000356972.2	609
14915	SPINK2	ENSG00000128040.14	ENST00000506738.6	722
14916	SPINK4	ENSG00000122711.10	ENST00000379721.4	399
14917	SPINK5	ENSG00000133710.18	ENST00000256084.8	3651
14918	SPINK6	ENSG00000178172.7	ENST00000325630.3	485
14919	SPINK7	ENSG00000145879.12	ENST00000274565.5	554
14920	SPINK8	ENSG00000229453.5	ENST00000434006.3	812
14921	SPINK9	ENSG00000204909.8	ENST00000377906.2	456
14922	SPINT1	ENSG00000166145.17	ENST00000562057.6	2978
14923	SPINT2	ENSG00000167642.15	ENST00000301244.12	1688
14924	SPINT4	ENSG00000149651.4	ENST00000279058.4	516
14925	SPIRE1	ENSG00000134278.18	ENST00000409402.9	5638
14926	SPIRE2	ENSG00000204991.13	ENST00000378247.8	3268
14927	SPN	ENSG00000197471.14	ENST00000652691.1	7252
14928	SPNS1	ENSG00000169682.19	ENST00000311008.16	2205
14929	SPNS2	ENSG00000183018.11	ENST00000329078.8	3404
14930	SPNS3	ENSG00000182557.9	ENST00000355530.7	1877
14931	SPO11	ENSG00000054796.14	ENST00000371263.8	1789
14932	SPOCD1	ENSG00000134668.15	ENST00000360482.7	3933
14933	SPOCK1	ENSG00000152377.16	ENST00000394945.6	4824
14934	SPOCK2	ENSG00000107742.16	ENST00000373109.7	5224
14935	SPOCK3	ENSG00000196104.13	ENST00000357545.9	2884
14936	SPON2	ENSG00000159674.14	ENST00000290902.10	1579
14937	SPOP	ENSG00000121067.21	ENST00000504102.6	2850
14938	SPOPL	ENSG00000144228.12	ENST00000280098.9	6056
14939	SPP1	ENSG00000118785.17	ENST00000395080.8	1561
14940	SPP2	ENSG00000072080.13	ENST00000168148.8	1021
14941	SPPL2A	ENSG00000138600.13	ENST00000261854.10	7270
14942	SPPL2C	ENSG00000185294.7	ENST00000329196.7	2187
14943	SPPL3	ENSG00000157837.18	ENST00000353487.7	4135
14944	SPR	ENSG00000116096.9	ENST00000234454.6	1432
14945	SPRED1	ENSG00000166068.15	ENST00000299084.9	7270
14946	SPRED2	ENSG00000198369.12	ENST00000356388.9	4519
14947	SPRED3	ENSG00000188766.15	ENST00000691638.1	4790
14948	SPRN	ENSG00000203772.9	ENST00000685335.1	3185
14949	SPRR1A	ENSG00000169474.5	ENST00000368762.2	648
14950	SPRR1B	ENSG00000169469.10	ENST00000307098.5	619
14951	SPRR2A	ENSG00000241794.3	ENST00000392653.3	677
14952	SPRR2B	ENSG00000196805.9	ENST00000368755.3	676
14953	SPRR2D	ENSG00000163216.8	ENST00000360379.4	677
14954	SPRR2E	ENSG00000203785.10	ENST00000368750.8	679
14955	SPRR2F	ENSG00000244094.3	ENST00000468739.2	675
14956	SPRR2G	ENSG00000159516.10	ENST00000368748.5	589
14957	SPRR3	ENSG00000163209.16	ENST00000295367.5	900
14958	SPRR4	ENSG00000184148.4	ENST00000328051.3	751
14959	SPRTN	ENSG00000010072.18	ENST00000295050.12	3223
14960	SPRY1	ENSG00000164056.13	ENST00000651917.1	2603
14961	SPRY2	ENSG00000136158.14	ENST00000377104.4	2286
14962	SPRY3	ENSG00000168939.14	ENST00000695325.1	8931
14963	SPRY4	ENSG00000187678.12	ENST00000434127.3	4904
14964	SPRYD3	ENSG00000167778.11	ENST00000301463.9	2902
14965	SPRYD4	ENSG00000176422.15	ENST00000338146.7	10769
14966	SPRYD7	ENSG00000123178.18	ENST00000361840.8	3057
14967	SPSB1	ENSG00000171621.16	ENST00000328089.11	3106
14968	SPSB2	ENSG00000111671.12	ENST00000524270.6	1203
14969	SPSB3	ENSG00000162032.18	ENST00000566339.6	1535
14970	SPSB4	ENSG00000175093.7	ENST00000310546.3	2963
14971	SPTA1	ENSG00000163554.15	ENST00000643759.2	8018
14972	SPTAN1	ENSG00000197694.21	ENST00000372739.7	7875
14973	SPTB	ENSG00000070182.23	ENST00000644917.1	10177
14974	SPTBN1	ENSG00000115306.19	ENST00000356805.9	10211
14975	SPTBN2	ENSG00000173898.18	ENST00000533211.6	11136
14976	SPTBN5	ENSG00000137877.10	ENST00000320955.8	11699
14977	SPTLC1	ENSG00000090054.18	ENST00000262554.7	2783
14978	SPTLC2	ENSG00000100596.10	ENST00000216484.7	8034
14979	SPTLC3	ENSG00000172296.15	ENST00000399002.7	6191
14980	SPTSSA	ENSG00000165389.8	ENST00000298130.5	2662
14981	SPTSSB	ENSG00000196542.11	ENST00000620149.2	1734
14982	SPTY2D1	ENSG00000179119.16	ENST00000336349.6	5601
14983	SPZ1	ENSG00000164299.7	ENST00000296739.6	1841
14984	SQLE	ENSG00000104549.14	ENST00000265896.10	2962
14985	SQOR	ENSG00000137767.16	ENST00000260324.12	1701
14986	SQSTM1	ENSG00000161011.22	ENST00000389805.9	2840
14987	SRA1	ENSG00000213523.14	ENST00000336283.9	1328
14988	SRBD1	ENSG00000068784.15	ENST00000263736.5	3667
14989	SRC	ENSG00000197122.15	ENST00000373578.7	4644
14990	SRCAP	ENSG00000080603.19	ENST00000262518.9	11724
14991	SRCIN1	ENSG00000277363.5	ENST00000617146.5	7065
14992	SSC4D	ENSG00000146700.11	ENST00000275560.4	2800
14993	SRD5A1	ENSG00000145545.15	ENST00000274192.7	7035
14994	SRD5A3	ENSG00000128039.15	ENST00000264228.9	4061
14995	SREBF1	ENSG00000072310.20	ENST00000261646.11	4901
14996	SREBF2	ENSG00000198911.15	ENST00000361204.9	5237
14997	SREK1	ENSG00000153914.18	ENST00000334121.11	6699
14998	SREK1IP1	ENSG00000153006.18	ENST00000513458.9	6878
14999	SRF	ENSG00000112658.10	ENST00000265354.6	4231
15000	SRFBP1	ENSG00000151304.8	ENST00000339397.5	2855
15001	SRGAP1	ENSG00000196935.12	ENST00000355086.8	22920
15002	SRGAP3	ENSG00000196220.18	ENST00000383836.8	8923
15003	SRGN	ENSG00000122862.7	ENST00000242465.4	1217
15004	SRI	ENSG00000075142.16	ENST00000265729.7	1972
15005	SRL	ENSG00000185739.15	ENST00000399609.7	4214
15006	SRM	ENSG00000116649.12	ENST00000376957.7	1260
15007	SRMS	ENSG00000125508.5	ENST00000217188.2	4082
15008	SRP14	ENSG00000140319.13	ENST00000267884.11	1119
15009	SRP19	ENSG00000153037.17	ENST00000505459.6	2776
15010	SRP54	ENSG00000100883.15	ENST00000216774.11	2187
15011	SRP68	ENSG00000167881.17	ENST00000307877.7	2831
15012	SRP72	ENSG00000174780.19	ENST00000642900.1	3855
15013	SRP9	ENSG00000143742.16	ENST00000304786.12	1481
15014	SRPK1	ENSG00000096063.18	ENST00000373825.7	4348
15015	SRPK2	ENSG00000135250.19	ENST00000393651.8	3679
15016	SRPK3	ENSG00000184343.13	ENST00000370101.8	1960
15017	SRPRA	ENSG00000182934.14	ENST00000332118.11	2986
15018	SRPRB	ENSG00000144867.15	ENST00000678299.1	2576
15019	SRPX	ENSG00000101955.17	ENST00000378533.4	1846
15020	SRPX2	ENSG00000102359.9	ENST00000373004.5	6646
15021	SRR	ENSG00000167720.15	ENST00000344595.10	2482
15022	SRRD	ENSG00000100104.15	ENST00000215917.11	4020
15023	SRRM1	ENSG00000133226.21	ENST00000323848.14	3735
15024	SRRM2	ENSG00000167978.20	ENST00000301740.13	9044
15025	SRRM3	ENSG00000177679.17	ENST00000611745.2	3617
15026	SRRM4	ENSG00000139767.12	ENST00000267260.5	8431
15027	SRRM5	ENSG00000226763.5	ENST00000417606.3	2411
15028	SRRT	ENSG00000087087.22	ENST00000611405.5	2990
15029	SRSF1	ENSG00000136450.14	ENST00000258962.5	5343
15030	SRSF11	ENSG00000116754.16	ENST00000370949.2	3959
15031	SRSF12	ENSG00000154548.11	ENST00000452027.3	3589
15032	SRSF2	ENSG00000161547.19	ENST00000359995.10	1888
15033	SRSF3	ENSG00000112081.20	ENST00000373715.11	4228
15034	SRSF4	ENSG00000116350.20	ENST00000373795.7	2300
15035	SRSF5	ENSG00000100650.18	ENST00000557154.6	1496
15036	SRSF6	ENSG00000124193.18	ENST00000244020.5	4353
15037	SRSF7	ENSG00000115875.21	ENST00000313117.11	2356
15038	SRSF9	ENSG00000111786.12	ENST00000229390.8	1152
15039	SRXN1	ENSG00000271303.4	ENST00000381962.4	2528
15040	SRY	ENSG00000184895.8	ENST00000383070.2	828
15041	SS18	ENSG00000141380.16	ENST00000415083.7	3402
15042	SS18L1	ENSG00000184402.16	ENST00000331758.8	4549
15043	SS18L2	ENSG00000008324.14	ENST00000011691.6	2697
15044	SSB	ENSG00000138385.18	ENST00000260956.9	1650
15045	SSBP1	ENSG00000106028.13	ENST00000265304.11	677
15046	SSBP2	ENSG00000145687.19	ENST00000615665.5	8865
15047	SSBP3	ENSG00000157216.19	ENST00000610401.6	3252
15048	SSBP4	ENSG00000130511.18	ENST00000270061.12	1725
15049	SSC5D	ENSG00000179954.16	ENST00000389623.11	4977
15050	ITPRID2	ENSG00000138434.18	ENST00000431877.7	5308
15051	SSH1	ENSG00000084112.17	ENST00000326495.10	13034
15052	SSH2	ENSG00000141298.20	ENST00000540801.6	9484
15053	SSH3	ENSG00000172830.15	ENST00000308127.9	2781
15054	SSMEM1	ENSG00000165120.6	ENST00000297819.4	1160
15055	SSNA1	ENSG00000176101.14	ENST00000322310.10	863
15056	SSPN	ENSG00000123096.14	ENST00000242729.7	4533
15057	SSR1	ENSG00000124783.16	ENST00000244763.9	9661
15058	SSR2	ENSG00000163479.16	ENST00000295702.9	1108
15059	SSR3	ENSG00000114850.9	ENST00000265044.7	4236
15060	SSR4	ENSG00000180879.16	ENST00000370086.8	608
15061	SSRP1	ENSG00000149136.11	ENST00000278412.7	2831
15062	ZNRD2	ENSG00000173465.10	ENST00000309328.8	769
15063	SST	ENSG00000157005.5	ENST00000287641.4	607
15064	SSTR1	ENSG00000139874.8	ENST00000267377.3	4390
15065	SSTR2	ENSG00000180616.10	ENST00000357585.4	7685
15066	SSTR3	ENSG00000278195.4	ENST00000610913.2	4256
15067	SSTR4	ENSG00000132671.6	ENST00000255008.5	3926
15068	SSTR5	ENSG00000162009.12	ENST00000689027.1	2689
15069	SSU72	ENSG00000160075.14	ENST00000291386.4	1284
15070	SSUH2	ENSG00000125046.17	ENST00000544814.7	1650
15071	SSX1	ENSG00000126752.9	ENST00000376919.4	1223
15072	SSX2IP	ENSG00000117155.19	ENST00000342203.8	5752
15073	SSX3	ENSG00000165584.17	ENST00000298396.7	1270
15074	SSX4	ENSG00000268009.7	ENST00000595689.3	1209
15075	SSX4B	ENSG00000269791.7	ENST00000595235.6	1278
15076	SSX5	ENSG00000165583.17	ENST00000347757.6	1293
15077	SSX7	ENSG00000187754.9	ENST00000298181.6	1340
15078	ST13	ENSG00000100380.17	ENST00000216218.8	3212
15079	ST14	ENSG00000149418.13	ENST00000278742.6	3305
15080	ST18	ENSG00000147488.15	ENST00000689386.1	6302
15081	ST20	ENSG00000180953.11	ENST00000485386.1	529
15082	ST20-MTHFS	ENSG00000259332.3	ENST00000479961.1	859
15083	ST3GAL1	ENSG00000008513.19	ENST00000522652.6	6715
15084	ST3GAL2	ENSG00000157350.15	ENST00000342907.3	7920
15085	ST3GAL3	ENSG00000126091.23	ENST00000347631.8	2254
15086	ST3GAL4	ENSG00000110080.22	ENST00000444328.7	1810
15087	ST3GAL5	ENSG00000115525.20	ENST00000638572.2	4366
15088	ST3GAL6	ENSG00000064225.15	ENST00000483910.6	3198
15089	DENND2B	ENSG00000166444.21	ENST00000313726.11	4341
15090	ST6GAL1	ENSG00000073849.18	ENST00000169298.8	4604
15091	ST6GAL2	ENSG00000144057.18	ENST00000409382.8	6800
15092	ST6GALNAC1	ENSG00000070526.17	ENST00000156626.12	2489
15093	ST6GALNAC2	ENSG00000070731.13	ENST00000225276.10	1904
15094	ST6GALNAC3	ENSG00000184005.13	ENST00000328299.4	6836
15095	ST6GALNAC4	ENSG00000136840.21	ENST00000335791.10	1706
15096	ST6GALNAC5	ENSG00000117069.17	ENST00000477717.6	5547
15097	ST6GALNAC6	ENSG00000160408.18	ENST00000373146.6	2410
15098	ST7	ENSG00000004866.24	ENST00000323984.8	2093
15099	ST7L	ENSG00000007341.21	ENST00000358039.9	4255
15100	ST8SIA1	ENSG00000111728.13	ENST00000396037.9	9707
15101	ST8SIA2	ENSG00000140557.14	ENST00000268164.8	5655
15102	ST8SIA3	ENSG00000177511.7	ENST00000324000.4	10087
15103	ST8SIA4	ENSG00000113532.15	ENST00000231461.10	6321
15104	ST8SIA5	ENSG00000101638.16	ENST00000315087.12	13897
15105	ST8SIA6	ENSG00000148488.18	ENST00000377602.5	6994
15106	STAB1	ENSG00000010327.12	ENST00000321725.10	7928
15107	STAB2	ENSG00000136011.16	ENST00000388887.7	8243
15108	STAC	ENSG00000144681.13	ENST00000273183.8	3067
15109	STAC2	ENSG00000141750.9	ENST00000333461.6	3430
15110	STAC3	ENSG00000185482.10	ENST00000332782.7	1645
15111	STAG1	ENSG00000118007.15	ENST00000383202.7	6062
15112	STAG2	ENSG00000101972.22	ENST00000371145.8	6179
15113	STAG3	ENSG00000066923.21	ENST00000615138.5	4199
15114	STAM	ENSG00000136738.17	ENST00000377524.8	3856
15115	STAM2	ENSG00000115145.12	ENST00000263904.5	5472
15116	STAMBP	ENSG00000124356.19	ENST00000394070.7	6746
15117	STAMBPL1	ENSG00000138134.14	ENST00000371926.8	2021
15118	STAP1	ENSG00000035720.10	ENST00000265404.7	1951
15119	STAP2	ENSG00000178078.14	ENST00000594605.6	1376
15120	STAR	ENSG00000147465.14	ENST00000276449.9	2565
15121	STARD10	ENSG00000214530.12	ENST00000334805.11	2330
15122	STARD13	ENSG00000133121.23	ENST00000336934.10	5915
15123	STARD3	ENSG00000131748.18	ENST00000336308.10	2770
15124	STARD3NL	ENSG00000010270.16	ENST00000009041.12	1703
15125	STARD4	ENSG00000164211.15	ENST00000296632.8	4631
15126	STARD5	ENSG00000172345.16	ENST00000302824.7	4887
15127	STARD6	ENSG00000174448.10	ENST00000307844.4	1018
15128	STARD7	ENSG00000084090.16	ENST00000337288.10	3377
15129	STARD8	ENSG00000130052.15	ENST00000374599.8	4943
15130	STAT1	ENSG00000115415.23	ENST00000361099.8	4116
15131	STAT2	ENSG00000170581.17	ENST00000314128.9	4405
15132	STAT3	ENSG00000168610.19	ENST00000264657.10	4921
15133	STAT4	ENSG00000138378.22	ENST00000392320.7	2560
15134	STAT5A	ENSG00000126561.20	ENST00000590949.6	3770
15135	STAT5B	ENSG00000173757.13	ENST00000293328.8	5079
15136	STAT6	ENSG00000166888.15	ENST00000300134.8	3963
15137	STATH	ENSG00000126549.11	ENST00000246895.9	679
15138	STAU1	ENSG00000124214.23	ENST00000371856.7	3651
15139	STAU2	ENSG00000040341.20	ENST00000524300.6	2970
15140	STC1	ENSG00000159167.13	ENST00000290271.7	3868
15141	STC2	ENSG00000113739.12	ENST00000265087.9	4254
15142	STEAP1	ENSG00000164647.11	ENST00000297205.7	1219
15143	STEAP1B	ENSG00000105889.18	ENST00000678116.1	1261
15144	STEAP2	ENSG00000157214.16	ENST00000394621.7	6984
15145	STEAP3	ENSG00000115107.22	ENST00000393110.7	4259
15146	STEAP4	ENSG00000127954.15	ENST00000380079.9	9991
15147	STH	ENSG00000256762.1	ENST00000537309.1	445
15148	STIL	ENSG00000123473.19	ENST00000371877.8	5019
15149	STIM1	ENSG00000167323.15	ENST00000526596.2	4168
15150	STIM2	ENSG00000109689.21	ENST00000467087.7	5004
15151	STIP1	ENSG00000168439.19	ENST00000305218.9	2140
15152	STK10	ENSG00000072786.15	ENST00000176763.10	5892
15153	STK11	ENSG00000118046.20	ENST00000326873.12	3293
15154	STK11IP	ENSG00000144589.24	ENST00000456909.6	3618
15155	STK16	ENSG00000115661.16	ENST00000396738.7	3118
15156	STK17A	ENSG00000164543.9	ENST00000319357.6	3918
15157	STK17B	ENSG00000081320.14	ENST00000263955.9	5273
15158	WHR1	ENSG00000204344.18	ENST00000685781.1	1211
15159	STK24	ENSG00000102572.17	ENST00000539966.6	9605
15160	STK25	ENSG00000115694.17	ENST00000316586.9	4515
15161	STK3	ENSG00000104375.19	ENST00000419617.7	2833
15162	STK31	ENSG00000196335.14	ENST00000355870.8	3274
15163	STK32A	ENSG00000169302.17	ENST00000397936.8	5333
15164	STK32B	ENSG00000152953.15	ENST00000282908.10	3535
15165	STK32C	ENSG00000165752.19	ENST00000298630.8	2096
15166	STK33	ENSG00000130413.18	ENST00000687296.1	2796
15167	STK35	ENSG00000125834.15	ENST00000381482.8	6469
15168	STK36	ENSG00000163482.14	ENST00000295709.8	4873
15169	STK38	ENSG00000112079.12	ENST00000229812.8	3585
15170	STK38L	ENSG00000211455.10	ENST00000389032.8	4957
15171	STK39	ENSG00000198648.14	ENST00000355999.5	3272
15172	STK4	ENSG00000101109.16	ENST00000372806.8	6366
15173	STK40	ENSG00000196182.13	ENST00000373132.4	3645
15174	STMN1	ENSG00000117632.25	ENST00000455785.7	1443
15175	STMN2	ENSG00000104435.16	ENST00000220876.12	1903
15176	STMN3	ENSG00000197457.12	ENST00000370053.3	2248
15177	STMN4	ENSG00000015592.19	ENST00000350889.9	2321
15178	STOM	ENSG00000148175.15	ENST00000286713.7	3145
15179	STOML1	ENSG00000067221.16	ENST00000541638.6	6280
15180	STOML2	ENSG00000165283.18	ENST00000356493.10	1365
15181	STOML3	ENSG00000133115.14	ENST00000379631.9	1886
15182	STON1	ENSG00000243244.9	ENST00000404752.6	5529
15183	STON1-GTF2A1L	ENSG00000068781.21	ENST00000394754.5	3824
15184	STON2	ENSG00000140022.16	ENST00000614646.5	10874
15185	STOX1	ENSG00000165730.18	ENST00000298596.11	3387
15186	STOX2	ENSG00000173320.14	ENST00000308497.9	10507
15187	STPG1	ENSG00000001460.20	ENST00000337248.9	2726
15188	STPG2	ENSG00000163116.11	ENST00000295268.4	1892
15189	STRA6	ENSG00000137868.21	ENST00000395105.9	2708
15190	STRA8	ENSG00000146857.6	ENST00000662584.2	1383
15191	STRADA	ENSG00000266173.9	ENST00000336174.12	2166
15192	STRADB	ENSG00000082146.15	ENST00000194530.8	2222
15193	STRAP	ENSG00000023734.13	ENST00000419869.7	1874
15194	STRBP	ENSG00000165209.21	ENST00000348403.10	6451
15195	STRC	ENSG00000242866.11	ENST00000450892.7	5515
15196	STRIP1	ENSG00000143093.17	ENST00000369795.8	3257
15197	STRIP2	ENSG00000128578.12	ENST00000249344.7	5116
15198	STRN	ENSG00000115808.15	ENST00000263918.9	14174
15199	STRN3	ENSG00000196792.14	ENST00000357479.10	4195
15200	STRN4	ENSG00000090372.16	ENST00000263280.11	3176
15201	STS	ENSG00000101846.11	ENST00000674429.1	6622
15202	STT3A	ENSG00000134910.16	ENST00000392708.9	4501
15203	STT3B	ENSG00000163527.13	ENST00000295770.4	4107
15204	STUB1	ENSG00000103266.13	ENST00000219548.9	1340
15205	STX10	ENSG00000104915.17	ENST00000587230.6	1304
15206	STX11	ENSG00000135604.13	ENST00000367568.5	5504
15207	STX12	ENSG00000117758.16	ENST00000373943.9	3034
15208	STX16	ENSG00000124222.25	ENST00000371141.8	4937
15209	STX16-NPEPL1	ENSG00000254995.4	ENST00000530122.1	3433
15210	STX17	ENSG00000136874.13	ENST00000259400.11	6885
15211	STX18	ENSG00000168818.12	ENST00000306200.7	2158
15212	STX19	ENSG00000178750.5	ENST00000315099.3	1149
15213	STX1A	ENSG00000106089.14	ENST00000222812.8	2102
15214	STX1B	ENSG00000099365.13	ENST00000215095.11	4674
15215	STX2	ENSG00000111450.17	ENST00000392373.7	3441
15216	STX3	ENSG00000166900.19	ENST00000337979.9	6154
15217	STX4	ENSG00000103496.17	ENST00000313843.8	1410
15218	STX5	ENSG00000162236.15	ENST00000294179.8	1794
15219	STX6	ENSG00000135823.15	ENST00000258301.6	4810
15220	STX7	ENSG00000079950.16	ENST00000367941.7	15845
15221	STX8	ENSG00000170310.17	ENST00000306357.9	830
15222	STXBP1	ENSG00000136854.28	ENST00000373299.5	3754
15223	STXBP2	ENSG00000076944.19	ENST00000221283.10	1885
15224	STXBP3	ENSG00000116266.13	ENST00000370008.4	2489
15225	STXBP4	ENSG00000166263.15	ENST00000376352.6	15590
15226	STXBP5	ENSG00000164506.18	ENST00000321680.11	9290
15227	STXBP5L	ENSG00000145087.16	ENST00000471454.6	9291
15228	STXBP6	ENSG00000168952.18	ENST00000323944.10	4190
15229	STYK1	ENSG00000060140.11	ENST00000075503.8	2771
15230	STYX	ENSG00000198252.14	ENST00000354586.5	4864
15231	STYXL1	ENSG00000127952.19	ENST00000359697.8	1411
15232	SUB1	ENSG00000113387.15	ENST00000265073.9	3449
15233	SUCLA2	ENSG00000136143.18	ENST00000646932.1	2111
15234	SUCLG1	ENSG00000163541.14	ENST00000393868.7	1270
15235	SUCLG2	ENSG00000172340.17	ENST00000307227.10	2350
15236	SUCNR1	ENSG00000198829.8	ENST00000362032.6	4181
15237	SUCO	ENSG00000094975.16	ENST00000263688.4	5625
15238	SUDS3	ENSG00000111707.14	ENST00000543473.2	4724
15239	SUFU	ENSG00000107882.14	ENST00000369902.8	5016
15240	SUGP1	ENSG00000105705.18	ENST00000247001.10	2566
15241	SUGP2	ENSG00000064607.19	ENST00000452918.7	6189
15242	SUGT1	ENSG00000165416.17	ENST00000310528.9	14161
15243	SULF1	ENSG00000137573.16	ENST00000402687.9	5662
15244	SULF2	ENSG00000196562.18	ENST00000688720.1	3808
15245	SULT1A1	ENSG00000196502.17	ENST00000314752.12	1569
15246	SULT1A2	ENSG00000197165.13	ENST00000335715.9	1031
15247	SULT1A3	ENSG00000261052.8	ENST00000338971.10	1355
15248	SULT1A4	ENSG00000213648.13	ENST00000360423.12	1356
15249	SULT1B1	ENSG00000173597.11	ENST00000310613.8	7018
15250	SULT1C2	ENSG00000198203.12	ENST00000251481.11	2539
15251	SULT1C3	ENSG00000196228.7	ENST00000681802.2	1244
15252	SULT1C4	ENSG00000198075.12	ENST00000272452.7	2850
15253	SULT1E1	ENSG00000109193.14	ENST00000226444.4	1773
15254	SULT2A1	ENSG00000105398.6	ENST00000222002.4	1904
15255	SULT2B1	ENSG00000088002.13	ENST00000201586.7	1196
15256	SULT4A1	ENSG00000130540.16	ENST00000330884.9	2478
15257	SULT6B1	ENSG00000138068.13	ENST00000535679.6	1057
15258	SUMF1	ENSG00000144455.16	ENST00000272902.10	2147
15259	SUMF2	ENSG00000129103.21	ENST00000434526.8	1990
15260	SUMO1	ENSG00000116030.19	ENST00000392246.7	1523
15261	SUMO2	ENSG00000188612.14	ENST00000420826.7	3166
15262	SUMO3	ENSG00000184900.18	ENST00000332859.11	1740
15263	SUMO4	ENSG00000177688.7	ENST00000326669.6	1017
15264	SUN1	ENSG00000164828.20	ENST00000401592.6	4010
15265	SUN2	ENSG00000100242.18	ENST00000689035.1	3960
15266	SUN3	ENSG00000164744.15	ENST00000297325.9	1425
15267	SUN5	ENSG00000167098.13	ENST00000356173.8	1252
15268	SUOX	ENSG00000139531.15	ENST00000266971.8	2319
15269	SUPT16H	ENSG00000092201.12	ENST00000216297.7	4433
15270	SUPT20H	ENSG00000102710.23	ENST00000350612.11	2923
15271	SUPT3H	ENSG00000196284.20	ENST00000371459.6	4211
15272	SUPT4H1	ENSG00000213246.8	ENST00000225504.8	1488
15273	SUPT5H	ENSG00000196235.16	ENST00000432763.7	3678
15274	SUPT6H	ENSG00000109111.17	ENST00000314616.11	6404
15275	SUPT7L	ENSG00000119760.18	ENST00000337768.10	4296
15276	SUPV3L1	ENSG00000156502.16	ENST00000359655.9	2477
15277	SURF1	ENSG00000148290.12	ENST00000371974.8	1092
15278	SURF2	ENSG00000148291.12	ENST00000371964.5	833
15279	SURF4	ENSG00000148248.16	ENST00000371989.8	2930
15280	SURF6	ENSG00000148296.9	ENST00000372022.6	4235
15281	SUSD1	ENSG00000106868.19	ENST00000374270.8	3015
15282	SUSD2	ENSG00000099994.13	ENST00000358321.4	3172
15283	SUSD3	ENSG00000157303.13	ENST00000375472.8	1196
15284	SUSD4	ENSG00000143502.18	ENST00000366878.9	2989
15285	SUSD5	ENSG00000173705.10	ENST00000309558.8	4602
15286	SUV39H1	ENSG00000101945.19	ENST00000376687.4	2736
15287	SUV39H2	ENSG00000152455.18	ENST00000354919.11	3059
15288	KMT5B	ENSG00000110066.17	ENST00000304363.9	5718
15289	KMT5C	ENSG00000133247.16	ENST00000255613.8	2286
15290	SUZ12	ENSG00000178691.14	ENST00000322652.10	4495
15291	SV2A	ENSG00000159164.12	ENST00000369146.8	4378
15292	SV2B	ENSG00000185518.14	ENST00000394232.6	12563
15293	SV2C	ENSG00000122012.15	ENST00000502798.7	10824
15294	SVEP1	ENSG00000165124.20	ENST00000374469.6	12205
15295	SVIL	ENSG00000197321.18	ENST00000355867.9	8306
15296	SVIP	ENSG00000198168.10	ENST00000354193.5	4479
15297	SVOP	ENSG00000166111.11	ENST00000610966.5	6641
15298	SVOPL	ENSG00000157703.17	ENST00000674285.1	2023
15299	SWAP70	ENSG00000133789.17	ENST00000318950.11	4884
15300	SWI5	ENSG00000175854.16	ENST00000418976.3	731
15301	SWSAP1	ENSG00000173928.6	ENST00000674460.1	921
15302	SWT1	ENSG00000116668.15	ENST00000367500.9	3838
15303	SYAP1	ENSG00000169895.8	ENST00000380155.4	6153
15304	SYBU	ENSG00000147642.19	ENST00000276646.14	3083
15305	SYCE1	ENSG00000171772.19	ENST00000343131.7	1255
15306	SYCE1L	ENSG00000205078.7	ENST00000378644.5	1057
15307	SYCE2	ENSG00000161860.10	ENST00000293695.8	1248
15308	SYCN	ENSG00000179751.8	ENST00000318438.7	576
15309	SYCP1	ENSG00000198765.13	ENST00000369522.8	3462
15310	SYCP2	ENSG00000196074.14	ENST00000357552.8	5541
15311	SYCP2L	ENSG00000153157.15	ENST00000283141.11	2909
15312	SYCP3	ENSG00000139351.16	ENST00000392924.2	1119
15313	SYDE1	ENSG00000105137.15	ENST00000342784.7	3252
15314	SYDE2	ENSG00000097096.12	ENST00000341460.6	5466
15315	SYF2	ENSG00000117614.12	ENST00000236273.9	1757
15316	SYK	ENSG00000165025.17	ENST00000375754.9	4973
15317	SYMPK	ENSG00000125755.22	ENST00000245934.12	4077
15318	SYN1	ENSG00000008056.16	ENST00000295987.13	3210
15319	SYN3	ENSG00000185666.17	ENST00000358763.7	7867
15320	SYNC	ENSG00000162520.17	ENST00000409190.8	3503
15321	SYNCRIP	ENSG00000135316.21	ENST00000369622.8	2754
15322	SYNDIG1	ENSG00000101463.8	ENST00000376862.4	2092
15323	SYNDIG1L	ENSG00000183379.11	ENST00000331628.8	2709
15324	SYNE1	ENSG00000131018.26	ENST00000367255.10	27708
15325	SYNE2	ENSG00000054654.21	ENST00000555002.6	21822
15326	SYNE3	ENSG00000176438.15	ENST00000682763.1	13557
15327	SYNE4	ENSG00000181392.19	ENST00000324444.9	1377
15328	SYNGAP1	ENSG00000197283.18	ENST00000646630.1	6015
15329	SYNGR1	ENSG00000100321.17	ENST00000328933.10	4383
15330	SYNGR2	ENSG00000108639.10	ENST00000225777.8	1495
15331	SYNGR3	ENSG00000127561.18	ENST00000248121.7	2026
15332	SYNGR4	ENSG00000105467.10	ENST00000344846.7	1042
15333	SYNJ1	ENSG00000159082.20	ENST00000674351.1	7068
15334	SYNJ2	ENSG00000078269.16	ENST00000355585.9	7402
15335	SYNJ2BP	ENSG00000213463.7	ENST00000256366.6	7057
15336	SYNM	ENSG00000182253.16	ENST00000336292.11	7353
15337	SYNPO	ENSG00000171992.15	ENST00000307662.5	5359
15338	SYNPO2	ENSG00000172403.12	ENST00000307142.9	7282
15339	SYNPO2L	ENSG00000166317.13	ENST00000394810.3	4873
15340	SYNPR	ENSG00000163630.12	ENST00000478300.6	2527
15341	SYNRG	ENSG00000275066.7	ENST00000612223.5	8141
15342	SYP	ENSG00000102003.14	ENST00000263233.9	2421
15343	SYPL1	ENSG00000008282.12	ENST00000455385.7	2130
15344	SYPL2	ENSG00000143028.11	ENST00000369872.4	3703
15345	SYS1	ENSG00000204070.12	ENST00000243918.10	2728
15346	SYS1-DBNDD2	ENSG00000254806.5	ENST00000458187.5	673
15347	SYT1	ENSG00000067715.17	ENST00000261205.9	4705
15348	SYT10	ENSG00000110975.9	ENST00000228567.7	4461
15349	SYT11	ENSG00000132718.11	ENST00000368324.5	5182
15350	SYT12	ENSG00000173227.16	ENST00000527043.6	3722
15351	SYT13	ENSG00000019505.9	ENST00000020926.8	5165
15352	SYT14	ENSG00000143469.22	ENST00000367019.6	12046
15353	SYT15	ENSG00000204176.16	ENST00000374321.9	5724
15354	SYT16	ENSG00000139973.20	ENST00000683842.1	14213
15355	SYT17	ENSG00000103528.19	ENST00000355377.7	3088
15356	SYT2	ENSG00000143858.14	ENST00000367268.5	7635
15357	SYT3	ENSG00000213023.13	ENST00000600079.6	2526
15358	SYT4	ENSG00000132872.14	ENST00000255224.8	3936
15359	SYT5	ENSG00000129990.17	ENST00000354308.8	3667
15360	SYT6	ENSG00000134207.18	ENST00000610222.3	4472
15361	SYT7	ENSG00000011347.12	ENST00000539008.6	7230
15362	SYT8	ENSG00000149043.18	ENST00000341958.4	1370
15363	SYT9	ENSG00000170743.18	ENST00000318881.11	4002
15364	SYTL1	ENSG00000142765.20	ENST00000616558.5	1936
15365	SYTL2	ENSG00000137501.20	ENST00000359152.10	8263
15366	SYTL3	ENSG00000164674.19	ENST00000611299.5	2851
15367	SYTL4	ENSG00000102362.18	ENST00000372989.6	3998
15368	SYTL5	ENSG00000147041.14	ENST00000297875.7	4751
15369	SYVN1	ENSG00000162298.21	ENST00000377190.8	3038
15370	SZRD1	ENSG00000055070.19	ENST00000401088.9	3480
15371	SZT2	ENSG00000198198.18	ENST00000634258.3	14136
15372	TBXT	ENSG00000164458.12	ENST00000366876.7	2230
15373	TAAR1	ENSG00000146399.4	ENST00000275216.3	2871
15374	TAAR2	ENSG00000146378.6	ENST00000367931.1	1056
15375	TAAR5	ENSG00000135569.5	ENST00000258034.4	1150
15376	TAAR6	ENSG00000146383.7	ENST00000275198.1	1038
15377	TAAR8	ENSG00000146385.2	ENST00000275200.2	1085
15378	TAB1	ENSG00000100324.16	ENST00000216160.11	3198
15379	TAB2	ENSG00000055208.22	ENST00000637181.2	4363
15380	TAB3	ENSG00000157625.18	ENST00000288422.4	6647
15381	TAC1	ENSG00000006128.14	ENST00000319273.10	1061
15382	TAC3	ENSG00000166863.15	ENST00000458521.7	804
15383	TAC4	ENSG00000176358.17	ENST00000436235.6	718
15384	TACC1	ENSG00000147526.22	ENST00000317827.9	7770
15385	TACC2	ENSG00000138162.21	ENST00000369005.6	9704
15386	TACC3	ENSG00000013810.23	ENST00000313288.9	2799
15387	TACO1	ENSG00000136463.11	ENST00000258975.7	1446
15388	TACR1	ENSG00000115353.12	ENST00000305249.10	4779
15389	TACR2	ENSG00000075073.17	ENST00000373306.5	2715
15390	TACR3	ENSG00000169836.6	ENST00000304883.3	5359
15391	TACSTD2	ENSG00000184292.7	ENST00000371225.4	1820
15392	TADA1	ENSG00000152382.8	ENST00000367874.5	2096
15393	TADA2A	ENSG00000276234.7	ENST00000615182.5	4236
15394	TADA2B	ENSG00000173011.13	ENST00000310074.8	4369
15395	TADA3	ENSG00000171148.16	ENST00000301964.7	1974
15396	TAF1	ENSG00000147133.20	ENST00000423759.6	7599
15397	TAF10	ENSG00000166337.12	ENST00000299424.9	5312
15398	TAF11	ENSG00000064995.21	ENST00000361288.9	1849
15399	TAF12	ENSG00000120656.16	ENST00000373824.9	1335
15400	TAF13	ENSG00000197780.12	ENST00000338366.6	814
15401	TAF15	ENSG00000270647.9	ENST00000605844.6	2162
15402	TAF1A	ENSG00000143498.20	ENST00000352967.9	1910
15403	TAF1B	ENSG00000115750.19	ENST00000263663.10	2267
15404	TAF1C	ENSG00000103168.19	ENST00000566732.6	3847
15405	TAF1D	ENSG00000166012.19	ENST00000448108.7	1632
15406	TAF1L	ENSG00000122728.6	ENST00000242310.4	6216
15407	TAF2	ENSG00000064313.14	ENST00000378164.7	5027
15408	TAF3	ENSG00000165632.10	ENST00000344293.6	4875
15409	TAF4	ENSG00000130699.20	ENST00000252996.9	4699
15410	TAF4B	ENSG00000141384.15	ENST00000269142.10	4751
15411	TAF5	ENSG00000148835.14	ENST00000369839.4	3259
15412	TAF5L	ENSG00000135801.13	ENST00000258281.7	3174
15413	TAF6	ENSG00000106290.18	ENST00000453269.7	2424
15414	TAF6L	ENSG00000162227.10	ENST00000294168.8	2023
15415	TAF7	ENSG00000178913.9	ENST00000313368.8	2295
15416	TAF7L	ENSG00000102387.17	ENST00000356784.2	2180
15417	TAF8	ENSG00000137413.18	ENST00000372977.8	6678
15418	TAF9	ENSG00000273841.8	ENST00000217893.10	1163
15419	TAF9B	ENSG00000187325.7	ENST00000341864.6	2657
15420	TAGAP	ENSG00000164691.21	ENST00000367066.8	3713
15421	TAGLN	ENSG00000149591.19	ENST00000392951.9	3786
15422	TAGLN2	ENSG00000158710.17	ENST00000368097.9	1375
15423	TAGLN3	ENSG00000144834.16	ENST00000478951.6	1129
15424	TAL1	ENSG00000162367.14	ENST00000691006.1	4641
15425	TAL2	ENSG00000186051.8	ENST00000334077.6	668
15426	TALDO1	ENSG00000177156.13	ENST00000319006.8	1199
15427	TAMM41	ENSG00000144559.13	ENST00000455809.6	1326
15428	TANC1	ENSG00000115183.17	ENST00000263635.8	7501
15429	TANC2	ENSG00000170921.17	ENST00000689528.1	12511
15430	TANGO2	ENSG00000183597.18	ENST00000327374.9	3509
15431	TANGO6	ENSG00000103047.10	ENST00000261778.2	4893
15432	TANK	ENSG00000136560.16	ENST00000392749.7	2098
15433	TAOK1	ENSG00000160551.14	ENST00000261716.8	12643
15434	TAOK2	ENSG00000149930.20	ENST00000308893.9	4937
15435	TAOK3	ENSG00000135090.16	ENST00000392533.8	4346
15436	TAP1	ENSG00000168394.15	ENST00000354258.5	2685
15437	TAP2	ENSG00000204267.21	ENST00000374897.4	5643
15438	TAPBP	ENSG00000231925.16	ENST00000434618.7	3450
15439	TAPBPL	ENSG00000139192.14	ENST00000266556.8	1781
15440	TAPT1	ENSG00000169762.19	ENST00000405303.7	4521
15441	TARBP1	ENSG00000059588.12	ENST00000040877.2	5206
15442	TARBP2	ENSG00000139546.13	ENST00000266987.7	1510
15443	TARDBP	ENSG00000120948.21	ENST00000240185.8	4185
15444	TARS1	ENSG00000113407.16	ENST00000265112.8	2672
15445	TARS2	ENSG00000143374.20	ENST00000369064.8	2727
15446	TARS3	ENSG00000185418.18	ENST00000335968.8	3481
15447	TAS1R1	ENSG00000173662.22	ENST00000333172.11	2764
15448	TAS1R2	ENSG00000179002.6	ENST00000375371.4	2520
15449	TAS1R3	ENSG00000169962.6	ENST00000339381.6	3475
15450	TAS2R1	ENSG00000169777.7	ENST00000382492.4	3005
15451	TAS2R10	ENSG00000121318.3	ENST00000240619.3	1140
15452	TAS2R13	ENSG00000212128.2	ENST00000390677.2	1637
15453	TAS2R14	ENSG00000212127.6	ENST00000537503.2	1854
15454	TAS2R16	ENSG00000128519.3	ENST00000249284.3	997
15455	TAS2R19	ENSG00000212124.2	ENST00000390673.2	1002
15456	TAS2R20	ENSG00000255837.2	ENST00000538986.2	2344
15457	TAS2R3	ENSG00000127362.2	ENST00000247879.2	1101
15458	TAS2R30	ENSG00000256188.3	ENST00000539585.1	1687
15459	TAS2R31	ENSG00000256436.1	ENST00000390675.2	1021
15460	TAS2R38	ENSG00000257138.1	ENST00000547270.1	1143
15461	TAS2R39	ENSG00000236398.2	ENST00000446620.1	1017
15462	TAS2R4	ENSG00000127364.4	ENST00000247881.4	5018
15463	TAS2R40	ENSG00000221937.4	ENST00000408947.4	1043
15464	TAS2R41	ENSG00000221855.1	ENST00000408916.1	924
15465	TAS2R42	ENSG00000186136.1	ENST00000334266.1	945
15466	TAS2R43	ENSG00000255374.3	ENST00000531678.1	1027
15467	TAS2R46	ENSG00000226761.3	ENST00000533467.1	930
15468	TAS2R5	ENSG00000127366.5	ENST00000247883.5	1151
15469	TAS2R50	ENSG00000212126.3	ENST00000506868.1	1000
15470	TAS2R60	ENSG00000185899.1	ENST00000332690.1	957
15471	TAS2R7	ENSG00000121377.2	ENST00000240687.2	1096
15472	TAS2R8	ENSG00000121314.3	ENST00000240615.3	1236
15473	TAS2R9	ENSG00000121381.4	ENST00000240691.4	1075
15474	TASP1	ENSG00000089123.18	ENST00000337743.9	2342
15475	TAT	ENSG00000198650.13	ENST00000355962.5	3945
15476	TATDN1	ENSG00000147687.21	ENST00000276692.11	1029
15477	TATDN2	ENSG00000157014.12	ENST00000448281.7	4937
15478	TATDN3	ENSG00000203705.13	ENST00000366974.9	2527
15479	TAX1BP1	ENSG00000106052.16	ENST00000396319.7	3423
15480	TAX1BP3	ENSG00000213977.10	ENST00000225525.4	1280
15481	TAFAZZIN	ENSG00000102125.19	ENST00000601016.6	1906
15482	TBATA	ENSG00000166220.15	ENST00000456372.4	1563
15483	TBC1D1	ENSG00000065882.20	ENST00000698857.1	5985
15484	TBC1D10A	ENSG00000099992.18	ENST00000215790.12	1972
15485	TBC1D10B	ENSG00000169221.16	ENST00000409939.8	3580
15486	TBC1D10C	ENSG00000175463.14	ENST00000542590.2	1796
15487	TBC1D12	ENSG00000108239.11	ENST00000225235.5	5637
15488	TBC1D13	ENSG00000107021.19	ENST00000372648.10	3855
15489	TBC1D14	ENSG00000132405.21	ENST00000409757.9	4947
15490	TBC1D15	ENSG00000121749.18	ENST00000485960.7	3157
15491	TBC1D16	ENSG00000167291.18	ENST00000310924.7	10960
15492	TBC1D17	ENSG00000104946.16	ENST00000221543.10	2095
15493	TBC1D19	ENSG00000109680.13	ENST00000264866.9	2967
15494	TBC1D2	ENSG00000095383.21	ENST00000465784.7	3265
15495	TBC1D20	ENSG00000125875.17	ENST00000354200.5	4446
15496	TBC1D21	ENSG00000167139.9	ENST00000300504.7	1270
15497	TBC1D22A	ENSG00000054611.16	ENST00000337137.9	3758
15498	TBC1D22B	ENSG00000065491.10	ENST00000373491.3	3462
15499	TBC1D23	ENSG00000036054.15	ENST00000394144.9	3697
15500	TBC1D24	ENSG00000162065.17	ENST00000646147.1	6611
15501	TBC1D25	ENSG00000068354.18	ENST00000376771.9	3785
15502	TBC1D26	ENSG00000214946.15	ENST00000437605.4	1841
15503	TBC1D28	ENSG00000189375.12	ENST00000405044.7	3224
15504	TBC1D29P	ENSG00000266733.8	ENST00000578471.3	1079
15505	TBC1D2B	ENSG00000167202.14	ENST00000300584.8	6126
15506	TBC1D3	ENSG00000274611.5	ENST00000620215.3	2077
15507	TBC1D31	ENSG00000156787.19	ENST00000287380.6	3478
15508	TBC1D32	ENSG00000146350.16	ENST00000398212.7	5101
15509	TBC1D3B	ENSG00000274808.6	ENST00000611257.5	2120
15510	TBC1D3C	ENSG00000278299.6	ENST00000622206.2	2105
15511	TBC1D3F	ENSG00000275954.6	ENST00000620210.2	2122
15512	TBC1D3G	ENSG00000260287.5	ENST00000569055.2	2065
15513	TBC1D4	ENSG00000136111.16	ENST00000377636.8	7588
15514	TBC1D5	ENSG00000131374.17	ENST00000696125.1	6500
15515	TBC1D7	ENSG00000145979.20	ENST00000379300.8	1282
15516	TBC1D8	ENSG00000204634.15	ENST00000409318.2	4190
15517	TBC1D8B	ENSG00000133138.22	ENST00000357242.10	5729
15518	TBC1D9	ENSG00000109436.10	ENST00000442267.3	5554
15519	TBC1D9B	ENSG00000197226.15	ENST00000355235.8	5155
15520	TBCA	ENSG00000171530.17	ENST00000380377.9	661
15521	TBCB	ENSG00000105254.14	ENST00000221855.8	987
15522	TBCC	ENSG00000124659.7	ENST00000372876.2	1606
15523	TBCCD1	ENSG00000113838.15	ENST00000338733.10	2700
15524	TBCD	ENSG00000141556.24	ENST00000355528.9	7159
15525	TBCE	ENSG00000284770.4	ENST00000642610.2	5374
15526	TBCEL	ENSG00000154114.15	ENST00000683345.1	5270
15527	TBCK	ENSG00000145348.19	ENST00000394708.7	7961
15528	TBK1	ENSG00000183735.13	ENST00000331710.10	3022
15529	TBKBP1	ENSG00000198933.13	ENST00000578982.6	3342
15530	TBL1X	ENSG00000101849.20	ENST00000645353.2	5818
15531	TBL1XR1	ENSG00000177565.21	ENST00000457928.7	8182
15532	TBL2	ENSG00000106638.20	ENST00000305632.11	4344
15533	TBL3	ENSG00000183751.18	ENST00000568546.6	6783
15534	TBP	ENSG00000112592.17	ENST00000392092.7	1857
15535	TBPL1	ENSG00000028839.11	ENST00000237264.9	4199
15536	TBPL2	ENSG00000182521.6	ENST00000247219.6	1368
15537	TBR1	ENSG00000136535.16	ENST00000389554.8	3806
15538	TBRG1	ENSG00000154144.15	ENST00000441174.8	5144
15539	TBRG4	ENSG00000136270.16	ENST00000258770.8	2226
15540	TBX1	ENSG00000184058.16	ENST00000649276.2	2048
15541	TBX10	ENSG00000167800.11	ENST00000335385.4	1751
15542	TBX15	ENSG00000092607.16	ENST00000369429.5	4042
15543	TBX18	ENSG00000112837.18	ENST00000369663.10	6430
15544	TBX19	ENSG00000143178.13	ENST00000367821.8	2985
15545	TBX2	ENSG00000121068.16	ENST00000240328.4	3433
15546	TBX20	ENSG00000164532.11	ENST00000408931.4	1824
15547	TBX21	ENSG00000073861.5	ENST00000177694.2	2583
15548	TBX22	ENSG00000122145.17	ENST00000373296.8	2363
15549	TBX3	ENSG00000135111.17	ENST00000349155.7	4733
15550	TBX4	ENSG00000121075.13	ENST00000644296.1	3394
15551	TBX5	ENSG00000089225.22	ENST00000405440.7	3733
15552	TBX6	ENSG00000149922.13	ENST00000395224.7	1843
15553	TBXA2R	ENSG00000006638.15	ENST00000375190.10	2642
15554	TBXAS1	ENSG00000059377.21	ENST00000448866.7	1923
15555	TC2N	ENSG00000165929.15	ENST00000435962.7	5158
15556	TCAIM	ENSG00000179152.22	ENST00000342649.9	3370
15557	TCAP	ENSG00000173991.7	ENST00000309889.3	960
15558	TCEA1	ENSG00000187735.18	ENST00000521604.7	2777
15559	TCEA2	ENSG00000171703.19	ENST00000343484.10	1182
15560	TCEA3	ENSG00000204219.13	ENST00000450454.7	1719
15561	TCEAL1	ENSG00000172465.16	ENST00000372625.8	1200
15562	TCEAL2	ENSG00000184905.11	ENST00000372780.6	1110
15563	TCEAL3	ENSG00000196507.13	ENST00000372627.10	1056
15564	TCEAL4	ENSG00000133142.21	ENST00000472484.6	1264
15565	TCEAL5	ENSG00000204065.5	ENST00000372680.2	1046
15566	TCEAL6	ENSG00000204071.11	ENST00000372774.8	1104
15567	TCEAL7	ENSG00000182916.10	ENST00000332431.5	1134
15568	TCEAL8	ENSG00000180964.19	ENST00000372685.8	1174
15569	TCEANC	ENSG00000176896.11	ENST00000696128.1	3251
15570	TCEANC2	ENSG00000116205.16	ENST00000234827.6	10429
15571	ELOC	ENSG00000154582.20	ENST00000520242.6	2015
15572	ELOB	ENSG00000103363.18	ENST00000409906.9	974
15573	ELOA	ENSG00000011007.15	ENST00000613537.5	4838
15574	ELOA2	ENSG00000206181.7	ENST00000332567.6	3095
15575	TCERG1	ENSG00000113649.16	ENST00000679501.2	4684
15576	TCERG1L	ENSG00000176769.11	ENST00000368642.4	2618
15577	TCF12	ENSG00000140262.20	ENST00000333725.10	6114
15578	TCF15	ENSG00000125878.8	ENST00000246080.4	1006
15579	TCF19	ENSG00000137310.15	ENST00000376257.8	3243
15580	TCF20	ENSG00000100207.22	ENST00000677622.1	7624
15581	TCF21	ENSG00000118526.9	ENST00000367882.5	1280
15582	TCF23	ENSG00000163792.8	ENST00000296096.6	4882
15583	TCF25	ENSG00000141002.22	ENST00000263346.13	2248
15584	TCF3	ENSG00000071564.21	ENST00000262965.12	4735
15585	TCF4	ENSG00000196628.22	ENST00000354452.8	8041
15586	TCF7	ENSG00000081059.22	ENST00000342854.10	3288
15587	TCF7L1	ENSG00000152284.7	ENST00000282111.4	2985
15588	TCF7L2	ENSG00000148737.20	ENST00000355995.9	4076
15589	TCFL5	ENSG00000101190.15	ENST00000335351.8	2625
15590	TCHH	ENSG00000159450.13	ENST00000614923.2	6985
15591	TCHHL1	ENSG00000182898.4	ENST00000368806.2	3606
15592	TCHP	ENSG00000139437.20	ENST00000405876.9	3096
15593	TCIRG1	ENSG00000110719.12	ENST00000265686.8	2668
15594	TCL1A	ENSG00000100721.12	ENST00000402399.6	1345
15595	TCL1B	ENSG00000213231.15	ENST00000340722.8	1142
15596	TCN1	ENSG00000134827.8	ENST00000257264.4	1486
15597	TCN2	ENSG00000185339.12	ENST00000215838.8	2192
15598	TCOF1	ENSG00000070814.24	ENST00000643257.2	5026
15599	TCP1	ENSG00000120438.14	ENST00000321394.12	2352
15600	TCP10L3	ENSG00000290751.2	ENST00000366827.6	2250
15601	TCP10L	ENSG00000242220.11	ENST00000300258.8	3805
15602	TCP10L2	ENSG00000166984.14	ENST00000697192.1	1666
15603	TCP11	ENSG00000124678.21	ENST00000311875.11	1855
15604	TCP11L1	ENSG00000176148.18	ENST00000334274.9	2649
15605	TCP11L2	ENSG00000166046.14	ENST00000299045.8	2277
15606	TCTA	ENSG00000145022.7	ENST00000273590.4	1930
15607	DRC5	ENSG00000146221.12	ENST00000371505.5	3086
15608	DYNLT2	ENSG00000184786.8	ENST00000366774.4	787
15609	DYNLT5	ENSG00000152760.12	ENST00000282670.7	2262
15610	DYNLT2B	ENSG00000213123.13	ENST00000325318.10	625
15611	DYNLT4	ENSG00000188396.6	ENST00000339355.3	869
15612	TCTN1	ENSG00000204852.19	ENST00000397659.9	2222
15613	TCTN2	ENSG00000168778.15	ENST00000303372.7	2908
15614	TCTN3	ENSG00000119977.24	ENST00000371217.10	2518
15615	TDG	ENSG00000139372.16	ENST00000392872.8	3183
15616	CRIPTO	ENSG00000241186.12	ENST00000296145.6	1956
15617	TDO2	ENSG00000151790.11	ENST00000536354.3	1700
15618	TDP1	ENSG00000042088.16	ENST00000335725.9	3722
15619	TDP2	ENSG00000111802.16	ENST00000378198.9	1935
15620	TDRD1	ENSG00000095627.12	ENST00000695399.1	8149
15621	TDRD10	ENSG00000163239.14	ENST00000368482.8	2331
15622	TDRD3	ENSG00000083544.18	ENST00000377881.8	2645
15623	TDRD5	ENSG00000162782.18	ENST00000444136.6	3745
15624	TDRD6	ENSG00000180113.17	ENST00000316081.11	8967
15625	TDRD7	ENSG00000196116.10	ENST00000355295.5	3688
15626	TDRD9	ENSG00000156414.22	ENST00000409874.9	4788
15627	TDRKH	ENSG00000182134.19	ENST00000368824.8	2792
15628	TDRP	ENSG00000180190.14	ENST00000324079.11	3088
15629	TEAD1	ENSG00000187079.21	ENST00000527636.7	9417
15630	TEAD2	ENSG00000074219.16	ENST00000593945.6	2175
15631	TEAD3	ENSG00000007866.23	ENST00000338863.13	2986
15632	TEAD4	ENSG00000197905.11	ENST00000359864.8	1710
15633	TEC	ENSG00000135605.15	ENST00000381501.8	3661
15634	TECPR1	ENSG00000205356.12	ENST00000447648.7	6545
15635	TECPR2	ENSG00000196663.18	ENST00000359520.12	8704
15636	TECR	ENSG00000099797.17	ENST00000215567.10	1139
15637	TECRL	ENSG00000205678.10	ENST00000381210.8	3561
15638	TECTA	ENSG00000109927.11	ENST00000392793.6	7353
15639	TECTB	ENSG00000119913.7	ENST00000646139.2	2900
15640	TEDDM1	ENSG00000203730.3	ENST00000367565.2	2551
15641	TEF	ENSG00000167074.17	ENST00000266304.9	4381
15642	TEFM	ENSG00000172171.13	ENST00000581216.6	1306
15643	TEK	ENSG00000120156.24	ENST00000380036.10	4683
15644	TEKT1	ENSG00000167858.14	ENST00000338694.7	3389
15645	TEKT2	ENSG00000092850.14	ENST00000207457.8	1490
15646	TEKT3	ENSG00000125409.14	ENST00000395930.6	1740
15647	TEKT4	ENSG00000163060.10	ENST00000295201.5	1512
15648	TEKT5	ENSG00000153060.8	ENST00000283025.7	1597
15649	TELO2	ENSG00000100726.17	ENST00000262319.11	3314
15650	TNS2	ENSG00000111077.20	ENST00000314250.11	4848
15651	TENM1	ENSG00000009694.15	ENST00000422452.4	13547
15652	TENM2	ENSG00000145934.18	ENST00000518659.6	10356
15653	TENM3	ENSG00000218336.11	ENST00000511685.6	10923
15654	TENM4	ENSG00000149256.16	ENST00000278550.12	14381
15655	TEP1	ENSG00000129566.15	ENST00000262715.10	10775
15656	SPMIP8	ENSG00000159648.13	ENST00000441824.4	1434
15657	TERF1	ENSG00000147601.17	ENST00000276603.10	3329
15658	TERF2	ENSG00000132604.13	ENST00000254942.8	2996
15659	TERF2IP	ENSG00000166848.9	ENST00000300086.5	2131
15660	TERT	ENSG00000164362.23	ENST00000310581.10	4039
15661	TES	ENSG00000135269.20	ENST00000358204.9	2736
15662	TESC	ENSG00000088992.20	ENST00000335209.12	989
15663	TESK1	ENSG00000107140.19	ENST00000336395.6	2530
15664	TESK2	ENSG00000070759.19	ENST00000372086.4	3071
15665	TESPA1	ENSG00000135426.18	ENST00000449076.6	4166
15666	TET1	ENSG00000138336.11	ENST00000373644.5	9612
15667	TET2	ENSG00000168769.16	ENST00000380013.9	9589
15668	TET3	ENSG00000187605.18	ENST00000409262.8	12060
15669	TEX10	ENSG00000136891.16	ENST00000374902.9	3077
15670	TEX101	ENSG00000131126.21	ENST00000598265.2	1138
15671	TEX11	ENSG00000120498.14	ENST00000374333.7	3012
15672	TEX12	ENSG00000150783.12	ENST00000280358.5	1144
15673	TEX13A	ENSG00000268629.8	ENST00000600991.6	1397
15674	TEX13B	ENSG00000170925.3	ENST00000302917.1	1248
15675	TEX14	ENSG00000121101.18	ENST00000349033.10	4797
15676	TEX15	ENSG00000133863.10	ENST00000643185.2	11476
15677	TEX19	ENSG00000182459.6	ENST00000333437.5	1935
15678	TEX2	ENSG00000136478.11	ENST00000584379.6	5244
15679	TEX22	ENSG00000226174.9	ENST00000451127.3	2616
15680	TEX26	ENSG00000175664.12	ENST00000380473.8	1523
15681	TEX261	ENSG00000144043.14	ENST00000272438.9	3365
15682	TEX264	ENSG00000164081.15	ENST00000341333.10	1320
15683	TEX29	ENSG00000153495.13	ENST00000283547.2	736
15684	TEX30	ENSG00000151287.19	ENST00000376032.9	1362
15685	CIMIP4	ENSG00000185264.13	ENST00000381821.2	1058
15686	TEX35	ENSG00000240021.11	ENST00000319416.7	992
15687	SPMIP9	ENSG00000172073.5	ENST00000303254.4	798
15688	CATSPERZ	ENSG00000219435.7	ENST00000328404.8	780
15689	TEX9	ENSG00000151575.17	ENST00000696102.1	2911
15690	TF	ENSG00000091513.18	ENST00000402696.9	20166
15691	TFAM	ENSG00000108064.13	ENST00000487519.6	5025
15692	TFAP2A	ENSG00000137203.15	ENST00000379613.10	3143
15693	TFAP2B	ENSG00000008196.14	ENST00000393655.4	5631
15694	TFAP2C	ENSG00000087510.9	ENST00000201031.3	2862
15695	TFAP2D	ENSG00000008197.5	ENST00000008391.4	2058
15696	TFAP2E	ENSG00000116819.10	ENST00000373235.4	2245
15697	TFAP4	ENSG00000090447.14	ENST00000204517.11	2163
15698	TFB1M	ENSG00000029639.13	ENST00000367166.5	2799
15699	TFB2M	ENSG00000162851.10	ENST00000366514.5	1784
15700	TFCP2	ENSG00000135457.13	ENST00000257915.10	3807
15701	TFCP2L1	ENSG00000115112.10	ENST00000263707.6	9287
15702	TFDP1	ENSG00000198176.15	ENST00000375370.10	2639
15703	TFDP2	ENSG00000114126.20	ENST00000489671.6	9880
15704	TFDP3	ENSG00000183434.10	ENST00000310125.5	1693
15705	TFE3	ENSG00000068323.19	ENST00000315869.8	3291
15706	TFEB	ENSG00000112561.21	ENST00000373033.6	2333
15707	TFEC	ENSG00000105967.18	ENST00000265440.12	6646
15708	TFF1	ENSG00000160182.4	ENST00000291527.3	492
15709	TFF2	ENSG00000160181.9	ENST00000291526.5	603
15710	TFF3	ENSG00000160180.19	ENST00000518498.3	867
15711	TFG	ENSG00000114354.17	ENST00000240851.9	1907
15712	TFIP11	ENSG00000100109.19	ENST00000407690.6	3539
15713	TFPI	ENSG00000003436.18	ENST00000233156.9	3859
15714	TFPI2	ENSG00000105825.16	ENST00000222543.11	2207
15715	TFPT	ENSG00000105619.16	ENST00000391759.6	1180
15716	TFR2	ENSG00000106327.15	ENST00000223051.8	2886
15717	TFRC	ENSG00000072274.16	ENST00000360110.9	5012
15718	TG	ENSG00000042832.13	ENST00000220616.9	8455
15719	TGDS	ENSG00000088451.13	ENST00000261296.7	1797
15720	TGFA	ENSG00000163235.18	ENST00000295400.11	4117
15721	TGFB1	ENSG00000105329.13	ENST00000221930.6	2780
15722	TGFB1I1	ENSG00000140682.21	ENST00000394863.8	1805
15723	TGFB2	ENSG00000092969.13	ENST00000366930.9	5868
15724	TGFB3	ENSG00000119699.10	ENST00000238682.8	3431
15725	TGFBI	ENSG00000120708.18	ENST00000442011.7	2712
15726	TGFBR1	ENSG00000106799.17	ENST00000374994.9	6492
15727	TGFBR2	ENSG00000163513.22	ENST00000295754.10	4530
15728	TGFBR3	ENSG00000069702.13	ENST00000212355.9	6339
15729	TGFBRAP1	ENSG00000135966.16	ENST00000393359.7	5680
15730	TGIF1	ENSG00000177426.24	ENST00000343820.10	3175
15731	TGIF2	ENSG00000118707.13	ENST00000373872.9	3416
15732	TGIF2-RAB5IF	ENSG00000259399.1	ENST00000558530.1	918
15733	TGIF2LX	ENSG00000153779.11	ENST00000283891.6	880
15734	TGIF2LY	ENSG00000176679.9	ENST00000321217.5	879
15735	TGM1	ENSG00000092295.14	ENST00000206765.11	2744
15736	TGM2	ENSG00000198959.14	ENST00000361475.7	4970
15737	TGM3	ENSG00000125780.13	ENST00000381458.6	2643
15738	TGM4	ENSG00000163810.13	ENST00000296125.9	3391
15739	TGM5	ENSG00000104055.18	ENST00000220420.10	2843
15740	TGM6	ENSG00000166948.10	ENST00000202625.7	2299
15741	TGM7	ENSG00000159495.8	ENST00000452443.3	2322
15742	TGOLN2	ENSG00000152291.17	ENST00000377386.8	6050
15743	TGS1	ENSG00000137574.13	ENST00000260129.6	4477
15744	TH	ENSG00000180176.17	ENST00000352909.8	1827
15745	THADA	ENSG00000115970.21	ENST00000405975.7	6091
15746	THAP1	ENSG00000131931.10	ENST00000254250.7	2161
15747	THAP10	ENSG00000129028.10	ENST00000249861.9	2047
15748	THAP11	ENSG00000168286.3	ENST00000303596.3	1876
15749	THAP2	ENSG00000173451.8	ENST00000308086.3	4432
15750	THAP3	ENSG00000041988.18	ENST00000054650.9	1361
15751	THAP4	ENSG00000176946.15	ENST00000407315.6	2076
15752	THAP5	ENSG00000177683.15	ENST00000415914.4	3384
15753	THAP6	ENSG00000174796.14	ENST00000311638.7	3549
15754	THAP7	ENSG00000184436.14	ENST00000215742.9	1913
15755	THAP8	ENSG00000161277.13	ENST00000292894.2	1349
15756	THAP9	ENSG00000168152.14	ENST00000302236.10	3825
15757	THBD	ENSG00000178726.7	ENST00000377103.3	4040
15758	THBS1	ENSG00000137801.13	ENST00000260356.6	7789
15759	THBS2	ENSG00000186340.19	ENST00000617924.6	5701
15760	THBS3	ENSG00000169231.15	ENST00000368378.7	3145
15761	THBS4	ENSG00000113296.16	ENST00000350881.6	3222
15762	SPMAP2	ENSG00000105549.11	ENST00000342640.9	1649
15763	THEM4	ENSG00000159445.15	ENST00000368814.8	4798
15764	THEM5	ENSG00000196407.12	ENST00000368817.10	1161
15765	THEM6	ENSG00000130193.10	ENST00000336138.4	2239
15766	THEMIS	ENSG00000172673.14	ENST00000368248.5	3837
15767	THEMIS2	ENSG00000130775.18	ENST00000373921.8	2713
15768	THG1L	ENSG00000113272.16	ENST00000231198.12	2885
15769	THNSL1	ENSG00000185875.15	ENST00000376356.5	3737
15770	THNSL2	ENSG00000144115.20	ENST00000674334.2	2082
15771	THOC1	ENSG00000079134.15	ENST00000261600.11	2108
15772	THOC2	ENSG00000125676.22	ENST00000245838.13	5600
15773	THOC5	ENSG00000100296.16	ENST00000490103.6	4728
15774	THOC6	ENSG00000131652.16	ENST00000326266.13	1411
15775	THOC7	ENSG00000163634.13	ENST00000295899.10	892
15776	THOP1	ENSG00000172009.17	ENST00000307741.11	4761
15777	THPO	ENSG00000090534.22	ENST00000647395.1	1918
15778	THRA	ENSG00000126351.15	ENST00000450525.7	5204
15779	THRAP3	ENSG00000054118.17	ENST00000354618.10	4405
15780	THRB	ENSG00000151090.22	ENST00000646209.2	7576
15781	THRSP	ENSG00000151365.4	ENST00000281030.2	1174
15782	THSD1	ENSG00000136114.19	ENST00000258613.5	3026
15783	THSD4	ENSG00000187720.16	ENST00000261862.8	9373
15784	THSD7A	ENSG00000005108.18	ENST00000423059.9	10655
15785	THSD7B	ENSG00000144229.13	ENST00000409968.6	6112
15786	THTPA	ENSG00000259431.7	ENST00000288014.7	2611
15787	THUMPD1	ENSG00000066654.16	ENST00000396083.7	4357
15788	THUMPD2	ENSG00000138050.17	ENST00000505747.6	2205
15789	THUMPD3	ENSG00000134077.18	ENST00000452837.7	3754
15790	THY1	ENSG00000154096.16	ENST00000284240.10	4502
15791	THYN1	ENSG00000151500.17	ENST00000341541.8	1304
15792	TIA1	ENSG00000116001.19	ENST00000433529.7	4634
15793	TIAL1	ENSG00000151923.20	ENST00000436547.7	3827
15794	TIAM1	ENSG00000156299.17	ENST00000541036.6	7218
15795	TIAM2	ENSG00000146426.21	ENST00000682666.1	6094
15796	TICAM1	ENSG00000127666.13	ENST00000248244.6	2684
15797	TICAM2	ENSG00000243414.8	ENST00000427199.3	3203
15798	TICRR	ENSG00000140534.16	ENST00000268138.12	6788
15799	TIE1	ENSG00000066056.17	ENST00000372476.8	3893
15800	TIFA	ENSG00000145365.14	ENST00000361717.4	4163
15801	TIFAB	ENSG00000255833.3	ENST00000537858.2	5867
15802	TIGD2	ENSG00000180346.6	ENST00000603357.3	3186
15803	TIGD3	ENSG00000173825.9	ENST00000309880.6	2028
15804	TIGD4	ENSG00000169989.5	ENST00000304337.3	2438
15805	TIGD5	ENSG00000179886.6	ENST00000504548.4	5394
15806	TIGD6	ENSG00000164296.9	ENST00000296736.4	3493
15807	TIGD7	ENSG00000140993.13	ENST00000396862.2	3421
15808	TIGIT	ENSG00000181847.14	ENST00000383671.8	2926
15809	TIMD4	ENSG00000145850.10	ENST00000274532.7	1330
15810	TIMELESS	ENSG00000111602.14	ENST00000553532.6	5158
15811	TIMM10	ENSG00000134809.11	ENST00000257245.9	668
15812	TIMM10B	ENSG00000132286.14	ENST00000254616.11	2788
15813	TIMM13	ENSG00000099800.10	ENST00000215570.8	1664
15814	TIMM17A	ENSG00000134375.13	ENST00000367287.5	1650
15815	TIMM17B	ENSG00000126768.15	ENST00000696123.1	818
15816	TIMM21	ENSG00000075336.14	ENST00000169551.11	3084
15817	TIMM22	ENSG00000177370.7	ENST00000327158.5	3182
15818	TIMM23	ENSG00000265354.6	ENST00000580018.4	1190
15819	TIMM44	ENSG00000104980.10	ENST00000270538.8	1843
15820	TIMM50	ENSG00000105197.13	ENST00000607714.6	5037
15821	TIMM8A	ENSG00000126953.10	ENST00000372902.4	1210
15822	TIMM8B	ENSG00000150779.13	ENST00000504148.3	780
15823	TIMM9	ENSG00000100575.16	ENST00000395159.7	1252
15824	TIMMDC1	ENSG00000113845.12	ENST00000494664.6	2379
15825	TIMP1	ENSG00000102265.14	ENST00000218388.9	769
15826	TIMP2	ENSG00000035862.15	ENST00000262768.11	3652
15827	TIMP3	ENSG00000100234.14	ENST00000266085.7	4597
15828	TIMP4	ENSG00000157150.7	ENST00000287814.5	1194
15829	TINAG	ENSG00000137251.16	ENST00000259782.9	1758
15830	TINAGL1	ENSG00000142910.18	ENST00000271064.12	2207
15831	TINF2	ENSG00000092330.21	ENST00000267415.12	1801
15832	TIPARP	ENSG00000163659.15	ENST00000295924.12	3861
15833	TIPIN	ENSG00000075131.12	ENST00000261881.9	1728
15834	TIPRL	ENSG00000143155.15	ENST00000367833.7	2998
15835	TIRAP	ENSG00000150455.17	ENST00000392679.6	2189
15836	TJAP1	ENSG00000137221.16	ENST00000372449.6	2699
15837	TJP1	ENSG00000104067.19	ENST00000614355.5	7190
15838	TJP2	ENSG00000119139.23	ENST00000377245.9	4503
15839	TJP3	ENSG00000105289.17	ENST00000541714.7	3076
15840	TK1	ENSG00000167900.15	ENST00000301634.12	1431
15841	TK2	ENSG00000166548.18	ENST00000544898.6	4824
15842	TKT	ENSG00000163931.19	ENST00000462138.6	2996
15843	TKTL1	ENSG00000007350.18	ENST00000369915.8	2518
15844	TKTL2	ENSG00000151005.5	ENST00000280605.5	2660
15845	TLCD1	ENSG00000160606.12	ENST00000292090.8	1042
15846	MEAK7	ENSG00000140950.18	ENST00000343629.11	5013
15847	TLDC2	ENSG00000101342.12	ENST00000217320.8	2076
15848	TLE1	ENSG00000196781.18	ENST00000376499.8	4135
15849	TLE2	ENSG00000065717.18	ENST00000262953.11	2812
15850	TLE3	ENSG00000140332.20	ENST00000451782.7	5736
15851	TLE4	ENSG00000106829.23	ENST00000376552.8	4886
15852	TLE6	ENSG00000104953.22	ENST00000246112.9	1977
15853	TLK1	ENSG00000198586.16	ENST00000431350.7	5723
15854	TLK2	ENSG00000146872.21	ENST00000346027.10	5640
15855	TLL1	ENSG00000038295.9	ENST00000061240.7	7291
15856	TLL2	ENSG00000095587.11	ENST00000357947.4	6769
15857	TLN1	ENSG00000137076.24	ENST00000314888.10	8623
15858	TLN2	ENSG00000171914.19	ENST00000636159.2	12023
15859	TLR1	ENSG00000174125.11	ENST00000308979.7	2851
15860	TLR10	ENSG00000174123.12	ENST00000308973.9	3991
15861	TLR2	ENSG00000137462.12	ENST00000642700.2	3596
15862	TLR3	ENSG00000164342.16	ENST00000296795.8	6015
15863	TLR4	ENSG00000136869.17	ENST00000355622.8	12677
15864	TLR5	ENSG00000187554.17	ENST00000642603.2	4235
15865	TLR6	ENSG00000174130.14	ENST00000508254.6	6698
15866	TLR7	ENSG00000196664.6	ENST00000380659.4	5003
15867	TLR8	ENSG00000101916.12	ENST00000218032.7	4216
15868	TLR9	ENSG00000239732.5	ENST00000360658.3	3352
15869	TLX1	ENSG00000107807.14	ENST00000370196.11	2111
15870	TLX1NB	ENSG00000236311.7	ENST00000747503.1	2241
15871	TLX2	ENSG00000115297.11	ENST00000233638.8	2171
15872	TLX3	ENSG00000164438.7	ENST00000296921.6	1534
15873	TM2D1	ENSG00000162604.15	ENST00000606498.5	969
15874	TM2D2	ENSG00000169490.19	ENST00000456397.7	3239
15875	TM2D3	ENSG00000184277.15	ENST00000333202.8	1395
15876	TM4SF1	ENSG00000169908.14	ENST00000305366.8	1555
15877	TM4SF18	ENSG00000163762.9	ENST00000296059.7	3727
15878	TM4SF19	ENSG00000145107.17	ENST00000273695.4	1026
15879	TM4SF20	ENSG00000168955.5	ENST00000304568.4	2414
15880	TM4SF4	ENSG00000169903.9	ENST00000305354.5	1491
15881	TM4SF5	ENSG00000142484.9	ENST00000270560.4	714
15882	TM6SF1	ENSG00000136404.18	ENST00000322019.14	1885
15883	TM6SF2	ENSG00000213996.15	ENST00000389363.5	1518
15884	TM7SF2	ENSG00000149809.19	ENST00000279263.14	1578
15885	TM7SF3	ENSG00000064115.13	ENST00000343028.9	4315
15886	TM9SF1	ENSG00000100926.17	ENST00000261789.9	2200
15887	TM9SF2	ENSG00000125304.12	ENST00000376387.5	3417
15888	TM9SF3	ENSG00000077147.18	ENST00000371142.9	6100
15889	TM9SF4	ENSG00000101337.18	ENST00000398022.7	3768
15890	TMA16	ENSG00000198498.12	ENST00000358572.10	1749
15891	TMA7	ENSG00000232112.5	ENST00000438607.2	561
15892	TMBIM1	ENSG00000135926.17	ENST00000258412.8	2292
15893	TMBIM4	ENSG00000155957.20	ENST00000358230.8	2876
15894	TMBIM6	ENSG00000139644.15	ENST00000267115.10	2837
15895	TMC1	ENSG00000165091.18	ENST00000297784.10	5340
15896	TMC2	ENSG00000149488.14	ENST00000358864.2	4999
15897	TMC3	ENSG00000188869.14	ENST00000359440.6	4770
15898	TMC4	ENSG00000167608.14	ENST00000619895.5	2362
15899	TMC5	ENSG00000103534.19	ENST00000542583.7	4685
15900	TMC6	ENSG00000141524.21	ENST00000590602.6	8387
15901	TMC7	ENSG00000170537.15	ENST00000304381.10	4401
15902	TMC8	ENSG00000167895.18	ENST00000318430.10	4426
15903	TMCC1	ENSG00000172765.21	ENST00000393238.8	6303
15904	TMCC2	ENSG00000133069.19	ENST00000358024.8	3968
15905	TMCC3	ENSG00000057704.15	ENST00000261226.9	5874
15906	TMCO1	ENSG00000143183.20	ENST00000367881.11	1912
15907	TMCO2	ENSG00000188800.7	ENST00000372766.4	696
15908	SLC9D1	ENSG00000150403.20	ENST00000434316.7	3058
15909	TMCO4	ENSG00000162542.16	ENST00000294543.11	2946
15910	TMCO5A	ENSG00000166069.16	ENST00000319669.5	1212
15911	TMCO6	ENSG00000113119.15	ENST00000394671.8	1865
15912	TMED1	ENSG00000099203.9	ENST00000214869.7	1633
15913	TMED10	ENSG00000170348.11	ENST00000303575.9	4109
15914	TMED2	ENSG00000086598.13	ENST00000262225.8	2544
15915	TMED3	ENSG00000166557.16	ENST00000299705.10	1418
15916	TMED4	ENSG00000158604.18	ENST00000457408.7	2294
15917	TMED5	ENSG00000117500.15	ENST00000370282.8	5789
15918	TMED6	ENSG00000157315.7	ENST00000288025.4	913
15919	TMED7	ENSG00000134970.16	ENST00000456936.4	3918
15920	TMED7-TICAM2	ENSG00000251201.8	ENST00000282382.8	3491
15921	TMED8	ENSG00000100580.10	ENST00000216468.8	7761
15922	TMED9	ENSG00000184840.14	ENST00000332598.7	2546
15923	TMEFF1	ENSG00000241697.7	ENST00000374879.5	2575
15924	TMEFF2	ENSG00000144339.14	ENST00000272771.10	2799
15925	TMEM100	ENSG00000166292.14	ENST00000424486.3	1755
15926	TMEM101	ENSG00000091947.12	ENST00000206380.8	1525
15927	TMEM102	ENSG00000181284.5	ENST00000323206.2	1981
15928	SLC38A12	ENSG00000109066.16	ENST00000335464.10	4703
15929	TMEM105	ENSG00000185332.9	ENST00000650606.1	3321
15930	TMEM106A	ENSG00000184988.10	ENST00000612339.4	3266
15931	TMEM106B	ENSG00000106460.22	ENST00000396668.8	12351
15932	TMEM106C	ENSG00000134291.14	ENST00000429772.7	1539
15933	TMEM107	ENSG00000179029.17	ENST00000437139.7	2263
15934	TMEM108	ENSG00000144868.16	ENST00000321871.11	3727
15935	TMEM109	ENSG00000110108.13	ENST00000227525.8	2129
15936	TMEM11	ENSG00000178307.12	ENST00000317635.6	958
15937	STIMATE	ENSG00000213533.15	ENST00000355083.11	4744
15938	STIMATE-MUSTN1	ENSG00000248592.7	ENST00000504329.1	1405
15939	TMEM115	ENSG00000126062.6	ENST00000266025.4	2107
15940	TMEM116	ENSG00000198270.16	ENST00000552374.7	1534
15941	TMEM117	ENSG00000139173.12	ENST00000266534.8	2775
15942	TMEM119	ENSG00000183160.11	ENST00000392806.4	2662
15943	TMEM120B	ENSG00000188735.14	ENST00000449592.7	7510
15944	TMEM121	ENSG00000184986.14	ENST00000392519.7	1548
15945	TMEM123	ENSG00000152558.17	ENST00000398136.7	3304
15946	TMEM125	ENSG00000179178.13	ENST00000439858.6	1797
15947	TMEM126A	ENSG00000171202.9	ENST00000304511.7	759
15948	TMEM126B	ENSG00000171204.14	ENST00000358867.11	1015
15949	TMEM127	ENSG00000135956.13	ENST00000258439.8	6271
15950	TMEM128	ENSG00000132406.14	ENST00000382753.5	1243
15951	TMEM129	ENSG00000168936.14	ENST00000382936.8	2803
15952	TMEM130	ENSG00000166448.17	ENST00000339375.9	2991
15953	TMEM131	ENSG00000075568.19	ENST00000186436.10	6701
15954	TMEM132A	ENSG00000006118.16	ENST00000453848.7	3498
15955	TMEM132B	ENSG00000139364.12	ENST00000682704.1	11325
15956	TMEM132C	ENSG00000181234.11	ENST00000435159.3	5176
15957	TMEM132D	ENSG00000151952.17	ENST00000422113.7	6135
15958	TMEM132E	ENSG00000181291.9	ENST00000631683.2	5806
15959	ARHGAP42	ENSG00000165895.20	ENST00000298815.13	8156
15960	TMEM134	ENSG00000172663.11	ENST00000308022.7	3551
15961	TMEM135	ENSG00000166575.19	ENST00000305494.6	8980
15962	TLCD5	ENSG00000181264.11	ENST00000375095.3	3980
15963	TMEM138	ENSG00000149483.15	ENST00000278826.11	1475
15964	TMEM139	ENSG00000178826.13	ENST00000359333.8	2375
15965	TMEM140	ENSG00000146859.8	ENST00000275767.3	1997
15966	TMEM141	ENSG00000244187.10	ENST00000290079.9	839
15967	TMEM143	ENSG00000161558.13	ENST00000293261.8	2263
15968	TMEM144	ENSG00000164124.13	ENST00000296529.11	3210
15969	TMEM145	ENSG00000167619.14	ENST00000301204.8	1797
15970	TMEM147	ENSG00000105677.14	ENST00000222284.10	868
15971	TMEM14A	ENSG00000096092.8	ENST00000211314.5	988
15972	TMEM14B	ENSG00000137210.16	ENST00000379542.10	929
15973	TMEM14C	ENSG00000111843.16	ENST00000229563.6	1016
15974	TMEM14EP	ENSG00000293032.1	ENST00000639378.1	1296
15975	TMEM150A	ENSG00000168890.16	ENST00000334462.10	1553
15976	TMEM150B	ENSG00000180061.11	ENST00000326652.9	983
15977	TMEM150C	ENSG00000249242.9	ENST00000449862.7	3178
15978	TMEM151A	ENSG00000179292.6	ENST00000327259.5	2538
15979	TMEM151B	ENSG00000178233.19	ENST00000451188.7	4911
15980	TMEM154	ENSG00000170006.15	ENST00000304385.8	10534
15981	TMEM156	ENSG00000121895.11	ENST00000381938.4	1923
15982	TMEM158	ENSG00000249992.2	ENST00000503771.2	1822
15983	LDAF1	ENSG00000011638.13	ENST00000233047.9	1717
15984	TMEM160	ENSG00000130748.8	ENST00000253047.7	655
15985	TMEM161A	ENSG00000064545.17	ENST00000162044.14	2251
15986	TMEM161B	ENSG00000164180.17	ENST00000296595.11	2750
15987	TMEM163	ENSG00000152128.15	ENST00000281924.6	1892
15988	TMEM164	ENSG00000157600.15	ENST00000372068.7	5570
15989	TMEM165	ENSG00000134851.15	ENST00000381334.10	1931
15990	TMEM167A	ENSG00000174695.11	ENST00000502346.2	4528
15991	TMEM167B	ENSG00000215717.9	ENST00000338272.9	2769
15992	TMEM168	ENSG00000146802.15	ENST00000312814.11	7276
15993	TMEM169	ENSG00000163449.13	ENST00000437356.7	3322
15994	TMEM17	ENSG00000186889.12	ENST00000335390.6	1654
15995	TMEM170A	ENSG00000166822.15	ENST00000561878.2	5028
15996	TMEM170B	ENSG00000205269.8	ENST00000379426.2	8891
15997	TMEM171	ENSG00000157111.15	ENST00000454765.7	1244
15998	STING1	ENSG00000184584.16	ENST00000330794.9	2170
15999	TMEM174	ENSG00000164325.8	ENST00000296776.6	1761
16000	TMEM175	ENSG00000127419.19	ENST00000264771.9	1787
16001	TMEM176A	ENSG00000002933.11	ENST00000004103.8	1033
16002	TMEM176B	ENSG00000106565.21	ENST00000326442.10	1115
16003	TMEM177	ENSG00000144120.15	ENST00000272521.7	1363
16004	TMEM178A	ENSG00000152154.14	ENST00000281961.3	1664
16005	TMEM179	ENSG00000258986.8	ENST00000556573.6	3348
16006	TMEM179B	ENSG00000185475.13	ENST00000333449.9	1043
16007	TMEM18	ENSG00000151353.18	ENST00000281017.8	6187
16008	SLC68A1	ENSG00000138111.16	ENST00000238936.8	2852
16009	TMEM181	ENSG00000146433.13	ENST00000684151.1	5103
16010	TMEM182	ENSG00000170417.17	ENST00000412401.3	3588
16011	TMEM183A	ENSG00000163444.14	ENST00000367242.4	3031
16012	TMEM184A	ENSG00000164855.18	ENST00000297477.10	6051
16013	TMEM184B	ENSG00000198792.15	ENST00000361906.8	3587
16014	TMEM184C	ENSG00000164168.10	ENST00000296582.8	4164
16015	TMEM185A	ENSG00000269556.10	ENST00000600449.8	2720
16016	TMEM185B	ENSG00000226479.4	ENST00000426077.3	5922
16017	TMEM186	ENSG00000184857.10	ENST00000333050.7	1439
16018	TMEM187	ENSG00000177854.10	ENST00000369982.5	1452
16019	PEDS1	ENSG00000240849.13	ENST00000371652.9	7703
16020	PEDS1-UBE2V1	ENSG00000124208.16	ENST00000341698.2	2757
16021	TMEM19	ENSG00000139291.16	ENST00000266673.10	5662
16022	TMEM190	ENSG00000160472.7	ENST00000291934.4	605
16023	TMEM192	ENSG00000170088.16	ENST00000306480.11	9953
16024	NEMP1	ENSG00000166881.12	ENST00000300128.9	5617
16025	TMEM196	ENSG00000173452.17	ENST00000405844.6	4274
16026	TMEM198	ENSG00000188760.13	ENST00000373883.4	2213
16027	VMA12	ENSG00000244045.15	ENST00000292114.8	3082
16028	CEMIP2	ENSG00000135048.16	ENST00000377044.9	6152
16029	TMEM200A	ENSG00000164484.14	ENST00000296978.4	3233
16030	TMEM200B	ENSG00000253304.4	ENST00000521452.2	2468
16031	TMEM201	ENSG00000188807.15	ENST00000340381.11	3815
16032	TMEM202	ENSG00000187806.10	ENST00000341689.4	1318
16033	TMEM203	ENSG00000187713.7	ENST00000343666.6	1567
16034	TMEM204	ENSG00000131634.16	ENST00000566264.2	1833
16035	TMEM205	ENSG00000105518.16	ENST00000354882.10	1256
16036	PACC1	ENSG00000065600.15	ENST00000261455.9	2469
16037	TMEM207	ENSG00000198398.3	ENST00000354905.3	1473
16038	TMEM208	ENSG00000168701.20	ENST00000304800.14	776
16039	TMEM209	ENSG00000146842.19	ENST00000397622.7	3455
16040	TMEM210	ENSG00000185863.9	ENST00000413619.3	590
16041	LHFPL7	ENSG00000206069.9	ENST00000640159.2	978
16042	TMEM213	ENSG00000214128.13	ENST00000442682.7	4125
16043	TMEM214	ENSG00000119777.22	ENST00000238788.14	2978
16044	TMEM215	ENSG00000188133.8	ENST00000342743.6	5342
16045	TMEM216	ENSG00000187049.13	ENST00000515837.7	1053
16046	TMEM217	ENSG00000172738.14	ENST00000651039.2	2009
16047	TMEM218	ENSG00000150433.12	ENST00000682305.1	3805
16048	TMEM219	ENSG00000149932.19	ENST00000279396.11	946
16049	TMEM220	ENSG00000187824.11	ENST00000341871.8	2813
16050	TMEM222	ENSG00000186501.17	ENST00000374076.9	1596
16051	TMEM223	ENSG00000168569.10	ENST00000307366.8	1273
16052	TMEM225	ENSG00000204300.8	ENST00000375026.7	1141
16053	TMEM229B	ENSG00000198133.11	ENST00000554480.6	4060
16054	TMEM230	ENSG00000089063.18	ENST00000202834.12	1435
16055	TMEM231	ENSG00000205084.14	ENST00000258173.11	4247
16056	TMEM234	ENSG00000160055.21	ENST00000309777.11	1107
16057	TMEM237	ENSG00000155755.21	ENST00000409883.7	5399
16058	TMEM239	ENSG00000198326.11	ENST00000380585.2	1571
16059	SLC35D4	ENSG00000134490.16	ENST00000383233.8	2994
16060	TMEM242	ENSG00000215712.13	ENST00000400788.9	4322
16061	TMEM243	ENSG00000135185.14	ENST00000257637.8	1062
16062	TMEM244	ENSG00000203756.9	ENST00000368143.6	589
16063	TMEM245	ENSG00000106771.15	ENST00000374586.8	7999
16064	PGAP4	ENSG00000165152.11	ENST00000374848.8	4225
16065	TMEM248	ENSG00000106609.18	ENST00000341567.8	4229
16066	CATSPERQ	ENSG00000261587.4	ENST00000696146.1	918
16067	TMEM25	ENSG00000149582.18	ENST00000313236.10	2420
16068	LYSET	ENSG00000153485.8	ENST00000415050.3	2373
16069	TMEM252	ENSG00000181778.6	ENST00000377311.4	1261
16070	TMEM254	ENSG00000133678.16	ENST00000372281.8	2041
16071	TMEM255A	ENSG00000125355.18	ENST00000371369.9	3350
16072	TMEM255B	ENSG00000184497.15	ENST00000375353.5	6117
16073	TMEM256	ENSG00000205544.6	ENST00000302422.4	446
16074	TMEM256-PLSCR3	ENSG00000262481.5	ENST00000573331.5	2557
16075	TMEM258	ENSG00000134825.18	ENST00000537328.6	578
16076	TMEM259	ENSG00000182087.16	ENST00000356663.8	2687
16077	TMEM26	ENSG00000196932.13	ENST00000399298.8	5087
16078	TMEM260	ENSG00000070269.16	ENST00000261556.11	4259
16079	DMAC1	ENSG00000137038.10	ENST00000358227.5	2456
16080	CLTRN	ENSG00000147003.9	ENST00000380342.4	1352
16081	TMEM30A	ENSG00000112697.19	ENST00000230461.11	4418
16082	TMEM30B	ENSG00000182107.7	ENST00000555868.2	3969
16083	TMEM31	ENSG00000179363.9	ENST00000319560.7	732
16084	TMEM33	ENSG00000109133.16	ENST00000504986.6	7404
16085	TMEM35A	ENSG00000126950.9	ENST00000372930.5	2039
16086	TMEM37	ENSG00000171227.9	ENST00000306406.5	1687
16087	TMEM38A	ENSG00000072954.9	ENST00000187762.7	2631
16088	TMEM38B	ENSG00000095209.14	ENST00000374692.8	3545
16089	TMEM39A	ENSG00000176142.15	ENST00000319172.10	4853
16090	TMEM39B	ENSG00000121775.20	ENST00000336294.10	1778
16091	TMEM40	ENSG00000088726.17	ENST00000314124.12	2025
16092	TMEM41A	ENSG00000163900.13	ENST00000421852.6	2805
16093	TMEM41B	ENSG00000166471.13	ENST00000528080.6	3798
16094	TMEM42	ENSG00000169964.10	ENST00000302392.5	977
16095	TMEM43	ENSG00000170876.11	ENST00000306077.5	3230
16096	TMEM44	ENSG00000145014.20	ENST00000347147.9	2342
16097	TMEM45A	ENSG00000181458.12	ENST00000323523.8	1567
16098	TMEM45B	ENSG00000151715.10	ENST00000281441.8	2205
16099	TMEM47	ENSG00000147027.6	ENST00000275954.4	4040
16100	RXYLT1	ENSG00000118600.15	ENST00000261234.11	1854
16101	TMEM50A	ENSG00000183726.13	ENST00000374358.5	2266
16102	TMEM50B	ENSG00000142188.19	ENST00000542230.7	2332
16103	TMEM51	ENSG00000171729.16	ENST00000376008.3	1971
16104	TMEM52	ENSG00000178821.15	ENST00000310991.8	935
16105	TMEM52B	ENSG00000165685.11	ENST00000543484.2	2759
16106	TMEM53	ENSG00000126106.15	ENST00000372237.8	2236
16107	TMEM54	ENSG00000121900.21	ENST00000373463.8	1030
16108	PIP4P2	ENSG00000155099.10	ENST00000285419.8	2759
16109	PIP4P1	ENSG00000165782.13	ENST00000250489.9	1821
16110	TLCD4	ENSG00000152078.12	ENST00000370203.9	6805
16111	MACO1	ENSG00000204178.13	ENST00000374343.5	3940
16112	TMEM59	ENSG00000116209.14	ENST00000234831.10	6457
16113	TMEM59L	ENSG00000105696.11	ENST00000262817.8	1621
16114	TMEM60	ENSG00000135211.8	ENST00000257663.4	877
16115	TMEM61	ENSG00000143001.8	ENST00000371268.4	1256
16116	TMEM62	ENSG00000137842.9	ENST00000260403.7	2707
16117	TMEM63A	ENSG00000196187.14	ENST00000366835.8	4109
16118	TMEM63B	ENSG00000137216.21	ENST00000323267.11	3284
16119	TMEM63C	ENSG00000165548.13	ENST00000298351.5	5363
16120	TMEM64	ENSG00000180694.16	ENST00000458549.7	4992
16121	TMEM65	ENSG00000164983.11	ENST00000297632.8	9038
16122	SARAF	ENSG00000133872.16	ENST00000256255.11	2020
16123	TMEM67	ENSG00000164953.18	ENST00000453321.8	4678
16124	TMEM68	ENSG00000167904.18	ENST00000434581.7	2573
16125	TMEM69	ENSG00000159596.9	ENST00000372025.5	1465
16126	TMEM70	ENSG00000175606.12	ENST00000312184.6	2032
16127	TMEM71	ENSG00000165071.17	ENST00000677595.1	2057
16128	TMEM72	ENSG00000187783.13	ENST00000389583.5	2880
16129	TMEM74	ENSG00000164841.7	ENST00000297459.4	6283
16130	TMEM74B	ENSG00000125895.8	ENST00000429036.2	1876
16131	TMEM79	ENSG00000163472.21	ENST00000405535.3	2155
16132	TMEM80	ENSG00000177042.18	ENST00000397510.9	1423
16133	TMEM81	ENSG00000174529.7	ENST00000367167.4	1332
16134	TMEM82	ENSG00000162460.9	ENST00000375782.2	1443
16135	TMEM86A	ENSG00000151117.10	ENST00000280734.3	3607
16136	TMEM86B	ENSG00000180089.8	ENST00000327042.5	1246
16137	TMEM87A	ENSG00000103978.19	ENST00000389834.9	2964
16138	TMEM87B	ENSG00000153214.13	ENST00000283206.9	5162
16139	TMEM88	ENSG00000167874.9	ENST00000301599.7	874
16140	TMEM89	ENSG00000183396.4	ENST00000330862.4	576
16141	PGAP6	ENSG00000129925.13	ENST00000431232.7	3672
16142	TMEM8B	ENSG00000137103.22	ENST00000643932.2	14670
16143	MYMK	ENSG00000187616.6	ENST00000339996.4	831
16144	TMEM9	ENSG00000116857.19	ENST00000367330.6	1994
16145	TMEM91	ENSG00000142046.17	ENST00000392002.7	1080
16146	TMEM92	ENSG00000167105.10	ENST00000507382.2	2693
16147	TMEM95	ENSG00000182896.14	ENST00000576060.6	1167
16148	TMEM97	ENSG00000109084.15	ENST00000226230.8	2463
16149	TMEM98	ENSG00000006042.14	ENST00000579849.6	4218
16150	KRT10-AS1	ENSG00000167920.13	ENST00000301665.10	2086
16151	TMEM9B	ENSG00000175348.13	ENST00000534025.6	1844
16152	TMF1	ENSG00000144747.19	ENST00000398559.7	6879
16153	TMIE	ENSG00000181585.7	ENST00000643606.3	1765
16154	TMIGD1	ENSG00000182271.15	ENST00000328886.5	1226
16155	TMIGD2	ENSG00000167664.11	ENST00000595645.6	1213
16156	TMLHE	ENSG00000185973.14	ENST00000334398.8	3952
16157	TMOD1	ENSG00000136842.16	ENST00000259365.9	3311
16158	TMOD2	ENSG00000128872.12	ENST00000249700.9	9150
16159	TMOD3	ENSG00000138594.16	ENST00000308580.12	8232
16160	TMOD4	ENSG00000163157.17	ENST00000295314.9	1232
16161	TMPO	ENSG00000120802.17	ENST00000556029.6	4136
16162	TMPPE	ENSG00000188167.10	ENST00000342462.5	4310
16163	TMPRSS11A	ENSG00000187054.18	ENST00000508048.6	3304
16164	TMPRSS11B	ENSG00000185873.8	ENST00000332644.6	2645
16165	TMPRSS11BNL	ENSG00000250026.6	ENST00000514295.5	1262
16166	TMPRSS11D	ENSG00000153802.12	ENST00000283916.11	2787
16167	TMPRSS11E	ENSG00000087128.11	ENST00000305363.9	2122
16168	TMPRSS11F	ENSG00000198092.6	ENST00000356291.3	2077
16169	TMPRSS12	ENSG00000186452.12	ENST00000398458.4	1457
16170	TMPRSS13	ENSG00000137747.18	ENST00000524993.6	3397
16171	TMPRSS15	ENSG00000154646.9	ENST00000284885.8	4076
16172	TMPRSS2	ENSG00000184012.16	ENST00000332149.10	3450
16173	TMPRSS3	ENSG00000160183.19	ENST00000644384.2	2396
16174	TMPRSS4	ENSG00000137648.22	ENST00000437212.8	5516
16175	TMPRSS5	ENSG00000166682.15	ENST00000299882.11	2168
16176	TMPRSS6	ENSG00000187045.21	ENST00000676104.1	3265
16177	TMPRSS7	ENSG00000176040.14	ENST00000452346.7	2827
16178	TMPRSS9	ENSG00000178297.16	ENST00000696167.1	3576
16179	TMSB10	ENSG00000034510.8	ENST00000233143.6	461
16180	TMSB15A	ENSG00000158164.9	ENST00000289373.5	634
16181	TMSB15B	ENSG00000158427.17	ENST00000540220.6	652
16182	TMSB4X	ENSG00000205542.13	ENST00000451311.7	622
16183	TMSB4Y	ENSG00000154620.7	ENST00000284856.4	1337
16184	TMTC1	ENSG00000133687.18	ENST00000539277.6	8846
16185	TMTC2	ENSG00000179104.10	ENST00000321196.8	5669
16186	TMTC3	ENSG00000139324.14	ENST00000266712.11	7192
16187	TMTC4	ENSG00000125247.18	ENST00000342624.10	3911
16188	TMUB1	ENSG00000164897.16	ENST00000297533.9	1295
16189	TMUB2	ENSG00000168591.18	ENST00000538716.7	2202
16190	TMX1	ENSG00000139921.15	ENST00000457354.7	4025
16191	TMX2	ENSG00000213593.13	ENST00000278422.9	1645
16192	TMX3	ENSG00000166479.12	ENST00000299608.7	4737
16193	TMX4	ENSG00000125827.11	ENST00000246024.7	6103
16194	TNC	ENSG00000041982.19	ENST00000350763.9	8500
16195	TNF	ENSG00000232810.6	ENST00000449264.3	1678
16196	TNFAIP1	ENSG00000109079.12	ENST00000226225.7	3570
16197	TNFAIP2	ENSG00000185215.13	ENST00000560869.6	4683
16198	TNFAIP3	ENSG00000118503.20	ENST00000612899.5	4665
16199	TNFAIP6	ENSG00000123610.6	ENST00000243347.5	1422
16200	TNFAIP8	ENSG00000145779.9	ENST00000504771.3	6976
16201	TNFAIP8L1	ENSG00000185361.11	ENST00000327473.9	3816
16202	TNFAIP8L2	ENSG00000163154.8	ENST00000368910.4	1158
16203	TNFAIP8L3	ENSG00000183578.9	ENST00000637513.2	2206
16204	TNFRSF10A	ENSG00000104689.12	ENST00000221132.8	2690
16205	TNFRSF10B	ENSG00000120889.15	ENST00000276431.9	3998
16206	TNFRSF10C	ENSG00000173535.17	ENST00000356864.4	1395
16207	TNFRSF10D	ENSG00000173530.8	ENST00000312584.4	3535
16208	TNFRSF11A	ENSG00000141655.20	ENST00000586569.3	8148
16209	TNFRSF11B	ENSG00000164761.11	ENST00000297350.9	2087
16210	TNFRSF12A	ENSG00000006327.16	ENST00000326577.9	977
16211	TNFRSF13B	ENSG00000240505.9	ENST00000261652.7	1391
16212	TNFRSF13C	ENSG00000159958.8	ENST00000291232.5	3923
16213	TNFRSF14	ENSG00000157873.20	ENST00000355716.5	1702
16214	TNFRSF17	ENSG00000048462.12	ENST00000053243.6	891
16215	TNFRSF18	ENSG00000186891.15	ENST00000379268.7	1083
16216	TNFRSF19	ENSG00000127863.18	ENST00000248484.9	4438
16217	TNFRSF1A	ENSG00000067182.11	ENST00000162749.7	2171
16218	TNFRSF1B	ENSG00000028137.21	ENST00000376259.7	3687
16219	TNFRSF21	ENSG00000146072.8	ENST00000296861.2	3595
16220	TNFRSF25	ENSG00000215788.13	ENST00000356876.8	1968
16221	TNFRSF4	ENSG00000186827.13	ENST00000379236.4	1075
16222	TNFRSF6B	ENSG00000243509.8	ENST00000369996.3	1140
16223	TNFRSF8	ENSG00000120949.16	ENST00000263932.7	3760
16224	TNFRSF9	ENSG00000049249.11	ENST00000377507.8	5872
16225	TNFSF10	ENSG00000121858.13	ENST00000241261.7	1876
16226	TNFSF11	ENSG00000120659.17	ENST00000398795.7	2201
16227	TNFSF12	ENSG00000239697.14	ENST00000293825.11	1377
16228	TNFSF12-TNFSF13	ENSG00000248871.1	ENST00000293826.4	1816
16229	TNFSF13	ENSG00000161955.18	ENST00000338784.9	1811
16230	TNFSF13B	ENSG00000102524.13	ENST00000375887.9	2576
16231	TNFSF14	ENSG00000125735.14	ENST00000675206.1	4487
16232	TNFSF15	ENSG00000181634.9	ENST00000374045.5	6583
16233	TNFSF18	ENSG00000120337.10	ENST00000404377.5	2744
16234	TNFSF4	ENSG00000117586.14	ENST00000281834.4	3492
16235	TNFSF8	ENSG00000106952.10	ENST00000223795.3	3779
16236	TNFSF9	ENSG00000125657.6	ENST00000245817.5	1634
16237	TNIK	ENSG00000154310.19	ENST00000436636.7	9892
16238	TNIP1	ENSG00000145901.20	ENST00000521591.6	2870
16239	TNIP2	ENSG00000168884.17	ENST00000315423.12	1946
16240	TNIP3	ENSG00000050730.18	ENST00000057513.8	2397
16241	TNK1	ENSG00000174292.14	ENST00000688331.1	2761
16242	TNK2	ENSG00000061938.22	ENST00000672887.2	4070
16243	TNKS	ENSG00000173273.19	ENST00000310430.11	9622
16244	TNKS1BP1	ENSG00000149115.16	ENST00000358252.8	5820
16245	TNKS2	ENSG00000107854.8	ENST00000371627.5	6242
16246	TNMD	ENSG00000000005.7	ENST00000373031.5	1205
16247	TNN	ENSG00000120332.19	ENST00000239462.9	5042
16248	TNNC1	ENSG00000114854.9	ENST00000232975.8	687
16249	TNNC2	ENSG00000101470.11	ENST00000372555.8	681
16250	TNNI1	ENSG00000159173.21	ENST00000361379.9	6110
16251	TNNI2	ENSG00000130598.18	ENST00000381911.6	751
16252	TNNI3	ENSG00000129991.16	ENST00000344887.10	843
16253	TNNI3K	ENSG00000116783.17	ENST00000326637.8	3019
16254	TNNT1	ENSG00000105048.20	ENST00000588981.6	1111
16255	TNNT2	ENSG00000118194.24	ENST00000656932.1	1165
16256	TNNT3	ENSG00000130595.22	ENST00000278317.11	1065
16257	TNP1	ENSG00000118245.3	ENST00000236979.2	407
16258	TNP2	ENSG00000178279.5	ENST00000312693.4	619
16259	TNPO1	ENSG00000083312.21	ENST00000337273.10	8489
16260	TNPO2	ENSG00000105576.18	ENST00000425528.6	5051
16261	TNPO3	ENSG00000064419.16	ENST00000265388.10	4345
16262	TNR	ENSG00000116147.20	ENST00000367674.7	12774
16263	TNRC18	ENSG00000182095.16	ENST00000430969.6	10839
16264	TNRC6A	ENSG00000090905.21	ENST00000395799.8	8491
16265	TNRC6B	ENSG00000100354.24	ENST00000454349.7	18280
16266	TNRC6C	ENSG00000078687.20	ENST00000696270.1	10391
16267	TNS1	ENSG00000079308.22	ENST00000682258.1	10311
16268	TNS3	ENSG00000136205.20	ENST00000311160.14	7585
16269	TNS4	ENSG00000131746.15	ENST00000254051.11	4087
16270	TNXB	ENSG00000168477.22	ENST00000644971.2	13097
16271	TOB1	ENSG00000141232.7	ENST00000499247.3	2238
16272	TOB2	ENSG00000183864.8	ENST00000327492.4	4337
16273	TOE1	ENSG00000132773.14	ENST00000372090.6	1887
16274	TOLLIP	ENSG00000078902.18	ENST00000317204.11	3627
16275	TOM1	ENSG00000100284.24	ENST00000449058.7	2278
16276	TOM1L1	ENSG00000141198.18	ENST00000575882.6	2168
16277	TOM1L2	ENSG00000175662.21	ENST00000379504.8	5735
16278	TOMM20	ENSG00000173726.13	ENST00000366607.5	3283
16279	TOMM20L	ENSG00000196860.9	ENST00000360945.7	607
16280	TOMM22	ENSG00000100216.8	ENST00000216034.6	2031
16281	TOMM34	ENSG00000025772.10	ENST00000372813.4	1973
16282	TOMM40	ENSG00000130204.15	ENST00000426677.7	1768
16283	TOMM40L	ENSG00000158882.17	ENST00000367988.8	2790
16284	TOMM5	ENSG00000175768.15	ENST00000321301.7	706
16285	TOMM7	ENSG00000196683.13	ENST00000358435.9	434
16286	TOMM70	ENSG00000154174.10	ENST00000284320.6	4100
16287	TONSL	ENSG00000160949.20	ENST00000409379.8	4531
16288	TOP1	ENSG00000198900.8	ENST00000361337.3	3734
16289	TOP1MT	ENSG00000184428.15	ENST00000329245.9	1942
16290	TOP2A	ENSG00000131747.17	ENST00000423485.6	5695
16291	TOP2B	ENSG00000077097.19	ENST00000264331.9	5814
16292	TOP3A	ENSG00000177302.18	ENST00000321105.10	6596
16293	TOP3B	ENSG00000100038.22	ENST00000357179.10	2834
16294	TOPBP1	ENSG00000163781.16	ENST00000260810.10	5761
16295	TOPORS	ENSG00000197579.10	ENST00000360538.7	4131
16296	TOR1A	ENSG00000136827.13	ENST00000351698.5	2080
16297	TOR1AIP1	ENSG00000143337.20	ENST00000606911.7	3807
16298	TOR1AIP2	ENSG00000169905.15	ENST00000609928.6	8319
16299	TOR1B	ENSG00000136816.18	ENST00000259339.7	2738
16300	TOR2A	ENSG00000160404.20	ENST00000373284.10	1500
16301	TOR3A	ENSG00000186283.16	ENST00000367627.8	2031
16302	TOR4A	ENSG00000198113.5	ENST00000357503.3	4171
16303	TOX	ENSG00000198846.8	ENST00000361421.2	4076
16304	TOX2	ENSG00000124191.20	ENST00000341197.9	2491
16305	TOX3	ENSG00000103460.19	ENST00000219746.14	4959
16306	TOX4	ENSG00000092203.17	ENST00000448790.7	4514
16307	TP53	ENSG00000141510.21	ENST00000269305.9	2512
16308	TP53AIP1	ENSG00000120471.17	ENST00000531399.6	750
16309	TP53BP1	ENSG00000067369.16	ENST00000382044.9	10369
16310	TP53BP2	ENSG00000143514.20	ENST00000343537.12	4632
16311	TP53I11	ENSG00000175274.21	ENST00000525680.6	3344
16312	TP53I13	ENSG00000167543.18	ENST00000301057.8	1473
16313	TP53I3	ENSG00000115129.16	ENST00000238721.9	1653
16314	TP53INP1	ENSG00000164938.16	ENST00000342697.5	5605
16315	TP53INP2	ENSG00000078804.15	ENST00000374810.8	4127
16316	TP53RK	ENSG00000172315.7	ENST00000372114.4	3180
16317	TP53TG3D	ENSG00000205456.13	ENST00000398664.5	1468
16318	TP53TG5	ENSG00000124251.12	ENST00000372726.5	2312
16319	TP63	ENSG00000073282.15	ENST00000264731.8	4944
16320	TP73	ENSG00000078900.18	ENST00000378295.9	5192
16321	TPBG	ENSG00000146242.11	ENST00000369750.4	2890
16322	TPCN1	ENSG00000186815.15	ENST00000335509.11	5248
16323	TPCN2	ENSG00000162341.20	ENST00000294309.8	4969
16324	TPD52	ENSG00000076554.18	ENST00000518937.6	4116
16325	TPD52L1	ENSG00000111907.22	ENST00000534000.6	2239
16326	TPD52L2	ENSG00000101150.20	ENST00000346249.9	2310
16327	TPD52L3	ENSG00000170777.11	ENST00000314556.4	1504
16328	TPGS1	ENSG00000141933.10	ENST00000359315.6	1114
16329	TPGS2	ENSG00000134779.17	ENST00000334295.9	3835
16330	TPH1	ENSG00000129167.12	ENST00000682019.1	4826
16331	TPH2	ENSG00000139287.13	ENST00000333850.4	2360
16332	TPI1	ENSG00000111669.17	ENST00000396705.10	1351
16333	TPK1	ENSG00000196511.17	ENST00000360057.7	2439
16334	TPM1	ENSG00000140416.28	ENST00000403994.9	1217
16335	TPM2	ENSG00000198467.18	ENST00000645482.3	1190
16336	TPM3	ENSG00000143549.24	ENST00000651641.1	7064
16337	TPM4	ENSG00000167460.20	ENST00000643579.2	2474
16338	TPMT	ENSG00000137364.7	ENST00000309983.5	3184
16339	TPO	ENSG00000115705.24	ENST00000329066.9	4085
16340	TPP1	ENSG00000166340.20	ENST00000299427.12	3492
16341	TPP2	ENSG00000134900.15	ENST00000376052.5	5484
16342	TPPP	ENSG00000171368.14	ENST00000360578.7	5979
16343	TPPP2	ENSG00000179636.16	ENST00000321760.11	1408
16344	TPPP3	ENSG00000159713.13	ENST00000393957.7	1021
16345	TPR	ENSG00000047410.15	ENST00000367478.9	9636
16346	TPRA1	ENSG00000163870.18	ENST00000355552.8	3752
16347	TPRG1	ENSG00000188001.12	ENST00000345063.8	5482
16348	TPRG1L	ENSG00000158109.17	ENST00000378344.7	2401
16349	TPRKB	ENSG00000144034.18	ENST00000272424.11	664
16350	TPRN	ENSG00000176058.15	ENST00000409012.6	2659
16351	TPRX1	ENSG00000178928.9	ENST00000698655.1	1956
16352	TPRX2	ENSG00000259009.5	ENST00000535362.3	1127
16353	TPSAB1	ENSG00000172236.21	ENST00000338844.8	1166
16354	TPSB2	ENSG00000197253.15	ENST00000606293.5	1165
16355	TPSD1	ENSG00000095917.15	ENST00000211076.5	1573
16356	TPSG1	ENSG00000116176.9	ENST00000234798.5	1119
16357	TPST1	ENSG00000169902.17	ENST00000304842.6	1981
16358	TPST2	ENSG00000128294.18	ENST00000338754.9	5653
16359	TPT1	ENSG00000133112.19	ENST00000530705.6	4548
16360	TPTE	ENSG00000274391.6	ENST00000618007.5	2142
16361	TPTE2	ENSG00000132958.20	ENST00000697147.1	2101
16362	TPX2	ENSG00000088325.18	ENST00000300403.11	3473
16363	TRA2A	ENSG00000164548.14	ENST00000297071.9	1785
16364	TRA2B	ENSG00000136527.21	ENST00000453386.7	4178
16365	TRABD	ENSG00000170638.12	ENST00000380909.9	2305
16366	TRABD2A	ENSG00000186854.13	ENST00000409520.7	1814
16367	TRABD2B	ENSG00000269113.6	ENST00000606738.3	7524
16368	TRADD	ENSG00000102871.18	ENST00000345057.9	1483
16369	TRAF1	ENSG00000056558.13	ENST00000373887.8	4351
16370	TRAF2	ENSG00000127191.21	ENST00000247668.7	2266
16371	TRAF3	ENSG00000131323.19	ENST00000392745.8	7806
16372	TRAF3IP1	ENSG00000204104.14	ENST00000373327.5	4199
16373	TRAF3IP2	ENSG00000056972.22	ENST00000368761.11	5833
16374	TRAF3IP3	ENSG00000009790.17	ENST00000367025.8	2234
16375	TRAF4	ENSG00000076604.17	ENST00000262395.10	2894
16376	TRAF5	ENSG00000082512.17	ENST00000261464.10	3976
16377	TRAF6	ENSG00000175104.17	ENST00000526995.6	7885
16378	TRAF7	ENSG00000131653.16	ENST00000326181.11	3683
16379	TRAFD1	ENSG00000135148.14	ENST00000412615.7	2633
16380	TRAIP	ENSG00000183763.11	ENST00000331456.7	2023
16381	TRAK1	ENSG00000182606.19	ENST00000327628.10	5128
16382	TRAK2	ENSG00000115993.15	ENST00000332624.8	6389
16383	TRAM1	ENSG00000067167.10	ENST00000262213.7	3056
16384	TRAM1L1	ENSG00000174599.5	ENST00000310754.5	2023
16385	TRAM2	ENSG00000065308.7	ENST00000182527.4	7047
16386	TRANK1	ENSG00000168016.17	ENST00000645898.2	10611
16387	TRAP1	ENSG00000126602.13	ENST00000246957.10	2223
16388	TRAPPC1	ENSG00000170043.14	ENST00000303731.9	812
16389	TRAPPC10	ENSG00000160218.15	ENST00000291574.9	6986
16390	TRAPPC11	ENSG00000168538.18	ENST00000334690.11	4523
16391	TRAPPC12	ENSG00000171853.18	ENST00000324266.10	2499
16392	TRAPPC13	ENSG00000113597.20	ENST00000399438.8	2910
16393	TRAPPC2	ENSG00000196459.17	ENST00000380579.6	2842
16394	TRAPPC2L	ENSG00000167515.13	ENST00000696289.1	2163
16395	TRAPPC2B	ENSG00000256060.4	ENST00000543226.2	744
16396	TRAPPC3	ENSG00000054116.14	ENST00000373166.8	1282
16397	TRAPPC4	ENSG00000196655.14	ENST00000533632.6	1425
16398	TRAPPC5	ENSG00000181029.11	ENST00000596148.3	5508
16399	TRAPPC6A	ENSG00000007255.12	ENST00000585934.1	758
16400	TRAPPC6B	ENSG00000182400.17	ENST00000330149.10	3251
16401	TRAPPC8	ENSG00000153339.17	ENST00000283351.10	6230
16402	TRAPPC9	ENSG00000167632.20	ENST00000438773.4	6899
16403	TRAT1	ENSG00000163519.15	ENST00000295756.11	1831
16404	TRDMT1	ENSG00000107614.24	ENST00000377799.8	12918
16405	TRDN	ENSG00000186439.18	ENST00000334268.9	4627
16406	TREH	ENSG00000118094.14	ENST00000264029.9	2748
16407	TREM1	ENSG00000124731.15	ENST00000244709.9	3252
16408	TREM2	ENSG00000095970.19	ENST00000373113.8	983
16409	TREML1	ENSG00000161911.14	ENST00000426005.7	1262
16410	TREML2	ENSG00000112195.10	ENST00000483722.2	3785
16411	TREML4	ENSG00000188056.13	ENST00000341495.7	2545
16412	TRERF1	ENSG00000124496.15	ENST00000695948.1	7844
16413	TREX1	ENSG00000213689.14	ENST00000625293.3	1096
16414	TREX2	ENSG00000183479.15	ENST00000370231.3	1071
16415	TRH	ENSG00000170893.5	ENST00000302649.4	1560
16416	TRHDE	ENSG00000072657.11	ENST00000261180.10	11047
16417	TRHR	ENSG00000174417.3	ENST00000518632.2	3694
16418	TRIAP1	ENSG00000170855.6	ENST00000546954.2	1151
16419	TRIB1	ENSG00000173334.5	ENST00000311922.4	3596
16420	TRIB2	ENSG00000071575.13	ENST00000155926.9	4344
16421	TRIB3	ENSG00000101255.15	ENST00000217233.9	2356
16422	TRIM10	ENSG00000204613.12	ENST00000449742.7	3825
16423	TRIM11	ENSG00000154370.18	ENST00000284551.11	2710
16424	TRIM13	ENSG00000204977.12	ENST00000378182.4	7255
16425	TRIM14	ENSG00000106785.17	ENST00000341469.7	4480
16426	TRIM15	ENSG00000204610.16	ENST00000376694.9	1881
16427	TRIM16	ENSG00000221926.15	ENST00000649191.2	3358
16428	TRIM16L	ENSG00000108448.24	ENST00000641182.1	1176
16429	TRIM17	ENSG00000162931.14	ENST00000366698.7	2064
16430	TRIM2	ENSG00000109654.18	ENST00000338700.10	6755
16431	TRIM21	ENSG00000132109.12	ENST00000254436.8	1935
16432	TRIM22	ENSG00000132274.19	ENST00000379965.8	2888
16433	TRIM23	ENSG00000113595.16	ENST00000231524.14	3863
16434	TRIM24	ENSG00000122779.20	ENST00000343526.9	8488
16435	TRIM25	ENSG00000121060.20	ENST00000316881.9	5745
16436	TRIM26	ENSG00000234127.11	ENST00000454678.7	3518
16437	TRIM27	ENSG00000204713.13	ENST00000377199.4	2963
16438	TRIM28	ENSG00000130726.14	ENST00000253024.10	3364
16439	TRIM29	ENSG00000137699.18	ENST00000341846.10	2977
16440	TRIM3	ENSG00000110171.22	ENST00000345851.8	2838
16441	TRIM31	ENSG00000204616.13	ENST00000376734.4	2027
16442	TRIM32	ENSG00000119401.13	ENST00000450136.2	3715
16443	TRIM33	ENSG00000197323.14	ENST00000358465.7	8369
16444	TRIM34	ENSG00000258659.9	ENST00000429814.3	2293
16445	TRIM35	ENSG00000104228.15	ENST00000305364.9	4183
16446	TRIM36	ENSG00000152503.12	ENST00000513154.6	4156
16447	TRIM37	ENSG00000108395.16	ENST00000262294.12	4489
16448	TRIM38	ENSG00000112343.13	ENST00000357085.5	9418
16449	TRIM39	ENSG00000204599.18	ENST00000396551.9	3166
16450	TRIM39-RPP21	ENSG00000248167.7	ENST00000623385.3	1698
16451	TRIM4	ENSG00000146833.18	ENST00000349062.7	3314
16452	TRIM40	ENSG00000204614.11	ENST00000396581.6	2047
16453	TRIM41	ENSG00000146063.22	ENST00000315073.10	3645
16454	TRIM42	ENSG00000155890.4	ENST00000286349.4	2514
16455	TRIM43	ENSG00000144015.6	ENST00000272395.3	1699
16456	TRIM44	ENSG00000166326.9	ENST00000299413.7	12994
16457	TRIM45	ENSG00000134253.10	ENST00000256649.9	3536
16458	TRIM46	ENSG00000163462.20	ENST00000334634.9	3178
16459	TRIM47	ENSG00000132481.9	ENST00000254816.6	2269
16460	TRIM48	ENSG00000150244.12	ENST00000417545.5	1467
16461	TRIM49	ENSG00000168930.13	ENST00000329758.5	2163
16462	TRIM49B	ENSG00000182053.14	ENST00000332682.9	1694
16463	TRIM49C	ENSG00000204449.3	ENST00000448984.1	2163
16464	TRIM5	ENSG00000132256.22	ENST00000380034.8	3364
16465	TRIM50	ENSG00000146755.12	ENST00000333149.7	2050
16466	TRIM51	ENSG00000124900.12	ENST00000449290.6	1629
16467	TRIM52	ENSG00000183718.8	ENST00000688015.1	2856
16468	TRIM54	ENSG00000138100.16	ENST00000380075.7	1930
16469	TRIM55	ENSG00000147573.19	ENST00000315962.9	2679
16470	TRIM56	ENSG00000169871.15	ENST00000306085.11	10910
16471	TRIM58	ENSG00000162722.10	ENST00000366481.4	5170
16472	TRIM59	ENSG00000213186.10	ENST00000309784.9	3824
16473	TRIM6	ENSG00000121236.23	ENST00000380097.8	3422
16474	TRIM6-TRIM34	ENSG00000258588.3	ENST00000354852.5	3391
16475	TRIM60	ENSG00000176979.14	ENST00000512596.6	1847
16476	TRIM61	ENSG00000183439.12	ENST00000710271.1	2324
16477	TRIM62	ENSG00000116525.15	ENST00000291416.10	3817
16478	TRIM63	ENSG00000158022.7	ENST00000374272.4	1770
16479	TRIM64C	ENSG00000214891.9	ENST00000617704.1	1353
16480	TRIM65	ENSG00000141569.14	ENST00000269383.8	3384
16481	TRIM67	ENSG00000119283.16	ENST00000366653.6	9389
16482	TRIM68	ENSG00000167333.15	ENST00000300747.10	3324
16483	TRIM69	ENSG00000185880.16	ENST00000329464.9	1735
16484	TRIM7	ENSG00000146054.20	ENST00000274773.12	2864
16485	TRIM71	ENSG00000206557.8	ENST00000383763.6	8704
16486	TRIM72	ENSG00000177238.16	ENST00000322122.8	8402
16487	TRIM74	ENSG00000155428.13	ENST00000285805.3	1350
16488	TRIM8	ENSG00000171206.19	ENST00000643721.2	2759
16489	TRIM9	ENSG00000100505.16	ENST00000684578.1	4579
16490	TRIML1	ENSG00000184108.8	ENST00000332517.4	1896
16491	TRIML2	ENSG00000179046.11	ENST00000682553.1	1998
16492	TRIO	ENSG00000038382.24	ENST00000344204.9	11460
16493	TRIOBP	ENSG00000100106.23	ENST00000644935.1	10085
16494	TRIP10	ENSG00000125733.20	ENST00000313244.14	2207
16495	TRIP11	ENSG00000100815.14	ENST00000267622.8	9996
16496	TRIP12	ENSG00000153827.17	ENST00000675903.1	10100
16497	TRIP13	ENSG00000071539.16	ENST00000166345.8	2431
16498	TRIP4	ENSG00000103671.12	ENST00000261884.8	2013
16499	TRIP6	ENSG00000087077.16	ENST00000200457.9	1693
16500	TRIT1	ENSG00000043514.18	ENST00000316891.10	5051
16501	TRMT1	ENSG00000104907.15	ENST00000357720.9	2128
16502	TRMT10A	ENSG00000145331.16	ENST00000394876.7	3547
16503	TRMT10B	ENSG00000165275.12	ENST00000297994.4	2293
16504	TRMT10C	ENSG00000174173.8	ENST00000309922.7	1813
16505	TRMT11	ENSG00000066651.22	ENST00000334379.11	1843
16506	TRMT112	ENSG00000173113.10	ENST00000544844.6	812
16507	TYW2	ENSG00000183665.5	ENST00000328599.4	2207
16508	TRMT13	ENSG00000122435.13	ENST00000370141.8	3128
16509	TRMT1L	ENSG00000121486.14	ENST00000367506.10	4361
16510	TRMT2A	ENSG00000099899.18	ENST00000252136.12	2886
16511	TRMT2B	ENSG00000188917.17	ENST00000372936.4	3547
16512	TRMT44	ENSG00000155275.21	ENST00000389737.5	2874
16513	TRMT5	ENSG00000126814.9	ENST00000261249.7	5304
16514	TRMT6	ENSG00000089195.17	ENST00000203001.7	2929
16515	TRMT61A	ENSG00000166166.15	ENST00000389749.9	3217
16516	TRMT61B	ENSG00000171103.13	ENST00000306108.10	1844
16517	TRMU	ENSG00000100416.17	ENST00000645190.1	1651
16518	TRNAU1AP	ENSG00000180098.11	ENST00000373830.4	1799
16519	TRNT1	ENSG00000072756.20	ENST00000251607.11	2252
16520	TRO	ENSG00000067445.24	ENST00000173898.12	4634
16521	TROAP	ENSG00000135451.15	ENST00000257909.8	2551
16522	RO60	ENSG00000116747.15	ENST00000400968.7	8291
16523	TRPA1	ENSG00000104321.13	ENST00000262209.5	5191
16524	TRPC1	ENSG00000144935.18	ENST00000476941.6	4561
16525	TRPC3	ENSG00000138741.13	ENST00000379645.8	8401
16526	TRPC4	ENSG00000133107.17	ENST00000379705.8	7979
16527	TRPC4AP	ENSG00000100991.14	ENST00000252015.3	3162
16528	TRPC5	ENSG00000072315.4	ENST00000262839.3	12143
16529	TRPC6	ENSG00000137672.15	ENST00000344327.8	4691
16530	TRPC7	ENSG00000069018.19	ENST00000513104.6	3570
16531	TRPM1	ENSG00000134160.17	ENST00000256552.11	5787
16532	TRPM2	ENSG00000142185.20	ENST00000397928.6	5419
16533	TRPM3	ENSG00000083067.27	ENST00000677713.2	12320
16534	TRPM4	ENSG00000130529.18	ENST00000252826.10	4058
16535	TRPM5	ENSG00000070985.15	ENST00000696290.1	5689
16536	TRPM6	ENSG00000119121.24	ENST00000360774.6	8252
16537	TRPM7	ENSG00000092439.17	ENST00000646667.1	10382
16538	TRPM8	ENSG00000144481.18	ENST00000324695.9	5646
16539	TRPS1	ENSG00000104447.15	ENST00000395715.8	9964
16540	TRPT1	ENSG00000149743.16	ENST00000317459.11	968
16541	TRPV1	ENSG00000196689.15	ENST00000572705.2	4164
16542	TRPV2	ENSG00000187688.16	ENST00000338560.12	2779
16543	TRPV3	ENSG00000167723.16	ENST00000576742.6	5927
16544	TRPV4	ENSG00000111199.14	ENST00000261740.7	3228
16545	TRPV5	ENSG00000127412.8	ENST00000265310.6	2890
16546	TRPV6	ENSG00000165125.23	ENST00000359396.9	2906
16547	TRRAP	ENSG00000196367.16	ENST00000456197.2	12675
16548	TRUB1	ENSG00000165832.8	ENST00000298746.5	3406
16549	TRUB2	ENSG00000167112.12	ENST00000372890.6	5426
16550	TSACC	ENSG00000163467.14	ENST00000368254.6	595
16551	TSC1	ENSG00000165699.18	ENST00000298552.9	8598
16552	TSC2	ENSG00000103197.22	ENST00000219476.9	6415
16553	TSC22D1	ENSG00000102804.18	ENST00000458659.3	5961
16554	TSC22D2	ENSG00000196428.15	ENST00000688009.1	11110
16555	TSC22D3	ENSG00000157514.20	ENST00000372383.9	2269
16556	TSC22D4	ENSG00000166925.11	ENST00000300181.7	2318
16557	TSEN15	ENSG00000198860.16	ENST00000645668.2	1907
16558	TSEN2	ENSG00000154743.21	ENST00000284995.11	2753
16559	TSEN34	ENSG00000170892.15	ENST00000396388.3	2160
16560	TSEN54	ENSG00000182173.16	ENST00000333213.11	1937
16561	TSFM	ENSG00000123297.22	ENST00000652027.2	1997
16562	TSG101	ENSG00000074319.15	ENST00000251968.4	1534
16563	TSGA10	ENSG00000135951.18	ENST00000393483.8	3903
16564	TSGA13	ENSG00000213265.9	ENST00000356588.8	1633
16565	TSHB	ENSG00000134200.4	ENST00000256592.3	528
16566	TSHR	ENSG00000165409.19	ENST00000298171.7	4308
16567	TSHZ1	ENSG00000179981.12	ENST00000580243.3	5617
16568	TSHZ2	ENSG00000182463.17	ENST00000371497.10	12236
16569	TSHZ3	ENSG00000121297.9	ENST00000240587.5	5065
16570	TSKS	ENSG00000126467.12	ENST00000246801.8	1854
16571	TSKU	ENSG00000182704.10	ENST00000333090.5	2585
16572	TSLP	ENSG00000145777.15	ENST00000344895.4	2610
16573	TSN	ENSG00000211460.14	ENST00000389682.8	3302
16574	TSNARE1	ENSG00000171045.18	ENST00000524325.6	1905
16575	TSNAX	ENSG00000116918.17	ENST00000366639.9	2634
16576	TSNAX-DISC1	ENSG00000270106.6	ENST00000602956.5	3294
16577	TSNAXIP1	ENSG00000102904.17	ENST00000561639.6	2475
16578	TSPAN1	ENSG00000117472.12	ENST00000372003.6	1619
16579	TSPAN10	ENSG00000182612.13	ENST00000611590.2	1840
16580	TSPAN11	ENSG00000110900.18	ENST00000546076.6	5506
16581	TSPAN12	ENSG00000106025.11	ENST00000222747.8	2585
16582	TSPAN13	ENSG00000106537.10	ENST00000262067.5	1873
16583	TSPAN14	ENSG00000108219.19	ENST00000429989.8	5547
16584	TSPAN15	ENSG00000099282.12	ENST00000373290.7	1703
16585	TSPAN16	ENSG00000130167.15	ENST00000590327.6	1002
16586	TSPAN17	ENSG00000048140.20	ENST00000508164.6	2475
16587	TSPAN18	ENSG00000157570.14	ENST00000520358.7	4557
16588	TSPAN19	ENSG00000231738.12	ENST00000532498.7	1018
16589	TSPAN2	ENSG00000134198.12	ENST00000369516.7	3216
16590	TSPAN3	ENSG00000140391.16	ENST00000267970.9	6348
16591	TSPAN31	ENSG00000135452.12	ENST00000257910.8	3678
16592	TSPAN32	ENSG00000064201.18	ENST00000182290.9	1380
16593	TSPAN33	ENSG00000158457.8	ENST00000486685.3	2951
16594	TSPAN4	ENSG00000214063.14	ENST00000397397.7	1379
16595	TSPAN5	ENSG00000168785.10	ENST00000305798.8	3347
16596	TSPAN6	ENSG00000000003.18	ENST00000373020.9	3768
16597	TSPAN7	ENSG00000156298.15	ENST00000378482.7	1742
16598	TSPAN8	ENSG00000127324.11	ENST00000247829.8	1131
16599	TSPAN9	ENSG00000011105.16	ENST00000011898.10	4322
16600	TSPEAR	ENSG00000175894.20	ENST00000323084.9	3958
16601	TSPO	ENSG00000100300.20	ENST00000337554.8	836
16602	TSPO2	ENSG00000112212.13	ENST00000373161.6	1045
16603	TSPYL1	ENSG00000189241.9	ENST00000368608.4	5073
16604	TSPYL2	ENSG00000184205.16	ENST00000375442.8	2815
16605	TSPYL4	ENSG00000187189.11	ENST00000420283.3	4112
16606	TSPYL5	ENSG00000180543.5	ENST00000322128.5	4441
16607	TSPYL6	ENSG00000178021.11	ENST00000317802.9	3052
16608	TSR1	ENSG00000167721.13	ENST00000301364.10	4245
16609	TSR2	ENSG00000158526.10	ENST00000375151.5	4076
16610	TSR3	ENSG00000007520.6	ENST00000007390.3	1210
16611	EIPR1	ENSG00000032389.15	ENST00000382125.9	1657
16612	TSSC4	ENSG00000184281.17	ENST00000333256.11	1472
16613	TSSK1B	ENSG00000212122.4	ENST00000390666.4	2437
16614	TSSK2	ENSG00000206203.5	ENST00000399635.4	1315
16615	TSSK3	ENSG00000162526.7	ENST00000373534.4	1026
16616	TSSK4	ENSG00000139908.16	ENST00000339917.10	1347
16617	TSSK6	ENSG00000178093.15	ENST00000585580.4	1330
16618	TST	ENSG00000128311.16	ENST00000249042.8	1125
16619	GFUS	ENSG00000104522.18	ENST00000425753.7	1345
16620	TSTD2	ENSG00000136925.17	ENST00000341170.5	4116
16621	TTBK1	ENSG00000146216.14	ENST00000259750.9	7130
16622	TTBK2	ENSG00000128881.20	ENST00000267890.11	11208
16623	TTC1	ENSG00000113312.14	ENST00000231238.10	1441
16624	TTC12	ENSG00000149292.19	ENST00000529221.6	2256
16625	TTC13	ENSG00000143643.15	ENST00000366661.9	3276
16626	TTC14	ENSG00000163728.13	ENST00000296015.9	3000
16627	TTC16	ENSG00000167094.18	ENST00000373289.4	2874
16628	TTC17	ENSG00000052841.18	ENST00000039989.9	4488
16629	CFAP70	ENSG00000156042.20	ENST00000355577.9	3705
16630	TTC19	ENSG00000011295.18	ENST00000261647.10	3050
16631	TTC21A	ENSG00000168026.21	ENST00000683103.1	4212
16632	TTC21B	ENSG00000123607.18	ENST00000243344.8	5415
16633	TTC22	ENSG00000006555.13	ENST00000371276.9	3401
16634	TTC23	ENSG00000103852.15	ENST00000394132.7	3872
16635	TTC23L	ENSG00000205838.16	ENST00000505624.6	2408
16636	TTC24	ENSG00000187862.13	ENST00000368236.8	2958
16637	IFT56	ENSG00000105948.15	ENST00000464848.5	4299
16638	TTC27	ENSG00000018699.15	ENST00000317907.9	2888
16639	TTC29	ENSG00000137473.21	ENST00000325106.9	2178
16640	TTC3	ENSG00000182670.15	ENST00000418766.6	7842
16641	IFT70A	ENSG00000197557.7	ENST00000355689.6	5744
16642	IFT70B	ENSG00000196659.10	ENST00000408939.4	3799
16643	TTC31	ENSG00000115282.23	ENST00000233623.11	2916
16644	TTC32	ENSG00000183891.8	ENST00000333610.4	941
16645	TTC33	ENSG00000113638.16	ENST00000337702.5	5497
16646	TTC36	ENSG00000172425.14	ENST00000302783.10	668
16647	SKIC3	ENSG00000198677.15	ENST00000358746.7	5677
16648	TTC38	ENSG00000075234.19	ENST00000381031.8	2566
16649	TTC39A	ENSG00000085831.18	ENST00000680483.1	2718
16650	TTC39B	ENSG00000155158.22	ENST00000512701.7	10339
16651	TTC39C	ENSG00000168234.16	ENST00000317571.8	4896
16652	TTC4	ENSG00000243725.9	ENST00000371281.4	2356
16653	CFAP46	ENSG00000171811.15	ENST00000368586.10	8263
16654	TTC5	ENSG00000136319.14	ENST00000258821.8	4737
16655	TTC6	ENSG00000139865.18	ENST00000553443.6	6562
16656	TTC7A	ENSG00000068724.20	ENST00000319190.11	5095
16657	TTC7B	ENSG00000165914.17	ENST00000328459.11	19471
16658	TTC8	ENSG00000165533.21	ENST00000380656.7	2183
16659	TTC9	ENSG00000133985.5	ENST00000256367.3	5094
16660	TTC9B	ENSG00000174521.10	ENST00000311308.7	828
16661	TTC9C	ENSG00000162222.16	ENST00000316461.9	1133
16662	TTF1	ENSG00000125482.15	ENST00000334270.3	3143
16663	TTF2	ENSG00000116830.14	ENST00000369466.9	9439
16664	TTI1	ENSG00000101407.15	ENST00000373447.8	3799
16665	TTI2	ENSG00000129696.15	ENST00000431156.7	2131
16666	TTK	ENSG00000112742.12	ENST00000369798.7	2966
16667	TTL	ENSG00000114999.10	ENST00000233336.7	14267
16668	TTLL1	ENSG00000100271.19	ENST00000266254.12	1736
16669	TTLL10	ENSG00000162571.16	ENST00000379289.6	2288
16670	TTLL11	ENSG00000175764.19	ENST00000321582.11	9206
16671	TTLL12	ENSG00000100304.14	ENST00000216129.7	3386
16672	TTLL13	ENSG00000213471.11	ENST00000641754.2	3030
16673	TTLL2	ENSG00000120440.16	ENST00000239587.10	2876
16674	TTLL3	ENSG00000214021.20	ENST00000685419.1	3498
16675	TTLL4	ENSG00000135912.13	ENST00000392102.6	5007
16676	TTLL5	ENSG00000119685.22	ENST00000298832.14	4716
16677	TTLL6	ENSG00000170703.17	ENST00000393382.8	3573
16678	TTLL7	ENSG00000137941.19	ENST00000260505.13	7980
16679	TTLL8	ENSG00000138892.12	ENST00000433387.2	2651
16680	TTLL9	ENSG00000131044.19	ENST00000535842.6	3620
16681	TTN	ENSG00000155657.30	ENST00000589042.5	109224
16682	TTPA	ENSG00000137561.7	ENST00000260116.5	2633
16683	TTPAL	ENSG00000124120.13	ENST00000262605.9	6224
16684	TTR	ENSG00000118271.14	ENST00000237014.8	616
16685	TTYH1	ENSG00000167614.16	ENST00000376530.8	2056
16686	TTYH2	ENSG00000141540.13	ENST00000269346.9	3433
16687	TTYH3	ENSG00000136295.18	ENST00000258796.12	4805
16688	TUB	ENSG00000166402.11	ENST00000299506.3	6445
16689	TUBA1A	ENSG00000167552.18	ENST00000301071.12	1672
16690	TUBA1B	ENSG00000123416.17	ENST00000336023.9	1627
16691	TUBA1C	ENSG00000167553.19	ENST00000301072.11	2823
16692	TUBA3C	ENSG00000198033.14	ENST00000400113.8	1521
16693	TUBA3D	ENSG00000075886.12	ENST00000321253.7	1520
16694	TUBA3E	ENSG00000152086.10	ENST00000312988.9	1518
16695	TUBA4A	ENSG00000127824.17	ENST00000248437.9	2049
16696	TUBA8	ENSG00000183785.18	ENST00000330423.8	2003
16697	TUBAL3	ENSG00000178462.13	ENST00000380419.8	1793
16698	TUBB	ENSG00000196230.16	ENST00000327892.13	2515
16699	TUBB1	ENSG00000101162.5	ENST00000217133.2	3321
16700	TUBB2A	ENSG00000137267.9	ENST00000333628.4	1616
16701	TUBB2B	ENSG00000137285.12	ENST00000259818.8	1922
16702	TUBB3	ENSG00000258947.9	ENST00000315491.12	1706
16703	TUBB4A	ENSG00000104833.13	ENST00000264071.7	2277
16704	TUBB4B	ENSG00000188229.8	ENST00000340384.5	1563
16705	TUBB6	ENSG00000176014.15	ENST00000317702.10	1879
16706	TUBB8	ENSG00000261456.6	ENST00000568584.6	1562
16707	TUBD1	ENSG00000108423.18	ENST00000325752.8	2491
16708	TUBE1	ENSG00000074935.16	ENST00000368662.10	2225
16709	TUBG1	ENSG00000131462.11	ENST00000251413.8	1608
16710	TUBG2	ENSG00000037042.11	ENST00000251412.8	1782
16711	TUBGCP2	ENSG00000130640.17	ENST00000252936.8	3929
16712	TUBGCP3	ENSG00000126216.17	ENST00000261965.8	3879
16713	TUBGCP4	ENSG00000137822.15	ENST00000564079.6	6812
16714	TUBGCP5	ENSG00000275835.7	ENST00000615383.5	3744
16715	TUBGCP6	ENSG00000128159.14	ENST00000248846.10	6066
16716	TUFM	ENSG00000178952.13	ENST00000313511.8	2011
16717	TUFT1	ENSG00000143367.19	ENST00000368849.8	3107
16718	TULP1	ENSG00000112041.14	ENST00000229771.11	2120
16719	TULP2	ENSG00000104804.10	ENST00000221399.8	1763
16720	TULP3	ENSG00000078246.19	ENST00000448120.7	3080
16721	TULP4	ENSG00000130338.14	ENST00000367097.8	11318
16722	TUSC1	ENSG00000198680.6	ENST00000358022.6	1476
16723	TUSC2	ENSG00000114383.12	ENST00000232496.5	1669
16724	TUSC3	ENSG00000104723.23	ENST00000503731.6	3697
16725	TRARG1	ENSG00000184811.5	ENST00000333813.4	3588
16726	TUT1	ENSG00000149016.18	ENST00000476907.6	2705
16727	TVP23A	ENSG00000166676.19	ENST00000299866.13	3370
16728	TVP23B	ENSG00000171928.16	ENST00000307767.13	1876
16729	TVP23C	ENSG00000175106.17	ENST00000518321.6	4079
16730	TVP23C-CDRT4	ENSG00000259024.7	ENST00000522212.6	2833
16731	TWF1	ENSG00000151239.16	ENST00000395510.7	2987
16732	TWF2	ENSG00000247596.12	ENST00000305533.10	1614
16733	TWIST1	ENSG00000122691.14	ENST00000242261.6	1630
16734	TWIST2	ENSG00000233608.7	ENST00000612363.2	1342
16735	POLR1F	ENSG00000105849.8	ENST00000222567.6	3893
16736	TWSG1	ENSG00000128791.14	ENST00000262120.10	3750
16737	TXK	ENSG00000074966.14	ENST00000264316.9	2908
16738	TXLNA	ENSG00000084652.18	ENST00000373610.8	4865
16739	TXLNB	ENSG00000164440.16	ENST00000358430.8	4612
16740	TXLNG	ENSG00000086712.15	ENST00000380122.10	4362
16741	TXN	ENSG00000136810.15	ENST00000374517.6	737
16742	TXN2	ENSG00000100348.12	ENST00000216185.7	1336
16743	TXNDC11	ENSG00000153066.15	ENST00000283033.10	3116
16744	TXNDC12	ENSG00000117862.16	ENST00000371626.9	1416
16745	TXNDC15	ENSG00000113621.17	ENST00000358387.9	3090
16746	TXNDC16	ENSG00000087301.12	ENST00000281741.9	4557
16747	TXNDC17	ENSG00000129235.13	ENST00000250101.10	1917
16748	TXNDC2	ENSG00000168454.13	ENST00000357775.6	2795
16749	TXNDC5	ENSG00000239264.11	ENST00000379757.9	2938
16750	TXNDC8	ENSG00000204193.13	ENST00000374511.8	496
16751	TXNDC9	ENSG00000115514.14	ENST00000264255.8	1508
16752	TXNIP	ENSG00000265972.8	ENST00000582401.6	2905
16753	TXNL1	ENSG00000091164.15	ENST00000217515.11	6840
16754	TXNL4A	ENSG00000141759.16	ENST00000269601.10	3472
16755	TXNL4B	ENSG00000140830.12	ENST00000268483.8	2521
16756	TXNRD1	ENSG00000198431.19	ENST00000525566.6	3860
16757	TXNRD2	ENSG00000184470.22	ENST00000400521.7	1941
16758	TXNRD3	ENSG00000197763.21	ENST00000524230.9	2921
16759	TYK2	ENSG00000105397.18	ENST00000525621.6	4243
16760	TYMP	ENSG00000025708.16	ENST00000252029.8	1586
16761	TYMS	ENSG00000176890.18	ENST00000323274.15	1613
16762	TYR	ENSG00000077498.9	ENST00000263321.6	2062
16763	TYRO3	ENSG00000092445.14	ENST00000263798.8	8032
16764	TYROBP	ENSG00000011600.14	ENST00000262629.9	575
16765	TYRP1	ENSG00000107165.14	ENST00000388918.10	2896
16766	TYSND1	ENSG00000156521.16	ENST00000287078.7	3758
16767	TYW1	ENSG00000198874.16	ENST00000359626.10	3330
16768	TYW1B	ENSG00000277149.7	ENST00000620995.5	3117
16769	TYW3	ENSG00000162623.18	ENST00000370867.8	3437
16770	TYW5	ENSG00000162971.13	ENST00000354611.9	5123
16771	U2AF1	ENSG00000160201.14	ENST00000291552.9	945
16772	U2AF1L4	ENSG00000161265.16	ENST00000378975.8	765
16773	U2AF2	ENSG00000063244.16	ENST00000308924.9	2146
16774	U2SURP	ENSG00000163714.20	ENST00000473835.7	7424
16775	UACA	ENSG00000137831.17	ENST00000322954.11	6904
16776	UAP1	ENSG00000117143.16	ENST00000367925.6	3559
16777	UAP1L1	ENSG00000197355.13	ENST00000409858.8	3349
16778	UBA1	ENSG00000130985.19	ENST00000335972.11	3572
16779	UBA2	ENSG00000126261.14	ENST00000246548.9	4005
16780	UBA3	ENSG00000144744.20	ENST00000361055.9	2111
16781	UBA5	ENSG00000081307.17	ENST00000356232.10	4692
16782	UBA52	ENSG00000221983.10	ENST00000442744.7	2848
16783	UBA6	ENSG00000033178.15	ENST00000322244.10	9540
16784	UBA7	ENSG00000182179.15	ENST00000333486.4	3304
16785	UBAC1	ENSG00000130560.11	ENST00000371756.4	1860
16786	UBAC2	ENSG00000134882.18	ENST00000403766.8	2259
16787	UBALD1	ENSG00000153443.15	ENST00000283474.12	1374
16788	UBALD2	ENSG00000185262.11	ENST00000327490.8	1446
16789	UBAP1	ENSG00000165006.16	ENST00000297661.9	2705
16790	UBAP2	ENSG00000137073.26	ENST00000379238.7	4275
16791	UBAP2L	ENSG00000143569.22	ENST00000428931.6	3877
16792	UBASH3A	ENSG00000160185.16	ENST00000319294.11	2520
16793	UBASH3B	ENSG00000154127.11	ENST00000284273.6	6865
16794	UBB	ENSG00000170315.16	ENST00000302182.8	933
16795	UBBP4	ENSG00000263563.8	ENST00000583708.6	917
16796	UBC	ENSG00000150991.18	ENST00000339647.6	2193
16797	UBD	ENSG00000213886.6	ENST00000377050.5	894
16798	UBE2A	ENSG00000077721.19	ENST00000371558.7	1776
16799	UBE2B	ENSG00000119048.11	ENST00000265339.7	2241
16800	UBE2C	ENSG00000175063.19	ENST00000356455.9	777
16801	UBE2D1	ENSG00000072401.17	ENST00000373910.9	2623
16802	UBE2D2	ENSG00000131508.19	ENST00000398733.8	2530
16803	UBE2D3	ENSG00000109332.22	ENST00000453744.7	3729
16804	UBE2D4	ENSG00000078967.15	ENST00000222402.8	3982
16805	UBE2E1	ENSG00000170142.14	ENST00000306627.8	1783
16806	UBE2E2	ENSG00000182247.13	ENST00000396703.6	2715
16807	UBE2E3	ENSG00000170035.18	ENST00000410062.9	1555
16808	UBE2F	ENSG00000184182.21	ENST00000272930.9	2137
16809	UBE2F-SCLY	ENSG00000258984.5	ENST00000449191.1	951
16810	UBE2G1	ENSG00000132388.15	ENST00000396981.7	4167
16811	UBE2G2	ENSG00000184787.21	ENST00000345496.7	3367
16812	UBE2H	ENSG00000186591.15	ENST00000355621.8	5162
16813	UBE2I	ENSG00000103275.24	ENST00000397514.8	2850
16814	UBE2J1	ENSG00000198833.9	ENST00000435041.3	4164
16815	UBE2J2	ENSG00000160087.23	ENST00000349431.11	2260
16816	UBE2K	ENSG00000078140.16	ENST00000261427.10	5153
16817	UBE2L3	ENSG00000185651.18	ENST00000342192.9	2861
16818	UBE2L6	ENSG00000156587.17	ENST00000287156.9	1219
16819	UBE2M	ENSG00000130725.10	ENST00000253023.8	1159
16820	UBE2N	ENSG00000177889.12	ENST00000318066.7	4877
16821	UBE2NL	ENSG00000276380.2	ENST00000618570.1	1185
16822	UBE2O	ENSG00000175931.15	ENST00000319380.12	5377
16823	UBE2Q1	ENSG00000160714.13	ENST00000292211.5	3239
16824	UBE2Q2	ENSG00000140367.14	ENST00000267938.9	2968
16825	UBE2R2	ENSG00000107341.7	ENST00000263228.4	4477
16826	UBE2S	ENSG00000108106.16	ENST00000264552.14	2559
16827	UBE2T	ENSG00000077152.14	ENST00000646651.1	878
16828	UBE2U	ENSG00000177414.14	ENST00000371077.10	1542
16829	UBE2V1	ENSG00000244687.15	ENST00000371674.8	2110
16830	UBE2V2	ENSG00000169139.14	ENST00000523111.7	4342
16831	UBE2W	ENSG00000104343.23	ENST00000602593.6	8379
16832	UBE2Z	ENSG00000159202.20	ENST00000360943.10	3084
16833	UBE3A	ENSG00000114062.24	ENST00000648336.2	8728
16834	UBE3B	ENSG00000151148.16	ENST00000342494.8	5730
16835	UBE3C	ENSG00000009335.21	ENST00000348165.10	5214
16836	UBE3D	ENSG00000118420.19	ENST00000369747.8	1925
16837	UBE4A	ENSG00000110344.12	ENST00000252108.8	6088
16838	UBE4B	ENSG00000130939.22	ENST00000343090.11	5905
16839	UBFD1	ENSG00000103353.18	ENST00000395878.8	4745
16840	UBIAD1	ENSG00000120942.15	ENST00000376810.6	3654
16841	UBL3	ENSG00000122042.11	ENST00000380680.5	4317
16842	UBL4A	ENSG00000102178.14	ENST00000369660.9	2327
16843	UBL4B	ENSG00000186150.5	ENST00000334179.5	1505
16844	UBL5	ENSG00000198258.13	ENST00000586895.6	407
16845	UBL7	ENSG00000138629.18	ENST00000395081.7	1409
16846	UBLCP1	ENSG00000164332.10	ENST00000296786.8	2179
16847	UBN1	ENSG00000118900.17	ENST00000262376.11	6443
16848	UBN2	ENSG00000157741.17	ENST00000473989.8	14692
16849	UBOX5	ENSG00000185019.19	ENST00000217173.7	4300
16850	UBP1	ENSG00000153560.14	ENST00000283629.8	4175
16851	UBQLN1	ENSG00000135018.16	ENST00000376395.9	3868
16852	UBQLN2	ENSG00000188021.9	ENST00000338222.7	4242
16853	UBQLN3	ENSG00000175520.9	ENST00000311659.5	2379
16854	UBQLN4	ENSG00000160803.10	ENST00000368309.4	3582
16855	UBQLNL	ENSG00000175518.8	ENST00000380184.2	2307
16856	UBR1	ENSG00000159459.14	ENST00000290650.9	7698
16857	UBR2	ENSG00000024048.13	ENST00000372901.2	7891
16858	UBR3	ENSG00000144357.20	ENST00000272793.11	8009
16859	UBR4	ENSG00000127481.16	ENST00000375254.8	15892
16860	UBR5	ENSG00000104517.15	ENST00000520539.6	10895
16861	UBR7	ENSG00000012963.17	ENST00000013070.11	3494
16862	UBTD1	ENSG00000165886.7	ENST00000370664.4	1647
16863	UBTD2	ENSG00000168246.8	ENST00000393792.3	2988
16864	UBTF	ENSG00000108312.18	ENST00000436088.6	4795
16865	UBXN1	ENSG00000162191.16	ENST00000301935.10	1134
16866	UBXN10	ENSG00000162543.8	ENST00000375099.4	5562
16867	UBXN11	ENSG00000158062.23	ENST00000374222.6	1660
16868	UBXN2A	ENSG00000173960.16	ENST00000309033.5	6022
16869	UBXN2B	ENSG00000215114.12	ENST00000399598.7	4971
16870	UBXN4	ENSG00000144224.19	ENST00000272638.14	3771
16871	UBXN6	ENSG00000167671.14	ENST00000301281.11	1915
16872	UBXN7	ENSG00000163960.15	ENST00000296328.9	10521
16873	UCHL1	ENSG00000154277.15	ENST00000284440.9	1103
16874	UCHL3	ENSG00000118939.21	ENST00000377595.8	931
16875	UCHL5	ENSG00000116750.16	ENST00000367454.6	5184
16876	UCK1	ENSG00000130717.15	ENST00000372215.5	2162
16877	UCK2	ENSG00000143179.18	ENST00000367879.9	4801
16878	UCKL1	ENSG00000198276.18	ENST00000354216.11	1838
16879	UCMA	ENSG00000165623.12	ENST00000378681.8	870
16880	UCN	ENSG00000163794.6	ENST00000296099.2	795
16881	UCN2	ENSG00000145040.4	ENST00000273610.4	1498
16882	UCN3	ENSG00000178473.7	ENST00000380433.5	1243
16883	UCP1	ENSG00000109424.6	ENST00000262999.4	1621
16884	UCP2	ENSG00000175567.14	ENST00000663595.2	1644
16885	UCP3	ENSG00000175564.15	ENST00000314032.9	2277
16886	UEVLD	ENSG00000151116.19	ENST00000396197.8	4207
16887	UFC1	ENSG00000143222.14	ENST00000368003.6	888
16888	UFD1	ENSG00000070010.21	ENST00000263202.15	1791
16889	UFL1	ENSG00000014123.12	ENST00000369278.5	4226
16890	UFM1	ENSG00000120686.14	ENST00000239878.9	3168
16891	UFSP1	ENSG00000176125.7	ENST00000672365.3	995
16892	UFSP2	ENSG00000109775.13	ENST00000264689.11	2361
16893	UGCG	ENSG00000148154.12	ENST00000374279.4	3959
16894	UGDH	ENSG00000109814.14	ENST00000316423.11	3037
16895	UGGT1	ENSG00000136731.15	ENST00000259253.11	10761
16896	UGGT2	ENSG00000102595.24	ENST00000376747.8	4850
16897	UGP2	ENSG00000169764.18	ENST00000337130.10	2150
16898	UGT1A1	ENSG00000241635.9	ENST00000305208.10	2361
16899	UGT1A10	ENSG00000242515.7	ENST00000344644.10	2409
16900	UGT1A3	ENSG00000288702.2	ENST00000482026.6	2431
16901	UGT1A4	ENSG00000244474.7	ENST00000373409.8	2431
16902	UGT1A5	ENSG00000288705.2	ENST00000373414.4	2431
16903	UGT1A6	ENSG00000167165.20	ENST00000305139.11	2455
16904	UGT1A7	ENSG00000244122.4	ENST00000373426.4	2371
16905	UGT1A8	ENSG00000242366.5	ENST00000373450.5	2409
16906	UGT1A9	ENSG00000241119.3	ENST00000354728.5	2371
16907	UGT2A1	ENSG00000173610.14	ENST00000286604.9	2653
16908	UGT2A2	ENSG00000271271.6	ENST00000604629.6	2568
16909	UGT2A3	ENSG00000135220.13	ENST00000251566.9	2978
16910	UGT2B10	ENSG00000109181.14	ENST00000265403.12	2757
16911	UGT2B11	ENSG00000213759.10	ENST00000446444.2	2105
16912	UGT2B15	ENSG00000196620.12	ENST00000338206.6	2134
16913	UGT2B17	ENSG00000197888.5	ENST00000317746.3	2481
16914	UGT2B28	ENSG00000135226.18	ENST00000335568.10	1857
16915	UGT2B4	ENSG00000156096.17	ENST00000305107.7	2100
16916	UGT2B7	ENSG00000171234.16	ENST00000305231.12	1888
16917	UGT3A1	ENSG00000145626.14	ENST00000274278.8	4918
16918	UGT3A2	ENSG00000168671.12	ENST00000282507.8	2342
16919	UGT8	ENSG00000174607.14	ENST00000310836.11	3733
16920	UHMK1	ENSG00000152332.18	ENST00000489294.2	8524
16921	BLTP3A	ENSG00000065060.19	ENST00000192788.6	9567
16922	BLTP3B	ENSG00000111647.15	ENST00000279907.12	5198
16923	UHRF2	ENSG00000147854.20	ENST00000276893.10	3576
16924	UIMC1	ENSG00000087206.19	ENST00000511320.6	2574
16925	ULBP1	ENSG00000111981.7	ENST00000229708.4	3211
16926	ULBP2	ENSG00000131015.7	ENST00000367351.4	1335
16927	ULBP3	ENSG00000131019.13	ENST00000367339.7	3111
16928	ULK1	ENSG00000177169.12	ENST00000321867.6	5322
16929	ULK2	ENSG00000083290.22	ENST00000395544.9	9149
16930	ULK3	ENSG00000140474.16	ENST00000440863.7	2580
16931	ULK4	ENSG00000168038.13	ENST00000301831.9	4294
16932	UMOD	ENSG00000169344.18	ENST00000396138.9	2315
16933	UMODL1	ENSG00000177398.19	ENST00000408910.7	4879
16934	UMPS	ENSG00000114491.16	ENST00000232607.7	6652
16935	UNC119	ENSG00000109103.14	ENST00000335765.9	1379
16936	UNC119B	ENSG00000175970.14	ENST00000344651.5	4381
16937	UNC13A	ENSG00000130477.17	ENST00000519716.7	9985
16938	UNC13B	ENSG00000198722.17	ENST00000635942.2	14600
16939	UNC13C	ENSG00000137766.19	ENST00000260323.16	8880
16940	UNC13D	ENSG00000092929.15	ENST00000207549.9	4080
16941	UNC45A	ENSG00000140553.20	ENST00000418476.2	3252
16942	UNC45B	ENSG00000141161.14	ENST00000394570.7	5668
16943	UNC50	ENSG00000115446.14	ENST00000357765.7	1133
16944	UNC5A	ENSG00000113763.14	ENST00000329542.9	3733
16945	UNC5B	ENSG00000107731.14	ENST00000335350.10	6841
16946	UNC5C	ENSG00000182168.17	ENST00000453304.6	9642
16947	UNC5CL	ENSG00000124602.11	ENST00000244565.8	3156
16948	UNC5D	ENSG00000156687.12	ENST00000404895.7	9149
16949	UNC79	ENSG00000133958.15	ENST00000695012.1	9187
16950	UNC80	ENSG00000144406.21	ENST00000673920.1	13917
16951	UNC93A	ENSG00000112494.12	ENST00000230256.8	2111
16952	UNC93B1	ENSG00000110057.11	ENST00000227471.7	2294
16953	UNG	ENSG00000076248.14	ENST00000242576.7	2048
16954	UNK	ENSG00000132478.12	ENST00000589666.6	3890
16955	UNKL	ENSG00000059145.21	ENST00000389221.9	5250
16956	UPB1	ENSG00000100024.17	ENST00000326010.10	3823
16957	UPF1	ENSG00000005007.16	ENST00000262803.10	5321
16958	UPF2	ENSG00000151461.22	ENST00000357604.10	5168
16959	UPF3A	ENSG00000169062.17	ENST00000375299.8	2370
16960	UPF3B	ENSG00000125351.16	ENST00000276201.7	2343
16961	UPK1A	ENSG00000105668.9	ENST00000222275.3	1265
16962	UPK1B	ENSG00000114638.10	ENST00000264234.8	2028
16963	UPK2	ENSG00000110375.4	ENST00000264031.3	934
16964	UPK3A	ENSG00000100373.12	ENST00000216211.9	1084
16965	UPK3B	ENSG00000243566.9	ENST00000334348.8	2250
16966	UPP1	ENSG00000183696.16	ENST00000395564.9	1664
16967	UPP2	ENSG00000007001.16	ENST00000005756.5	2406
16968	UPRT	ENSG00000094841.16	ENST00000373383.9	2474
16969	UQCC1	ENSG00000101019.24	ENST00000374385.10	2267
16970	UQCC2	ENSG00000137288.12	ENST00000607484.6	1284
16971	UQCR10	ENSG00000184076.15	ENST00000330029.6	916
16972	UQCR11	ENSG00000127540.14	ENST00000591899.8	1299
16973	UQCRB	ENSG00000156467.12	ENST00000287022.10	8459
16974	UQCRC1	ENSG00000010256.14	ENST00000203407.6	1595
16975	UQCRC2	ENSG00000140740.13	ENST00000268379.9	1914
16976	UQCRFS1	ENSG00000169021.8	ENST00000304863.6	3086
16977	UQCRH	ENSG00000173660.14	ENST00000311672.10	537
16978	UQCRQ	ENSG00000164405.13	ENST00000378670.8	1573
16979	URAD	ENSG00000183463.7	ENST00000332715.6	967
16980	URB2	ENSG00000135763.12	ENST00000258243.7	5601
16981	URGCP	ENSG00000106608.19	ENST00000453200.6	3571
16982	URGCP-MRPS24	ENSG00000270617.1	ENST00000603700.1	795
16983	URI1	ENSG00000105176.20	ENST00000392271.6	3460
16984	URM1	ENSG00000167118.13	ENST00000372853.9	2595
16985	UROC1	ENSG00000159650.11	ENST00000290868.7	3264
16986	UROD	ENSG00000126088.16	ENST00000246337.9	1193
16987	UROS	ENSG00000188690.18	ENST00000368797.10	1336
16988	USB1	ENSG00000103005.15	ENST00000219281.8	2248
16989	USE1	ENSG00000053501.16	ENST00000263897.10	845
16990	USF1	ENSG00000158773.16	ENST00000368021.7	1807
16991	USF2	ENSG00000105698.18	ENST00000222305.8	1746
16992	USH1C	ENSG00000006611.19	ENST00000005226.12	3241
16993	USH1G	ENSG00000182040.9	ENST00000614341.5	3558
16994	USH2A	ENSG00000042781.15	ENST00000307340.8	18938
16995	USHBP1	ENSG00000130307.14	ENST00000252597.8	3289
16996	ATP5MK	ENSG00000173915.18	ENST00000369815.6	660
16997	USO1	ENSG00000138768.17	ENST00000514213.7	4123
16998	USP1	ENSG00000162607.15	ENST00000339950.5	3602
16999	USP10	ENSG00000103194.18	ENST00000219473.12	3328
17000	USP11	ENSG00000102226.12	ENST00000377107.7	3196
17001	USP12	ENSG00000152484.16	ENST00000282344.11	4412
17002	USP13	ENSG00000058056.12	ENST00000263966.8	8038
17003	USP14	ENSG00000101557.17	ENST00000261601.8	4972
17004	USP15	ENSG00000135655.18	ENST00000280377.10	14971
17005	USP16	ENSG00000156256.17	ENST00000399976.7	2924
17006	USP17L2	ENSG00000223443.3	ENST00000333796.4	2415
17007	USP18	ENSG00000184979.14	ENST00000215794.8	1858
17008	USP19	ENSG00000172046.22	ENST00000417901.6	4721
17009	USP2	ENSG00000036672.18	ENST00000260187.7	3697
17010	USP20	ENSG00000136878.16	ENST00000372429.8	4293
17011	USP21	ENSG00000143258.18	ENST00000368002.8	2315
17012	USP22	ENSG00000124422.14	ENST00000261497.9	5189
17013	USP24	ENSG00000162402.17	ENST00000294383.7	10800
17014	USP25	ENSG00000155313.18	ENST00000400183.7	5379
17015	USP26	ENSG00000134588.13	ENST00000511190.6	5525
17016	USP27X	ENSG00000273820.2	ENST00000621775.2	3075
17017	USP28	ENSG00000048028.14	ENST00000696973.1	4856
17018	USP29	ENSG00000131864.11	ENST00000254181.9	3763
17019	USP3	ENSG00000140455.19	ENST00000380324.8	5517
17020	USP30	ENSG00000135093.15	ENST00000257548.10	3749
17021	USP31	ENSG00000103404.17	ENST00000219689.12	10881
17022	USP32	ENSG00000170832.15	ENST00000300896.9	6937
17023	USP33	ENSG00000077254.16	ENST00000370794.7	4327
17024	USP34	ENSG00000115464.16	ENST00000398571.7	11675
17025	USP35	ENSG00000118369.15	ENST00000529308.6	4725
17026	USP36	ENSG00000055483.22	ENST00000449938.7	5872
17027	USP37	ENSG00000135913.13	ENST00000258399.8	8022
17028	USP38	ENSG00000170185.14	ENST00000307017.9	7081
17029	USP39	ENSG00000168883.22	ENST00000323701.11	2183
17030	USP4	ENSG00000114316.15	ENST00000265560.9	4070
17031	USP40	ENSG00000085982.18	ENST00000678225.2	5695
17032	USP41P	ENSG00000161133.19	ENST00000292729.12	920
17033	USP42	ENSG00000106346.14	ENST00000306177.10	5090
17034	USP43	ENSG00000154914.19	ENST00000285199.12	4185
17035	USP44	ENSG00000136014.14	ENST00000258499.8	4008
17036	USP45	ENSG00000123552.20	ENST00000500704.7	5878
17037	USP46	ENSG00000109189.15	ENST00000441222.8	7932
17038	USP47	ENSG00000170242.21	ENST00000527733.7	9994
17039	USP48	ENSG00000090686.18	ENST00000308271.14	4419
17040	USP49	ENSG00000164663.17	ENST00000682992.1	8940
17041	USP5	ENSG00000111667.16	ENST00000229268.13	3162
17042	USP50	ENSG00000170236.17	ENST00000532404.6	1353
17043	USP51	ENSG00000247746.7	ENST00000500968.4	4643
17044	USP53	ENSG00000145390.14	ENST00000692078.1	6631
17045	USP54	ENSG00000166348.22	ENST00000687698.1	6792
17046	USP6	ENSG00000129204.18	ENST00000574788.6	8870
17047	USP6NL	ENSG00000148429.17	ENST00000609104.6	4709
17048	USP7	ENSG00000187555.19	ENST00000344836.9	5831
17049	USP8	ENSG00000138592.17	ENST00000307179.9	18865
17050	USP9X	ENSG00000124486.17	ENST00000378308.7	12543
17051	USP9Y	ENSG00000114374.15	ENST00000338981.7	10036
17052	USPL1	ENSG00000132952.14	ENST00000255304.9	4894
17053	UST	ENSG00000111962.10	ENST00000367463.5	4496
17054	UTF1	ENSG00000171794.5	ENST00000304477.3	1214
17055	UTP11	ENSG00000183520.14	ENST00000373014.5	2023
17056	UTP14A	ENSG00000156697.15	ENST00000394422.8	2507
17057	UTP14C	ENSG00000253797.3	ENST00000521776.2	5529
17058	UTP15	ENSG00000164338.12	ENST00000296792.9	5096
17059	UTP18	ENSG00000011260.16	ENST00000225298.12	1876
17060	UTP20	ENSG00000120800.7	ENST00000261637.5	9031
17061	UTP23	ENSG00000147679.14	ENST00000309822.7	3672
17062	UTP3	ENSG00000132467.4	ENST00000254803.4	2020
17063	UTP6	ENSG00000108651.12	ENST00000261708.9	4330
17064	UTRN	ENSG00000152818.21	ENST00000367545.8	12918
17065	UTS2	ENSG00000049247.15	ENST00000361696.10	591
17066	UTS2B	ENSG00000188958.12	ENST00000340524.10	2385
17067	UTS2R	ENSG00000181408.7	ENST00000313135.5	3685
17068	UTY	ENSG00000183878.18	ENST00000545955.6	6174
17069	UVRAG	ENSG00000198382.11	ENST00000356136.8	5117
17070	UVSSA	ENSG00000163945.21	ENST00000389851.10	4773
17071	UXS1	ENSG00000115652.17	ENST00000283148.12	2053
17072	UXT	ENSG00000126756.14	ENST00000333119.8	595
17073	VAC14	ENSG00000103043.17	ENST00000261776.10	3096
17074	VAMP1	ENSG00000139190.18	ENST00000396308.4	2736
17075	VAMP2	ENSG00000220205.12	ENST00000316509.11	2126
17076	VAMP3	ENSG00000049245.14	ENST00000054666.11	2178
17077	VAMP4	ENSG00000117533.17	ENST00000236192.12	4977
17078	VAMP5	ENSG00000168899.7	ENST00000306384.5	660
17079	VAMP7	ENSG00000124333.18	ENST00000286448.12	2594
17080	VAMP8	ENSG00000118640.13	ENST00000263864.10	679
17081	VANGL1	ENSG00000173218.17	ENST00000355485.7	8671
17082	VANGL2	ENSG00000162738.9	ENST00000368061.3	5354
17083	VAPA	ENSG00000101558.16	ENST00000400000.7	6801
17084	VAPB	ENSG00000124164.18	ENST00000475243.6	7829
17085	VARS1	ENSG00000204394.15	ENST00000375663.8	4111
17086	VARS2	ENSG00000137411.21	ENST00000676266.1	3575
17087	VASH1	ENSG00000071246.12	ENST00000167106.9	6449
17088	VASH2	ENSG00000143494.18	ENST00000517399.3	4473
17089	VASN	ENSG00000168140.7	ENST00000304735.4	2816
17090	VASP	ENSG00000125753.17	ENST00000245932.11	2242
17091	VAT1	ENSG00000108828.18	ENST00000355653.8	2699
17092	VAT1L	ENSG00000171724.4	ENST00000302536.3	3791
17093	VAV1	ENSG00000141968.10	ENST00000602142.6	2892
17094	VAV2	ENSG00000160293.19	ENST00000371850.8	4851
17095	VAV3	ENSG00000134215.18	ENST00000370056.9	5025
17096	VAX1	ENSG00000148704.14	ENST00000369206.6	1937
17097	VAX2	ENSG00000116035.5	ENST00000234392.3	1161
17098	VBP1	ENSG00000155959.14	ENST00000286428.7	1616
17099	VCAM1	ENSG00000162692.14	ENST00000294728.7	3101
17100	VCAN	ENSG00000038427.17	ENST00000265077.8	12345
17101	VCL	ENSG00000035403.20	ENST00000211998.10	5497
17102	VCP	ENSG00000165280.20	ENST00000358901.11	3746
17103	VCPIP1	ENSG00000175073.9	ENST00000310421.5	9956
17104	VCPKMT	ENSG00000100483.16	ENST00000395860.7	1772
17105	VCX	ENSG00000182583.13	ENST00000688183.1	781
17106	VCX2	ENSG00000177504.11	ENST00000317103.5	815
17107	VCX3A	ENSG00000169059.14	ENST00000381089.7	995
17108	VCX3B	ENSG00000205642.11	ENST00000381032.6	1175
17109	VDAC1	ENSG00000213585.13	ENST00000265333.8	1839
17110	VDAC2	ENSG00000165637.16	ENST00000332211.11	1512
17111	VDAC3	ENSG00000078668.16	ENST00000022615.9	1418
17112	VDR	ENSG00000111424.14	ENST00000549336.6	4616
17113	VEGFA	ENSG00000112715.26	ENST00000672860.3	3609
17114	VEGFB	ENSG00000173511.12	ENST00000309422.7	1805
17115	VEGFC	ENSG00000150630.5	ENST00000618562.2	2259
17116	VENTX	ENSG00000151650.10	ENST00000325980.10	2459
17117	VEPH1	ENSG00000197415.14	ENST00000362010.7	4191
17118	VEZF1	ENSG00000136451.11	ENST00000581208.2	4630
17119	VEZT	ENSG00000028203.21	ENST00000436874.6	4510
17120	VGF	ENSG00000128564.10	ENST00000249330.3	2551
17121	VGLL1	ENSG00000102243.15	ENST00000370634.8	1144
17122	VGLL2	ENSG00000170162.16	ENST00000326274.6	2231
17123	VGLL3	ENSG00000206538.11	ENST00000398399.7	10438
17124	VGLL4	ENSG00000144560.17	ENST00000430365.7	3775
17125	VHL	ENSG00000134086.12	ENST00000256474.3	4414
17126	VHLL	ENSG00000189030.10	ENST00000339922.5	684
17127	VIL1	ENSG00000127831.13	ENST00000248444.10	6500
17128	VILL	ENSG00000136059.18	ENST00000383759.7	2831
17129	VIM	ENSG00000026025.18	ENST00000544301.7	2154
17130	SELENOS	ENSG00000131871.17	ENST00000526049.6	1218
17131	VIP	ENSG00000146469.15	ENST00000367244.8	1580
17132	VIPAS39	ENSG00000151445.18	ENST00000557658.6	2530
17133	VIPR1	ENSG00000114812.15	ENST00000325123.5	2754
17134	VIPR2	ENSG00000106018.16	ENST00000262178.7	3854
17135	VIT	ENSG00000205221.15	ENST00000379242.8	2800
17136	VKORC1	ENSG00000167397.17	ENST00000394975.3	840
17137	VKORC1L1	ENSG00000196715.9	ENST00000360768.5	6087
17138	VLDLR	ENSG00000147852.19	ENST00000382100.8	9213
17139	VMA21	ENSG00000160131.16	ENST00000330374.7	4715
17140	VMAC	ENSG00000187650.5	ENST00000339485.4	2240
17141	VMO1	ENSG00000182853.13	ENST00000328739.6	698
17142	VMP1	ENSG00000062716.15	ENST00000262291.9	3686
17143	VN1R1	ENSG00000178201.5	ENST00000321039.5	2351
17144	VN1R2	ENSG00000196131.6	ENST00000341702.3	1311
17145	VN1R4	ENSG00000228567.3	ENST00000311170.5	1048
17146	VNN1	ENSG00000112299.10	ENST00000367928.5	3853
17147	VNN2	ENSG00000112303.15	ENST00000326499.11	2014
17148	VNN3P	ENSG00000293493.2	ENST00000425515.7	1777
17149	VOPP1	ENSG00000154978.15	ENST00000285279.10	2939
17150	DCAF1	ENSG00000145041.19	ENST00000684031.1	5649
17151	VPREB1	ENSG00000169575.6	ENST00000403807.4	644
17152	VPREB3	ENSG00000128218.9	ENST00000248948.4	567
17153	VPS11	ENSG00000160695.18	ENST00000621676.5	3181
17154	VPS13A	ENSG00000197969.15	ENST00000360280.8	15227
17155	VPS13B	ENSG00000132549.21	ENST00000357162.7	14011
17156	VPS13C	ENSG00000129003.20	ENST00000644861.2	13403
17157	VPS13D	ENSG00000048707.16	ENST00000620676.6	16357
17158	VPS16	ENSG00000215305.12	ENST00000380445.8	2708
17159	VPS18	ENSG00000104142.13	ENST00000220509.10	3875
17160	VPS25	ENSG00000131475.9	ENST00000253794.7	1088
17161	VPS26A	ENSG00000122958.17	ENST00000263559.11	4227
17162	VPS26B	ENSG00000151502.13	ENST00000281187.10	3661
17163	VPS28	ENSG00000160948.16	ENST00000292510.6	948
17164	VPS29	ENSG00000111237.20	ENST00000549578.6	1531
17165	VPS33A	ENSG00000139719.14	ENST00000267199.9	4559
17166	VPS33B	ENSG00000184056.17	ENST00000333371.8	2501
17167	VPS35	ENSG00000069329.21	ENST00000299138.12	6776
17168	VPS36	ENSG00000136100.16	ENST00000378060.9	4425
17169	VPS37A	ENSG00000155975.12	ENST00000324849.9	4519
17170	VPS37B	ENSG00000139722.9	ENST00000267202.7	2706
17171	VPS37C	ENSG00000167987.13	ENST00000301765.10	2673
17172	VPS37D	ENSG00000176428.8	ENST00000324941.5	1618
17173	VPS39	ENSG00000166887.18	ENST00000318006.10	4832
17174	VPS41	ENSG00000006715.18	ENST00000310301.9	5854
17175	VPS45	ENSG00000136631.18	ENST00000644510.2	2328
17176	VPS4A	ENSG00000132612.19	ENST00000254950.13	4106
17177	VPS4B	ENSG00000119541.12	ENST00000238497.10	3337
17178	VPS51	ENSG00000149823.12	ENST00000279281.8	2661
17179	VPS52	ENSG00000223501.11	ENST00000445902.3	2936
17180	VPS53	ENSG00000141252.22	ENST00000437048.7	13089
17181	VPS54	ENSG00000143952.22	ENST00000272322.9	4725
17182	VPS72	ENSG00000163159.17	ENST00000368892.9	1511
17183	VPS8	ENSG00000156931.19	ENST00000625842.3	5014
17184	VPS9D1	ENSG00000075399.16	ENST00000389386.8	2660
17185	VRK1	ENSG00000100749.11	ENST00000216639.8	1663
17186	VRK2	ENSG00000028116.20	ENST00000340157.9	1773
17187	VRK3	ENSG00000105053.13	ENST00000316763.8	1923
17188	VRTN	ENSG00000133980.7	ENST00000256362.5	3408
17189	VSIG1	ENSG00000101842.15	ENST00000217957.10	3033
17190	VSIG10	ENSG00000176834.16	ENST00000359236.10	5009
17191	VSIG2	ENSG00000019102.14	ENST00000326621.10	1163
17192	VSIG4	ENSG00000155659.17	ENST00000374737.9	1807
17193	VSIG8	ENSG00000243284.1	ENST00000368100.1	1818
17194	VSNL1	ENSG00000163032.14	ENST00000295156.9	2428
17195	VSTM1	ENSG00000189068.12	ENST00000338372.7	967
17196	VSTM2A	ENSG00000170419.12	ENST00000402613.4	2927
17197	VSTM2L	ENSG00000132821.14	ENST00000373461.9	1936
17198	VSTM4	ENSG00000165633.15	ENST00000332853.9	6414
17199	VSX1	ENSG00000100987.16	ENST00000376709.9	1941
17200	VSX2	ENSG00000119614.3	ENST00000261980.3	3018
17201	VTA1	ENSG00000009844.18	ENST00000367630.9	6991
17202	VTCN1	ENSG00000134258.20	ENST00000369458.8	2605
17203	VTI1A	ENSG00000151532.17	ENST00000393077.3	4174
17204	VTI1B	ENSG00000100568.13	ENST00000554659.6	5142
17205	VTN	ENSG00000109072.16	ENST00000226218.9	1626
17206	VWA1	ENSG00000179403.14	ENST00000476993.2	4492
17207	VWA2	ENSG00000165816.15	ENST00000392982.8	5846
17208	VWA3A	ENSG00000175267.17	ENST00000389398.10	4599
17209	VWA3B	ENSG00000168658.21	ENST00000477737.6	5064
17210	VWA5A	ENSG00000110002.18	ENST00000456829.7	4300
17211	VWA5B2	ENSG00000145198.17	ENST00000691901.1	4298
17212	VWA7	ENSG00000204396.12	ENST00000375688.5	2915
17213	VWA8	ENSG00000102763.20	ENST00000379310.8	7174
17214	INTS14	ENSG00000138614.18	ENST00000313182.7	2304
17215	VWC2	ENSG00000188730.7	ENST00000340652.5	11322
17216	VWC2L	ENSG00000174453.10	ENST00000312504.10	4638
17217	VWCE	ENSG00000167992.16	ENST00000335613.10	3536
17218	VWF	ENSG00000110799.16	ENST00000261405.10	8830
17219	WAC	ENSG00000095787.28	ENST00000354911.9	5912
17220	WAPL	ENSG00000062650.22	ENST00000298767.10	6310
17221	WARS1	ENSG00000140105.20	ENST00000392882.7	2639
17222	WARS2	ENSG00000116874.14	ENST00000235521.5	2787
17223	WAS	ENSG00000015285.14	ENST00000376701.5	1829
17224	WASF1	ENSG00000112290.15	ENST00000392589.6	2886
17225	WASF2	ENSG00000158195.13	ENST00000618852.5	5681
17226	WASF3	ENSG00000132970.16	ENST00000335327.6	4857
17227	WASH4P	ENSG00000234769.7	ENST00000564273.4	1246
17228	WASL	ENSG00000106299.10	ENST00000223023.5	4363
17229	WBP1	ENSG00000239779.9	ENST00000233615.7	1175
17230	WBP11	ENSG00000084463.10	ENST00000261167.7	4581
17231	WBP1L	ENSG00000166272.20	ENST00000448841.7	4129
17232	WBP2	ENSG00000132471.13	ENST00000254806.8	1859
17233	WBP2NL	ENSG00000183066.17	ENST00000328823.13	2255
17234	WBP4	ENSG00000120688.11	ENST00000379487.5	2388
17235	TCEAL9	ENSG00000185222.12	ENST00000372661.6	1028
17236	RCC1L	ENSG00000274523.7	ENST00000610322.5	2309
17237	GALNT17	ENSG00000185274.14	ENST00000333538.10	3909
17238	BUD23	ENSG00000071462.15	ENST00000265758.7	1201
17239	METTL27	ENSG00000165171.13	ENST00000297873.9	922
17240	TMEM270	ENSG00000175877.5	ENST00000320531.3	851
17241	WDFY1	ENSG00000085449.17	ENST00000233055.9	4607
17242	WDFY2	ENSG00000139668.11	ENST00000298125.7	9369
17243	WDFY3	ENSG00000163625.18	ENST00000295888.9	14559
17244	WDHD1	ENSG00000198554.14	ENST00000360586.8	6019
17245	WDPCP	ENSG00000143951.18	ENST00000272321.12	4894
17246	WDR1	ENSG00000071127.20	ENST00000499869.7	2993
17247	WDR11	ENSG00000120008.17	ENST00000263461.11	4545
17248	WDR12	ENSG00000138442.13	ENST00000261015.5	8068
17249	WDR13	ENSG00000101940.20	ENST00000376729.10	5457
17250	CFAP52	ENSG00000166596.16	ENST00000352665.10	2166
17251	WDR17	ENSG00000150627.18	ENST00000508596.6	7333
17252	WDR18	ENSG00000065268.13	ENST00000585809.6	1521
17253	WDR19	ENSG00000157796.20	ENST00000399820.8	4395
17254	WDR20	ENSG00000140153.20	ENST00000342702.8	2384
17255	WDR24	ENSG00000127580.19	ENST00000293883.9	3243
17256	WDR25	ENSG00000176473.16	ENST00000402312.8	1923
17257	WDR26	ENSG00000162923.18	ENST00000414423.9	7367
17258	WDR27	ENSG00000184465.19	ENST00000448612.6	3554
17259	WDR3	ENSG00000065183.18	ENST00000349139.6	10004
17260	WDR31	ENSG00000148225.19	ENST00000374193.9	4871
17261	WDR33	ENSG00000136709.14	ENST00000322313.9	9490
17262	DYNC2I2	ENSG00000119333.14	ENST00000372715.7	1823
17263	WDR35	ENSG00000118965.18	ENST00000281405.9	6898
17264	WDR36	ENSG00000134987.15	ENST00000513710.4	6416
17265	WDR37	ENSG00000047056.20	ENST00000263150.9	5137
17266	WDR38	ENSG00000136918.10	ENST00000373574.2	1265
17267	WDR4	ENSG00000160193.14	ENST00000398208.3	2106
17268	WDR41	ENSG00000164253.16	ENST00000296679.9	3678
17269	WDR43	ENSG00000163811.14	ENST00000407426.8	3506
17270	WDR44	ENSG00000131725.16	ENST00000254029.8	4114
17271	WDR45	ENSG00000196998.21	ENST00000376372.9	1598
17272	WDR45B	ENSG00000141580.18	ENST00000392325.9	2496
17273	WDR46	ENSG00000227057.11	ENST00000374617.9	2070
17274	WDR47	ENSG00000085433.19	ENST00000369962.8	4226
17275	WDR48	ENSG00000114742.16	ENST00000302313.10	3965
17276	WDR49	ENSG00000174776.14	ENST00000682715.1	3527
17277	WDR5	ENSG00000196363.12	ENST00000358625.4	3157
17278	CFAP44	ENSG00000206530.12	ENST00000393845.9	10238
17279	WDR53	ENSG00000185798.10	ENST00000332629.7	1594
17280	WDR54	ENSG00000005448.19	ENST00000348227.4	1147
17281	WDR55	ENSG00000120314.20	ENST00000358337.10	3852
17282	WDR59	ENSG00000103091.17	ENST00000262144.11	5878
17283	WDR5B	ENSG00000196981.5	ENST00000330689.6	4217
17284	WDR6	ENSG00000178252.21	ENST00000608424.6	4070
17285	DYNC2I1	ENSG00000126870.18	ENST00000407559.8	3789
17286	SKIC8	ENSG00000140395.11	ENST00000267973.7	1202
17287	WDR62	ENSG00000075702.20	ENST00000401500.7	4727
17288	DNAI3	ENSG00000162643.15	ENST00000294664.11	2990
17289	WDR64	ENSG00000162843.19	ENST00000437684.7	5042
17290	CFAP57	ENSG00000243710.10	ENST00000372492.9	4063
17291	CFAP251	ENSG00000158023.12	ENST00000288912.9	3729
17292	WDR7	ENSG00000091157.16	ENST00000254442.8	7295
17293	WDR70	ENSG00000082068.11	ENST00000265107.9	2877
17294	WDR72	ENSG00000166415.17	ENST00000360509.10	7310
17295	WDR73	ENSG00000177082.15	ENST00000434634.7	5331
17296	WDR74	ENSG00000133316.18	ENST00000278856.9	1219
17297	WDR75	ENSG00000115368.12	ENST00000314761.9	2647
17298	WDR76	ENSG00000092470.14	ENST00000263795.11	3932
17299	WDR77	ENSG00000116455.15	ENST00000235090.10	2456
17300	DNAI4	ENSG00000152763.19	ENST00000371026.8	3817
17301	WDR81	ENSG00000167716.20	ENST00000409644.6	6982
17302	WDR82	ENSG00000164091.14	ENST00000296490.8	4286
17303	WDR83	ENSG00000123154.14	ENST00000418543.8	1450
17304	WDR83OS	ENSG00000105583.13	ENST00000596731.7	619
17305	WDR86	ENSG00000187260.17	ENST00000334493.11	2038
17306	WDR88	ENSG00000166359.12	ENST00000355868.4	1702
17307	WDR89	ENSG00000140006.14	ENST00000620954.2	3109
17308	WDR90	ENSG00000161996.21	ENST00000293879.9	5540
17309	WDR91	ENSG00000105875.17	ENST00000354475.5	4580
17310	DNAAF10	ENSG00000243667.9	ENST00000295121.11	2591
17311	WDR93	ENSG00000140527.17	ENST00000268130.12	2395
17312	CFAP43	ENSG00000197748.15	ENST00000357060.8	5367
17313	WDSUB1	ENSG00000196151.13	ENST00000359774.9	1811
17314	WDTC1	ENSG00000142784.18	ENST00000319394.8	4706
17315	NTAQ1	ENSG00000156795.10	ENST00000287387.7	1519
17316	WEE1	ENSG00000166483.14	ENST00000450114.7	3588
17317	WEE2	ENSG00000214102.8	ENST00000397541.6	3061
17318	WFDC1	ENSG00000103175.13	ENST00000219454.10	1295
17319	WFDC10A	ENSG00000180305.6	ENST00000372643.4	493
17320	WFDC10B	ENSG00000182931.11	ENST00000330523.10	632
17321	WFDC11	ENSG00000180083.11	ENST00000324384.4	615
17322	WFDC12	ENSG00000168703.5	ENST00000372785.3	775
17323	WFDC13	ENSG00000168634.5	ENST00000305479.3	1350
17324	WFDC2	ENSG00000101443.20	ENST00000372676.8	567
17325	WFDC3	ENSG00000124116.20	ENST00000243938.9	970
17326	WFDC5	ENSG00000175121.13	ENST00000372789.6	1009
17327	WFDC6	ENSG00000243543.11	ENST00000372670.8	607
17328	WFDC8	ENSG00000158901.13	ENST00000289953.3	1027
17329	WFDC9	ENSG00000180205.4	ENST00000326000.2	675
17330	WFIKKN1	ENSG00000127578.7	ENST00000319070.3	1976
17331	WFIKKN2	ENSG00000173714.10	ENST00000311378.5	3417
17332	WFS1	ENSG00000109501.17	ENST00000226760.5	3640
17333	WHAMM	ENSG00000156232.9	ENST00000286760.5	5101
17334	NSD2	ENSG00000109685.21	ENST00000508803.6	7560
17335	NSD3	ENSG00000147548.19	ENST00000317025.13	10768
17336	PYM1	ENSG00000170473.19	ENST00000408946.7	1207
17337	WIF1	ENSG00000156076.12	ENST00000286574.9	1977
17338	WIPF1	ENSG00000115935.21	ENST00000679041.1	4727
17339	WIPF2	ENSG00000171475.16	ENST00000323571.9	7492
17340	WIPF3	ENSG00000122574.14	ENST00000242140.10	4225
17341	WIPI1	ENSG00000070540.15	ENST00000262139.10	1908
17342	WIPI2	ENSG00000157954.17	ENST00000288828.9	4445
17343	CCN4	ENSG00000104415.15	ENST00000250160.11	5190
17344	CCN5	ENSG00000064205.13	ENST00000190983.5	1279
17345	CCN6	ENSG00000112761.23	ENST00000368666.7	1385
17346	WIZ	ENSG00000011451.23	ENST00000673675.1	8987
17347	WLS	ENSG00000116729.16	ENST00000262348.9	2716
17348	WNK1	ENSG00000060237.21	ENST00000315939.11	10796
17349	WNK2	ENSG00000165238.19	ENST00000427277.7	7080
17350	WNK3	ENSG00000196632.14	ENST00000354646.7	11384
17351	WNK4	ENSG00000126562.19	ENST00000246914.10	4199
17352	WNT1	ENSG00000125084.13	ENST00000293549.4	2422
17353	WNT10A	ENSG00000135925.11	ENST00000258411.8	2055
17354	WNT10B	ENSG00000169884.15	ENST00000301061.9	2246
17355	WNT11	ENSG00000085741.16	ENST00000322563.8	1900
17356	WNT16	ENSG00000002745.14	ENST00000222462.3	3150
17357	WNT2	ENSG00000105989.12	ENST00000265441.8	3856
17358	WNT2B	ENSG00000134245.19	ENST00000369684.5	11130
17359	WNT3	ENSG00000108379.13	ENST00000225512.6	3287
17360	WNT3A	ENSG00000154342.8	ENST00000284523.2	2996
17361	WNT4	ENSG00000162552.17	ENST00000290167.11	3968
17362	WNT5A	ENSG00000114251.16	ENST00000264634.9	5841
17363	WNT5B	ENSG00000111186.15	ENST00000397196.7	2238
17364	WNT6	ENSG00000115596.5	ENST00000233948.4	1719
17365	WNT7A	ENSG00000154764.7	ENST00000285018.5	3991
17366	WNT7B	ENSG00000188064.11	ENST00000339464.9	3948
17367	WNT8A	ENSG00000061492.12	ENST00000506684.6	1673
17368	WNT8B	ENSG00000075290.8	ENST00000343737.6	2144
17369	WNT9A	ENSG00000143816.9	ENST00000272164.6	4005
17370	WNT9B	ENSG00000158955.12	ENST00000290015.7	4972
17371	WRAP53	ENSG00000141499.20	ENST00000396463.7	1749
17372	WRAP73	ENSG00000116213.18	ENST00000270708.12	1692
17373	GET1	ENSG00000182093.17	ENST00000649170.1	1534
17374	WRN	ENSG00000165392.13	ENST00000298139.7	7575
17375	WRNIP1	ENSG00000124535.18	ENST00000380773.9	3898
17376	WSB1	ENSG00000109046.17	ENST00000262394.7	5105
17377	WSB2	ENSG00000176871.11	ENST00000315436.8	2855
17378	WSCD1	ENSG00000179314.19	ENST00000317744.10	6056
17379	WSCD2	ENSG00000075035.12	ENST00000547525.6	5082
17380	WT1	ENSG00000184937.18	ENST00000452863.10	3031
17381	WTAP	ENSG00000146457.18	ENST00000621533.5	2105
17382	WTIP	ENSG00000142279.15	ENST00000590071.7	13545
17383	WWC1	ENSG00000113645.17	ENST00000265293.9	7136
17384	WWC2	ENSG00000151718.18	ENST00000403733.8	8862
17385	WWC3	ENSG00000047644.21	ENST00000380861.11	7067
17386	WWOX	ENSG00000186153.20	ENST00000566780.6	2241
17387	WWP1	ENSG00000123124.16	ENST00000517970.6	4877
17388	WWP2	ENSG00000198373.15	ENST00000359154.7	4487
17389	WWTR1	ENSG00000018408.17	ENST00000360632.8	5037
17390	XAB2	ENSG00000076924.14	ENST00000358368.5	2647
17391	XAF1	ENSG00000132530.19	ENST00000361842.8	3417
17392	XAGE3	ENSG00000171402.16	ENST00000346279.4	512
17393	XAGE5	ENSG00000171405.15	ENST00000375501.2	721
17394	XBP1	ENSG00000100219.19	ENST00000344347.6	1791
17395	XCL1	ENSG00000143184.6	ENST00000367818.4	1227
17396	XCL2	ENSG00000143185.5	ENST00000367819.3	562
17397	XCR1	ENSG00000173578.10	ENST00000309285.4	5039
17398	XDH	ENSG00000158125.12	ENST00000379416.4	5715
17399	XG	ENSG00000124343.15	ENST00000644266.2	2943
17400	XIAP	ENSG00000101966.16	ENST00000371199.8	8558
17401	XIRP1	ENSG00000168334.11	ENST00000340369.4	6461
17402	XIRP2	ENSG00000163092.23	ENST00000409195.6	12682
17403	XK	ENSG00000047597.8	ENST00000378616.5	5174
17404	XKR3	ENSG00000172967.9	ENST00000684488.1	1650
17405	XKR4	ENSG00000206579.10	ENST00000327381.7	20241
17406	XKR6	ENSG00000171044.12	ENST00000416569.3	4327
17407	XKR7	ENSG00000260903.3	ENST00000562532.3	7695
17408	XKR8	ENSG00000158156.10	ENST00000373884.6	2178
17409	XKR9	ENSG00000221947.10	ENST00000408926.8	3200
17410	XKRX	ENSG00000182489.10	ENST00000372956.3	2856
17411	XPA	ENSG00000136936.13	ENST00000375128.5	1400
17412	XPC	ENSG00000154767.18	ENST00000285021.12	3650
17413	XPNPEP1	ENSG00000108039.20	ENST00000502935.6	2497
17414	XPNPEP2	ENSG00000122121.14	ENST00000371106.4	3311
17415	XPNPEP3	ENSG00000196236.15	ENST00000357137.9	7938
17416	XPO1	ENSG00000082898.21	ENST00000401558.7	4988
17417	XPO4	ENSG00000132953.20	ENST00000255305.11	9857
17418	XPO5	ENSG00000124571.20	ENST00000265351.12	5323
17419	XPO6	ENSG00000169180.14	ENST00000304658.10	4537
17420	XPO7	ENSG00000130227.19	ENST00000252512.14	4870
17421	XPOT	ENSG00000184575.14	ENST00000332707.10	6370
17422	XPR1	ENSG00000143324.16	ENST00000367590.9	8484
17423	XRCC1	ENSG00000073050.14	ENST00000262887.10	2052
17424	XRCC2	ENSG00000196584.5	ENST00000359321.2	4771
17425	XRCC3	ENSG00000126215.16	ENST00000555055.6	2567
17426	XRCC4	ENSG00000152422.18	ENST00000396027.9	1602
17427	XRCC5	ENSG00000079246.18	ENST00000392132.7	3379
17428	XRCC6	ENSG00000196419.15	ENST00000360079.8	2122
17429	ATP23	ENSG00000166896.11	ENST00000300145.4	3134
17430	XRN1	ENSG00000114127.13	ENST00000392981.7	10079
17431	XRN2	ENSG00000088930.10	ENST00000377191.5	3408
17432	XRRA1	ENSG00000166435.18	ENST00000684022.1	4929
17433	XXYLT1	ENSG00000173950.17	ENST00000310380.11	2714
17434	XYLB	ENSG00000093217.13	ENST00000207870.8	3667
17435	XYLT1	ENSG00000103489.14	ENST00000261381.7	9970
17436	XYLT2	ENSG00000015532.12	ENST00000017003.7	3507
17437	YAE1	ENSG00000241127.11	ENST00000223273.7	871
17438	YAF2	ENSG00000015153.17	ENST00000534854.7	4096
17439	YAP1	ENSG00000137693.16	ENST00000282441.10	5401
17440	YARS1	ENSG00000134684.15	ENST00000373477.9	2443
17441	YARS2	ENSG00000139131.15	ENST00000324868.13	2117
17442	YBEY	ENSG00000182362.16	ENST00000397701.9	739
17443	YBX1	ENSG00000065978.21	ENST00000321358.12	2979
17444	YBX2	ENSG00000006047.15	ENST00000007699.10	1654
17445	YBX3	ENSG00000060138.15	ENST00000228251.9	1931
17446	YDJC	ENSG00000161179.16	ENST00000292778.11	1309
17447	YEATS2	ENSG00000163872.18	ENST00000305135.10	6526
17448	YEATS4	ENSG00000127337.9	ENST00000247843.7	1468
17449	YES1	ENSG00000176105.16	ENST00000314574.5	4605
17450	YIF1A	ENSG00000174851.18	ENST00000376901.9	1097
17451	YIF1B	ENSG00000167645.19	ENST00000339413.11	2769
17452	YIPF1	ENSG00000058799.17	ENST00000072644.7	1821
17453	YIPF2	ENSG00000130733.13	ENST00000586748.6	2111
17454	YIPF3	ENSG00000137207.14	ENST00000372422.7	1507
17455	YIPF4	ENSG00000119820.13	ENST00000238831.9	11955
17456	YIPF5	ENSG00000145817.19	ENST00000274496.10	3144
17457	YIPF6	ENSG00000181704.14	ENST00000462683.6	6010
17458	YIPF7	ENSG00000177752.17	ENST00000415895.9	1170
17459	YJEFN3	ENSG00000250067.14	ENST00000514277.6	979
17460	YKT6	ENSG00000106636.11	ENST00000223369.3	2767
17461	YLPM1	ENSG00000119596.20	ENST00000325680.12	8195
17462	YME1L1	ENSG00000136758.23	ENST00000376016.8	4191
17463	YOD1	ENSG00000180667.11	ENST00000315927.9	6396
17464	YPEL1	ENSG00000100027.18	ENST00000339468.8	4297
17465	YPEL2	ENSG00000175155.12	ENST00000312655.9	5264
17466	YPEL3	ENSG00000090238.14	ENST00000398841.6	1601
17467	YPEL4	ENSG00000166793.13	ENST00000300022.8	1690
17468	YPEL5	ENSG00000119801.16	ENST00000261353.9	2136
17469	YRDC	ENSG00000196449.6	ENST00000373044.3	1848
17470	YTHDC1	ENSG00000083896.15	ENST00000344157.9	6233
17471	YTHDC2	ENSG00000047188.18	ENST00000161863.9	6305
17472	YTHDF1	ENSG00000149658.20	ENST00000370339.8	3198
17473	YTHDF2	ENSG00000198492.18	ENST00000373812.8	2744
17474	YTHDF3	ENSG00000185728.19	ENST00000539294.6	5095
17475	YWHAB	ENSG00000166913.15	ENST00000353703.9	3020
17476	YWHAE	ENSG00000108953.19	ENST00000264335.13	2052
17477	YWHAG	ENSG00000170027.8	ENST00000307630.5	3705
17478	YWHAH	ENSG00000128245.17	ENST00000248975.6	1751
17479	YWHAQ	ENSG00000134308.16	ENST00000238081.8	2196
17480	YWHAZ	ENSG00000164924.20	ENST00000395958.6	5011
17481	YY1	ENSG00000100811.16	ENST00000262238.10	6534
17482	YY1AP1	ENSG00000163374.23	ENST00000355499.9	2723
17483	YY2	ENSG00000230797.3	ENST00000429584.3	2754
17484	ZACN	ENSG00000186919.13	ENST00000334586.10	1475
17485	PTGR3	ENSG00000180011.8	ENST00000322342.4	7518
17486	ZAN	ENSG00000146839.19	ENST00000613979.5	8700
17487	ZAP70	ENSG00000115085.18	ENST00000264972.10	2421
17488	ZAR1	ENSG00000182223.7	ENST00000327939.4	1460
17489	ZBBX	ENSG00000169064.15	ENST00000675490.1	3807
17490	ZBED1	ENSG00000214717.14	ENST00000652001.1	4498
17491	ZBED2	ENSG00000177494.8	ENST00000317012.5	2214
17492	ZBED3	ENSG00000132846.8	ENST00000255198.3	6134
17493	ZBED4	ENSG00000100426.10	ENST00000216268.6	6893
17494	ZBED10P	ENSG00000188707.8	ENST00000696247.1	1245
17495	ZBP1	ENSG00000124256.17	ENST00000371173.8	2142
17496	ZBTB1	ENSG00000126804.16	ENST00000683701.1	3642
17497	ZBTB10	ENSG00000205189.14	ENST00000455036.8	9938
17498	ZBTB11	ENSG00000066422.8	ENST00000312938.5	5657
17499	ZBTB12	ENSG00000204366.5	ENST00000375527.3	1963
17500	ZBTB14	ENSG00000198081.13	ENST00000651870.1	3372
17501	ZBTB16	ENSG00000109906.17	ENST00000335953.9	8494
17502	ZBTB17	ENSG00000116809.14	ENST00000375743.9	2720
17503	ZBTB18	ENSG00000179456.14	ENST00000358704.4	3851
17504	ZBTB2	ENSG00000181472.7	ENST00000325144.5	3103
17505	ZBTB20	ENSG00000181722.20	ENST00000675478.1	27503
17506	ZBTB21	ENSG00000173276.16	ENST00000310826.10	7452
17507	ZBTB22	ENSG00000236104.6	ENST00000431845.3	2660
17508	ZBTB24	ENSG00000112365.8	ENST00000230122.4	5501
17509	ZBTB25	ENSG00000089775.14	ENST00000608382.6	10365
17510	ZBTB26	ENSG00000171448.11	ENST00000373656.4	4455
17511	ZBTB3	ENSG00000185670.11	ENST00000394807.5	2950
17512	ZBTB32	ENSG00000011590.16	ENST00000392197.7	2037
17513	ZBTB33	ENSG00000177485.9	ENST00000557385.2	5253
17514	ZBTB34	ENSG00000177125.8	ENST00000319119.5	6590
17515	ZBTB37	ENSG00000185278.18	ENST00000367701.10	19183
17516	ZBTB38	ENSG00000177311.14	ENST00000321464.7	8014
17517	ZBTB39	ENSG00000166860.5	ENST00000300101.3	6268
17518	ZBTB4	ENSG00000174282.14	ENST00000380599.9	5860
17519	ZBTB40	ENSG00000184677.20	ENST00000375647.5	8701
17520	ZBTB41	ENSG00000177888.10	ENST00000367405.5	8595
17521	ZBTB43	ENSG00000169155.12	ENST00000373464.5	5940
17522	ZBTB44	ENSG00000196323.16	ENST00000357899.9	7399
17523	ZBTB45	ENSG00000119574.15	ENST00000594051.6	2129
17524	ZBTB46	ENSG00000130584.14	ENST00000245663.9	5231
17525	ZBTB47	ENSG00000114853.16	ENST00000232974.11	5494
17526	ZBTB48	ENSG00000204859.15	ENST00000377674.9	2347
17527	ZBTB49	ENSG00000168826.18	ENST00000337872.9	2886
17528	ZBTB5	ENSG00000168795.7	ENST00000307750.5	4690
17529	ZBTB6	ENSG00000186130.7	ENST00000373659.4	4099
17530	ZBTB7A	ENSG00000178951.11	ENST00000322357.9	6437
17531	ZBTB7B	ENSG00000160685.16	ENST00000535420.6	3606
17532	ZBTB7C	ENSG00000184828.12	ENST00000590800.6	4909
17533	ZBTB8A	ENSG00000160062.17	ENST00000373510.9	7077
17534	ZBTB8B	ENSG00000273274.4	ENST00000609129.2	12831
17535	ZBTB8OS	ENSG00000176261.18	ENST00000468695.6	1567
17536	ZBTB9	ENSG00000213588.8	ENST00000395064.3	2715
17537	ZC2HC1A	ENSG00000104427.15	ENST00000263849.9	3310
17538	ZC2HC1C	ENSG00000119703.17	ENST00000524913.3	3923
17539	ZC3H10	ENSG00000135482.9	ENST00000257940.7	7121
17540	ZC3H11A	ENSG00000058673.18	ENST00000367210.3	5917
17541	ZC3H12A	ENSG00000163874.13	ENST00000373087.7	2654
17542	ZC3H12B	ENSG00000102053.15	ENST00000338957.5	8269
17543	ZC3H12C	ENSG00000149289.12	ENST00000278590.8	8776
17544	ZC3H12D	ENSG00000178199.15	ENST00000409806.8	5744
17545	ZC3H13	ENSG00000123200.19	ENST00000679008.1	8024
17546	ZC3H14	ENSG00000100722.22	ENST00000251038.10	18153
17547	ZC3H15	ENSG00000065548.21	ENST00000337859.11	2032
17548	ZC3H18	ENSG00000158545.18	ENST00000301011.10	3705
17549	ZC3H3	ENSG00000014164.9	ENST00000262577.6	3270
17550	ZC3H4	ENSG00000130749.10	ENST00000253048.10	6143
17551	ZC3H6	ENSG00000188177.17	ENST00000409871.6	11539
17552	ZC3H7A	ENSG00000122299.13	ENST00000355758.9	3805
17553	ZC3H7B	ENSG00000100403.14	ENST00000352645.5	5906
17554	ZC3H8	ENSG00000144161.16	ENST00000409573.7	5892
17555	ZC3HAV1	ENSG00000105939.16	ENST00000242351.10	7177
17556	ZC3HAV1L	ENSG00000146858.9	ENST00000275766.2	1766
17557	ZC3HC1	ENSG00000091732.20	ENST00000358303.9	1889
17558	ZC4H2	ENSG00000126970.18	ENST00000374839.8	2724
17559	ZCCHC10	ENSG00000155329.14	ENST00000509437.6	2189
17560	TUT4	ENSG00000134744.16	ENST00000257177.9	5853
17561	ZCCHC12	ENSG00000174460.6	ENST00000310164.3	2197
17562	ZCCHC13	ENSG00000187969.6	ENST00000339534.4	855
17563	ZCCHC14	ENSG00000140948.14	ENST00000671377.2	8079
17564	RTL4	ENSG00000187823.6	ENST00000695839.1	3451
17565	ZCCHC17	ENSG00000121766.18	ENST00000344147.10	1568
17566	ZCCHC18	ENSG00000166707.14	ENST00000650639.1	2940
17567	ZCCHC2	ENSG00000141664.12	ENST00000269499.10	5937
17568	ZCCHC24	ENSG00000165424.9	ENST00000372336.4	4930
17569	ZCCHC3	ENSG00000247315.4	ENST00000500893.4	2752
17570	ZCCHC4	ENSG00000168228.18	ENST00000302874.9	2797
17571	RTL3	ENSG00000179300.5	ENST00000321110.2	2649
17572	TUT7	ENSG00000083223.20	ENST00000375963.8	5603
17573	ZCCHC7	ENSG00000147905.20	ENST00000336755.10	2584
17574	ZCCHC8	ENSG00000033030.18	ENST00000633063.3	4113
17575	ZCCHC9	ENSG00000131732.14	ENST00000407610.8	1580
17576	ZCRB1	ENSG00000139168.11	ENST00000266529.8	1808
17577	ZCWPW1	ENSG00000078487.20	ENST00000684423.1	2364
17578	ZCWPW2	ENSG00000206559.10	ENST00000383768.7	3357
17579	ZDBF2	ENSG00000204186.13	ENST00000374423.9	10285
17580	ZDHHC1	ENSG00000159714.14	ENST00000565726.3	2252
17581	ZDHHC11	ENSG00000188818.14	ENST00000283441.13	2606
17582	ZDHHC11B	ENSG00000206077.15	ENST00000508859.8	3342
17583	ZDHHC12	ENSG00000160446.21	ENST00000372663.9	1146
17584	ZDHHC13	ENSG00000177054.16	ENST00000446113.7	2406
17585	ZDHHC14	ENSG00000175048.19	ENST00000359775.10	7334
17586	ZDHHC15	ENSG00000102383.16	ENST00000373367.8	5578
17587	ZDHHC16	ENSG00000171307.21	ENST00000393760.6	1977
17588	ZDHHC17	ENSG00000186908.17	ENST00000426126.7	4732
17589	ZDHHC18	ENSG00000204160.14	ENST00000374142.9	5045
17590	ZDHHC19	ENSG00000163958.15	ENST00000296326.8	1308
17591	ZDHHC2	ENSG00000104219.15	ENST00000262096.13	5924
17592	ZDHHC20	ENSG00000180776.19	ENST00000400590.8	5355
17593	ZDHHC21	ENSG00000175893.15	ENST00000380916.9	9121
17594	ZDHHC22	ENSG00000177108.7	ENST00000319374.4	3408
17595	ZDHHC23	ENSG00000184307.19	ENST00000638807.2	6346
17596	ZDHHC24	ENSG00000174165.10	ENST00000310442.5	4803
17597	ZDHHC3	ENSG00000163812.18	ENST00000424952.7	12594
17598	ZDHHC4	ENSG00000136247.17	ENST00000335965.11	1706
17599	ZDHHC5	ENSG00000156599.14	ENST00000287169.8	4443
17600	ZDHHC6	ENSG00000023041.14	ENST00000369405.7	2170
17601	ZDHHC7	ENSG00000153786.15	ENST00000313732.9	3448
17602	ZDHHC8	ENSG00000099904.18	ENST00000334554.12	5049
17603	ZDHHC9	ENSG00000188706.15	ENST00000357166.11	4571
17604	ZEB1	ENSG00000148516.25	ENST00000424869.6	5937
17605	ZEB2	ENSG00000169554.25	ENST00000627532.3	9265
17606	ZER1	ENSG00000160445.13	ENST00000291900.7	4293
17607	ZFAND1	ENSG00000104231.13	ENST00000220669.10	2184
17608	ZFAND2A	ENSG00000178381.15	ENST00000316495.8	878
17609	ZFAND2B	ENSG00000158552.15	ENST00000289528.10	1322
17610	ZFAND3	ENSG00000156639.14	ENST00000287218.9	3138
17611	ZFAND4	ENSG00000172671.22	ENST00000344646.10	3760
17612	ZFAND5	ENSG00000107372.15	ENST00000376962.10	5841
17613	ZFAND6	ENSG00000086666.22	ENST00000261749.11	1706
17614	ZFAT	ENSG00000066827.18	ENST00000377838.8	4594
17615	ZFC3H1	ENSG00000133858.18	ENST00000378743.9	7037
17616	ZFHX3	ENSG00000140836.18	ENST00000268489.10	15817
17617	ZFHX4	ENSG00000091656.19	ENST00000651372.2	13987
17618	ZFP1	ENSG00000184517.14	ENST00000570010.6	3287
17619	ZFP14	ENSG00000142065.16	ENST00000270001.12	7491
17620	ZFP2	ENSG00000198939.10	ENST00000361362.7	2410
17621	ZFP28	ENSG00000196867.10	ENST00000301318.8	4094
17622	ZFP3	ENSG00000180787.8	ENST00000318833.4	4987
17623	ZFP30	ENSG00000120784.19	ENST00000684514.1	5826
17624	ZFP36	ENSG00000128016.10	ENST00000597629.3	1747
17625	ZFP36L1	ENSG00000185650.12	ENST00000439696.3	3017
17626	ZFP36L2	ENSG00000152518.10	ENST00000282388.4	3693
17627	ZFP37	ENSG00000136866.16	ENST00000374227.8	6277
17628	ZFP41	ENSG00000181638.22	ENST00000330701.7	4786
17629	ZFP42	ENSG00000179059.12	ENST00000326866.5	2647
17630	ZFP57	ENSG00000204644.12	ENST00000376883.2	2082
17631	ZFP62	ENSG00000196670.15	ENST00000502412.2	3941
17632	ZFP64	ENSG00000020256.22	ENST00000216923.5	3057
17633	ZFP69	ENSG00000187815.12	ENST00000372706.6	2796
17634	ZFP69B	ENSG00000187801.17	ENST00000361584.5	2217
17635	ZFP82	ENSG00000181007.11	ENST00000392161.4	5941
17636	ZFP90	ENSG00000184939.17	ENST00000563169.7	4568
17637	ZFP91	ENSG00000186660.17	ENST00000316059.7	5776
17638	ZFP91-CNTF	ENSG00000255073.8	ENST00000389919.8	2319
17639	ZFP92	ENSG00000189420.11	ENST00000338647.7	6403
17640	ZFPL1	ENSG00000162300.15	ENST00000294258.8	1382
17641	ZFPM1	ENSG00000179588.10	ENST00000319555.8	5432
17642	ZFPM2	ENSG00000169946.16	ENST00000407775.7	4961
17643	ZFR	ENSG00000056097.18	ENST00000265069.13	4717
17644	ZFR2	ENSG00000105278.14	ENST00000262961.9	4766
17645	ZFX	ENSG00000005889.18	ENST00000304543.10	7612
17646	ZFY	ENSG00000067646.14	ENST00000155093.8	5336
17647	ZFYVE1	ENSG00000165861.16	ENST00000556143.6	4380
17648	ZFYVE16	ENSG00000039319.19	ENST00000505560.5	10805
17649	ZFYVE19	ENSG00000166140.18	ENST00000355341.8	2775
17650	RBSN	ENSG00000131381.15	ENST00000253699.7	6678
17651	ZFYVE21	ENSG00000100711.16	ENST00000311141.7	1383
17652	ZFYVE26	ENSG00000072121.18	ENST00000347230.9	9674
17653	ZFYVE27	ENSG00000155256.20	ENST00000684270.1	3026
17654	ZFYVE28	ENSG00000159733.15	ENST00000290974.7	4114
17655	ZFYVE9	ENSG00000157077.18	ENST00000287727.8	5148
17656	ZG16B	ENSG00000162078.14	ENST00000382280.8	689
17657	ZGLP1	ENSG00000220201.8	ENST00000707000.1	1440
17658	ZGPAT	ENSG00000197114.14	ENST00000355969.11	1867
17659	ZHX1	ENSG00000165156.17	ENST00000395571.8	4899
17660	ZHX2	ENSG00000178764.10	ENST00000314393.6	4361
17661	ZHX3	ENSG00000174306.24	ENST00000683867.1	10074
17662	ZIC1	ENSG00000152977.11	ENST00000282928.5	5260
17663	ZIC3	ENSG00000156925.14	ENST00000287538.10	4001
17664	ZIC4	ENSG00000174963.18	ENST00000383075.8	4014
17665	ZIC5	ENSG00000139800.9	ENST00000267294.5	4497
17666	ZIK1	ENSG00000171649.13	ENST00000597850.2	4291
17667	ZIM2	ENSG00000269699.9	ENST00000629319.3	2276
17668	ZIM3	ENSG00000141946.1	ENST00000269834.1	2627
17669	ZKSCAN1	ENSG00000106261.19	ENST00000324306.11	9403
17670	ZKSCAN2	ENSG00000155592.18	ENST00000328086.12	7437
17671	ZKSCAN3	ENSG00000189298.16	ENST00000252211.7	4687
17672	ZKSCAN4	ENSG00000187626.11	ENST00000377294.3	5346
17673	ZKSCAN5	ENSG00000196652.14	ENST00000326775.10	5083
17674	ZKSCAN7	ENSG00000196345.15	ENST00000426540.6	3455
17675	ZKSCAN8	ENSG00000198315.13	ENST00000330236.7	7419
17676	ZMAT1	ENSG00000166432.18	ENST00000651725.2	3327
17677	ZMAT2	ENSG00000146007.13	ENST00000274712.8	1544
17678	ZMAT3	ENSG00000172667.13	ENST00000311417.7	8936
17679	ZMAT4	ENSG00000165061.17	ENST00000297737.11	2471
17680	ZMAT5	ENSG00000100319.15	ENST00000344318.4	945
17681	ZMIZ1	ENSG00000108175.21	ENST00000334512.10	7615
17682	ZMIZ2	ENSG00000122515.18	ENST00000309315.9	5228
17683	ZMPSTE24	ENSG00000084073.12	ENST00000372759.4	2975
17684	ZMYM1	ENSG00000197056.14	ENST00000359858.9	4161
17685	ZMYM2	ENSG00000121741.19	ENST00000610343.5	7429
17686	ZMYM3	ENSG00000147130.16	ENST00000314425.9	5536
17687	ZMYM4	ENSG00000146463.14	ENST00000314607.11	7366
17688	ZMYM5	ENSG00000132950.21	ENST00000337963.9	3283
17689	ZMYM6	ENSG00000163867.19	ENST00000357182.9	5122
17690	ZMYND10	ENSG00000004838.16	ENST00000231749.8	1774
17691	ZMYND11	ENSG00000015171.23	ENST00000381604.9	4100
17692	ZMYND12	ENSG00000066185.15	ENST00000372565.8	1530
17693	ZMYND15	ENSG00000141497.16	ENST00000433935.6	2600
17694	ZMYND19	ENSG00000165724.8	ENST00000298585.3	1395
17695	ZMYND8	ENSG00000101040.22	ENST00000471951.7	5281
17696	ZNF10	ENSG00000256223.8	ENST00000248211.11	4406
17697	ZNF100	ENSG00000197020.14	ENST00000358296.11	5691
17698	ZNF101	ENSG00000181896.13	ENST00000592502.2	4642
17699	ZNF106	ENSG00000103994.19	ENST00000564754.7	10396
17700	ZNF107	ENSG00000196247.15	ENST00000620827.6	5630
17701	ZNF112	ENSG00000062370.19	ENST00000354340.9	3660
17702	ZNF114	ENSG00000178150.12	ENST00000595607.6	2499
17703	ZNF117	ENSG00000152926.19	ENST00000282869.11	9084
17704	ZNF12	ENSG00000164631.20	ENST00000405858.6	5075
17705	ZNF121	ENSG00000197961.13	ENST00000320451.7	6987
17706	ZNF124	ENSG00000196418.15	ENST00000543802.3	2776
17707	ZNF131	ENSG00000172262.14	ENST00000682664.1	3286
17708	ZNF132	ENSG00000131849.16	ENST00000254166.4	2962
17709	ZNF133	ENSG00000125846.19	ENST00000425686.3	2654
17710	ZNF134	ENSG00000213762.14	ENST00000396161.10	4924
17711	ZNF135	ENSG00000176293.22	ENST00000313434.10	3334
17712	ZNF136	ENSG00000196646.14	ENST00000343979.6	3601
17713	ZNF138	ENSG00000197008.11	ENST00000307355.12	2579
17714	ZNF14	ENSG00000105708.10	ENST00000344099.4	2963
17715	ZNF140	ENSG00000196387.12	ENST00000355557.7	2349
17716	ZNF141	ENSG00000131127.16	ENST00000240499.8	12601
17717	ZNF142	ENSG00000115568.18	ENST00000411696.7	11290
17718	ZNF143	ENSG00000166478.12	ENST00000396602.7	2900
17719	ZNF146	ENSG00000167635.14	ENST00000443387.3	3347
17720	ZNF148	ENSG00000163848.23	ENST00000360647.9	9514
17721	ZNF154	ENSG00000179909.17	ENST00000684351.1	6907
17722	ZNF155	ENSG00000204920.13	ENST00000270014.7	2612
17723	ZNF157	ENSG00000147117.9	ENST00000377073.4	2516
17724	ZNF16	ENSG00000170631.17	ENST00000394909.7	2522
17725	ZNF160	ENSG00000170949.20	ENST00000683776.1	4431
17726	ZNF165	ENSG00000197279.7	ENST00000683778.1	1954
17727	ZNF169	ENSG00000175787.20	ENST00000395395.7	2374
17728	ZNF17	ENSG00000186272.15	ENST00000307658.12	2714
17729	ZNF174	ENSG00000103343.15	ENST00000268655.5	2459
17730	ZNF175	ENSG00000105497.10	ENST00000262259.7	6552
17731	ZNF177	ENSG00000188629.16	ENST00000683217.1	2606
17732	ZNF18	ENSG00000154957.15	ENST00000580306.7	2295
17733	ZNF180	ENSG00000167384.13	ENST00000592529.6	4248
17734	ZNF181	ENSG00000197841.17	ENST00000492450.3	5792
17735	ZNF182	ENSG00000147118.14	ENST00000376943.8	3499
17736	ZNF184	ENSG00000096654.18	ENST00000683788.1	3328
17737	ZNF185	ENSG00000147394.22	ENST00000695776.1	4587
17738	ZNF189	ENSG00000136870.12	ENST00000339664.7	3192
17739	ZNF19	ENSG00000157429.17	ENST00000288177.10	3206
17740	ZNF195	ENSG00000005801.20	ENST00000399602.9	3187
17741	ZNF197	ENSG00000186448.17	ENST00000344387.9	7530
17742	ZNF2	ENSG00000275111.7	ENST00000614034.5	3580
17743	ZNF20	ENSG00000132010.17	ENST00000334213.10	3004
17744	ZNF200	ENSG00000010539.14	ENST00000414144.7	3008
17745	ZNF202	ENSG00000166261.13	ENST00000530393.6	4435
17746	ZNF205	ENSG00000122386.13	ENST00000219091.9	1968
17747	ZNF207	ENSG00000010244.21	ENST00000394670.9	13740
17748	ZNF208	ENSG00000160321.17	ENST00000397126.9	9088
17749	ZNF211	ENSG00000121417.16	ENST00000240731.5	3773
17750	ZNF212	ENSG00000170260.11	ENST00000335870.7	2807
17751	ZNF213	ENSG00000085644.16	ENST00000396878.8	3311
17752	ZNF214	ENSG00000149050.12	ENST00000278314.5	4892
17753	ZNF215	ENSG00000149054.18	ENST00000278319.10	3655
17754	ZNF217	ENSG00000171940.15	ENST00000371471.7	5790
17755	ZNF219	ENSG00000165804.18	ENST00000360947.8	3055
17756	ZNF22	ENSG00000165512.7	ENST00000298299.4	2103
17757	ZNF221	ENSG00000159905.17	ENST00000587682.6	2382
17758	ZNF222	ENSG00000159885.16	ENST00000391960.4	1614
17759	ZNF223	ENSG00000178386.15	ENST00000434772.8	2399
17760	ZNF224	ENSG00000267680.8	ENST00000693561.1	3993
17761	ZNF225	ENSG00000256294.10	ENST00000262894.11	4447
17762	ZNF226	ENSG00000167380.19	ENST00000337433.10	2563
17763	ZNF227	ENSG00000131115.18	ENST00000313040.12	3049
17764	ZNF229	ENSG00000278318.7	ENST00000614049.5	4956
17765	ZNF23	ENSG00000167377.21	ENST00000647773.2	2627
17766	ZNF230	ENSG00000159882.15	ENST00000429154.7	4104
17767	ZNF232	ENSG00000167840.16	ENST00000250076.8	1479
17768	ZNF233	ENSG00000159915.15	ENST00000683810.1	2757
17769	ZNF234	ENSG00000263002.10	ENST00000426739.7	4607
17770	ZNF235	ENSG00000159917.19	ENST00000291182.9	3190
17771	ZNF236	ENSG00000130856.19	ENST00000320610.14	10157
17772	ZNF239	ENSG00000196793.16	ENST00000374446.7	2069
17773	ZNF24	ENSG00000172466.18	ENST00000261332.11	6256
17774	ZNF248	ENSG00000198105.18	ENST00000395867.8	5143
17775	ZNF25	ENSG00000175395.18	ENST00000302609.8	4152
17776	ZNF250	ENSG00000196150.16	ENST00000417550.7	6337
17777	ZNF251	ENSG00000198169.11	ENST00000292562.12	2953
17778	ZNF253	ENSG00000256771.7	ENST00000589717.2	3542
17779	ZNF254	ENSG00000213096.12	ENST00000357002.5	4089
17780	ZNF256	ENSG00000152454.5	ENST00000282308.4	2207
17781	ZNF257	ENSG00000197134.14	ENST00000594947.6	3879
17782	ZPR1	ENSG00000109917.13	ENST00000227322.8	6539
17783	ZNF260	ENSG00000254004.9	ENST00000523638.6	5285
17784	ZNF263	ENSG00000006194.13	ENST00000219069.6	3282
17785	ZNF264	ENSG00000083844.12	ENST00000263095.10	12163
17786	ZNF266	ENSG00000174652.22	ENST00000592904.7	3544
17787	ZNF267	ENSG00000185947.17	ENST00000300870.15	3268
17788	ZNF268	ENSG00000090612.24	ENST00000536435.7	13390
17789	ZNF273	ENSG00000198039.14	ENST00000476120.2	3698
17790	ZNF274	ENSG00000171606.20	ENST00000617501.5	2808
17791	ZNF275	ENSG00000063587.16	ENST00000650114.2	6420
17792	ZNF276	ENSG00000158805.14	ENST00000443381.7	4628
17793	ZNF277	ENSG00000198839.12	ENST00000361822.8	2580
17794	ZNF28	ENSG00000198538.13	ENST00000457749.7	4558
17795	ZNF280A	ENSG00000169548.4	ENST00000302097.3	2148
17796	ZNF280B	ENSG00000275004.5	ENST00000626650.3	5309
17797	ZNF280C	ENSG00000056277.18	ENST00000370978.9	4638
17798	ZNF280D	ENSG00000137871.23	ENST00000267807.12	4399
17799	ZNF281	ENSG00000162702.10	ENST00000367353.2	4864
17800	ZNF282	ENSG00000170265.14	ENST00000610704.5	3651
17801	ZNF283	ENSG00000167637.19	ENST00000618787.5	5684
17802	ZNF284	ENSG00000186026.9	ENST00000421176.4	4336
17803	ZNF285	ENSG00000267508.8	ENST00000614994.5	6031
17804	ZNF286A	ENSG00000187607.18	ENST00000583566.6	5284
17805	ZNF286B	ENSG00000290687.1	ENST00000285274.9	5145
17806	ZNF287	ENSG00000141040.16	ENST00000395825.4	7639
17807	ZNF292	ENSG00000188994.16	ENST00000369577.8	12341
17808	ZNF296	ENSG00000170684.11	ENST00000303809.7	1634
17809	ZNF3	ENSG00000166526.21	ENST00000299667.9	2797
17810	ZNF30	ENSG00000168661.17	ENST00000601142.2	2580
17811	ZNF300	ENSG00000145908.15	ENST00000274599.10	3258
17812	ZNF302	ENSG00000089335.24	ENST00000505242.6	2853
17813	ZNF304	ENSG00000131845.16	ENST00000282286.6	4423
17814	ZNF311	ENSG00000197935.9	ENST00000377179.4	2782
17815	ZNF317	ENSG00000130803.17	ENST00000247956.11	4056
17816	ZNF318	ENSG00000171467.18	ENST00000361428.3	8210
17817	ZNF319	ENSG00000166188.5	ENST00000299237.3	5027
17818	ZNF32	ENSG00000169740.16	ENST00000374433.7	1159
17819	ZNF320	ENSG00000182986.17	ENST00000682928.1	6331
17820	ZNF321P	ENSG00000293246.2	ENST00000313956.4	2341
17821	ZNF322	ENSG00000181315.13	ENST00000415922.7	4811
17822	ZNF324	ENSG00000083812.15	ENST00000196482.4	5054
17823	ZNF324B	ENSG00000249471.10	ENST00000336614.9	2978
17824	ZNF326	ENSG00000162664.19	ENST00000340281.9	9729
17825	ZNF329	ENSG00000181894.17	ENST00000598312.6	3501
17826	ZNF330	ENSG00000109445.13	ENST00000262990.9	1891
17827	ZNF331	ENSG00000130844.21	ENST00000449416.6	4065
17828	ZNF333	ENSG00000160961.14	ENST00000292530.11	4716
17829	ZNF334	ENSG00000198185.14	ENST00000692313.1	4767
17830	ZNF335	ENSG00000198026.10	ENST00000322927.3	4454
17831	ZNF337	ENSG00000130684.16	ENST00000252979.6	4237
17832	ZNF33A	ENSG00000189180.18	ENST00000432900.7	6116
17833	ZNF33B	ENSG00000196693.17	ENST00000359467.8	5982
17834	ZNF34	ENSG00000196378.16	ENST00000429371.7	2808
17835	ZNF341	ENSG00000131061.17	ENST00000375200.6	3343
17836	ZNF343	ENSG00000088876.15	ENST00000278772.9	3415
17837	ZNF345	ENSG00000251247.15	ENST00000420450.6	2959
17838	ZNF346	ENSG00000113761.14	ENST00000358149.8	4314
17839	ZNF347	ENSG00000197937.15	ENST00000334197.12	7984
17840	ZNF35	ENSG00000169981.13	ENST00000396056.7	2658
17841	ZNF350	ENSG00000256683.9	ENST00000243644.9	2355
17842	ZNF354A	ENSG00000169131.15	ENST00000335815.7	2521
17843	ZNF354B	ENSG00000178338.12	ENST00000322434.8	2794
17844	ZNF354C	ENSG00000177932.9	ENST00000315475.7	5893
17845	ZNF358	ENSG00000198816.9	ENST00000597229.2	1968
17846	ZNF362	ENSG00000160094.17	ENST00000539719.6	3187
17847	ZNF365	ENSG00000138311.20	ENST00000395254.8	3988
17848	ZNF366	ENSG00000178175.14	ENST00000318442.6	6262
17849	ZNF367	ENSG00000165244.8	ENST00000375256.5	3687
17850	ZNF37A	ENSG00000075407.21	ENST00000685332.1	8119
17851	ZNF382	ENSG00000161298.20	ENST00000292928.7	8336
17852	ZNF383	ENSG00000188283.14	ENST00000684119.1	6732
17853	ZNF384	ENSG00000126746.20	ENST00000683879.1	3407
17854	ZNF385A	ENSG00000161642.20	ENST00000394313.7	2440
17855	ZNF385B	ENSG00000144331.21	ENST00000410066.7	3395
17856	ZNF385D	ENSG00000151789.15	ENST00000281523.8	10478
17857	ZNF391	ENSG00000124613.11	ENST00000244576.9	4042
17858	ZNF394	ENSG00000160908.17	ENST00000337673.7	2163
17859	ZNF395	ENSG00000186918.16	ENST00000344423.10	4797
17860	ZNF396	ENSG00000186496.14	ENST00000589332.7	3661
17861	ZNF397	ENSG00000186812.15	ENST00000330501.12	5259
17862	ZNF398	ENSG00000197024.11	ENST00000475153.6	5460
17863	ZNF404	ENSG00000176222.12	ENST00000587539.2	1849
17864	ZNF407	ENSG00000215421.12	ENST00000299687.10	8071
17865	ZNF408	ENSG00000175213.5	ENST00000311764.3	2229
17866	ZNF41	ENSG00000147124.15	ENST00000684689.1	4999
17867	ZNF410	ENSG00000119725.23	ENST00000555044.6	2623
17868	ZNF414	ENSG00000133250.15	ENST00000393927.9	2307
17869	ZNF415	ENSG00000170954.14	ENST00000243643.9	2288
17870	ZNF416	ENSG00000083817.11	ENST00000196489.4	2545
17871	ZNF417	ENSG00000173480.12	ENST00000312026.6	4685
17872	ZNF418	ENSG00000196724.14	ENST00000396147.6	3726
17873	ZNF419	ENSG00000105136.24	ENST00000221735.12	3742
17874	ZNF420	ENSG00000197050.13	ENST00000337995.4	3639
17875	ZNF423	ENSG00000102935.13	ENST00000563137.7	7968
17876	ZNF425	ENSG00000204947.11	ENST00000378061.7	3198
17877	ZNF426	ENSG00000130818.14	ENST00000253115.7	7104
17878	ZNF428	ENSG00000131116.14	ENST00000300811.8	1162
17879	ZNF429	ENSG00000197013.13	ENST00000358491.9	4785
17880	ZNF43	ENSG00000198521.14	ENST00000354959.9	5235
17881	ZNF430	ENSG00000118620.15	ENST00000261560.10	3886
17882	ZNF431	ENSG00000196705.10	ENST00000311048.11	13894
17883	ZNF432	ENSG00000256087.9	ENST00000221315.10	4637
17884	ZNF433	ENSG00000197647.15	ENST00000550507.7	2283
17885	ZNF436	ENSG00000125945.17	ENST00000314011.9	4465
17886	ZNF438	ENSG00000183621.17	ENST00000436087.7	3098
17887	ZNF439	ENSG00000171291.10	ENST00000682736.1	2574
17888	ZNF44	ENSG00000197857.18	ENST00000355684.6	2636
17889	ZNF440	ENSG00000171295.14	ENST00000304060.10	4215
17890	ZNF441	ENSG00000197044.11	ENST00000357901.5	4448
17891	ZNF442	ENSG00000198342.11	ENST00000242804.9	6274
17892	ZNF443	ENSG00000180855.16	ENST00000301547.10	2573
17893	ZNF444	ENSG00000167685.17	ENST00000337080.8	1943
17894	ZNF445	ENSG00000185219.20	ENST00000396077.8	18314
17895	ZNF446	ENSG00000083838.19	ENST00000594369.6	2050
17896	ZNF449	ENSG00000173275.15	ENST00000339249.5	4034
17897	ZNF45	ENSG00000124459.14	ENST00000269973.10	3926
17898	ZNF451	ENSG00000112200.19	ENST00000370706.9	5088
17899	ZNF454	ENSG00000178187.10	ENST00000519564.2	2383
17900	ZNF460	ENSG00000197714.11	ENST00000360338.4	3850
17901	ZNF461	ENSG00000197808.15	ENST00000588268.6	3955
17902	ZNF462	ENSG00000148143.15	ENST00000277225.10	10345
17903	ZNF467	ENSG00000181444.15	ENST00000302017.4	2843
17904	ZNF468	ENSG00000204604.15	ENST00000595646.6	4405
17905	ZNF470	ENSG00000197016.14	ENST00000330619.13	7194
17906	ZNF471	ENSG00000196263.10	ENST00000308031.10	6266
17907	ZNF473	ENSG00000142528.18	ENST00000270617.8	4642
17908	ZNF474	ENSG00000164185.9	ENST00000296600.5	1929
17909	ZNF479	ENSG00000185177.15	ENST00000319636.10	3851
17910	ZNF48	ENSG00000180035.14	ENST00000613509.2	3032
17911	ZNF480	ENSG00000198464.16	ENST00000595962.6	4746
17912	ZNF483	ENSG00000173258.15	ENST00000309235.6	14694
17913	ZNF484	ENSG00000127081.17	ENST00000375495.8	4784
17914	ZNF485	ENSG00000198298.15	ENST00000361807.8	2024
17915	ZNF486	ENSG00000256229.9	ENST00000335117.9	3895
17916	ZNF487	ENSG00000243660.14	ENST00000437590.4	2128
17917	ZNF488	ENSG00000265763.6	ENST00000585316.3	3516
17918	ZNF490	ENSG00000188033.12	ENST00000311437.11	6108
17919	ZNF491	ENSG00000177599.15	ENST00000323169.10	2888
17920	ZNF492	ENSG00000229676.4	ENST00000456783.3	4246
17921	ZNF493	ENSG00000196268.13	ENST00000392288.7	5023
17922	ZNF496	ENSG00000162714.15	ENST00000682384.1	5315
17923	ZNF497	ENSG00000174586.13	ENST00000311044.8	3465
17924	ZNF500	ENSG00000103199.16	ENST00000219478.11	5824
17925	ZNF501	ENSG00000186446.14	ENST00000620116.5	3353
17926	ZNF502	ENSG00000196653.14	ENST00000436624.7	3154
17927	ZNF503	ENSG00000165655.18	ENST00000372524.5	3205
17928	ZNF506	ENSG00000081665.16	ENST00000540806.7	3323
17929	ZNF507	ENSG00000168813.19	ENST00000355898.6	7716
17930	ZNF510	ENSG00000081386.15	ENST00000223428.9	6507
17931	ZNF511	ENSG00000198546.17	ENST00000361518.10	1084
17932	ZNF512	ENSG00000243943.12	ENST00000355467.6	3531
17933	ZNF512B	ENSG00000196700.11	ENST00000369888.6	5982
17934	ZNF513	ENSG00000163795.16	ENST00000323703.11	2144
17935	ZNF514	ENSG00000144026.16	ENST00000295208.7	6189
17936	ZNF516	ENSG00000101493.13	ENST00000443185.7	8678
17937	ZNF517	ENSG00000197363.13	ENST00000359971.4	3238
17938	ZNF518B	ENSG00000178163.10	ENST00000326756.4	6954
17939	ZNF519	ENSG00000175322.13	ENST00000590202.3	6760
17940	ZNF521	ENSG00000198795.13	ENST00000361524.8	4887
17941	ZNF524	ENSG00000171443.9	ENST00000301073.4	1185
17942	ZNF525	ENSG00000203326.14	ENST00000474037.6	6133
17943	ZNF526	ENSG00000167625.14	ENST00000301215.8	3982
17944	ZNF527	ENSG00000189164.17	ENST00000436120.7	5186
17945	ZNF528	ENSG00000167555.16	ENST00000360465.8	3994
17946	ZNF529	ENSG00000186020.15	ENST00000591340.6	5144
17947	ZNF530	ENSG00000183647.13	ENST00000597700.6	4845
17948	ZNF532	ENSG00000074657.16	ENST00000591808.6	6556
17949	ZNF534	ENSG00000198633.13	ENST00000433050.6	5203
17950	ZNF536	ENSG00000198597.11	ENST00000355537.4	4973
17951	ZNF540	ENSG00000171817.19	ENST00000316433.9	3191
17952	ZNF543	ENSG00000178229.10	ENST00000321545.5	3690
17953	ZNF544	ENSG00000198131.17	ENST00000687789.1	3302
17954	ZNF546	ENSG00000187187.16	ENST00000347077.9	8000
17955	ZNF547	ENSG00000152433.17	ENST00000282282.4	2754
17956	ZNF548	ENSG00000188785.14	ENST00000336128.12	4987
17957	ZNF549	ENSG00000121406.11	ENST00000376233.8	4090
17958	ZNF550	ENSG00000251369.11	ENST00000699333.1	6587
17959	ZNF551	ENSG00000204519.12	ENST00000282296.10	4560
17960	ZNF552	ENSG00000178935.6	ENST00000391701.1	2352
17961	ZNF554	ENSG00000172006.14	ENST00000317243.10	3704
17962	ZNF555	ENSG00000186300.14	ENST00000334241.9	8504
17963	ZNF556	ENSG00000172000.8	ENST00000307635.3	6574
17964	ZNF557	ENSG00000130544.14	ENST00000252840.11	5759
17965	ZNF558	ENSG00000167785.11	ENST00000601372.6	7008
17966	ZNF559	ENSG00000188321.16	ENST00000603380.6	4675
17967	ZNF560	ENSG00000198028.5	ENST00000301480.5	2815
17968	ZNF561	ENSG00000171469.13	ENST00000302851.8	4529
17969	ZNF562	ENSG00000171466.12	ENST00000453372.7	12639
17970	ZNF563	ENSG00000188868.16	ENST00000293725.10	2699
17971	ZNF564	ENSG00000249709.9	ENST00000339282.12	2885
17972	ZNF565	ENSG00000196357.14	ENST00000304116.10	1799
17973	ZNF566	ENSG00000186017.18	ENST00000452939.7	5250
17974	ZNF567	ENSG00000189042.16	ENST00000682579.1	2802
17975	ZNF568	ENSG00000198453.17	ENST00000333987.12	4096
17976	ZNF569	ENSG00000196437.14	ENST00000316950.11	4066
17977	ZNF57	ENSG00000171970.16	ENST00000306908.10	1970
17978	ZNF570	ENSG00000171827.13	ENST00000330173.6	5283
17979	ZNF571	ENSG00000180479.17	ENST00000451802.7	2289
17980	ZNF572	ENSG00000180938.8	ENST00000319286.6	3278
17981	ZNF573	ENSG00000189144.17	ENST00000536220.7	2253
17982	ZNF574	ENSG00000105732.15	ENST00000359044.5	3087
17983	ZNF575	ENSG00000176472.13	ENST00000314228.10	1666
17984	ZNF576	ENSG00000124444.18	ENST00000336564.5	2576
17985	ZNF577	ENSG00000161551.17	ENST00000638348.2	8291
17986	ZNF578	ENSG00000258405.12	ENST00000421239.7	6768
17987	ZNF580	ENSG00000213015.11	ENST00000325333.10	1156
17988	ZNF581	ENSG00000171425.12	ENST00000270451.6	1197
17989	ZNF582	ENSG00000018869.20	ENST00000586929.6	3061
17990	ZNF583	ENSG00000198440.11	ENST00000333201.13	4916
17991	ZNF584	ENSG00000171574.20	ENST00000306910.9	2308
17992	ZNF585A	ENSG00000196967.13	ENST00000292841.10	8572
17993	ZNF585B	ENSG00000245680.13	ENST00000532828.7	6197
17994	ZNF586	ENSG00000083828.17	ENST00000396154.7	2196
17995	ZNF587	ENSG00000198466.14	ENST00000339656.8	6885
17996	ZNF587B	ENSG00000269343.10	ENST00000594901.2	5794
17997	ZNF589	ENSG00000164048.16	ENST00000354698.8	3367
17998	ZNF592	ENSG00000166716.12	ENST00000560079.7	8187
17999	ZNF593	ENSG00000142684.10	ENST00000374266.7	638
18000	ZNF594	ENSG00000180626.12	ENST00000575779.2	4863
18001	ZNF595	ENSG00000272602.7	ENST00000610261.6	2872
18002	ZNF596	ENSG00000172748.16	ENST00000398612.3	2803
18003	ZNF597	ENSG00000167981.8	ENST00000301744.7	5483
18004	ZNF598	ENSG00000167962.15	ENST00000562103.2	3366
18005	ZNF599	ENSG00000153896.20	ENST00000329285.13	3102
18006	ZNF600	ENSG00000189190.13	ENST00000692063.1	4618
18007	ZNF605	ENSG00000196458.13	ENST00000360187.9	9342
18008	ZNF606	ENSG00000166704.15	ENST00000551380.7	4080
18009	ZNF607	ENSG00000198182.15	ENST00000355202.9	4327
18010	ZNF608	ENSG00000168916.18	ENST00000513986.2	6152
18011	ZNF609	ENSG00000180357.12	ENST00000326648.5	9006
18012	ZNF610	ENSG00000167554.17	ENST00000403906.8	2921
18013	ZNF611	ENSG00000213020.12	ENST00000652185.1	4507
18014	ZNF613	ENSG00000176024.20	ENST00000293471.11	3165
18015	ZNF614	ENSG00000142556.21	ENST00000270649.11	4628
18016	ZNF615	ENSG00000197619.17	ENST00000598071.6	4075
18017	ZNF616	ENSG00000204611.9	ENST00000600228.6	4356
18018	ZNF618	ENSG00000157657.17	ENST00000374126.10	9363
18019	ZNF619	ENSG00000177873.16	ENST00000432264.4	4841
18020	ZNF620	ENSG00000177842.14	ENST00000314529.10	3291
18021	ZNF621	ENSG00000172888.13	ENST00000339296.10	8389
18022	ZNF622	ENSG00000173545.7	ENST00000308683.3	1707
18023	ZNF623	ENSG00000183309.14	ENST00000526926.6	3960
18024	ZNF624	ENSG00000197566.12	ENST00000311331.12	4241
18025	ZNF625	ENSG00000257591.7	ENST00000439556.3	1702
18026	ZNF625-ZNF20	ENSG00000213297.8	ENST00000430024.5	2651
18027	ZNF626	ENSG00000188171.18	ENST00000601440.6	6063
18028	ZNF627	ENSG00000198551.11	ENST00000361113.10	2803
18029	ZNF628	ENSG00000197483.12	ENST00000598519.2	3562
18030	ZNF629	ENSG00000102870.8	ENST00000262525.6	6083
18031	ZNF630	ENSG00000221994.14	ENST00000276054.9	3475
18032	ZNF638	ENSG00000075292.22	ENST00000264447.9	6487
18033	ZNF639	ENSG00000121864.12	ENST00000496856.6	5962
18034	ZNF641	ENSG00000167528.15	ENST00000547026.6	7227
18035	ZNF644	ENSG00000122482.24	ENST00000337393.10	5541
18036	CBLL2	ENSG00000175809.6	ENST00000323684.4	1549
18037	ZNF646	ENSG00000167395.12	ENST00000300850.5	6892
18038	ZNF648	ENSG00000179930.6	ENST00000339948.3	3649
18039	ZNF649	ENSG00000198093.13	ENST00000354957.8	3192
18040	ZNF652	ENSG00000198740.11	ENST00000430262.3	11628
18041	ZNF653	ENSG00000161914.12	ENST00000293771.10	2154
18042	ZNF654	ENSG00000175105.10	ENST00000636215.2	6460
18043	ZNF655	ENSG00000197343.13	ENST00000252713.9	4518
18044	ZNF66	ENSG00000160229.15	ENST00000344519.10	4539
18045	ZNF660	ENSG00000144792.11	ENST00000322734.2	5834
18046	ZNF662	ENSG00000182983.17	ENST00000440367.7	5381
18047	ZNF664	ENSG00000179195.18	ENST00000337815.9	4312
18048	ZNF665	ENSG00000197497.13	ENST00000396424.5	4158
18049	ZNF667	ENSG00000198046.15	ENST00000504904.8	4401
18050	ZNF668	ENSG00000167394.15	ENST00000300849.5	2685
18051	ZNF669	ENSG00000188295.16	ENST00000448299.7	1706
18052	ZNF670	ENSG00000277462.4	ENST00000366503.3	4197
18053	ZNF671	ENSG00000083814.15	ENST00000317398.10	2431
18054	ZNF672	ENSG00000171161.15	ENST00000306562.8	3045
18055	ZNF674	ENSG00000251192.10	ENST00000683375.1	4040
18056	ZNF675	ENSG00000197372.12	ENST00000359788.9	2311
18057	ZNF676	ENSG00000196109.11	ENST00000397121.3	2946
18058	ZNF677	ENSG00000197928.13	ENST00000598513.6	3512
18059	ZNF678	ENSG00000181450.19	ENST00000343776.10	8543
18060	ZNF679	ENSG00000197123.9	ENST00000421025.3	1567
18061	ZNF680	ENSG00000173041.14	ENST00000309683.11	2993
18062	ZNF681	ENSG00000196172.11	ENST00000402377.3	6497
18063	ZNF682	ENSG00000197124.13	ENST00000397165.7	3244
18064	ZNF683	ENSG00000176083.20	ENST00000349618.8	1628
18065	ZNF684	ENSG00000117010.19	ENST00000372699.8	2019
18066	ZNF687	ENSG00000143373.20	ENST00000336715.11	4795
18067	ZNF688	ENSG00000229809.11	ENST00000223459.11	1106
18068	ZNF689	ENSG00000156853.15	ENST00000287461.8	3557
18069	ZNF69	ENSG00000198429.12	ENST00000429654.7	2441
18070	ZNF691	ENSG00000164011.20	ENST00000651192.1	1874
18071	ZNF692	ENSG00000171163.18	ENST00000306601.9	1942
18072	ZNF695	ENSG00000197472.16	ENST00000339986.8	3341
18073	ZNF696	ENSG00000185730.10	ENST00000330143.8	4658
18074	ZNF697	ENSG00000143067.6	ENST00000421812.3	5579
18075	ZNF699	ENSG00000196110.9	ENST00000591998.6	6758
18076	ZNF7	ENSG00000147789.18	ENST00000532777.6	2760
18077	ZNF70	ENSG00000187792.7	ENST00000341976.5	6940
18078	ZNF700	ENSG00000196757.9	ENST00000254321.10	2843
18079	ZNF701	ENSG00000167562.16	ENST00000391785.8	5230
18080	ZNF704	ENSG00000164684.14	ENST00000327835.7	14386
18081	ZNF705A	ENSG00000196946.11	ENST00000396570.8	3515
18082	ZNF705B	ENSG00000215356.4	ENST00000400120.3	1207
18083	ZNF705G	ENSG00000215372.6	ENST00000400156.4	3644
18084	ZNF706	ENSG00000120963.14	ENST00000311212.9	2672
18085	ZNF707	ENSG00000181135.18	ENST00000358656.9	2185
18086	ZNF708	ENSG00000182141.12	ENST00000356929.3	4004
18087	ZNF709	ENSG00000242852.9	ENST00000397732.8	4897
18088	ZNF71	ENSG00000197951.13	ENST00000599599.7	3558
18089	ZNF710	ENSG00000140548.12	ENST00000268154.9	4676
18090	ZNF711	ENSG00000147180.19	ENST00000674551.1	4559
18091	ZNF713	ENSG00000178665.17	ENST00000429591.4	4358
18092	ZNF714	ENSG00000160352.18	ENST00000456283.7	8752
18093	ZNF716	ENSG00000182111.9	ENST00000420713.2	5210
18094	ZNF717	ENSG00000227124.14	ENST00000652011.2	3923
18095	KRABD5	ENSG00000197302.13	ENST00000316491.14	2759
18096	ZNF721	ENSG00000182903.17	ENST00000511833.3	4673
18097	ZNF724	ENSG00000196081.11	ENST00000418100.6	2798
18098	ZNF726	ENSG00000213967.13	ENST00000594466.6	2477
18099	ZNF727	ENSG00000214652.9	ENST00000456806.3	8478
18100	ZNF728	ENSG00000269067.3	ENST00000594710.2	2600
18101	ZNF729	ENSG00000196350.9	ENST00000601693.2	3844
18102	ZNF730	ENSG00000183850.15	ENST00000597761.7	2326
18103	ZNF732	ENSG00000186777.14	ENST00000419098.6	2346
18104	ZNF736	ENSG00000234444.11	ENST00000423484.3	8961
18105	ZNF737	ENSG00000237440.11	ENST00000427401.9	8352
18106	ZNF738	ENSG00000172687.16	ENST00000683779.1	6177
18107	ZNF74	ENSG00000185252.21	ENST00000400451.7	3900
18108	ZNF740	ENSG00000139651.13	ENST00000416904.5	8557
18109	ZNF746	ENSG00000181220.20	ENST00000458143.7	3846
18110	ZNF747	ENSG00000169955.10	ENST00000693075.1	3307
18111	ZNF749	ENSG00000186230.8	ENST00000334181.5	4207
18112	ZNF750	ENSG00000141579.8	ENST00000269394.4	3158
18113	ZNF75A	ENSG00000162086.18	ENST00000669516.2	2859
18114	ZNF75D	ENSG00000186376.18	ENST00000370766.8	5611
18115	ZNF76	ENSG00000065029.17	ENST00000373953.8	2653
18116	ZNF763	ENSG00000197054.13	ENST00000358987.8	2862
18117	ZNF764	ENSG00000169951.12	ENST00000395091.3	2846
18118	ZNF765	ENSG00000196417.15	ENST00000396408.8	4572
18119	ZNF766	ENSG00000196214.13	ENST00000439461.6	6282
18120	ZNF768	ENSG00000169957.11	ENST00000380412.7	2289
18121	ZNF77	ENSG00000175691.11	ENST00000314531.5	2040
18122	ZNF770	ENSG00000198146.6	ENST00000356321.4	5439
18123	ZNF771	ENSG00000179965.14	ENST00000319296.10	2069
18124	ZNF772	ENSG00000197128.14	ENST00000356584.8	5292
18125	ZNF773	ENSG00000152439.14	ENST00000282292.9	2277
18126	ZNF774	ENSG00000196391.12	ENST00000354377.8	3163
18127	ZNF775	ENSG00000196456.15	ENST00000329630.10	2261
18128	ZNF776	ENSG00000152443.14	ENST00000317178.10	5262
18129	ZNF777	ENSG00000196453.10	ENST00000247930.5	3172
18130	ZNF778	ENSG00000170100.16	ENST00000433976.7	11192
18131	ZNF780A	ENSG00000197782.17	ENST00000683561.1	3550
18132	ZNF780B	ENSG00000128000.19	ENST00000434248.6	8687
18133	ZNF781	ENSG00000290988.1	ENST00000358582.9	3140
18134	ZNF782	ENSG00000196597.15	ENST00000481138.6	4442
18135	ZNF783	ENSG00000204946.11	ENST00000434415.6	4424
18136	ZNF784	ENSG00000179922.7	ENST00000325351.5	1987
18137	ZNF785	ENSG00000197162.12	ENST00000395216.3	3208
18138	ZNF786	ENSG00000197362.17	ENST00000491431.2	3209
18139	ZNF787	ENSG00000142409.8	ENST00000610935.2	1940
18140	ZNF788P	ENSG00000214189.10	ENST00000430298.7	1994
18141	ZNF789	ENSG00000198556.16	ENST00000331410.10	1616
18142	ZNF79	ENSG00000196152.11	ENST00000342483.5	2078
18143	ZNF790	ENSG00000197863.11	ENST00000356725.9	3040
18144	ZNF791	ENSG00000173875.15	ENST00000343325.9	6465
18145	ZNF792	ENSG00000180884.12	ENST00000404801.2	4068
18146	ZNF793	ENSG00000188227.16	ENST00000627814.3	7117
18147	ZNF799	ENSG00000196466.11	ENST00000430385.3	2583
18148	ZNF8	ENSG00000278129.4	ENST00000621650.2	9110
18149	ZNF80	ENSG00000174255.8	ENST00000482457.4	2948
18150	ZNF800	ENSG00000048405.13	ENST00000265827.8	4473
18151	ZNF804A	ENSG00000170396.9	ENST00000302277.7	4527
18152	ZNF804B	ENSG00000182348.7	ENST00000333190.5	5823
18153	ZNF805	ENSG00000204524.8	ENST00000414468.3	10169
18154	ZNF808	ENSG00000198482.16	ENST00000359798.9	3585
18155	ZNF81	ENSG00000197779.17	ENST00000338637.13	11230
18156	ZNF812P	ENSG00000224689.12	ENST00000457674.7	1694
18157	ZNF813	ENSG00000198346.13	ENST00000396403.9	6153
18158	ZNF814	ENSG00000204514.12	ENST00000435989.7	6244
18159	ZNF816	ENSG00000180257.16	ENST00000444460.7	2560
18160	ZNF821	ENSG00000102984.17	ENST00000425432.6	1987
18161	ZNF823	ENSG00000197933.15	ENST00000341191.11	2396
18162	ZNF827	ENSG00000151612.20	ENST00000508784.6	7651
18163	ZNF829	ENSG00000185869.17	ENST00000391711.8	5032
18164	ZNF83	ENSG00000167766.24	ENST00000301096.8	2553
18165	ZNF830	ENSG00000198783.6	ENST00000361952.5	2238
18166	ZNF831	ENSG00000124203.7	ENST00000371030.4	9827
18167	ZNF835	ENSG00000127903.16	ENST00000537055.4	3448
18168	ZNF836	ENSG00000196267.16	ENST00000682614.1	4076
18169	ZNF837	ENSG00000152475.9	ENST00000597582.2	1939
18170	ZNF839	ENSG00000022976.18	ENST00000442396.7	2992
18171	ZNF841	ENSG00000197608.14	ENST00000594440.6	3877
18172	ZNF844	ENSG00000223547.11	ENST00000439326.8	6588
18173	ZNF845	ENSG00000213799.15	ENST00000458035.3	6348
18174	ZNF846	ENSG00000196605.9	ENST00000397902.7	4255
18175	ZNF85	ENSG00000105750.17	ENST00000328178.13	2333
18176	ZNF850	ENSG00000267041.7	ENST00000591344.2	7712
18177	ZNF852	ENSG00000178917.19	ENST00000436261.7	9151
18178	ZNF853	ENSG00000236609.6	ENST00000457543.4	3864
18179	ZNF860	ENSG00000197385.8	ENST00000360311.5	3217
18180	ZNF862	ENSG00000106479.12	ENST00000223210.5	6942
18181	ZNF878	ENSG00000257446.6	ENST00000547628.2	1756
18182	ZNF879	ENSG00000234284.9	ENST00000444149.7	3252
18183	ZNF880	ENSG00000221923.11	ENST00000422689.3	2258
18184	ZNF891	ENSG00000214029.8	ENST00000537226.3	17294
18185	ZNF90	ENSG00000213988.12	ENST00000418063.3	3744
18186	ZNF91	ENSG00000167232.16	ENST00000300619.12	5400
18187	ZNF92	ENSG00000146757.15	ENST00000328747.12	3165
18188	ZNF93	ENSG00000184635.18	ENST00000343769.6	2763
18189	ZNF98	ENSG00000197360.10	ENST00000357774.9	2338
18190	ZNF99	ENSG00000213973.10	ENST00000596209.4	7861
18191	ZNFX1	ENSG00000124201.16	ENST00000396105.6	7209
18192	ZNHIT1	ENSG00000106400.14	ENST00000305105.3	728
18193	ZNHIT2	ENSG00000174276.7	ENST00000310597.6	1299
18194	ZNHIT3	ENSG00000273611.7	ENST00000617429.5	905
18195	ZNHIT6	ENSG00000117174.13	ENST00000370574.4	6203
18196	POLR1H	ENSG00000066379.17	ENST00000332435.10	851
18197	ZNRF1	ENSG00000186187.14	ENST00000335325.9	4626
18198	ZNRF2	ENSG00000180233.13	ENST00000323037.5	3167
18199	ZNRF3	ENSG00000183579.18	ENST00000544604.7	6872
18200	ZNRF4	ENSG00000105428.6	ENST00000222033.6	1440
18201	ZP1	ENSG00000149506.12	ENST00000278853.10	1968
18202	ZP2	ENSG00000103310.11	ENST00000574091.6	2295
18203	ZP3	ENSG00000188372.16	ENST00000394857.8	1303
18204	ZP4	ENSG00000116996.10	ENST00000366570.5	1928
18205	ZPBP	ENSG00000042813.10	ENST00000046087.7	1195
18206	ZPBP2	ENSG00000186075.14	ENST00000348931.9	2257
18207	ZPLD1	ENSG00000170044.9	ENST00000466937.2	3733
18208	ZRANB1	ENSG00000019995.7	ENST00000359653.4	5695
18209	ZRANB2	ENSG00000132485.16	ENST00000370920.8	2816
18210	ZRANB3	ENSG00000121988.20	ENST00000264159.11	6712
18211	ZRSR2P1	ENSG00000212643.3	ENST00000512790.6	1470
18212	ZRSR2	ENSG00000169249.16	ENST00000307771.8	1479
18213	ZSCAN1	ENSG00000152467.11	ENST00000282326.6	2095
18214	ZSCAN10	ENSG00000130182.9	ENST00000576985.6	2716
18215	ZSCAN12	ENSG00000158691.18	ENST00000684592.1	7711
18216	ZSCAN16	ENSG00000196812.8	ENST00000340487.5	1279
18217	ZSCAN18	ENSG00000121413.15	ENST00000601144.6	2539
18218	ZSCAN2	ENSG00000176371.16	ENST00000546148.6	3756
18219	ZSCAN20	ENSG00000121903.17	ENST00000684572.1	9456
18220	ZSCAN21	ENSG00000166529.18	ENST00000292450.9	2009
18221	ZSCAN22	ENSG00000182318.9	ENST00000329665.5	4654
18222	ZSCAN23	ENSG00000187987.12	ENST00000289788.5	3150
18223	ZSCAN25	ENSG00000197037.13	ENST00000394152.7	4352
18224	ZSCAN29	ENSG00000140265.16	ENST00000684362.1	6055
18225	ZSCAN30	ENSG00000186814.17	ENST00000333206.10	4122
18226	ZSCAN31	ENSG00000235109.10	ENST00000344279.11	2812
18227	ZSCAN32	ENSG00000140987.24	ENST00000396852.9	3108
18228	ZSCAN4	ENSG00000180532.12	ENST00000318203.9	2246
18229	ZSCAN5A	ENSG00000131848.12	ENST00000683990.1	2151
18230	ZSCAN5B	ENSG00000197213.11	ENST00000586855.7	1806
18231	ZSCAN5C	ENSG00000204532.9	ENST00000534327.7	1929
18232	ZSCAN9	ENSG00000137185.15	ENST00000252207.10	1659
18233	ZSWIM1	ENSG00000168612.7	ENST00000372523.1	2769
18234	ZSWIM2	ENSG00000163012.5	ENST00000295131.3	2451
18235	ZSWIM3	ENSG00000132801.9	ENST00000255152.3	2776
18236	ZSWIM4	ENSG00000132003.12	ENST00000590508.6	4731
18237	ZSWIM5	ENSG00000162415.9	ENST00000359600.6	5868
18238	ZSWIM6	ENSG00000130449.7	ENST00000252744.6	5518
18239	ZSWIM7	ENSG00000214941.10	ENST00000399277.6	2020
18240	ZSWIM8	ENSG00000214655.12	ENST00000604729.6	6052
18241	ZUP1	ENSG00000153975.12	ENST00000368576.8	2167
18242	ZW10	ENSG00000086827.11	ENST00000200135.8	2873
18243	ZWILCH	ENSG00000174442.14	ENST00000307897.10	3595
18244	ZWINT	ENSG00000122952.19	ENST00000373944.8	1857
18245	ZXDA	ENSG00000198205.7	ENST00000358697.6	5029
18246	ZXDB	ENSG00000198455.5	ENST00000374888.3	5467
18247	ZXDC	ENSG00000070476.17	ENST00000389709.8	3377
18248	ZYG11B	ENSG00000162378.15	ENST00000294353.7	8143
18249	ZYX	ENSG00000159840.18	ENST00000322764.10	2228
18250	ZZEF1	ENSG00000074755.17	ENST00000381638.7	11466
18251	ZZZ3	ENSG00000036549.15	ENST00000370801.8	6412
